# Hungaroring — TUMFTM racetrack-database (LGPL-3.0), flat 2-D centre line + measured widths; upstream commit e59595d.
s_m,x_m,y_m,z_m,banking_deg,width_left_m,width_right_m,grip_scale
0.0000,-2.4480,0.1259,0.0000,0.000,6.476,6.187,1.0000
4.9998,-6.3047,3.3077,0.0000,0.000,6.470,6.190,1.0000
9.9996,-10.1619,6.4890,0.0000,0.000,6.465,6.192,1.0000
14.9995,-14.0194,9.6699,0.0000,0.000,6.460,6.195,1.0000
19.9992,-17.8771,12.8504,0.0000,0.000,6.455,6.198,1.0000
24.9990,-21.7351,16.0306,0.0000,0.000,6.450,6.200,1.0000
29.9988,-25.5933,19.2105,0.0000,0.000,6.444,6.203,1.0000
34.9986,-29.4516,22.3904,0.0000,0.000,6.439,6.206,1.0000
39.9983,-33.3100,25.5701,0.0000,0.000,6.434,6.208,1.0000
44.9981,-37.1684,28.7497,0.0000,0.000,6.429,6.211,1.0000
49.9978,-41.0267,31.9294,0.0000,0.000,6.424,6.214,1.0000
54.9975,-44.8851,35.1091,0.0000,0.000,6.419,6.216,1.0000
59.9973,-48.7433,38.2890,0.0000,0.000,6.413,6.219,1.0000
64.9970,-52.6013,41.4691,0.0000,0.000,6.408,6.222,1.0000
69.9968,-56.4591,44.6495,0.0000,0.000,6.403,6.224,1.0000
74.9965,-60.3166,47.8302,0.0000,0.000,6.398,6.227,1.0000
79.9962,-64.1738,51.0113,0.0000,0.000,6.393,6.230,1.0000
84.9960,-68.0307,54.1928,0.0000,0.000,6.387,6.232,1.0000
89.9957,-71.8871,57.3748,0.0000,0.000,6.382,6.235,1.0000
94.9955,-75.7431,60.5575,0.0000,0.000,6.377,6.238,1.0000
99.9952,-79.5985,63.7407,0.0000,0.000,6.372,6.240,1.0000
104.9950,-83.4535,66.9245,0.0000,0.000,6.367,6.243,1.0000
109.9948,-87.3081,70.1088,0.0000,0.000,6.362,6.246,1.0000
114.9946,-91.1624,73.2936,0.0000,0.000,6.356,6.248,1.0000
119.9943,-95.0163,76.4787,0.0000,0.000,6.351,6.251,1.0000
124.9941,-98.8699,79.6642,0.0000,0.000,6.346,6.254,1.0000
129.9939,-102.7233,82.8500,0.0000,0.000,6.341,6.256,1.0000
134.9937,-106.5766,86.0360,0.0000,0.000,6.336,6.259,1.0000
139.9935,-110.4296,89.2222,0.0000,0.000,6.330,6.262,1.0000
144.9933,-114.2827,92.4085,0.0000,0.000,6.325,6.264,1.0000
149.9931,-118.1356,95.5948,0.0000,0.000,6.320,6.267,1.0000
154.9930,-121.9886,98.7812,0.0000,0.000,6.315,6.270,1.0000
159.9928,-125.8416,101.9675,0.0000,0.000,6.310,6.272,1.0000
164.9926,-129.6946,105.1537,0.0000,0.000,6.305,6.275,1.0000
169.9924,-133.5479,108.3397,0.0000,0.000,6.299,6.278,1.0000
174.9922,-137.4013,111.5256,0.0000,0.000,6.294,6.280,1.0000
179.9921,-141.2549,114.7111,0.0000,0.000,6.289,6.283,1.0000
184.9919,-145.1088,117.8964,0.0000,0.000,6.284,6.286,1.0000
189.9917,-148.9630,121.0812,0.0000,0.000,6.279,6.288,1.0000
194.9915,-152.8176,124.2657,0.0000,0.000,6.273,6.291,1.0000
199.9914,-156.6725,127.4496,0.0000,0.000,6.268,6.294,1.0000
204.9912,-160.5280,130.6330,0.0000,0.000,6.263,6.296,1.0000
209.9910,-164.3839,133.8158,0.0000,0.000,6.258,6.299,1.0000
214.9909,-168.2404,136.9979,0.0000,0.000,6.253,6.302,1.0000
219.9907,-172.0974,140.1793,0.0000,0.000,6.248,6.304,1.0000
224.9905,-175.9551,143.3599,0.0000,0.000,6.242,6.307,1.0000
229.9903,-179.8135,146.5397,0.0000,0.000,6.237,6.310,1.0000
234.9901,-183.6726,149.7187,0.0000,0.000,6.232,6.312,1.0000
239.9900,-187.5324,152.8967,0.0000,0.000,6.227,6.315,1.0000
244.9898,-191.3929,156.0740,0.0000,0.000,6.222,6.318,1.0000
249.9896,-195.2540,159.2504,0.0000,0.000,6.216,6.320,1.0000
254.9894,-199.1157,162.4261,0.0000,0.000,6.211,6.323,1.0000
259.9892,-202.9781,165.6011,0.0000,0.000,6.206,6.326,1.0000
264.9890,-206.8409,168.7755,0.0000,0.000,6.201,6.328,1.0000
269.9888,-210.7043,171.9492,0.0000,0.000,6.196,6.331,1.0000
274.9887,-214.5681,175.1223,0.0000,0.000,6.191,6.334,1.0000
279.9885,-218.4324,178.2949,0.0000,0.000,6.185,6.336,1.0000
284.9883,-222.2971,181.4671,0.0000,0.000,6.180,6.339,1.0000
289.9881,-226.1621,184.6388,0.0000,0.000,6.179,6.328,1.0000
294.9879,-230.0274,187.8101,0.0000,0.000,6.179,6.314,1.0000
299.9877,-233.8931,190.9810,0.0000,0.000,6.179,6.299,1.0000
304.9875,-237.7590,194.1516,0.0000,0.000,6.179,6.285,1.0000
309.9873,-241.6251,197.3220,0.0000,0.000,6.179,6.270,1.0000
314.9871,-245.4914,200.4921,0.0000,0.000,6.178,6.255,1.0000
319.9869,-249.3579,203.6620,0.0000,0.000,6.178,6.241,1.0000
324.9867,-253.2244,206.8318,0.0000,0.000,6.178,6.226,1.0000
329.9864,-257.0911,210.0015,0.0000,0.000,6.178,6.211,1.0000
334.9862,-260.9577,213.1711,0.0000,0.000,6.178,6.197,1.0000
339.9860,-264.8244,216.3408,0.0000,0.000,6.178,6.182,1.0000
344.9858,-268.6911,219.5104,0.0000,0.000,6.178,6.168,1.0000
349.9855,-272.5576,222.6802,0.0000,0.000,6.178,6.153,1.0000
354.9853,-276.4241,225.8500,0.0000,0.000,6.178,6.138,1.0000
359.9850,-280.2905,229.0200,0.0000,0.000,6.177,6.124,1.0000
364.9848,-284.1566,232.1902,0.0000,0.000,6.177,6.109,1.0000
369.9845,-288.0226,235.3607,0.0000,0.000,6.177,6.095,1.0000
374.9843,-291.8883,238.5315,0.0000,0.000,6.177,6.080,1.0000
379.9840,-295.7537,241.7026,0.0000,0.000,6.177,6.065,1.0000
384.9837,-299.6187,244.8741,0.0000,0.000,6.177,6.051,1.0000
389.9835,-303.4834,248.0461,0.0000,0.000,6.177,6.036,1.0000
394.9832,-307.3477,251.2186,0.0000,0.000,6.177,6.021,1.0000
399.9829,-311.2114,254.3917,0.0000,0.000,6.177,6.007,1.0000
404.9826,-315.0746,257.5655,0.0000,0.000,6.178,5.992,1.0000
409.9823,-318.9373,260.7399,0.0000,0.000,6.184,5.979,1.0000
414.9821,-322.7993,263.9151,0.0000,0.000,6.189,5.965,1.0000
419.9818,-326.6607,267.0911,0.0000,0.000,6.195,5.951,1.0000
424.9815,-330.5213,270.2680,0.0000,0.000,6.201,5.937,1.0000
429.9813,-334.3812,273.4459,0.0000,0.000,6.207,5.923,1.0000
434.9810,-338.2403,276.6247,0.0000,0.000,6.213,5.910,1.0000
439.9807,-342.0985,279.8046,0.0000,0.000,6.218,5.896,1.0000
444.9805,-345.9559,282.9855,0.0000,0.000,6.224,5.882,1.0000
449.9803,-349.8122,286.1677,0.0000,0.000,6.230,5.868,1.0000
454.9801,-353.6676,289.3510,0.0000,0.000,6.236,5.854,1.0000
459.9798,-357.5220,292.5357,0.0000,0.000,6.242,5.841,1.0000
464.9797,-361.3752,295.7217,0.0000,0.000,6.248,5.827,1.0000
469.9795,-365.2274,298.9090,0.0000,0.000,6.253,5.813,1.0000
474.9793,-369.0783,302.0979,0.0000,0.000,6.259,5.799,1.0000
479.9792,-372.9280,305.2882,0.0000,0.000,6.265,5.785,1.0000
484.9791,-376.7765,308.4801,0.0000,0.000,6.271,5.772,1.0000
489.9790,-380.6236,311.6736,0.0000,0.000,6.277,5.758,1.0000
494.9789,-384.4694,314.8689,0.0000,0.000,6.282,5.744,1.0000
499.9789,-388.3137,318.0658,0.0000,0.000,6.288,5.730,1.0000
504.9789,-392.1566,321.2646,0.0000,0.000,6.294,5.716,1.0000
509.9789,-395.9981,324.4651,0.0000,0.000,6.300,5.703,1.0000
514.9790,-399.8387,327.6667,0.0000,0.000,6.306,5.689,1.0000
519.9790,-403.6793,330.8684,0.0000,0.000,6.311,5.675,1.0000
524.9791,-407.5205,334.0693,0.0000,0.000,6.317,5.661,1.0000
529.9792,-411.3633,337.2685,0.0000,0.000,6.323,5.647,1.0000
534.9793,-415.2083,340.4648,0.0000,0.000,6.329,5.634,1.0000
539.9795,-419.0564,343.6576,0.0000,0.000,6.335,5.620,1.0000
544.9796,-422.9083,346.8456,0.0000,0.000,6.341,5.606,1.0000
549.9797,-426.7649,350.0281,0.0000,0.000,6.346,5.592,1.0000
554.9799,-430.6269,353.2040,0.0000,0.000,6.352,5.578,1.0000
559.9801,-434.4951,356.3725,0.0000,0.000,6.358,5.565,1.0000
564.9804,-438.3703,359.5324,0.0000,0.000,6.364,5.551,1.0000
569.9808,-442.2533,362.6830,0.0000,0.000,6.370,5.537,1.0000
574.9813,-446.1448,365.8233,0.0000,0.000,6.375,5.523,1.0000
579.9810,-450.0367,368.9619,0.0000,0.000,6.381,5.509,1.0000
584.9771,-453.9024,372.1270,0.0000,0.000,6.387,5.496,1.0000
589.9676,-457.7132,375.3491,0.0000,0.000,6.393,5.482,1.0000
594.9522,-461.4404,378.6588,0.0000,0.000,6.399,5.468,1.0000
599.9339,-465.0551,382.0868,0.0000,0.000,6.405,5.454,1.0000
604.9197,-468.5287,385.6635,0.0000,0.000,6.887,5.495,1.0000
609.9206,-471.8297,389.4202,0.0000,0.000,6.569,6.409,1.0000
614.9136,-474.8401,393.4036,0.0000,0.000,6.377,7.214,1.0000
619.8663,-477.3391,397.6795,0.0000,0.000,7.021,7.284,1.0000
624.8246,-479.0997,402.3148,0.0000,0.000,7.814,7.286,1.0000
629.9016,-479.9077,407.3270,0.0000,0.000,8.172,7.502,1.0000
634.9891,-479.6334,412.4072,0.0000,0.000,8.194,7.784,1.0000
639.9146,-478.1814,417.1138,0.0000,0.000,8.146,7.935,1.0000
644.6745,-475.4769,421.0308,0.0000,0.000,8.297,7.804,1.0000
649.5176,-471.7028,424.0658,0.0000,0.000,7.873,7.777,1.0000
654.5505,-467.2161,426.3461,0.0000,0.000,8.067,7.112,1.0000
659.6650,-462.3774,428.0028,0.0000,0.000,7.268,6.951,1.0000
664.7024,-457.4752,429.1623,0.0000,0.000,6.305,6.872,1.0000
669.6804,-452.5575,429.9341,0.0000,0.000,5.900,6.475,1.0000
674.6404,-447.6217,430.4240,0.0000,0.000,6.041,6.060,1.0000
679.6062,-442.6657,430.7366,0.0000,0.000,6.401,5.877,1.0000
684.5854,-437.6903,430.9317,0.0000,0.000,6.456,5.862,1.0000
689.5767,-432.6999,431.0198,0.0000,0.000,6.306,5.880,1.0000
694.5777,-427.6989,431.0090,0.0000,0.000,6.157,5.899,1.0000
699.5857,-422.6919,430.9071,0.0000,0.000,5.976,5.951,1.0000
704.5976,-417.6834,430.7223,0.0000,0.000,5.795,6.003,1.0000
709.6098,-412.6779,430.4625,0.0000,0.000,5.687,6.007,1.0000
714.6187,-407.6797,430.1353,0.0000,0.000,5.608,5.992,1.0000
719.6230,-402.6908,429.7433,0.0000,0.000,5.529,5.978,1.0000
724.6233,-397.7115,429.2859,0.0000,0.000,5.621,5.817,1.0000
729.6201,-392.7422,428.7626,0.0000,0.000,5.724,5.647,1.0000
734.6141,-387.7832,428.1726,0.0000,0.000,5.829,5.499,1.0000
739.6059,-382.8348,427.5153,0.0000,0.000,5.939,5.395,1.0000
744.5962,-377.8975,426.7902,0.0000,0.000,5.955,5.325,1.0000
749.5857,-372.9715,425.9965,0.0000,0.000,5.937,5.268,1.0000
754.5752,-368.0572,425.1336,0.0000,0.000,5.809,5.393,1.0000
759.5654,-363.1549,424.2010,0.0000,0.000,5.620,5.622,1.0000
764.5571,-358.2651,423.1979,0.0000,0.000,5.430,5.850,1.0000
769.5511,-353.3879,422.1237,0.0000,0.000,5.509,5.728,1.0000
774.5483,-348.5238,420.9778,0.0000,0.000,5.606,5.581,1.0000
779.5496,-343.6732,419.7595,0.0000,0.000,5.687,5.458,1.0000
784.5551,-338.8375,418.4668,0.0000,0.000,5.653,5.506,1.0000
789.5628,-334.0221,417.0925,0.0000,0.000,5.619,5.554,1.0000
794.5704,-329.2332,415.6287,0.0000,0.000,5.582,5.647,1.0000
799.5764,-324.4769,414.0672,0.0000,0.000,5.534,5.755,1.0000
804.5798,-319.7595,412.4000,0.0000,0.000,5.344,5.948,1.0000
809.5802,-315.0870,410.6191,0.0000,0.000,5.368,5.938,1.0000
814.5779,-310.4657,408.7164,0.0000,0.000,5.813,5.527,1.0000
819.5739,-305.8998,406.6883,0.0000,0.000,5.840,5.564,1.0000
824.5688,-301.3907,404.5396,0.0000,0.000,5.712,5.767,1.0000
829.5630,-296.9391,402.2759,0.0000,0.000,5.841,5.632,1.0000
834.5562,-292.5458,399.9027,0.0000,0.000,6.060,5.381,1.0000
839.5483,-288.2117,397.4257,0.0000,0.000,6.228,5.181,1.0000
844.5383,-283.9375,394.8505,0.0000,0.000,6.057,5.330,1.0000
849.5254,-279.7240,392.1826,0.0000,0.000,5.885,5.478,1.0000
854.5101,-275.5693,389.4284,0.0000,0.000,5.791,5.576,1.0000
859.4944,-271.4686,386.5951,0.0000,0.000,5.707,5.668,1.0000
864.4799,-267.4171,383.6898,0.0000,0.000,5.636,5.753,1.0000
869.4677,-263.4099,380.7198,0.0000,0.000,5.674,5.793,1.0000
874.4587,-259.4421,377.6923,0.0000,0.000,5.712,5.832,1.0000
879.4531,-255.5088,374.6143,0.0000,0.000,5.736,5.855,1.0000
884.4511,-251.6052,371.4932,0.0000,0.000,5.698,5.801,1.0000
889.4524,-247.7264,368.3360,0.0000,0.000,5.660,5.747,1.0000
894.4566,-243.8674,365.1501,0.0000,0.000,5.621,5.693,1.0000
899.4630,-240.0235,361.9425,0.0000,0.000,5.583,5.639,1.0000
904.4710,-236.1897,358.7205,0.0000,0.000,5.545,5.586,1.0000
909.4796,-232.3611,355.4912,0.0000,0.000,5.506,5.532,1.0000
914.4879,-228.5330,352.2618,0.0000,0.000,5.468,5.478,1.0000
919.4952,-224.7009,349.0387,0.0000,0.000,5.457,5.461,1.0000
924.5013,-220.8641,345.8231,0.0000,0.000,5.448,5.447,1.0000
929.5064,-217.0229,342.6144,0.0000,0.000,5.439,5.434,1.0000
934.5104,-213.1777,339.4121,0.0000,0.000,5.431,5.420,1.0000
939.5134,-209.3290,336.2156,0.0000,0.000,5.422,5.407,1.0000
944.5156,-205.4771,333.0242,0.0000,0.000,5.414,5.394,1.0000
949.5170,-201.6225,329.8375,0.0000,0.000,5.405,5.380,1.0000
954.5176,-197.7655,326.6547,0.0000,0.000,5.396,5.367,1.0000
959.5175,-193.9066,323.4753,0.0000,0.000,5.388,5.353,1.0000
964.5169,-190.0462,320.2988,0.0000,0.000,5.379,5.340,1.0000
969.5157,-186.1845,317.1246,0.0000,0.000,5.370,5.327,1.0000
974.5140,-182.3222,313.9520,0.0000,0.000,5.362,5.313,1.0000
979.5118,-178.4595,310.7805,0.0000,0.000,5.353,5.300,1.0000
984.5093,-174.5969,307.6095,0.0000,0.000,5.344,5.286,1.0000
989.5065,-170.7348,304.4384,0.0000,0.000,5.336,5.273,1.0000
994.5035,-166.8735,301.2666,0.0000,0.000,5.327,5.260,1.0000
999.5002,-163.0135,298.0936,0.0000,0.000,5.319,5.246,1.0000
1004.4969,-159.1552,294.9187,0.0000,0.000,5.310,5.233,1.0000
1009.4935,-155.2990,291.7414,0.0000,0.000,5.301,5.219,1.0000
1014.4900,-151.4452,288.5611,0.0000,0.000,5.293,5.206,1.0000
1019.4867,-147.5944,285.3772,0.0000,0.000,5.284,5.193,1.0000
1024.4835,-143.7468,282.1891,0.0000,0.000,5.275,5.179,1.0000
1029.4804,-139.9029,278.9962,0.0000,0.000,5.267,5.166,1.0000
1034.4777,-136.0631,275.7980,0.0000,0.000,5.258,5.152,1.0000
1039.4753,-132.2278,272.5938,0.0000,0.000,5.250,5.139,1.0000
1044.4734,-128.3974,269.3831,0.0000,0.000,5.241,5.126,1.0000
1049.4719,-124.5724,266.1653,0.0000,0.000,5.232,5.112,1.0000
1054.4711,-120.7529,262.9399,0.0000,0.000,5.224,5.099,1.0000
1059.4710,-116.9350,259.7114,0.0000,0.000,5.215,5.086,1.0000
1064.4721,-113.1064,256.4940,0.0000,0.000,5.206,5.072,1.0000
1069.4748,-109.2540,253.3024,0.0000,0.000,5.198,5.059,1.0000
1074.4802,-105.3647,250.1516,0.0000,0.000,5.189,5.045,1.0000
1079.4898,-101.4254,247.0566,0.0000,0.000,5.080,5.225,1.0000
1084.5063,-97.4232,244.0323,0.0000,0.000,4.891,5.557,1.0000
1089.5319,-93.3441,241.0966,0.0000,0.000,4.926,5.615,1.0000
1094.5435,-89.1562,238.3440,0.0000,0.000,5.337,5.230,1.0000
1099.5073,-84.8079,235.9498,0.0000,0.000,5.481,5.017,1.0000
1104.4317,-80.2469,234.0930,0.0000,0.000,5.360,5.017,1.0000
1109.3770,-75.4411,232.9268,0.0000,0.000,4.929,5.392,1.0000
1114.3673,-70.4731,232.4566,0.0000,0.000,4.886,5.662,1.0000
1119.3773,-65.4662,232.6352,0.0000,0.000,4.983,5.332,1.0000
1124.3672,-60.5372,233.4128,0.0000,0.000,5.518,5.018,1.0000
1129.3481,-55.7290,234.7129,0.0000,0.000,5.509,5.049,1.0000
1134.3467,-51.0393,236.4427,0.0000,0.000,5.054,5.389,1.0000
1139.3659,-46.4651,238.5091,0.0000,0.000,5.086,5.190,1.0000
1144.3806,-42.0381,240.8643,0.0000,0.000,5.079,5.362,1.0000
1149.3453,-37.8951,243.6000,0.0000,0.000,5.253,5.213,1.0000
1154.2608,-34.1933,246.8342,0.0000,0.000,4.996,5.599,1.0000
1159.1979,-31.0601,250.6496,0.0000,0.000,5.246,5.478,1.0000
1164.2123,-28.4593,254.9369,0.0000,0.000,5.320,5.230,1.0000
1169.2800,-26.2993,259.5211,0.0000,0.000,5.255,5.186,1.0000
1174.3235,-24.4892,264.2286,0.0000,0.000,5.089,5.332,1.0000
1179.2911,-22.9809,268.9618,0.0000,0.000,5.130,5.195,1.0000
1184.2256,-21.8002,273.7529,0.0000,0.000,5.051,5.396,1.0000
1189.1878,-20.9795,278.6468,0.0000,0.000,5.137,5.325,1.0000
1194.2167,-20.5563,283.6578,0.0000,0.000,5.245,5.197,1.0000
1199.2694,-20.5825,288.7105,0.0000,0.000,5.207,5.147,1.0000
1204.2995,-21.1121,293.7126,0.0000,0.000,5.048,5.080,1.0000
1209.2811,-22.1954,298.5750,0.0000,0.000,5.097,5.140,1.0000
1214.2422,-23.7852,303.2744,0.0000,0.000,4.857,5.203,1.0000
1219.2196,-25.7385,307.8526,0.0000,0.000,4.642,5.252,1.0000
1224.2167,-27.9082,312.3540,0.0000,0.000,4.669,5.238,1.0000
1229.2187,-30.1641,316.8184,0.0000,0.000,4.696,5.224,1.0000
1234.2208,-32.4657,321.2595,0.0000,0.000,4.723,5.210,1.0000
1239.2230,-34.8020,325.6827,0.0000,0.000,4.749,5.197,1.0000
1244.2251,-37.1619,330.0931,0.0000,0.000,4.776,5.183,1.0000
1249.2268,-39.5346,334.4962,0.0000,0.000,4.803,5.169,1.0000
1254.2274,-41.9090,338.8971,0.0000,0.000,4.830,5.155,1.0000
1259.2264,-44.2742,343.3012,0.0000,0.000,4.856,5.142,1.0000
1264.2237,-46.6228,347.7122,0.0000,0.000,4.883,5.128,1.0000
1269.2202,-48.9578,352.1295,0.0000,0.000,4.910,5.114,1.0000
1274.2168,-51.2840,356.5516,0.0000,0.000,4.937,5.100,1.0000
1279.2146,-53.6063,360.9771,0.0000,0.000,4.963,5.087,1.0000
1284.2146,-55.9295,365.4046,0.0000,0.000,4.990,5.073,1.0000
1289.2177,-58.2584,369.8325,0.0000,0.000,5.017,5.059,1.0000
1294.2248,-60.5979,374.2596,0.0000,0.000,5.044,5.045,1.0000
1299.2342,-62.9449,378.6851,0.0000,0.000,5.070,5.031,1.0000
1304.2393,-65.2840,383.1100,0.0000,0.000,5.097,5.018,1.0000
1309.2330,-67.5983,387.5350,0.0000,0.000,5.124,5.004,1.0000
1314.2100,-69.8673,391.9647,0.0000,0.000,5.042,4.963,1.0000
1319.1801,-72.0320,396.4387,0.0000,0.000,4.762,5.077,1.0000
1324.1679,-74.0115,401.0168,0.0000,0.000,4.789,5.107,1.0000
1329.2064,-75.7224,405.7560,0.0000,0.000,5.377,4.987,1.0000
1334.2675,-77.0401,410.6425,0.0000,0.000,5.587,5.376,1.0000
1339.2769,-77.7989,415.5942,0.0000,0.000,5.896,5.807,1.0000
1344.2087,-77.8318,420.5259,0.0000,0.000,6.181,6.210,1.0000
1349.1150,-77.0256,425.3655,0.0000,0.000,6.479,6.524,1.0000
1354.0824,-75.5476,430.1079,0.0000,0.000,6.411,6.512,1.0000
1359.1136,-73.6553,434.7696,0.0000,0.000,6.444,5.989,1.0000
1364.1529,-71.5912,439.3668,0.0000,0.000,5.884,5.619,1.0000
1369.1758,-69.4516,443.9113,0.0000,0.000,5.653,5.365,1.0000
1374.1863,-67.2506,448.4124,0.0000,0.000,5.627,5.346,1.0000
1379.1879,-65.0012,452.8797,0.0000,0.000,5.600,5.328,1.0000
1384.1837,-62.7167,457.3226,0.0000,0.000,5.573,5.309,1.0000
1389.1763,-60.4102,461.7503,0.0000,0.000,5.546,5.290,1.0000
1394.1679,-58.0947,466.1725,0.0000,0.000,5.520,5.272,1.0000
1399.1607,-55.7817,470.5972,0.0000,0.000,5.493,5.253,1.0000
1404.1549,-53.4735,475.0260,0.0000,0.000,5.466,5.234,1.0000
1409.1505,-51.1694,479.4584,0.0000,0.000,5.440,5.216,1.0000
1414.1473,-48.8688,483.8941,0.0000,0.000,5.413,5.197,1.0000
1419.1451,-46.5712,488.3325,0.0000,0.000,5.386,5.179,1.0000
1424.1439,-44.2761,492.7733,0.0000,0.000,5.360,5.160,1.0000
1429.1435,-41.9827,497.2158,0.0000,0.000,5.333,5.141,1.0000
1434.1438,-39.6905,501.6598,0.0000,0.000,5.306,5.123,1.0000
1439.1446,-37.3989,506.1046,0.0000,0.000,5.280,5.104,1.0000
1444.1458,-35.1074,510.5500,0.0000,0.000,5.253,5.085,1.0000
1449.1472,-32.8153,514.9953,0.0000,0.000,5.226,5.067,1.0000
1454.1488,-30.5221,519.4402,0.0000,0.000,5.200,5.048,1.0000
1459.1504,-28.2272,523.8841,0.0000,0.000,5.173,5.029,1.0000
1464.1518,-25.9299,528.3267,0.0000,0.000,5.146,5.011,1.0000
1469.1530,-23.6299,532.7677,0.0000,0.000,5.120,4.992,1.0000
1474.1539,-21.3274,537.2071,0.0000,0.000,5.093,4.974,1.0000
1479.1547,-19.0225,541.6449,0.0000,0.000,5.066,4.955,1.0000
1484.1553,-16.7151,546.0814,0.0000,0.000,5.066,4.965,1.0000
1489.1556,-14.4055,550.5164,0.0000,0.000,5.066,4.977,1.0000
1494.1558,-12.0938,554.9501,0.0000,0.000,5.067,4.989,1.0000
1499.1559,-9.7801,559.3826,0.0000,0.000,5.068,5.001,1.0000
1504.1558,-7.4644,563.8140,0.0000,0.000,5.068,5.013,1.0000
1509.1556,-5.1469,568.2442,0.0000,0.000,5.069,5.024,1.0000
1514.1553,-2.8276,572.6735,0.0000,0.000,5.070,5.036,1.0000
1519.1549,-0.5068,577.1017,0.0000,0.000,5.070,5.048,1.0000
1524.1544,1.8155,581.5291,0.0000,0.000,5.071,5.060,1.0000
1529.1538,4.1392,585.9557,0.0000,0.000,5.072,5.072,1.0000
1534.1531,6.4641,590.3816,0.0000,0.000,5.072,5.084,1.0000
1539.1524,8.7902,594.8067,0.0000,0.000,5.073,5.095,1.0000
1544.1517,11.1174,599.2313,0.0000,0.000,5.074,5.107,1.0000
1549.1509,13.4455,603.6553,0.0000,0.000,5.074,5.119,1.0000
1554.1502,15.7745,608.0789,0.0000,0.000,5.075,5.131,1.0000
1559.1494,18.1042,612.5021,0.0000,0.000,5.076,5.143,1.0000
1564.1486,20.4345,616.9250,0.0000,0.000,5.076,5.155,1.0000
1569.1478,22.7653,621.3477,0.0000,0.000,5.077,5.166,1.0000
1574.1471,25.0966,625.7701,0.0000,0.000,5.078,5.178,1.0000
1579.1464,27.4281,630.1925,0.0000,0.000,5.078,5.190,1.0000
1584.1458,29.7598,634.6148,0.0000,0.000,5.079,5.202,1.0000
1589.1453,32.0916,639.0372,0.0000,0.000,5.080,5.214,1.0000
1594.1448,34.4234,643.4596,0.0000,0.000,5.080,5.226,1.0000
1599.1444,36.7550,647.8823,0.0000,0.000,5.081,5.237,1.0000
1604.1442,39.0863,652.3052,0.0000,0.000,5.082,5.249,1.0000
1609.1440,41.4170,656.7285,0.0000,0.000,5.082,5.261,1.0000
1614.1439,43.7466,661.1526,0.0000,0.000,5.083,5.273,1.0000
1619.1439,46.0744,665.5777,0.0000,0.000,5.084,5.285,1.0000
1624.1440,48.4001,670.0040,0.0000,0.000,5.084,5.297,1.0000
1629.1442,50.7231,674.4318,0.0000,0.000,5.085,5.308,1.0000
1634.1445,53.0429,678.8615,0.0000,0.000,5.086,5.320,1.0000
1639.1449,55.3589,683.2931,0.0000,0.000,5.086,5.332,1.0000
1644.1454,57.6708,687.7271,0.0000,0.000,5.087,5.344,1.0000
1649.1460,59.9778,692.1637,0.0000,0.000,5.087,5.356,1.0000
1654.1467,62.2797,696.6031,0.0000,0.000,5.088,5.368,1.0000
1659.1474,64.5758,701.0456,0.0000,0.000,5.089,5.379,1.0000
1664.1483,66.8656,705.4915,0.0000,0.000,5.089,5.391,1.0000
1669.1494,69.1486,709.9410,0.0000,0.000,5.090,5.403,1.0000
1674.1504,71.4277,714.3924,0.0000,0.000,5.132,5.340,1.0000
1679.1506,73.7153,718.8387,0.0000,0.000,5.184,5.260,1.0000
1684.1495,76.0250,723.2720,0.0000,0.000,5.236,5.179,1.0000
1689.1464,78.3707,727.6842,0.0000,0.000,5.293,5.102,1.0000
1694.1415,80.7662,732.0674,0.0000,0.000,5.350,5.025,1.0000
1699.1353,83.2254,736.4137,0.0000,0.000,5.408,4.949,1.0000
1704.1289,85.7618,740.7151,0.0000,0.000,5.323,5.029,1.0000
1709.1239,88.3808,744.9685,0.0000,0.000,5.208,5.142,1.0000
1714.1211,91.0739,749.1779,0.0000,0.000,5.119,5.240,1.0000
1719.1208,93.8321,753.3480,0.0000,0.000,5.168,5.254,1.0000
1724.1228,96.6458,757.4835,0.0000,0.000,5.218,5.268,1.0000
1729.1264,99.5058,761.5891,0.0000,0.000,5.268,5.260,1.0000
1734.1306,102.4028,765.6696,0.0000,0.000,5.320,5.215,1.0000
1739.1343,105.3279,769.7292,0.0000,0.000,5.372,5.170,1.0000
1744.1363,108.2815,773.7660,0.0000,0.000,5.394,5.140,1.0000
1749.1361,111.2726,777.7725,0.0000,0.000,5.330,5.153,1.0000
1754.1336,114.3105,781.7407,0.0000,0.000,5.266,5.166,1.0000
1759.1291,117.4045,785.6627,0.0000,0.000,5.202,5.179,1.0000
1764.1232,120.5637,789.5306,0.0000,0.000,5.225,5.087,1.0000
1769.1176,123.7976,793.3365,0.0000,0.000,5.249,4.993,1.0000
1774.1139,127.1152,797.0724,0.0000,0.000,5.273,4.899,1.0000
1779.1125,130.5243,800.7281,0.0000,0.000,5.272,4.849,1.0000
1784.1132,134.0316,804.2926,0.0000,0.000,5.050,5.176,1.0000
1789.1169,137.6441,807.7548,0.0000,0.000,5.017,5.209,1.0000
1794.1200,141.3196,811.1492,0.0000,0.000,4.984,5.242,1.0000
1799.1043,144.8851,814.6321,0.0000,0.000,4.950,5.274,1.0000
1804.0722,148.1455,818.3804,0.0000,0.000,4.896,5.224,1.0000
1809.0681,150.9245,822.5321,0.0000,0.000,4.926,5.083,1.0000
1814.0880,153.1355,827.0388,0.0000,0.000,5.106,4.992,1.0000
1819.1015,154.7194,831.7955,0.0000,0.000,5.014,5.007,1.0000
1824.0852,155.6182,836.6975,0.0000,0.000,4.843,5.024,1.0000
1829.0559,155.8473,841.6630,0.0000,0.000,4.854,5.036,1.0000
1834.0477,155.5340,846.6449,0.0000,0.000,4.892,4.996,1.0000
1839.0540,154.8154,851.5993,0.0000,0.000,4.749,4.724,1.0000
1844.0536,153.8181,856.4984,0.0000,0.000,4.862,4.827,1.0000
1849.0525,152.6419,861.3570,0.0000,0.000,4.917,4.847,1.0000
1854.0537,151.3823,866.1970,0.0000,0.000,4.890,4.835,1.0000
1859.0550,150.1318,871.0394,0.0000,0.000,4.863,4.823,1.0000
1864.0555,148.9237,875.8918,0.0000,0.000,4.837,4.811,1.0000
1869.0556,147.7387,880.7494,0.0000,0.000,4.810,4.799,1.0000
1874.0554,146.5556,885.6073,0.0000,0.000,4.783,4.787,1.0000
1879.0551,145.3622,890.4624,0.0000,0.000,4.756,4.776,1.0000
1884.0546,144.1590,895.3150,0.0000,0.000,4.729,4.764,1.0000
1889.0540,142.9479,900.1656,0.0000,0.000,4.702,4.752,1.0000
1894.0534,141.7307,905.0145,0.0000,0.000,4.675,4.740,1.0000
1899.0528,140.5092,909.8624,0.0000,0.000,4.649,4.728,1.0000
1904.0522,139.2851,914.7096,0.0000,0.000,4.622,4.716,1.0000
1909.0517,138.0602,919.5567,0.0000,0.000,4.595,4.704,1.0000
1914.0512,136.8362,924.4040,0.0000,0.000,4.568,4.693,1.0000
1919.0508,135.6151,929.2522,0.0000,0.000,4.541,4.681,1.0000
1924.0505,134.3985,934.1017,0.0000,0.000,4.514,4.669,1.0000
1929.0504,133.1883,938.9528,0.0000,0.000,4.487,4.657,1.0000
1934.0504,131.9862,943.8062,0.0000,0.000,4.460,4.645,1.0000
1939.0507,130.7939,948.6623,0.0000,0.000,4.434,4.633,1.0000
1944.0513,129.6127,953.5214,0.0000,0.000,4.407,4.622,1.0000
1949.0521,128.4376,958.3821,0.0000,0.000,4.380,4.610,1.0000
1954.0530,127.2604,963.2426,0.0000,0.000,4.353,4.598,1.0000
1959.0540,126.0732,968.1006,0.0000,0.000,4.326,4.586,1.0000
1964.0549,124.8677,972.9540,0.0000,0.000,4.299,4.574,1.0000
1969.0559,123.6360,977.8009,0.0000,0.000,4.272,4.562,1.0000
1974.0570,122.3698,982.6391,0.0000,0.000,4.246,4.550,1.0000
1979.0583,121.0693,987.4684,0.0000,0.000,4.219,4.539,1.0000
1984.0575,119.7732,992.2967,0.0000,0.000,4.192,4.527,1.0000
1989.0523,118.5314,997.1346,0.0000,0.000,4.165,4.515,1.0000
1994.0416,117.3940,1001.9926,0.0000,0.000,4.213,4.367,1.0000
1999.0281,116.4108,1006.8811,0.0000,0.000,4.316,4.120,1.0000
2004.0189,115.6317,1011.8108,0.0000,0.000,4.378,3.951,1.0000
2009.0277,115.1069,1016.7920,0.0000,0.000,4.556,3.929,1.0000
2014.0558,114.8978,1021.8158,0.0000,0.000,4.428,4.030,1.0000
2019.0668,115.0965,1026.8228,0.0000,0.000,4.175,4.477,1.0000
2024.0399,115.7996,1031.7459,0.0000,0.000,3.810,4.881,1.0000
2028.9867,117.0982,1036.5193,0.0000,0.000,4.470,4.457,1.0000
2033.9430,118.9854,1041.1022,0.0000,0.000,4.965,4.058,1.0000
2038.9241,121.3687,1045.4761,0.0000,0.000,4.964,4.114,1.0000
2043.9189,124.1530,1049.6228,0.0000,0.000,4.405,4.383,1.0000
2048.9041,127.2537,1053.5265,0.0000,0.000,4.072,4.349,1.0000
2053.8819,130.6347,1057.1798,0.0000,0.000,4.089,4.330,1.0000
2058.8609,134.2736,1060.5783,0.0000,0.000,3.835,4.186,1.0000
2063.8472,138.1479,1063.7173,0.0000,0.000,4.145,4.100,1.0000
2068.8443,142.2351,1066.5920,0.0000,0.000,4.275,3.923,1.0000
2073.8533,146.5130,1069.1980,0.0000,0.000,4.289,4.047,1.0000
2078.8740,150.9589,1071.5306,0.0000,0.000,4.069,4.263,1.0000
2083.9008,155.5499,1073.5778,0.0000,0.000,4.020,4.353,1.0000
2088.9207,160.2614,1075.3101,0.0000,0.000,4.173,4.089,1.0000
2093.9234,165.0687,1076.6950,0.0000,0.000,4.378,4.016,1.0000
2098.9041,169.9469,1077.7001,0.0000,0.000,4.402,4.032,1.0000
2103.8640,174.8712,1078.2931,0.0000,0.000,4.192,4.219,1.0000
2108.8120,179.8170,1078.4416,0.0000,0.000,3.989,4.337,1.0000
2113.7651,184.7592,1078.1137,0.0000,0.000,3.982,4.212,1.0000
2118.7381,189.6661,1077.3054,0.0000,0.000,4.025,4.143,1.0000
2123.7279,194.4959,1076.0520,0.0000,0.000,4.574,3.650,1.0000
2128.7223,199.2063,1074.3917,0.0000,0.000,4.300,3.851,1.0000
2133.7072,203.7614,1072.3668,0.0000,0.000,4.391,4.102,1.0000
2138.6926,208.1783,1070.0548,0.0000,0.000,4.554,4.107,1.0000
2143.6874,212.4997,1067.5501,0.0000,0.000,4.539,4.107,1.0000
2148.6875,216.7670,1064.9442,0.0000,0.000,4.525,4.108,1.0000
2153.6884,220.9983,1062.2787,0.0000,0.000,4.510,4.108,1.0000
2158.6893,225.1922,1059.5546,0.0000,0.000,4.496,4.109,1.0000
2163.6901,229.3470,1056.7715,0.0000,0.000,4.481,4.109,1.0000
2168.6904,233.4608,1053.9292,0.0000,0.000,4.466,4.110,1.0000
2173.6899,237.5319,1051.0272,0.0000,0.000,4.471,4.080,1.0000
2178.6884,241.5584,1048.0653,0.0000,0.000,4.489,4.028,1.0000
2183.6858,245.5384,1045.0432,0.0000,0.000,4.507,3.977,1.0000
2188.6821,249.4702,1041.9604,0.0000,0.000,4.523,3.953,1.0000
2193.6771,253.3519,1038.8167,0.0000,0.000,4.538,3.987,1.0000
2198.6711,257.1818,1035.6117,0.0000,0.000,4.553,4.021,1.0000
2203.6641,260.9579,1032.3451,0.0000,0.000,4.529,4.077,1.0000
2208.6562,264.6785,1029.0166,0.0000,0.000,4.434,4.173,1.0000
2213.6479,268.3417,1025.6258,0.0000,0.000,4.339,4.269,1.0000
2218.6395,271.9469,1022.1734,0.0000,0.000,4.260,4.309,1.0000
2223.6321,275.4978,1018.6638,0.0000,0.000,4.211,4.245,1.0000
2228.6266,278.9995,1015.1025,0.0000,0.000,4.163,4.182,1.0000
2233.6234,282.4570,1011.4951,0.0000,0.000,4.114,4.118,1.0000
2238.6229,285.8756,1007.8471,0.0000,0.000,4.092,4.076,1.0000
2243.6249,289.2602,1004.1640,0.0000,0.000,4.102,4.058,1.0000
2248.6294,292.6159,1000.4513,0.0000,0.000,4.112,4.040,1.0000
2253.6358,295.9477,996.7146,0.0000,0.000,4.122,4.022,1.0000
2258.6437,299.2608,992.9593,0.0000,0.000,4.133,4.004,1.0000
2263.6522,302.5602,989.1911,0.0000,0.000,4.143,3.987,1.0000
2268.6608,305.8510,985.4154,0.0000,0.000,4.153,3.969,1.0000
2273.6684,309.1383,981.6377,0.0000,0.000,4.163,3.951,1.0000
2278.6744,312.4271,977.8637,0.0000,0.000,4.173,3.933,1.0000
2283.6779,315.7225,974.0986,0.0000,0.000,4.184,3.915,1.0000
2288.6786,319.0270,970.3453,0.0000,0.000,4.194,3.897,1.0000
2293.6770,322.3401,966.6027,0.0000,0.000,4.204,3.880,1.0000
2298.6736,325.6609,962.8693,0.0000,0.000,4.214,3.862,1.0000
2303.6689,328.9885,959.1437,0.0000,0.000,4.224,3.844,1.0000
2308.6632,332.3221,955.4247,0.0000,0.000,4.235,3.826,1.0000
2313.6572,335.6607,951.7108,0.0000,0.000,4.245,3.808,1.0000
2318.6512,339.0036,948.0007,0.0000,0.000,4.255,3.790,1.0000
2323.6457,342.3499,944.2930,0.0000,0.000,4.265,3.773,1.0000
2328.6412,345.6987,940.5862,0.0000,0.000,4.275,3.755,1.0000
2333.6380,349.0492,936.8791,0.0000,0.000,4.286,3.737,1.0000
2338.6366,352.4004,933.1703,0.0000,0.000,4.296,3.719,1.0000
2343.6375,355.7516,929.4583,0.0000,0.000,4.306,3.701,1.0000
2348.6411,359.1019,925.7419,0.0000,0.000,4.316,3.683,1.0000
2353.6478,362.4500,922.0194,0.0000,0.000,4.326,3.666,1.0000
2358.6580,365.7837,918.2793,0.0000,0.000,4.337,3.648,1.0000
2363.6721,369.0754,914.4969,0.0000,0.000,4.347,3.630,1.0000
2368.6919,372.2961,910.6465,0.0000,0.000,4.357,3.612,1.0000
2373.7076,375.3868,906.6962,0.0000,0.000,4.367,3.594,1.0000
2378.6223,378.0510,902.5663,0.0000,0.000,4.514,3.339,1.0000
2383.3983,379.8813,898.1550,0.0000,0.000,4.110,3.754,1.0000
2388.2177,380.4918,893.3744,0.0000,0.000,3.902,4.356,1.0000
2393.2724,379.8385,888.3621,0.0000,0.000,3.849,4.065,1.0000
2398.4838,378.1474,883.4327,0.0000,0.000,3.963,4.123,1.0000
2403.6532,375.6518,878.9056,0.0000,0.000,4.109,3.933,1.0000
2408.6257,372.5859,874.9907,0.0000,0.000,4.157,3.787,1.0000
2413.5311,369.1886,871.4521,0.0000,0.000,4.106,3.673,1.0000
2418.4813,365.6996,867.9406,0.0000,0.000,3.894,3.959,1.0000
2423.5135,362.4116,864.1311,0.0000,0.000,3.880,4.064,1.0000
2428.3994,360.0052,859.8789,0.0000,0.000,3.684,4.464,1.0000
2433.1923,359.1832,855.1571,0.0000,0.000,3.908,4.439,1.0000
2438.1507,359.5647,850.2133,0.0000,0.000,4.069,3.941,1.0000
2443.1487,360.4887,845.3014,0.0000,0.000,4.035,3.713,1.0000
2448.1714,361.7134,840.4304,0.0000,0.000,4.069,3.609,1.0000
2453.2054,363.0514,835.5774,0.0000,0.000,4.051,3.635,1.0000
2458.2297,364.3502,830.7239,0.0000,0.000,4.033,3.660,1.0000
2463.2426,365.5912,825.8671,0.0000,0.000,4.014,3.686,1.0000
2468.2468,366.7878,821.0080,0.0000,0.000,3.996,3.712,1.0000
2473.2448,367.9535,816.1479,0.0000,0.000,3.978,3.738,1.0000
2478.2387,369.1016,811.2877,0.0000,0.000,3.959,3.764,1.0000
2483.2308,370.2457,806.4285,0.0000,0.000,3.941,3.789,1.0000
2488.2229,371.3991,801.5715,0.0000,0.000,3.923,3.815,1.0000
2493.2165,372.5703,796.7171,0.0000,0.000,3.904,3.841,1.0000
2498.2118,373.7572,791.8649,0.0000,0.000,3.886,3.867,1.0000
2503.2087,374.9565,787.0141,0.0000,0.000,3.868,3.892,1.0000
2508.2070,376.1648,782.1640,0.0000,0.000,3.849,3.918,1.0000
2513.2065,377.3788,777.3141,0.0000,0.000,3.831,3.944,1.0000
2518.2072,378.5949,772.4636,0.0000,0.000,3.813,3.970,1.0000
2523.2089,379.8099,767.6117,0.0000,0.000,3.794,3.996,1.0000
2528.2113,381.0204,762.7579,0.0000,0.000,3.776,4.021,1.0000
2533.2145,382.2230,757.9015,0.0000,0.000,3.757,4.047,1.0000
2538.2181,383.4142,753.0417,0.0000,0.000,3.739,4.073,1.0000
2543.2222,384.5908,748.1779,0.0000,0.000,3.721,4.099,1.0000
2548.2266,385.7494,743.3094,0.0000,0.000,3.702,4.124,1.0000
2553.2314,386.8865,738.4356,0.0000,0.000,3.684,4.150,1.0000
2558.2363,388.0015,733.5565,0.0000,0.000,3.666,4.176,1.0000
2563.2385,389.1305,728.6833,0.0000,0.000,3.647,4.202,1.0000
2568.2342,390.3369,723.8355,0.0000,0.000,3.629,4.228,1.0000
2573.2226,391.6848,719.0326,0.0000,0.000,3.611,4.253,1.0000
2578.2042,393.2403,714.3001,0.0000,0.000,3.619,4.286,1.0000
2583.1711,395.0793,709.6862,0.0000,0.000,3.812,4.295,1.0000
2588.1279,397.2794,705.2444,0.0000,0.000,3.959,3.964,1.0000
2593.1014,399.9166,701.0276,0.0000,0.000,4.309,4.143,1.0000
2598.1149,403.0011,697.0753,0.0000,0.000,4.251,4.218,1.0000
2603.1570,406.4633,693.4099,0.0000,0.000,4.378,3.922,1.0000
2608.2015,410.2287,690.0529,0.0000,0.000,4.315,3.979,1.0000
2613.2132,414.2308,687.0362,0.0000,0.000,4.017,4.319,1.0000
2618.1635,418.4595,684.4625,0.0000,0.000,3.797,4.532,1.0000
2623.0587,422.9281,682.4640,0.0000,0.000,3.871,4.120,1.0000
2627.9545,427.6459,681.1558,0.0000,0.000,4.124,3.974,1.0000
2632.9284,432.5656,680.4233,0.0000,0.000,4.137,3.978,1.0000
2637.9816,437.6000,679.9887,0.0000,0.000,4.150,3.981,1.0000
2643.0599,442.6612,679.5708,0.0000,0.000,4.163,3.985,1.0000
2648.1153,447.6796,678.9616,0.0000,0.000,4.176,3.988,1.0000
2653.1452,452.6546,678.2195,0.0000,0.000,4.190,3.992,1.0000
2658.1487,457.6006,677.4639,0.0000,0.000,4.203,3.996,1.0000
2663.1242,462.5315,676.7987,0.0000,0.000,4.216,3.999,1.0000
2668.0816,467.4556,676.2246,0.0000,0.000,4.229,4.003,1.0000
2673.0325,472.3786,675.7006,0.0000,0.000,4.243,4.006,1.0000
2677.9874,477.3066,675.1850,0.0000,0.000,4.256,4.010,1.0000
2682.9567,482.2455,674.6364,0.0000,0.000,4.269,4.014,1.0000
2687.9513,487.2012,674.0136,0.0000,0.000,4.282,4.017,1.0000
2692.9842,492.1795,673.2749,0.0000,0.000,4.296,4.021,1.0000
2698.0587,497.1739,672.3765,0.0000,0.000,4.109,4.118,1.0000
2703.1397,502.1317,671.2646,0.0000,0.000,4.090,4.377,1.0000
2708.1907,506.9903,669.8836,0.0000,0.000,4.327,3.955,1.0000
2713.1874,511.6868,668.1777,0.0000,0.000,4.592,3.645,1.0000
2718.1219,516.1584,666.0912,0.0000,0.000,4.271,4.118,1.0000
2723.0075,520.3423,663.5685,0.0000,0.000,4.110,4.470,1.0000
2727.8843,524.1758,660.5540,0.0000,0.000,4.125,4.373,1.0000
2732.8023,527.6103,657.0338,0.0000,0.000,4.077,4.559,1.0000
2737.7768,530.6257,653.0775,0.0000,0.000,4.266,4.058,1.0000
2742.8024,533.2051,648.7643,0.0000,0.000,4.421,3.871,1.0000
2747.8618,535.3316,644.1735,0.0000,0.000,4.294,3.912,1.0000
2752.9292,536.9885,639.3846,0.0000,0.000,4.081,4.070,1.0000
2757.9746,538.1590,634.4768,0.0000,0.000,4.034,4.108,1.0000
2762.9681,538.8276,629.5284,0.0000,0.000,4.097,4.211,1.0000
2767.9187,539.0240,624.5816,0.0000,0.000,4.135,4.254,1.0000
2772.8662,538.8293,619.6379,0.0000,0.000,4.056,4.012,1.0000
2777.8332,538.3272,614.6964,0.0000,0.000,4.051,4.122,1.0000
2782.8266,537.6015,609.7561,0.0000,0.000,4.048,4.133,1.0000
2787.8417,536.7362,604.8161,0.0000,0.000,4.044,4.145,1.0000
2792.8674,535.8151,599.8756,0.0000,0.000,4.041,4.156,1.0000
2797.8901,534.9177,594.9337,0.0000,0.000,4.037,4.167,1.0000
2802.9053,534.0694,589.9907,0.0000,0.000,4.034,4.179,1.0000
2807.9145,533.2595,585.0475,0.0000,0.000,4.030,4.190,1.0000
2812.9186,532.4764,580.1050,0.0000,0.000,4.026,4.202,1.0000
2817.9188,531.7087,575.1641,0.0000,0.000,4.023,4.213,1.0000
2822.9158,530.9446,570.2259,0.0000,0.000,4.019,4.225,1.0000
2827.9105,530.1728,565.2912,0.0000,0.000,4.016,4.236,1.0000
2832.9038,529.3832,560.3607,0.0000,0.000,4.012,4.248,1.0000
2837.8962,528.5755,555.4340,0.0000,0.000,4.009,4.259,1.0000
2842.8883,527.7532,550.5101,0.0000,0.000,4.005,4.271,1.0000
2847.8805,526.9198,545.5879,0.0000,0.000,4.002,4.282,1.0000
2852.8733,526.0787,540.6666,0.0000,0.000,3.998,4.294,1.0000
2857.8669,525.2334,535.7450,0.0000,0.000,3.994,4.305,1.0000
2862.8619,524.3873,530.8222,0.0000,0.000,3.991,4.316,1.0000
2867.8586,523.5440,525.8972,0.0000,0.000,3.987,4.328,1.0000
2872.8574,522.7069,520.9689,0.0000,0.000,3.984,4.339,1.0000
2877.8588,521.8794,516.0365,0.0000,0.000,3.980,4.351,1.0000
2882.8631,521.0651,511.0989,0.0000,0.000,3.977,4.362,1.0000
2887.8709,520.2674,506.1551,0.0000,0.000,3.973,4.374,1.0000
2892.8826,519.4897,501.2041,0.0000,0.000,3.970,4.385,1.0000
2897.8988,518.7356,496.2449,0.0000,0.000,3.966,4.397,1.0000
2902.9190,518.0128,491.2770,0.0000,0.000,3.963,4.408,1.0000
2907.9363,517.3551,486.3030,0.0000,0.000,3.977,4.386,1.0000
2912.9428,516.8068,481.3265,0.0000,0.000,4.052,4.315,1.0000
2917.9336,516.4119,476.3514,0.0000,0.000,4.142,4.339,1.0000
2922.9077,516.2146,471.3812,0.0000,0.000,4.251,4.276,1.0000
2927.8693,516.2591,466.4199,0.0000,0.000,4.292,4.114,1.0000
2932.8292,516.5894,461.4709,0.0000,0.000,4.188,4.047,1.0000
2937.8022,517.2367,456.5403,0.0000,0.000,4.273,3.967,1.0000
2942.7933,518.1884,451.6408,0.0000,0.000,4.107,4.289,1.0000
2947.8017,519.4227,446.7868,0.0000,0.000,4.188,4.256,1.0000
2952.8235,520.9175,441.9926,0.0000,0.000,4.337,4.199,1.0000
2957.8517,522.6511,437.2728,0.0000,0.000,4.244,4.306,1.0000
2962.8768,524.6014,432.6415,0.0000,0.000,4.020,4.557,1.0000
2967.8876,526.7465,428.1131,0.0000,0.000,4.221,4.203,1.0000
2972.8795,529.0616,423.6905,0.0000,0.000,4.261,4.208,1.0000
2977.8616,531.5165,419.3552,0.0000,0.000,4.263,4.083,1.0000
2982.8410,534.0801,415.0864,0.0000,0.000,4.209,4.088,1.0000
2987.8224,536.7216,410.8631,0.0000,0.000,4.227,4.068,1.0000
2992.8079,539.4100,406.6645,0.0000,0.000,4.238,4.058,1.0000
2997.7990,542.1145,402.4697,0.0000,0.000,4.250,4.047,1.0000
3002.7964,544.8046,398.2582,0.0000,0.000,4.261,4.036,1.0000
3007.7998,547.4681,394.0226,0.0000,0.000,4.272,4.025,1.0000
3012.8074,550.1120,389.7698,0.0000,0.000,4.284,4.014,1.0000
3017.8172,552.7445,385.5074,0.0000,0.000,4.295,4.004,1.0000
3022.8270,555.3739,381.2431,0.0000,0.000,4.306,3.993,1.0000
3027.8346,558.0082,376.9845,0.0000,0.000,4.318,3.982,1.0000
3032.8378,560.6557,372.7391,0.0000,0.000,4.329,3.971,1.0000
3037.8349,563.3237,368.5138,0.0000,0.000,4.340,3.961,1.0000
3042.8271,566.0102,364.3062,0.0000,0.000,4.352,3.950,1.0000
3047.8171,568.7069,360.1077,0.0000,0.000,4.363,3.939,1.0000
3052.8077,571.4057,355.9096,0.0000,0.000,4.375,3.928,1.0000
3057.8018,574.0982,351.7035,0.0000,0.000,4.386,3.918,1.0000
3062.8021,576.7762,347.4807,0.0000,0.000,4.397,3.907,1.0000
3067.8117,579.4312,343.2326,0.0000,0.000,4.409,3.896,1.0000
3072.8312,582.0488,338.9496,0.0000,0.000,4.420,3.885,1.0000
3077.8470,584.5751,334.6165,0.0000,0.000,4.431,3.874,1.0000
3082.8439,586.9423,330.2160,0.0000,0.000,4.310,3.854,1.0000
3087.8136,589.0824,325.7306,0.0000,0.000,4.274,3.610,1.0000
3092.7582,590.9273,321.1431,0.0000,0.000,4.157,3.811,1.0000
3097.6930,592.4091,316.4361,0.0000,0.000,3.806,4.237,1.0000
3102.6494,593.4596,311.5922,0.0000,0.000,3.830,4.244,1.0000
3107.6639,594.0408,306.6116,0.0000,0.000,3.867,4.193,1.0000
3112.7276,594.2107,301.5508,0.0000,0.000,4.061,4.114,1.0000
3117.8033,594.0470,296.4777,0.0000,0.000,4.251,3.981,1.0000
3122.8396,593.6254,291.4590,0.0000,0.000,4.223,3.901,1.0000
3127.8165,592.9664,286.5260,0.0000,0.000,4.033,4.013,1.0000
3132.7599,592.0312,281.6718,0.0000,0.000,3.997,4.016,1.0000
3137.7054,590.7781,276.8877,0.0000,0.000,4.048,4.003,1.0000
3142.6882,589.1727,272.1706,0.0000,0.000,4.023,4.124,1.0000
3147.7029,587.2224,267.5507,0.0000,0.000,4.145,4.085,1.0000
3152.7270,584.9503,263.0698,0.0000,0.000,4.275,3.977,1.0000
3157.7370,582.3793,258.7697,0.0000,0.000,4.216,3.981,1.0000
3162.7265,579.5466,254.6623,0.0000,0.000,3.980,4.313,1.0000
3167.7119,576.5147,250.7048,0.0000,0.000,4.243,4.284,1.0000
3172.7009,573.3491,246.8488,0.0000,0.000,4.350,4.213,1.0000
3177.6940,570.1038,243.0542,0.0000,0.000,4.390,4.158,1.0000
3182.6911,566.7976,239.3071,0.0000,0.000,4.329,4.140,1.0000
3187.6920,563.4423,235.5989,0.0000,0.000,4.268,4.122,1.0000
3192.6957,560.0497,231.9209,0.0000,0.000,4.207,4.104,1.0000
3197.7011,556.6314,228.2646,0.0000,0.000,4.149,4.087,1.0000
3202.7065,553.1992,224.6212,0.0000,0.000,4.147,4.087,1.0000
3207.7102,549.7648,220.9822,0.0000,0.000,4.144,4.087,1.0000
3212.7113,546.3356,217.3420,0.0000,0.000,4.142,4.087,1.0000
3217.7101,542.9110,213.7006,0.0000,0.000,4.139,4.087,1.0000
3222.7073,539.4897,210.0582,0.0000,0.000,4.137,4.087,1.0000
3227.7033,536.0705,206.4155,0.0000,0.000,4.135,4.087,1.0000
3232.6989,532.6520,202.7728,0.0000,0.000,4.132,4.087,1.0000
3237.6944,529.2329,199.1306,0.0000,0.000,4.130,4.087,1.0000
3242.6906,525.8119,195.4894,0.0000,0.000,4.127,4.087,1.0000
3247.6875,522.3885,191.8493,0.0000,0.000,4.125,4.087,1.0000
3252.6853,518.9629,188.2103,0.0000,0.000,4.122,4.087,1.0000
3257.6838,515.5351,184.5722,0.0000,0.000,4.120,4.087,1.0000
3262.6830,512.1056,180.9349,0.0000,0.000,4.117,4.087,1.0000
3267.6828,508.6744,177.2983,0.0000,0.000,4.115,4.087,1.0000
3272.6831,505.2418,173.6623,0.0000,0.000,4.112,4.087,1.0000
3277.6840,501.8080,170.0267,0.0000,0.000,4.110,4.087,1.0000
3282.6852,498.3732,166.3915,0.0000,0.000,4.107,4.087,1.0000
3287.6869,494.9376,162.7566,0.0000,0.000,4.105,4.087,1.0000
3292.6888,491.5014,159.1217,0.0000,0.000,4.102,4.087,1.0000
3297.6909,488.0649,155.4869,0.0000,0.000,4.100,4.087,1.0000
3302.6933,484.6282,151.8520,0.0000,0.000,4.097,4.087,1.0000
3307.6957,481.1916,148.2169,0.0000,0.000,4.095,4.087,1.0000
3312.6983,477.7552,144.5814,0.0000,0.000,4.092,4.087,1.0000
3317.7007,474.3194,140.9455,0.0000,0.000,4.090,4.087,1.0000
3322.7032,470.8842,137.3090,0.0000,0.000,4.087,4.087,1.0000
3327.7055,467.4499,133.6719,0.0000,0.000,4.085,4.087,1.0000
3332.7076,464.0168,130.0340,0.0000,0.000,4.082,4.087,1.0000
3337.7094,460.5850,126.3951,0.0000,0.000,4.080,4.087,1.0000
3342.7109,457.1547,122.7553,0.0000,0.000,4.077,4.087,1.0000
3347.7120,453.7262,119.1143,0.0000,0.000,4.075,4.087,1.0000
3352.7127,450.2996,115.4721,0.0000,0.000,4.072,4.087,1.0000
3357.7129,446.8753,111.8286,0.0000,0.000,4.070,4.087,1.0000
3362.7125,443.4533,108.1836,0.0000,0.000,4.067,4.087,1.0000
3367.7115,440.0339,104.5370,0.0000,0.000,4.065,4.087,1.0000
3372.7099,436.6173,100.8887,0.0000,0.000,4.067,4.089,1.0000
3377.7074,433.2037,97.2386,0.0000,0.000,4.109,4.108,1.0000
3382.7043,429.7932,93.5866,0.0000,0.000,4.150,4.127,1.0000
3387.7005,426.3853,89.9330,0.0000,0.000,4.192,4.147,1.0000
3392.6963,422.9797,86.2780,0.0000,0.000,4.233,4.166,1.0000
3397.6917,419.5760,82.6216,0.0000,0.000,4.275,4.185,1.0000
3402.6869,416.1738,78.9642,0.0000,0.000,4.316,4.204,1.0000
3407.6820,412.7727,75.3058,0.0000,0.000,4.358,4.223,1.0000
3412.6771,409.3723,71.6466,0.0000,0.000,4.399,4.243,1.0000
3417.6725,405.9723,67.9870,0.0000,0.000,4.440,4.262,1.0000
3422.6682,402.5722,64.3269,0.0000,0.000,4.482,4.281,1.0000
3427.6643,399.1717,60.6666,0.0000,0.000,4.523,4.300,1.0000
3432.6610,395.7703,57.0063,0.0000,0.000,4.565,4.319,1.0000
3437.6584,392.3677,53.3462,0.0000,0.000,4.606,4.339,1.0000
3442.6566,388.9635,49.6865,0.0000,0.000,4.648,4.358,1.0000
3447.6559,385.5573,46.0272,0.0000,0.000,4.689,4.377,1.0000
3452.6562,382.1486,42.3687,0.0000,0.000,4.731,4.396,1.0000
3457.6578,378.7372,38.7111,0.0000,0.000,4.772,4.415,1.0000
3462.6607,375.3227,35.0546,0.0000,0.000,4.813,4.434,1.0000
3467.6652,371.9045,31.3994,0.0000,0.000,4.855,4.454,1.0000
3472.6713,368.4824,27.7456,0.0000,0.000,4.896,4.473,1.0000
3477.6792,365.0560,24.0934,0.0000,0.000,4.938,4.492,1.0000
3482.6890,361.6248,20.4430,0.0000,0.000,4.979,4.511,1.0000
3487.7009,358.1885,16.7946,0.0000,0.000,5.021,4.530,1.0000
3492.7149,354.7466,13.1485,0.0000,0.000,5.062,4.550,1.0000
3497.7313,351.2989,9.5046,0.0000,0.000,5.104,4.569,1.0000
3502.7502,347.8449,5.8633,0.0000,0.000,5.145,4.588,1.0000
3507.7717,344.3842,2.2248,0.0000,0.000,5.186,4.607,1.0000
3512.7960,340.9164,-1.4109,0.0000,0.000,5.228,4.626,1.0000
3517.8169,337.4315,-5.0254,0.0000,0.000,4.993,4.738,1.0000
3522.7671,333.8160,-8.4066,0.0000,0.000,4.840,5.218,1.0000
3527.5970,329.8934,-11.2245,0.0000,0.000,4.826,4.941,1.0000
3532.4053,325.4865,-13.1477,0.0000,0.000,4.921,5.271,1.0000
3537.4127,320.5417,-13.9378,0.0000,0.000,5.563,4.824,1.0000
3542.5831,315.3799,-13.6388,0.0000,0.000,5.495,4.938,1.0000
3547.7348,310.3926,-12.3479,0.0000,0.000,5.006,5.558,1.0000
3552.7191,305.9060,-10.1769,0.0000,0.000,5.014,5.220,1.0000
3557.6432,301.8977,-7.3168,0.0000,0.000,5.277,4.944,1.0000
3562.5994,298.2287,-3.9847,0.0000,0.000,5.355,4.764,1.0000
3567.5893,294.7606,-0.3970,0.0000,0.000,5.303,4.725,1.0000
3572.5867,291.3932,3.2954,0.0000,0.000,5.229,4.711,1.0000
3577.5883,288.0901,7.0511,0.0000,0.000,5.155,4.697,1.0000
3582.5918,284.8212,10.8392,0.0000,0.000,5.081,4.683,1.0000
3587.5948,281.5625,14.6353,0.0000,0.000,5.006,4.669,1.0000
3592.5968,278.3091,18.4347,0.0000,0.000,4.932,4.655,1.0000
3597.5979,275.0594,22.2362,0.0000,0.000,4.858,4.641,1.0000
3602.5984,271.8120,26.0387,0.0000,0.000,4.783,4.626,1.0000
3607.5983,268.5652,29.8410,0.0000,0.000,4.709,4.612,1.0000
3612.5978,265.3176,33.6419,0.0000,0.000,4.635,4.598,1.0000
3617.5969,262.0674,37.4403,0.0000,0.000,4.561,4.584,1.0000
3622.5958,258.8133,41.2350,0.0000,0.000,4.486,4.570,1.0000
3627.5947,255.5535,45.0249,0.0000,0.000,4.412,4.556,1.0000
3632.5937,252.2866,48.8087,0.0000,0.000,4.338,4.542,1.0000
3637.5929,249.0111,52.5853,0.0000,0.000,4.263,4.527,1.0000
3642.5925,245.7253,56.3536,0.0000,0.000,4.189,4.513,1.0000
3647.5928,242.4277,60.1123,0.0000,0.000,4.115,4.499,1.0000
3652.5937,239.1165,63.8601,0.0000,0.000,4.041,4.485,1.0000
3657.5946,235.7845,67.5893,0.0000,0.000,3.966,4.471,1.0000
3662.5938,232.4192,71.2861,0.0000,0.000,3.892,4.457,1.0000
3667.5900,229.0079,74.9365,0.0000,0.000,4.105,4.285,1.0000
3672.5830,225.5380,78.5267,0.0000,0.000,4.076,4.221,1.0000
3677.5733,221.9966,82.0426,0.0000,0.000,3.895,4.228,1.0000
3682.5625,218.3712,85.4703,0.0000,0.000,3.857,4.223,1.0000
3687.5539,214.6492,88.7959,0.0000,0.000,3.874,4.215,1.0000
3692.5509,210.8332,92.0221,0.0000,0.000,3.891,4.206,1.0000
3697.5546,206.9505,95.1783,0.0000,0.000,3.908,4.197,1.0000
3702.5631,203.0307,98.2962,0.0000,0.000,3.925,4.189,1.0000
3707.5736,199.1035,101.4076,0.0000,0.000,3.942,4.180,1.0000
3712.5825,195.1984,104.5446,0.0000,0.000,3.959,4.171,1.0000
3717.5876,191.3452,107.7388,0.0000,0.000,3.975,4.162,1.0000
3722.5884,187.5706,111.0192,0.0000,0.000,3.992,4.154,1.0000
3727.5872,183.8450,114.3520,0.0000,0.000,4.009,4.145,1.0000
3732.5853,180.0831,117.6428,0.0000,0.000,4.026,4.136,1.0000
3737.5883,176.1977,120.7944,0.0000,0.000,4.043,4.128,1.0000
3742.6008,172.1109,123.6967,0.0000,0.000,3.627,4.000,1.0000
3747.5765,167.7933,126.1700,0.0000,0.000,3.635,4.172,1.0000
3752.4962,163.2316,128.0121,0.0000,0.000,4.122,4.287,1.0000
3757.4183,158.4193,129.0461,0.0000,0.000,4.342,4.115,1.0000
3762.4240,153.4222,129.3398,0.0000,0.000,4.232,4.205,1.0000
3767.5054,148.3465,129.0995,0.0000,0.000,4.519,4.199,1.0000
3772.5849,143.2987,128.5331,0.0000,0.000,4.020,4.350,1.0000
3777.5777,138.3659,127.7609,0.0000,0.000,3.755,4.138,1.0000
3782.4898,133.5795,126.6571,0.0000,0.000,3.929,4.086,1.0000
3787.3786,128.9614,125.0526,0.0000,0.000,4.258,3.993,1.0000
3792.3336,124.5423,122.8113,0.0000,0.000,4.269,3.886,1.0000
3797.3641,120.3977,119.9605,0.0000,0.000,4.357,4.036,1.0000
3802.4365,116.6168,116.5789,0.0000,0.000,3.813,4.772,1.0000
3807.5127,113.2893,112.7455,0.0000,0.000,4.340,4.213,1.0000
3812.5576,110.5043,108.5390,0.0000,0.000,4.266,4.386,1.0000
3817.5468,108.3515,104.0381,0.0000,0.000,4.356,4.263,1.0000
3822.4756,106.9201,99.3218,0.0000,0.000,4.289,4.229,1.0000
3827.3740,106.2629,94.4676,0.0000,0.000,4.275,4.388,1.0000
3832.2916,106.3358,89.5506,0.0000,0.000,4.076,4.419,1.0000
3837.2529,107.0791,84.6453,0.0000,0.000,4.132,4.142,1.0000
3842.2586,108.4330,79.8261,0.0000,0.000,4.038,4.419,1.0000
3847.2916,110.3380,75.1676,0.0000,0.000,4.322,4.164,1.0000
3852.3222,112.7341,70.7443,0.0000,0.000,4.116,4.403,1.0000
3857.3147,115.5617,66.6297,0.0000,0.000,3.935,4.631,1.0000
3862.2680,118.7577,62.8454,0.0000,0.000,4.182,4.032,1.0000
3867.2223,122.2541,59.3355,0.0000,0.000,4.314,4.381,1.0000
3872.1999,125.9827,56.0378,0.0000,0.000,4.348,4.409,1.0000
3877.2057,129.8751,52.8902,0.0000,0.000,4.382,4.437,1.0000
3882.2321,133.8630,49.8306,0.0000,0.000,4.415,4.465,1.0000
3887.2645,137.8781,46.7968,0.0000,0.000,4.449,4.494,1.0000
3892.2867,141.8544,43.7289,0.0000,0.000,4.483,4.522,1.0000
3897.2945,145.7686,40.6053,0.0000,0.000,4.516,4.550,1.0000
3902.2921,149.6344,37.4381,0.0000,0.000,4.550,4.578,1.0000
3907.2833,153.4667,34.2404,0.0000,0.000,4.584,4.607,1.0000
3912.2713,157.2804,31.0254,0.0000,0.000,4.617,4.635,1.0000
3917.2593,161.0904,27.8061,0.0000,0.000,4.651,4.663,1.0000
3922.2501,164.9116,24.5958,0.0000,0.000,4.685,4.691,1.0000
3927.2464,168.7574,21.4062,0.0000,0.000,4.718,4.720,1.0000
3932.2483,172.6280,18.2380,0.0000,0.000,4.752,4.748,1.0000
3937.2540,176.5167,15.0860,0.0000,0.000,4.786,4.776,1.0000
3942.2618,180.4170,11.9451,0.0000,0.000,4.819,4.804,1.0000
3947.2697,184.3224,8.8102,0.0000,0.000,4.853,4.833,1.0000
3952.2758,188.2261,5.6762,0.0000,0.000,4.887,4.861,1.0000
3957.2782,192.1216,2.5378,0.0000,0.000,4.921,4.889,1.0000
3962.2752,196.0027,-0.6097,0.0000,0.000,4.954,4.917,1.0000
3967.2676,199.8692,-3.7678,0.0000,0.000,4.988,4.946,1.0000
3972.2584,203.7266,-6.9345,0.0000,0.000,5.022,4.974,1.0000
3977.2505,207.5804,-10.1079,0.0000,0.000,5.055,5.002,1.0000
3982.2472,211.4360,-13.2861,0.0000,0.000,5.089,5.031,1.0000
3987.2512,215.2988,-16.4671,0.0000,0.000,5.123,5.059,1.0000
3992.2657,219.1746,-19.6488,0.0000,0.000,5.156,5.087,1.0000
3997.2900,223.0569,-22.8381,0.0000,0.000,5.181,5.092,1.0000
4002.2948,226.8401,-26.1146,0.0000,0.000,5.126,4.871,1.0000
4007.2509,230.3688,-29.5948,0.0000,0.000,5.226,4.619,1.0000
4012.1669,233.4869,-33.3953,0.0000,0.000,4.817,4.794,1.0000
4017.0960,236.0954,-37.5776,0.0000,0.000,4.958,4.975,1.0000
4022.0689,238.2366,-42.0660,0.0000,0.000,4.774,5.032,1.0000
4027.0778,239.9743,-46.7637,0.0000,0.000,4.878,4.930,1.0000
4032.0947,241.3614,-51.5851,0.0000,0.000,4.941,4.875,1.0000
4037.1101,242.4048,-56.4908,0.0000,0.000,5.033,4.763,1.0000
4042.1219,243.0987,-61.4542,0.0000,0.000,4.973,4.748,1.0000
4047.1278,243.4375,-66.4487,0.0000,0.000,5.134,5.165,1.0000
4052.1267,243.4154,-71.4476,0.0000,0.000,5.038,5.093,1.0000
4057.1184,243.0267,-76.4241,0.0000,0.000,4.916,4.924,1.0000
4062.1043,242.2658,-81.3516,0.0000,0.000,4.896,5.062,1.0000
4067.0871,241.1308,-86.2034,0.0000,0.000,4.877,5.260,1.0000
4072.0681,239.6292,-90.9527,0.0000,0.000,5.026,4.969,1.0000
4077.0481,237.7697,-95.5725,0.0000,0.000,5.121,4.909,1.0000
4082.0282,235.5610,-100.0361,0.0000,0.000,5.565,4.682,1.0000
4087.0103,233.0118,-104.3166,0.0000,0.000,5.217,4.902,1.0000
4091.9973,230.1307,-108.3871,0.0000,0.000,5.195,5.067,1.0000
4096.9935,226.9268,-112.2208,0.0000,0.000,5.390,5.026,1.0000
4101.9996,223.4164,-115.7898,0.0000,0.000,4.988,5.602,1.0000
4107.0092,219.6258,-119.0650,0.0000,0.000,4.953,5.435,1.0000
4112.0157,215.5822,-122.0171,0.0000,0.000,5.155,5.578,1.0000
4117.0144,211.3127,-124.6168,0.0000,0.000,5.549,5.259,1.0000
4122.0030,206.8443,-126.8348,0.0000,0.000,5.615,5.215,1.0000
4126.9825,202.2042,-128.6418,0.0000,0.000,5.911,5.521,1.0000
4131.9587,197.4199,-130.0103,0.0000,0.000,5.672,5.918,1.0000
4136.9413,192.5242,-130.9367,0.0000,0.000,5.998,5.879,1.0000
4141.9363,187.5543,-131.4370,0.0000,0.000,6.149,5.819,1.0000
4146.9441,182.5473,-131.5273,0.0000,0.000,6.270,5.926,1.0000
4151.9600,177.5406,-131.2237,0.0000,0.000,6.076,6.337,1.0000
4156.9757,172.5714,-130.5427,0.0000,0.000,5.627,6.415,1.0000
4161.9800,167.6768,-129.5003,0.0000,0.000,5.777,6.173,1.0000
4166.9627,162.8908,-128.1141,0.0000,0.000,6.288,6.102,1.0000
4171.9327,158.2216,-126.4112,0.0000,0.000,6.411,6.043,1.0000
4176.9031,153.6662,-124.4230,0.0000,0.000,6.518,5.998,1.0000
4181.8815,149.2213,-122.1810,0.0000,0.000,6.588,5.985,1.0000
4186.8702,144.8837,-119.7167,0.0000,0.000,6.440,6.170,1.0000
4191.8675,140.6502,-117.0615,0.0000,0.000,6.349,6.308,1.0000
4196.8675,136.5176,-114.2469,0.0000,0.000,6.662,6.091,1.0000
4201.8642,132.4804,-111.3028,0.0000,0.000,6.657,6.094,1.0000
4206.8598,128.5242,-108.2525,0.0000,0.000,6.652,6.096,1.0000
4211.8570,124.6323,-105.1179,0.0000,0.000,6.646,6.099,1.0000
4216.8570,120.7881,-101.9207,0.0000,0.000,6.641,6.102,1.0000
4221.8594,116.9750,-98.6828,0.0000,0.000,6.636,6.104,1.0000
4226.8633,113.1761,-95.4259,0.0000,0.000,6.631,6.107,1.0000
4231.8670,109.3749,-92.1719,0.0000,0.000,6.626,6.110,1.0000
4236.8694,105.5565,-88.9403,0.0000,0.000,6.621,6.112,1.0000
4241.8704,101.7189,-85.7336,0.0000,0.000,6.615,6.115,1.0000
4246.8705,97.8660,-82.5467,0.0000,0.000,6.610,6.118,1.0000
4251.8700,94.0016,-79.3747,0.0000,0.000,6.605,6.120,1.0000
4256.8690,90.1298,-76.2125,0.0000,0.000,6.600,6.123,1.0000
4261.8679,86.2544,-73.0551,0.0000,0.000,6.595,6.126,1.0000
4266.8668,82.3792,-69.8973,0.0000,0.000,6.590,6.128,1.0000
4271.8658,78.5075,-66.7350,0.0000,0.000,6.584,6.131,1.0000
4276.8649,74.6396,-63.5679,0.0000,0.000,6.579,6.134,1.0000
4281.8642,70.7751,-60.3963,0.0000,0.000,6.574,6.136,1.0000
4286.8636,66.9137,-57.2208,0.0000,0.000,6.569,6.139,1.0000
4291.8632,63.0549,-54.0419,0.0000,0.000,6.564,6.142,1.0000
4296.8629,59.1985,-50.8599,0.0000,0.000,6.558,6.144,1.0000
4301.8627,55.3441,-47.6754,0.0000,0.000,6.553,6.147,1.0000
4306.8625,51.4912,-44.4889,0.0000,0.000,6.548,6.150,1.0000
4311.8625,47.6395,-41.3008,0.0000,0.000,6.543,6.152,1.0000
4316.8625,43.7887,-38.1115,0.0000,0.000,6.538,6.155,1.0000
4321.8625,39.9384,-34.9217,0.0000,0.000,6.533,6.158,1.0000
4326.8625,36.0881,-31.7317,0.0000,0.000,6.527,6.160,1.0000
4331.8626,32.2376,-28.5420,0.0000,0.000,6.522,6.163,1.0000
4336.8626,28.3865,-25.3531,0.0000,0.000,6.517,6.166,1.0000
4341.8626,24.5346,-22.1652,0.0000,0.000,6.512,6.168,1.0000
4346.8626,20.6819,-18.9783,0.0000,0.000,6.507,6.171,1.0000
4351.8625,16.8284,-15.7923,0.0000,0.000,6.501,6.174,1.0000
4356.8624,12.9743,-12.6072,0.0000,0.000,6.496,6.176,1.0000
4361.8623,9.1196,-9.4229,0.0000,0.000,6.491,6.179,1.0000
4366.8622,5.2642,-6.2393,0.0000,0.000,6.486,6.182,1.0000
4371.8621,1.4084,-3.0564,0.0000,0.000,6.481,6.184,1.0000
