# Brands Hatch Circuit — TUMFTM racetrack-database (LGPL-3.0), flat 2-D centre line + measured widths; upstream commit e59595d.
s_m,x_m,y_m,z_m,banking_deg,width_left_m,width_right_m,grip_scale
0.0000,-1.1096,0.0664,0.0000,0.000,5.462,5.076,1.0000
4.9989,3.4511,2.1133,0.0000,0.000,5.473,5.075,1.0000
9.9981,8.0243,4.1326,0.0000,0.000,5.472,5.105,1.0000
14.9976,12.6084,6.1279,0.0000,0.000,5.472,5.135,1.0000
19.9978,17.2020,8.1027,0.0000,0.000,5.471,5.165,1.0000
24.9985,21.8035,10.0606,0.0000,0.000,5.470,5.195,1.0000
30.0000,26.4115,12.0052,0.0000,0.000,5.469,5.225,1.0000
35.0021,31.0243,13.9400,0.0000,0.000,5.468,5.255,1.0000
40.0050,35.6404,15.8687,0.0000,0.000,5.467,5.285,1.0000
45.0085,40.2584,17.7947,0.0000,0.000,5.466,5.315,1.0000
50.0126,44.8767,19.7216,0.0000,0.000,5.465,5.345,1.0000
55.0174,49.4937,21.6530,0.0000,0.000,5.464,5.375,1.0000
60.0227,54.1080,23.5925,0.0000,0.000,5.463,5.405,1.0000
65.0286,58.7180,25.5435,0.0000,0.000,5.462,5.434,1.0000
70.0348,63.3238,27.5057,0.0000,0.000,5.462,5.464,1.0000
75.0411,67.9279,29.4716,0.0000,0.000,5.461,5.494,1.0000
80.0469,72.5331,31.4335,0.0000,0.000,5.476,5.526,1.0000
85.0517,77.1424,33.3835,0.0000,0.000,5.637,5.573,1.0000
90.0550,81.7585,35.3137,0.0000,0.000,5.797,5.619,1.0000
95.0568,86.3843,37.2161,0.0000,0.000,5.958,5.666,1.0000
100.0567,91.0226,39.0831,0.0000,0.000,6.119,5.713,1.0000
105.0548,95.6762,40.9065,0.0000,0.000,6.209,5.709,1.0000
110.0513,100.3479,42.6787,0.0000,0.000,6.090,5.556,1.0000
115.0469,105.0406,44.3916,0.0000,0.000,5.972,5.404,1.0000
120.0424,109.7572,46.0375,0.0000,0.000,5.853,5.251,1.0000
125.0390,114.5004,47.6084,0.0000,0.000,5.735,5.099,1.0000
130.0380,119.2724,49.0977,0.0000,0.000,5.617,4.946,1.0000
135.0398,124.0721,50.5053,0.0000,0.000,5.498,4.794,1.0000
140.0442,128.8971,51.8331,0.0000,0.000,5.389,4.653,1.0000
145.0508,133.7452,53.0831,0.0000,0.000,5.393,4.670,1.0000
150.0593,138.6141,54.2573,0.0000,0.000,5.397,4.686,1.0000
155.0690,143.5015,55.3575,0.0000,0.000,5.402,4.702,1.0000
160.0790,148.4053,56.3833,0.0000,0.000,5.406,4.719,1.0000
165.0810,153.3251,57.2864,0.0000,0.000,5.410,4.735,1.0000
170.0657,158.2623,57.9732,0.0000,0.000,5.415,4.752,1.0000
175.0361,163.2184,58.3503,0.0000,0.000,5.424,4.875,1.0000
180.0121,168.1938,58.4262,0.0000,0.000,5.433,5.016,1.0000
185.0067,173.1880,58.3689,0.0000,0.000,5.443,5.156,1.0000
190.0186,178.1999,58.3541,0.0000,0.000,5.453,5.297,1.0000
195.0434,183.2241,58.4343,0.0000,0.000,5.459,5.424,1.0000
200.0719,188.2513,58.5495,0.0000,0.000,5.430,5.386,1.0000
205.0934,193.2721,58.6351,0.0000,0.000,5.400,5.347,1.0000
210.0983,198.2769,58.6268,0.0000,0.000,5.370,5.308,1.0000
215.0806,203.2564,58.4602,0.0000,0.000,5.340,5.270,1.0000
220.0409,208.2016,58.0724,0.0000,0.000,5.436,4.931,1.0000
224.9939,213.1125,57.4283,0.0000,0.000,5.534,4.587,1.0000
229.9627,217.9973,56.5183,0.0000,0.000,5.254,4.659,1.0000
234.9716,222.8641,55.3334,0.0000,0.000,4.869,4.847,1.0000
240.0211,227.6974,53.8720,0.0000,0.000,4.720,4.924,1.0000
245.0755,232.4467,52.1427,0.0000,0.000,4.797,4.895,1.0000
250.0988,237.0600,50.1548,0.0000,0.000,4.874,4.865,1.0000
255.0818,241.5102,47.9130,0.0000,0.000,5.214,4.812,1.0000
260.0382,245.7927,45.4179,0.0000,0.000,5.660,4.748,1.0000
264.9829,249.9038,42.6701,0.0000,0.000,6.036,4.726,1.0000
269.9315,253.8393,39.6702,0.0000,0.000,5.760,5.092,1.0000
274.8995,257.5954,36.4186,0.0000,0.000,5.484,5.458,1.0000
279.9028,261.1683,32.9160,0.0000,0.000,5.381,5.582,1.0000
284.9453,264.5491,29.1748,0.0000,0.000,5.428,5.498,1.0000
289.9998,267.7173,25.2365,0.0000,0.000,5.475,5.413,1.0000
295.0319,270.6503,21.1475,0.0000,0.000,5.629,5.246,1.0000
300.0150,273.3240,16.9425,0.0000,0.000,5.809,5.059,1.0000
304.9636,275.7061,12.6049,0.0000,0.000,5.757,5.093,1.0000
309.9120,277.7625,8.1040,0.0000,0.000,5.594,5.232,1.0000
314.8941,279.5004,3.4348,0.0000,0.000,5.443,5.365,1.0000
319.9116,281.0274,-1.3447,0.0000,0.000,5.492,5.400,1.0000
324.9442,282.4665,-6.1671,0.0000,0.000,5.540,5.436,1.0000
329.9674,283.9069,-10.9794,0.0000,0.000,5.589,5.471,1.0000
334.9747,285.2928,-15.7910,0.0000,0.000,5.638,5.507,1.0000
339.9677,286.5289,-20.6285,0.0000,0.000,5.724,5.478,1.0000
344.9546,287.5531,-25.5091,0.0000,0.000,5.820,5.434,1.0000
349.9431,288.3820,-30.4283,0.0000,0.000,5.915,5.391,1.0000
354.9371,289.0438,-35.3783,0.0000,0.000,5.890,5.397,1.0000
359.9375,289.5668,-40.3513,0.0000,0.000,5.820,5.422,1.0000
364.9429,289.9792,-45.3396,0.0000,0.000,5.750,5.447,1.0000
369.9496,290.3092,-50.3354,0.0000,0.000,5.681,5.472,1.0000
374.9547,290.5809,-55.3331,0.0000,0.000,5.611,5.497,1.0000
379.9585,290.8088,-60.3317,0.0000,0.000,5.582,5.493,1.0000
384.9616,291.0062,-65.3310,0.0000,0.000,5.557,5.487,1.0000
389.9645,291.1863,-70.3306,0.0000,0.000,5.532,5.480,1.0000
394.9674,291.3622,-75.3305,0.0000,0.000,5.507,5.473,1.0000
399.9706,291.5471,-80.3302,0.0000,0.000,5.482,5.467,1.0000
404.9742,291.7516,-85.3296,0.0000,0.000,5.457,5.460,1.0000
409.9778,291.9660,-90.3286,0.0000,0.000,5.431,5.453,1.0000
414.9807,292.1713,-95.3273,0.0000,0.000,5.406,5.447,1.0000
419.9822,292.3484,-100.3257,0.0000,0.000,5.382,5.429,1.0000
424.9820,292.4782,-105.3238,0.0000,0.000,5.364,5.256,1.0000
429.9802,292.5418,-110.3216,0.0000,0.000,5.345,5.083,1.0000
434.9778,292.5223,-115.3192,0.0000,0.000,5.327,4.910,1.0000
439.9760,292.4203,-120.3164,0.0000,0.000,5.309,4.738,1.0000
444.9756,292.2442,-125.3129,0.0000,0.000,5.284,4.638,1.0000
449.9772,292.0024,-130.3085,0.0000,0.000,5.250,4.639,1.0000
454.9807,291.7033,-135.3031,0.0000,0.000,5.217,4.641,1.0000
459.9860,291.3554,-140.2964,0.0000,0.000,5.183,4.642,1.0000
464.9929,290.9669,-145.2881,0.0000,0.000,5.150,4.643,1.0000
470.0005,290.5464,-150.2781,0.0000,0.000,5.116,4.645,1.0000
475.0082,290.1022,-155.2660,0.0000,0.000,5.083,4.646,1.0000
480.0151,289.6428,-160.2518,0.0000,0.000,5.049,4.647,1.0000
485.0202,289.1765,-165.2351,0.0000,0.000,5.016,4.649,1.0000
490.0224,288.7118,-170.2157,0.0000,0.000,4.982,4.650,1.0000
495.0211,288.2561,-175.1936,0.0000,0.000,4.949,4.651,1.0000
500.0167,287.8090,-180.1692,0.0000,0.000,4.915,4.653,1.0000
505.0106,287.3671,-185.1435,0.0000,0.000,4.909,4.657,1.0000
510.0039,286.9269,-190.1173,0.0000,0.000,4.905,4.662,1.0000
514.9978,286.4848,-195.0916,0.0000,0.000,4.901,4.667,1.0000
519.9934,286.0374,-200.0671,0.0000,0.000,4.897,4.672,1.0000
524.9921,285.5810,-205.0449,0.0000,0.000,4.893,4.678,1.0000
529.9950,285.1121,-210.0258,0.0000,0.000,4.889,4.683,1.0000
535.0033,284.6273,-215.0106,0.0000,0.000,4.885,4.688,1.0000
540.0184,284.1230,-220.0003,0.0000,0.000,4.881,4.693,1.0000
545.0416,283.5956,-224.9957,0.0000,0.000,4.878,4.698,1.0000
550.0742,283.0416,-229.9977,0.0000,0.000,4.874,4.703,1.0000
555.1168,282.4549,-235.0061,0.0000,0.000,4.877,4.631,1.0000
560.1431,281.7390,-239.9811,0.0000,0.000,4.881,4.548,1.0000
565.1096,280.6871,-244.8349,0.0000,0.000,4.920,4.456,1.0000
570.0196,279.0864,-249.4768,0.0000,0.000,5.179,4.309,1.0000
574.9238,276.8067,-253.8188,0.0000,0.000,5.438,4.161,1.0000
579.8436,273.8879,-257.7793,0.0000,0.000,5.566,4.382,1.0000
584.7904,270.3921,-261.2793,0.0000,0.000,5.576,4.936,1.0000
589.7927,266.4131,-264.3109,0.0000,0.000,5.578,5.440,1.0000
594.8632,262.0826,-266.9485,0.0000,0.000,5.476,5.336,1.0000
599.9703,257.5338,-269.2703,0.0000,0.000,5.375,5.232,1.0000
605.0298,252.8687,-271.2287,0.0000,0.000,5.423,4.989,1.0000
609.9468,248.1270,-272.5299,0.0000,0.000,5.638,4.590,1.0000
614.7421,243.3429,-272.8578,0.0000,0.000,5.724,4.393,1.0000
619.5496,238.5966,-272.0933,0.0000,0.000,5.637,4.463,1.0000
624.4491,234.0207,-270.3423,0.0000,0.000,5.551,4.534,1.0000
629.4586,229.7504,-267.7232,0.0000,0.000,5.436,4.579,1.0000
634.5524,225.9136,-264.3726,0.0000,0.000,5.320,4.623,1.0000
639.6626,222.6244,-260.4618,0.0000,0.000,5.260,4.640,1.0000
644.6996,219.9951,-256.1655,0.0000,0.000,5.304,4.606,1.0000
649.6184,218.0892,-251.6310,0.0000,0.000,5.348,4.573,1.0000
654.5037,216.8106,-246.9159,0.0000,0.000,5.293,4.587,1.0000
659.4220,216.0310,-242.0597,0.0000,0.000,5.212,4.612,1.0000
664.3965,215.6224,-237.1021,0.0000,0.000,5.130,4.638,1.0000
669.4189,215.4565,-232.0824,0.0000,0.000,5.054,4.663,1.0000
674.4614,215.4051,-227.0402,0.0000,0.000,4.979,4.687,1.0000
679.4954,215.3674,-222.0063,0.0000,0.000,4.903,4.712,1.0000
684.5177,215.3283,-216.9842,0.0000,0.000,4.827,4.737,1.0000
689.5300,215.2896,-211.9720,0.0000,0.000,4.843,4.793,1.0000
694.5342,215.2528,-206.9680,0.0000,0.000,4.898,4.863,1.0000
699.5321,215.2198,-201.9702,0.0000,0.000,4.953,4.933,1.0000
704.5255,215.1922,-196.9769,0.0000,0.000,5.009,5.002,1.0000
709.5162,215.1716,-191.9862,0.0000,0.000,5.064,5.072,1.0000
714.5061,215.1598,-186.9963,0.0000,0.000,5.119,5.142,1.0000
719.4971,215.1584,-182.0053,0.0000,0.000,5.174,5.212,1.0000
724.4909,215.1691,-177.0115,0.0000,0.000,5.229,5.282,1.0000
729.4895,215.1936,-172.0129,0.0000,0.000,5.284,5.352,1.0000
734.4948,215.2336,-167.0078,0.0000,0.000,5.298,5.394,1.0000
739.5073,215.2843,-161.9956,0.0000,0.000,5.158,5.333,1.0000
744.5236,215.3214,-156.9795,0.0000,0.000,5.018,5.273,1.0000
749.5398,215.3171,-151.9633,0.0000,0.000,4.878,5.212,1.0000
754.5526,215.2434,-146.9510,0.0000,0.000,4.738,5.152,1.0000
759.5600,215.0725,-141.9465,0.0000,0.000,4.598,5.092,1.0000
764.5615,214.7764,-136.9538,0.0000,0.000,4.458,5.031,1.0000
769.5585,214.3283,-131.9769,0.0000,0.000,4.334,5.000,1.0000
774.5506,213.7120,-127.0230,0.0000,0.000,4.259,5.057,1.0000
779.5367,212.9175,-122.1006,0.0000,0.000,4.183,5.114,1.0000
784.5168,211.9352,-117.2184,0.0000,0.000,4.129,5.151,1.0000
789.4920,210.7550,-112.3851,0.0000,0.000,4.245,5.031,1.0000
794.4653,209.3673,-107.6094,0.0000,0.000,4.362,4.911,1.0000
799.4412,207.7663,-102.8981,0.0000,0.000,4.478,4.791,1.0000
804.4275,205.9878,-98.2397,0.0000,0.000,4.594,4.671,1.0000
809.4285,204.0916,-93.6122,0.0000,0.000,4.649,4.621,1.0000
814.4437,202.1376,-88.9932,0.0000,0.000,4.630,4.656,1.0000
819.4706,200.1858,-84.3607,0.0000,0.000,4.611,4.691,1.0000
824.5068,198.2962,-79.6925,0.0000,0.000,4.616,4.717,1.0000
829.5513,196.5175,-74.9720,0.0000,0.000,4.634,4.739,1.0000
834.5899,194.7876,-70.2396,0.0000,0.000,4.652,4.761,1.0000
839.5988,192.9822,-65.5674,0.0000,0.000,4.555,4.851,1.0000
844.5618,190.9760,-61.0280,0.0000,0.000,4.448,4.947,1.0000
849.4835,188.6440,-56.6938,0.0000,0.000,4.341,5.043,1.0000
854.4027,185.8610,-52.6375,0.0000,0.000,4.369,5.006,1.0000
859.3921,182.5170,-48.9346,0.0000,0.000,4.423,4.943,1.0000
864.4439,178.6449,-45.6899,0.0000,0.000,4.472,4.896,1.0000
869.4933,174.3564,-43.0244,0.0000,0.000,4.519,4.853,1.0000
874.4910,169.7632,-41.0549,0.0000,0.000,4.444,4.942,1.0000
879.4480,164.9637,-39.8153,0.0000,0.000,4.306,5.097,1.0000
884.3984,160.0441,-39.2642,0.0000,0.000,4.296,5.091,1.0000
889.3540,155.0893,-39.3565,0.0000,0.000,4.380,4.967,1.0000
894.3322,150.1512,-39.9874,0.0000,0.000,4.465,4.843,1.0000
899.3476,145.2314,-40.9617,0.0000,0.000,4.489,4.828,1.0000
904.3771,140.3270,-42.0766,0.0000,0.000,4.508,4.822,1.0000
909.3927,135.4354,-43.1849,0.0000,0.000,4.527,4.816,1.0000
914.3963,130.5537,-44.2826,0.0000,0.000,4.546,4.810,1.0000
919.3951,125.6788,-45.3886,0.0000,0.000,4.565,4.804,1.0000
924.3934,120.8085,-46.5129,0.0000,0.000,4.584,4.798,1.0000
929.3919,115.9416,-47.6522,0.0000,0.000,4.602,4.792,1.0000
934.3907,111.0770,-48.8025,0.0000,0.000,4.621,4.787,1.0000
939.3900,106.2134,-49.9594,0.0000,0.000,4.640,4.781,1.0000
944.3900,101.3497,-51.1187,0.0000,0.000,4.659,4.775,1.0000
949.3908,96.4847,-52.2763,0.0000,0.000,4.677,4.762,1.0000
954.3925,91.6173,-53.4277,0.0000,0.000,4.692,4.718,1.0000
959.3954,86.7463,-54.5689,0.0000,0.000,4.706,4.674,1.0000
964.3995,81.8707,-55.6956,0.0000,0.000,4.721,4.630,1.0000
969.4053,76.9891,-56.8035,0.0000,0.000,4.735,4.586,1.0000
974.4129,72.1004,-57.8884,0.0000,0.000,4.750,4.542,1.0000
979.4226,67.2037,-58.9464,0.0000,0.000,4.764,4.498,1.0000
984.4338,62.3017,-59.9867,0.0000,0.000,4.779,4.454,1.0000
989.4437,57.4031,-61.0371,0.0000,0.000,4.793,4.410,1.0000
994.4499,52.5170,-62.1272,0.0000,0.000,4.754,4.408,1.0000
999.4507,47.6524,-63.2864,0.0000,0.000,4.579,4.511,1.0000
1004.4457,42.8184,-64.5441,0.0000,0.000,4.405,4.614,1.0000
1009.4363,38.0240,-65.9298,0.0000,0.000,4.230,4.718,1.0000
1014.4262,33.2762,-67.4652,0.0000,0.000,4.241,4.790,1.0000
1019.4190,28.5723,-69.1389,0.0000,0.000,4.306,4.853,1.0000
1024.4163,23.9070,-70.9302,0.0000,0.000,4.371,4.916,1.0000
1029.4181,19.2753,-72.8184,0.0000,0.000,4.367,4.882,1.0000
1034.4232,14.6719,-74.7829,0.0000,0.000,4.354,4.835,1.0000
1039.4293,10.0915,-76.8030,0.0000,0.000,4.342,4.788,1.0000
1044.4339,5.5294,-78.8607,0.0000,0.000,4.329,4.741,1.0000
1049.4370,0.9832,-80.9494,0.0000,0.000,4.316,4.694,1.0000
1054.4389,-3.5490,-83.0655,0.0000,0.000,4.303,4.647,1.0000
1059.4402,-8.0693,-85.2055,0.0000,0.000,4.291,4.600,1.0000
1064.4410,-12.5795,-87.3657,0.0000,0.000,4.278,4.553,1.0000
1069.4417,-17.0815,-89.5426,0.0000,0.000,4.265,4.506,1.0000
1074.4425,-21.5773,-91.7325,0.0000,0.000,4.273,4.510,1.0000
1079.4437,-26.0688,-93.9320,0.0000,0.000,4.281,4.515,1.0000
1084.4453,-30.5579,-96.1374,0.0000,0.000,4.288,4.519,1.0000
1089.4475,-35.0466,-98.3451,0.0000,0.000,4.296,4.523,1.0000
1094.4504,-39.5367,-100.5516,0.0000,0.000,4.304,4.527,1.0000
1099.4543,-44.0302,-102.7533,0.0000,0.000,4.312,4.531,1.0000
1104.4592,-48.5288,-104.9469,0.0000,0.000,4.320,4.535,1.0000
1109.4650,-53.0311,-107.1350,0.0000,0.000,4.327,4.540,1.0000
1114.4712,-57.5330,-109.3246,0.0000,0.000,4.335,4.544,1.0000
1119.4773,-62.0307,-111.5227,0.0000,0.000,4.343,4.548,1.0000
1124.4829,-66.5200,-113.7366,0.0000,0.000,4.351,4.552,1.0000
1129.4875,-70.9970,-115.9734,0.0000,0.000,4.358,4.556,1.0000
1134.4911,-75.4577,-118.2402,0.0000,0.000,4.366,4.560,1.0000
1139.4936,-79.8980,-120.5441,0.0000,0.000,4.371,4.567,1.0000
1144.4950,-84.3140,-122.8923,0.0000,0.000,4.348,4.598,1.0000
1149.4959,-88.7015,-125.2919,0.0000,0.000,4.324,4.628,1.0000
1154.4969,-93.0567,-127.7500,0.0000,0.000,4.301,4.659,1.0000
1159.4990,-97.3755,-130.2738,0.0000,0.000,4.277,4.689,1.0000
1164.5036,-101.6538,-132.8704,0.0000,0.000,4.253,4.720,1.0000
1169.5085,-105.8783,-135.5541,0.0000,0.000,4.223,4.770,1.0000
1174.5046,-110.0155,-138.3549,0.0000,0.000,4.168,4.897,1.0000
1179.4856,-114.0289,-141.3049,0.0000,0.000,4.113,5.024,1.0000
1184.4508,-117.8823,-144.4361,0.0000,0.000,4.058,5.150,1.0000
1189.4065,-121.5393,-147.7806,0.0000,0.000,4.168,5.005,1.0000
1194.3677,-124.9637,-151.3704,0.0000,0.000,4.338,4.762,1.0000
1199.3528,-128.1362,-155.2158,0.0000,0.000,4.508,4.520,1.0000
1204.3683,-131.0733,-159.2813,0.0000,0.000,4.582,4.444,1.0000
1209.4111,-133.7966,-163.5255,0.0000,0.000,4.536,4.580,1.0000
1214.4708,-136.3274,-167.9068,0.0000,0.000,4.489,4.717,1.0000
1219.5314,-138.6871,-172.3836,0.0000,0.000,4.408,4.822,1.0000
1224.5726,-140.8967,-176.9147,0.0000,0.000,4.238,4.846,1.0000
1229.5619,-142.9006,-181.4839,0.0000,0.000,4.067,4.871,1.0000
1234.4686,-144.4833,-186.1284,0.0000,0.000,4.052,4.951,1.0000
1239.3210,-145.4088,-190.8917,0.0000,0.000,4.064,5.040,1.0000
1244.2283,-145.5354,-195.7974,0.0000,0.000,4.120,5.154,1.0000
1249.2475,-145.0662,-200.7946,0.0000,0.000,4.427,5.407,1.0000
1254.3291,-144.2832,-205.8155,0.0000,0.000,4.734,5.659,1.0000
1259.3824,-143.4225,-210.7950,0.0000,0.000,5.041,5.912,1.0000
1264.3765,-142.4168,-215.6868,0.0000,0.000,5.348,6.165,1.0000
1269.3266,-141.0761,-220.4519,0.0000,0.000,5.655,6.418,1.0000
1274.2851,-139.2220,-225.0506,0.0000,0.000,5.543,6.349,1.0000
1279.2792,-136.8276,-229.4333,0.0000,0.000,5.391,6.174,1.0000
1284.2848,-133.9701,-233.5431,0.0000,0.000,5.302,5.465,1.0000
1289.2716,-130.7252,-237.3298,0.0000,0.000,5.214,4.755,1.0000
1294.2471,-127.1460,-240.7859,0.0000,0.000,4.840,4.749,1.0000
1299.2269,-123.2765,-243.9205,0.0000,0.000,4.432,4.831,1.0000
1304.2173,-119.1608,-246.7427,0.0000,0.000,4.245,4.972,1.0000
1309.2163,-114.8428,-249.2616,0.0000,0.000,4.059,5.112,1.0000
1314.2149,-110.3666,-251.4865,0.0000,0.000,4.146,4.876,1.0000
1319.2024,-105.7737,-253.4310,0.0000,0.000,4.281,4.574,1.0000
1324.1871,-101.0901,-255.1371,0.0000,0.000,4.362,4.370,1.0000
1329.1788,-96.3357,-256.6576,0.0000,0.000,4.342,4.354,1.0000
1334.1803,-91.5305,-258.0452,0.0000,0.000,4.322,4.338,1.0000
1339.1899,-86.6946,-259.3527,0.0000,0.000,4.302,4.322,1.0000
1344.2029,-81.8478,-260.6329,0.0000,0.000,4.282,4.306,1.0000
1349.2142,-77.0079,-261.9322,0.0000,0.000,4.262,4.291,1.0000
1354.2228,-72.1784,-263.2599,0.0000,0.000,4.242,4.275,1.0000
1359.2293,-67.3578,-264.6111,0.0000,0.000,4.222,4.259,1.0000
1364.2339,-62.5442,-265.9811,0.0000,0.000,4.201,4.243,1.0000
1369.2372,-57.7362,-267.3651,0.0000,0.000,4.181,4.227,1.0000
1374.2393,-52.9320,-268.7582,0.0000,0.000,4.161,4.211,1.0000
1379.2405,-48.1300,-270.1557,0.0000,0.000,4.141,4.195,1.0000
1384.2411,-43.3286,-271.5527,0.0000,0.000,4.121,4.179,1.0000
1389.2413,-38.5259,-272.9445,0.0000,0.000,4.101,4.163,1.0000
1394.2414,-33.7206,-274.3262,0.0000,0.000,4.081,4.147,1.0000
1399.2416,-28.9107,-275.6931,0.0000,0.000,4.061,4.131,1.0000
1404.2424,-24.0948,-277.0403,0.0000,0.000,4.058,4.103,1.0000
1409.2442,-19.2712,-278.3632,0.0000,0.000,4.056,4.074,1.0000
1414.2470,-14.4398,-279.6615,0.0000,0.000,4.055,4.045,1.0000
1419.2509,-9.6019,-280.9395,0.0000,0.000,4.054,4.015,1.0000
1424.2555,-4.7590,-282.2018,0.0000,0.000,4.053,3.986,1.0000
1429.2607,0.0874,-283.4527,0.0000,0.000,4.052,3.956,1.0000
1434.2662,4.9358,-284.6968,0.0000,0.000,4.051,3.927,1.0000
1439.2717,9.7848,-285.9386,0.0000,0.000,4.050,3.897,1.0000
1444.2769,14.6329,-287.1827,0.0000,0.000,4.049,3.868,1.0000
1449.2815,19.4787,-288.4334,0.0000,0.000,4.048,3.839,1.0000
1454.2853,24.3207,-289.6954,0.0000,0.000,4.047,3.809,1.0000
1459.2879,29.1574,-290.9731,0.0000,0.000,4.046,3.780,1.0000
1464.2892,33.9874,-292.2709,0.0000,0.000,4.045,3.750,1.0000
1469.2891,38.8092,-293.5934,0.0000,0.000,4.044,3.721,1.0000
1474.2880,43.6231,-294.9410,0.0000,0.000,4.043,3.692,1.0000
1479.2871,48.4309,-296.3103,0.0000,0.000,4.042,3.662,1.0000
1484.2872,53.2347,-297.6978,0.0000,0.000,4.009,3.685,1.0000
1489.2893,58.0363,-299.1000,0.0000,0.000,3.954,3.748,1.0000
1494.2944,62.8376,-300.5134,0.0000,0.000,3.899,3.810,1.0000
1499.3033,67.6407,-301.9344,0.0000,0.000,3.843,3.872,1.0000
1504.3148,72.4408,-303.3748,0.0000,0.000,3.788,3.935,1.0000
1509.3229,77.2137,-304.8913,0.0000,0.000,3.760,3.968,1.0000
1514.3235,81.9314,-306.5493,0.0000,0.000,3.912,3.812,1.0000
1519.3192,86.5723,-308.3987,0.0000,0.000,4.063,3.656,1.0000
1524.3162,91.1481,-310.4067,0.0000,0.000,4.132,3.618,1.0000
1529.3154,95.6819,-312.5130,0.0000,0.000,4.110,3.710,1.0000
1534.3149,100.1920,-314.6701,0.0000,0.000,4.085,3.788,1.0000
1539.3143,104.6828,-316.8673,0.0000,0.000,4.054,3.803,1.0000
1544.3142,109.1561,-319.1007,0.0000,0.000,4.024,3.818,1.0000
1549.3147,113.6138,-321.3665,0.0000,0.000,3.993,3.834,1.0000
1554.3160,118.0578,-323.6608,0.0000,0.000,3.962,3.849,1.0000
1559.3180,122.4898,-325.9797,0.0000,0.000,3.931,3.865,1.0000
1564.3208,126.9118,-328.3193,0.0000,0.000,3.900,3.880,1.0000
1569.3242,131.3256,-330.6758,0.0000,0.000,3.871,3.895,1.0000
1574.3282,135.7331,-333.0452,0.0000,0.000,3.864,3.905,1.0000
1579.3325,140.1360,-335.4237,0.0000,0.000,3.858,3.914,1.0000
1584.3370,144.5363,-337.8074,0.0000,0.000,3.852,3.923,1.0000
1589.3414,148.9359,-340.1924,0.0000,0.000,3.846,3.933,1.0000
1594.3456,153.3361,-342.5758,0.0000,0.000,3.839,3.942,1.0000
1599.3496,157.7371,-344.9571,0.0000,0.000,3.833,3.952,1.0000
1604.3534,162.1390,-347.3363,0.0000,0.000,3.827,3.961,1.0000
1609.3569,166.5418,-349.7135,0.0000,0.000,3.821,3.970,1.0000
1614.3603,170.9455,-352.0886,0.0000,0.000,3.815,3.980,1.0000
1619.3635,175.3501,-354.4617,0.0000,0.000,3.808,3.989,1.0000
1624.3665,179.7557,-356.8327,0.0000,0.000,3.802,3.998,1.0000
1629.3695,184.1621,-359.2017,0.0000,0.000,3.796,4.008,1.0000
1634.3722,188.5695,-361.5687,0.0000,0.000,3.790,4.017,1.0000
1639.3749,192.9778,-363.9338,0.0000,0.000,3.783,4.027,1.0000
1644.3775,197.3871,-366.2968,0.0000,0.000,3.777,4.036,1.0000
1649.3799,201.7973,-368.6578,0.0000,0.000,3.771,4.045,1.0000
1654.3824,206.2086,-371.0169,0.0000,0.000,3.765,4.055,1.0000
1659.3847,210.6208,-373.3740,0.0000,0.000,3.759,4.064,1.0000
1664.3870,215.0340,-375.7292,0.0000,0.000,3.752,4.073,1.0000
1669.3894,219.4482,-378.0825,0.0000,0.000,3.746,4.083,1.0000
1674.3917,223.8634,-380.4338,0.0000,0.000,3.740,4.092,1.0000
1679.3940,228.2797,-382.7832,0.0000,0.000,3.734,4.101,1.0000
1684.3963,232.6970,-385.1306,0.0000,0.000,3.727,4.111,1.0000
1689.3986,237.1154,-387.4762,0.0000,0.000,3.721,4.120,1.0000
1694.4011,241.5348,-389.8199,0.0000,0.000,3.715,4.130,1.0000
1699.4035,245.9553,-392.1617,0.0000,0.000,3.709,4.139,1.0000
1704.4061,250.3768,-394.5017,0.0000,0.000,3.730,4.122,1.0000
1709.4088,254.7995,-396.8398,0.0000,0.000,3.771,4.084,1.0000
1714.4115,259.2233,-399.1761,0.0000,0.000,3.812,4.047,1.0000
1719.4144,263.6481,-401.5106,0.0000,0.000,3.853,4.009,1.0000
1724.4174,268.0738,-403.8435,0.0000,0.000,3.894,3.972,1.0000
1729.4205,272.5005,-406.1749,0.0000,0.000,3.936,3.934,1.0000
1734.4236,276.9279,-408.5049,0.0000,0.000,3.977,3.897,1.0000
1739.4268,281.3561,-410.8338,0.0000,0.000,4.018,3.859,1.0000
1744.4301,285.7849,-413.1615,0.0000,0.000,4.059,3.822,1.0000
1749.4334,290.2142,-415.4883,0.0000,0.000,4.100,3.784,1.0000
1754.4367,294.6441,-417.8142,0.0000,0.000,4.142,3.747,1.0000
1759.4401,299.0743,-420.1395,0.0000,0.000,4.174,3.756,1.0000
1764.4435,303.5048,-422.4642,0.0000,0.000,4.194,3.824,1.0000
1769.4468,307.9356,-424.7884,0.0000,0.000,4.214,3.891,1.0000
1774.4502,312.3665,-427.1123,0.0000,0.000,4.234,3.959,1.0000
1779.4536,316.7975,-429.4361,0.0000,0.000,4.255,4.027,1.0000
1784.4569,321.2285,-431.7598,0.0000,0.000,4.275,4.095,1.0000
1789.4601,325.6593,-434.0836,0.0000,0.000,4.295,4.162,1.0000
1794.4633,330.0900,-436.4076,0.0000,0.000,4.315,4.230,1.0000
1799.4665,334.5205,-438.7319,0.0000,0.000,4.336,4.298,1.0000
1804.4696,338.9506,-441.0568,0.0000,0.000,4.356,4.366,1.0000
1809.4725,343.3803,-443.3822,0.0000,0.000,4.376,4.433,1.0000
1814.4754,347.8095,-445.7084,0.0000,0.000,4.397,4.501,1.0000
1819.4782,352.2381,-448.0354,0.0000,0.000,4.417,4.569,1.0000
1824.4808,356.6660,-450.3634,0.0000,0.000,4.437,4.637,1.0000
1829.4833,361.0932,-452.6926,0.0000,0.000,4.457,4.705,1.0000
1834.4857,365.5196,-455.0230,0.0000,0.000,4.478,4.772,1.0000
1839.4879,369.9450,-457.3549,0.0000,0.000,4.498,4.840,1.0000
1844.4900,374.3693,-459.6887,0.0000,0.000,4.521,4.888,1.0000
1849.4920,378.7924,-462.0246,0.0000,0.000,4.561,4.822,1.0000
1854.4940,383.2140,-464.3631,0.0000,0.000,4.600,4.755,1.0000
1859.4959,387.6341,-466.7046,0.0000,0.000,4.640,4.688,1.0000
1864.4977,392.0524,-469.0493,0.0000,0.000,4.680,4.621,1.0000
1869.4996,396.4687,-471.3976,0.0000,0.000,4.720,4.554,1.0000
1874.5016,400.8830,-473.7499,0.0000,0.000,4.759,4.488,1.0000
1879.5036,405.2950,-476.1067,0.0000,0.000,4.799,4.421,1.0000
1884.5057,409.7046,-478.4681,0.0000,0.000,4.827,4.362,1.0000
1889.5079,414.1117,-480.8346,0.0000,0.000,4.789,4.349,1.0000
1894.5103,418.5159,-483.2066,0.0000,0.000,4.752,4.335,1.0000
1899.5129,422.9173,-485.5843,0.0000,0.000,4.714,4.322,1.0000
1904.5157,427.3156,-487.9683,0.0000,0.000,4.676,4.308,1.0000
1909.5188,431.7107,-490.3587,0.0000,0.000,4.638,4.295,1.0000
1914.5223,436.1024,-492.7561,0.0000,0.000,4.601,4.282,1.0000
1919.5260,440.4905,-495.1607,0.0000,0.000,4.563,4.268,1.0000
1924.5302,444.8749,-497.5729,0.0000,0.000,4.525,4.255,1.0000
1929.5348,449.2555,-499.9930,0.0000,0.000,4.487,4.242,1.0000
1934.5399,453.6319,-502.4215,0.0000,0.000,4.450,4.228,1.0000
1939.5455,458.0041,-504.8587,0.0000,0.000,4.412,4.215,1.0000
1944.5518,462.3720,-507.3050,0.0000,0.000,4.374,4.201,1.0000
1949.5586,466.7353,-509.7606,0.0000,0.000,4.336,4.188,1.0000
1954.5662,471.0939,-512.2260,0.0000,0.000,4.299,4.174,1.0000
1959.5736,475.4431,-514.7076,0.0000,0.000,4.278,4.076,1.0000
1964.5763,479.7601,-517.2358,0.0000,0.000,4.258,3.978,1.0000
1969.5707,484.0173,-519.8472,0.0000,0.000,4.237,3.879,1.0000
1974.5556,488.1876,-522.5782,0.0000,0.000,4.212,3.840,1.0000
1979.5341,492.2434,-525.4653,0.0000,0.000,4.182,3.849,1.0000
1984.5144,496.1574,-528.5450,0.0000,0.000,4.153,3.858,1.0000
1989.5109,499.9047,-531.8499,0.0000,0.000,4.197,3.859,1.0000
1994.5300,503.4970,-535.3552,0.0000,0.000,4.259,3.859,1.0000
1999.5617,506.9734,-538.9927,0.0000,0.000,4.320,3.859,1.0000
2004.5876,510.3725,-542.6950,0.0000,0.000,4.382,3.859,1.0000
2009.5943,513.6871,-546.4474,0.0000,0.000,4.407,3.833,1.0000
2014.5818,516.8522,-550.3020,0.0000,0.000,4.418,3.799,1.0000
2019.5602,519.8020,-554.3123,0.0000,0.000,4.429,3.764,1.0000
2024.5391,522.5071,-558.4922,0.0000,0.000,4.440,3.729,1.0000
2029.5219,524.9655,-562.8264,0.0000,0.000,4.427,3.745,1.0000
2034.5105,527.1755,-567.2987,0.0000,0.000,4.404,3.781,1.0000
2039.5055,529.1355,-571.8931,0.0000,0.000,4.381,3.817,1.0000
2044.5068,530.8439,-576.5935,0.0000,0.000,4.340,3.882,1.0000
2049.5133,532.2992,-581.3839,0.0000,0.000,4.288,3.963,1.0000
2054.5235,533.4997,-586.2481,0.0000,0.000,4.236,4.045,1.0000
2059.5353,534.4440,-591.1702,0.0000,0.000,4.219,4.057,1.0000
2064.5464,535.1304,-596.1340,0.0000,0.000,4.228,4.019,1.0000
2069.5540,535.5573,-601.1234,0.0000,0.000,4.236,3.982,1.0000
2074.5558,535.7231,-606.1225,0.0000,0.000,4.278,3.930,1.0000
2079.5494,535.6264,-611.1151,0.0000,0.000,4.338,3.870,1.0000
2084.5356,535.2716,-616.0887,0.0000,0.000,4.398,3.810,1.0000
2089.5208,534.6757,-621.0381,0.0000,0.000,4.383,3.850,1.0000
2094.5091,533.8570,-625.9587,0.0000,0.000,4.327,3.947,1.0000
2099.5025,532.8340,-630.8463,0.0000,0.000,4.282,4.015,1.0000
2104.5008,531.6250,-635.6962,0.0000,0.000,4.275,3.986,1.0000
2109.5019,530.2484,-640.5040,0.0000,0.000,4.267,3.958,1.0000
2114.5027,528.7234,-645.2667,0.0000,0.000,4.259,3.930,1.0000
2119.5046,527.0736,-649.9886,0.0000,0.000,4.248,3.913,1.0000
2124.5093,525.3245,-654.6777,0.0000,0.000,4.229,3.919,1.0000
2129.5169,523.5016,-659.3417,0.0000,0.000,4.210,3.926,1.0000
2134.5262,521.6304,-663.9884,0.0000,0.000,4.192,3.932,1.0000
2139.5352,519.7364,-668.6255,0.0000,0.000,4.173,3.938,1.0000
2144.5418,517.8425,-673.2601,0.0000,0.000,4.155,3.945,1.0000
2149.5458,515.9544,-677.8942,0.0000,0.000,4.136,3.951,1.0000
2154.5476,514.0710,-682.5279,0.0000,0.000,4.118,3.957,1.0000
2159.5477,512.1913,-687.1612,0.0000,0.000,4.099,3.963,1.0000
2164.5465,510.3145,-691.7944,0.0000,0.000,4.083,3.968,1.0000
2169.5446,508.4393,-696.4273,0.0000,0.000,4.080,3.961,1.0000
2174.5423,506.5650,-701.0603,0.0000,0.000,4.077,3.954,1.0000
2179.5402,504.6904,-705.6932,0.0000,0.000,4.075,3.947,1.0000
2184.5386,502.8146,-710.3264,0.0000,0.000,4.072,3.939,1.0000
2189.5381,500.9365,-714.9597,0.0000,0.000,4.069,3.932,1.0000
2194.5392,499.0552,-719.5934,0.0000,0.000,4.066,3.925,1.0000
2199.5422,497.1696,-724.2275,0.0000,0.000,4.064,3.918,1.0000
2204.5475,495.2790,-728.8620,0.0000,0.000,4.061,3.911,1.0000
2209.5549,493.3828,-733.4965,0.0000,0.000,4.058,3.904,1.0000
2214.5638,491.4810,-738.1303,0.0000,0.000,4.055,3.897,1.0000
2219.5736,489.5734,-742.7627,0.0000,0.000,4.052,3.890,1.0000
2224.5839,487.6599,-747.3932,0.0000,0.000,4.050,3.883,1.0000
2229.5939,485.7403,-752.0209,0.0000,0.000,4.047,3.876,1.0000
2234.6033,483.8146,-756.6454,0.0000,0.000,4.044,3.869,1.0000
2239.6115,481.8825,-761.2659,0.0000,0.000,4.098,3.933,1.0000
2244.6179,479.9440,-765.8817,0.0000,0.000,4.184,4.039,1.0000
2249.6220,477.9988,-770.4923,0.0000,0.000,4.271,4.144,1.0000
2254.6232,476.0470,-775.0969,0.0000,0.000,4.358,4.250,1.0000
2259.6211,474.0882,-779.6949,0.0000,0.000,4.445,4.356,1.0000
2264.6151,472.1225,-784.2858,0.0000,0.000,4.532,4.462,1.0000
2269.6057,470.1504,-788.8702,0.0000,0.000,4.618,4.568,1.0000
2274.5944,468.1734,-793.4504,0.0000,0.000,4.705,4.673,1.0000
2279.5826,466.1931,-798.0287,0.0000,0.000,4.792,4.779,1.0000
2284.5719,464.2109,-802.6074,0.0000,0.000,4.879,4.885,1.0000
2289.5639,462.2283,-807.1888,0.0000,0.000,4.966,4.991,1.0000
2294.5599,460.2469,-811.7751,0.0000,0.000,5.052,5.097,1.0000
2299.5615,458.2681,-816.3687,0.0000,0.000,5.139,5.202,1.0000
2304.5703,456.2935,-820.9718,0.0000,0.000,5.226,5.308,1.0000
2309.5878,454.3246,-825.5868,0.0000,0.000,5.313,5.414,1.0000
2314.6155,452.3628,-830.2159,0.0000,0.000,5.400,5.520,1.0000
2319.6549,450.4097,-834.8615,0.0000,0.000,5.486,5.626,1.0000
2324.7070,448.4649,-839.5243,0.0000,0.000,5.573,5.732,1.0000
2329.7565,446.4851,-844.1694,0.0000,0.000,5.656,5.817,1.0000
2334.7739,444.3820,-848.7248,0.0000,0.000,5.678,5.610,1.0000
2339.7395,442.0655,-853.1170,0.0000,0.000,5.700,5.403,1.0000
2344.6518,439.4454,-857.2722,0.0000,0.000,5.838,5.265,1.0000
2349.5369,436.4316,-861.1169,0.0000,0.000,5.905,5.205,1.0000
2354.4572,432.9340,-864.5774,0.0000,0.000,5.648,5.420,1.0000
2359.4731,428.9128,-867.5757,0.0000,0.000,5.534,5.479,1.0000
2364.5362,424.4788,-870.0199,0.0000,0.000,5.819,5.101,1.0000
2369.5754,419.7706,-871.8161,0.0000,0.000,5.764,5.284,1.0000
2374.5543,414.9149,-872.9170,0.0000,0.000,5.660,5.537,1.0000
2379.5312,409.9753,-873.5255,0.0000,0.000,5.639,5.541,1.0000
2384.5280,404.9947,-873.9263,0.0000,0.000,5.618,5.546,1.0000
2389.5332,400.0064,-874.3379,0.0000,0.000,5.597,5.550,1.0000
2394.5426,395.0171,-874.7868,0.0000,0.000,5.575,5.555,1.0000
2399.5537,390.0289,-875.2654,0.0000,0.000,5.554,5.559,1.0000
2404.5640,385.0437,-875.7661,0.0000,0.000,5.557,5.577,1.0000
2409.5710,380.0633,-876.2811,0.0000,0.000,5.596,5.617,1.0000
2414.5718,375.0897,-876.8028,0.0000,0.000,5.636,5.657,1.0000
2419.5654,370.1236,-877.3259,0.0000,0.000,5.675,5.697,1.0000
2424.5550,365.1618,-877.8515,0.0000,0.000,5.714,5.737,1.0000
2429.5444,360.2006,-878.3820,0.0000,0.000,5.740,5.741,1.0000
2434.5377,355.2363,-878.9195,0.0000,0.000,5.747,5.695,1.0000
2439.5389,350.2652,-879.4664,0.0000,0.000,5.755,5.649,1.0000
2444.5518,345.2835,-880.0250,0.0000,0.000,5.762,5.604,1.0000
2449.5767,340.2898,-880.5845,0.0000,0.000,5.769,5.558,1.0000
2454.6040,335.2889,-881.0983,0.0000,0.000,5.777,5.512,1.0000
2459.6233,330.2868,-881.5137,0.0000,0.000,5.782,5.476,1.0000
2464.6276,325.2895,-881.7776,0.0000,0.000,5.779,5.476,1.0000
2469.6146,320.3028,-881.8374,0.0000,0.000,5.776,5.476,1.0000
2474.5885,315.3328,-881.6402,0.0000,0.000,5.773,5.476,1.0000
2479.5606,310.3862,-881.1369,0.0000,0.000,5.881,5.355,1.0000
2484.5371,305.4784,-880.3134,0.0000,0.000,6.086,5.126,1.0000
2489.5185,300.6290,-879.1745,0.0000,0.000,6.075,4.993,1.0000
2494.5054,295.8565,-877.7277,0.0000,0.000,5.862,4.949,1.0000
2499.5033,291.1554,-876.0310,0.0000,0.000,5.649,4.906,1.0000
2504.5121,286.4980,-874.1878,0.0000,0.000,5.436,4.863,1.0000
2509.5229,281.8580,-872.2964,0.0000,0.000,5.223,4.820,1.0000
2514.5317,277.2249,-870.3930,0.0000,0.000,5.010,4.777,1.0000
2519.5387,272.5971,-868.4815,0.0000,0.000,4.802,4.732,1.0000
2524.5442,267.9729,-866.5652,0.0000,0.000,4.691,4.660,1.0000
2529.5484,263.3507,-864.6476,0.0000,0.000,4.581,4.588,1.0000
2534.5515,258.7289,-862.7321,0.0000,0.000,4.470,4.516,1.0000
2539.5537,254.1057,-860.8222,0.0000,0.000,4.360,4.444,1.0000
2544.5552,249.4795,-858.9214,0.0000,0.000,4.249,4.372,1.0000
2549.5562,244.8486,-857.0331,0.0000,0.000,4.139,4.300,1.0000
2554.5571,240.2115,-855.1607,0.0000,0.000,4.028,4.228,1.0000
2559.5581,235.5665,-853.3077,0.0000,0.000,3.918,4.156,1.0000
2564.5596,230.9118,-851.4775,0.0000,0.000,3.807,4.083,1.0000
2569.5620,226.2467,-849.6719,0.0000,0.000,3.697,4.011,1.0000
2574.5649,221.5767,-847.8771,0.0000,0.000,3.757,3.985,1.0000
2579.5679,216.9109,-846.0718,0.0000,0.000,3.831,3.962,1.0000
2584.5702,212.2581,-844.2346,0.0000,0.000,3.904,3.940,1.0000
2589.5719,207.6275,-842.3442,0.0000,0.000,3.977,3.917,1.0000
2594.5738,203.0278,-840.3789,0.0000,0.000,4.099,3.816,1.0000
2599.5776,198.4683,-838.3176,0.0000,0.000,4.222,3.714,1.0000
2604.5834,193.9593,-836.1436,0.0000,0.000,4.345,3.611,1.0000
2609.5874,189.5133,-833.8473,0.0000,0.000,4.468,3.509,1.0000
2614.5868,185.1430,-831.4193,0.0000,0.000,4.429,3.551,1.0000
2619.5801,180.8611,-828.8506,0.0000,0.000,4.221,3.745,1.0000
2624.5671,176.6803,-826.1318,0.0000,0.000,4.012,3.939,1.0000
2629.5495,172.6132,-823.2540,0.0000,0.000,3.820,4.122,1.0000
2634.5310,168.6643,-820.2171,0.0000,0.000,4.041,4.017,1.0000
2639.5164,164.8275,-817.0340,0.0000,0.000,4.263,3.913,1.0000
2644.5085,161.0957,-813.7181,0.0000,0.000,4.484,3.809,1.0000
2649.5089,157.4617,-810.2832,0.0000,0.000,4.596,3.758,1.0000
2654.5177,153.9185,-806.7429,0.0000,0.000,4.417,3.849,1.0000
2659.5337,150.4589,-803.1109,0.0000,0.000,4.239,3.940,1.0000
2664.5546,147.0760,-799.4008,0.0000,0.000,4.061,4.030,1.0000
2669.5772,143.7625,-795.6262,0.0000,0.000,3.959,4.078,1.0000
2674.5974,140.5115,-791.8009,0.0000,0.000,3.961,4.067,1.0000
2679.6106,137.3157,-787.9383,0.0000,0.000,3.962,4.057,1.0000
2684.6114,134.1682,-784.0523,0.0000,0.000,3.964,4.046,1.0000
2689.5943,131.0617,-780.1563,0.0000,0.000,3.958,4.052,1.0000
2694.5605,127.9832,-776.2594,0.0000,0.000,3.952,4.061,1.0000
2699.5207,124.9123,-772.3642,0.0000,0.000,3.945,4.071,1.0000
2704.4861,121.8277,-768.4731,0.0000,0.000,3.938,4.081,1.0000
2709.4681,118.7084,-764.5884,0.0000,0.000,3.931,4.090,1.0000
2714.4785,115.5332,-760.7126,0.0000,0.000,3.925,4.100,1.0000
2719.5296,112.2809,-756.8479,0.0000,0.000,3.918,4.109,1.0000
2724.6240,108.9554,-752.9885,0.0000,0.000,3.911,4.119,1.0000
2729.7226,105.6627,-749.0958,0.0000,0.000,3.904,4.129,1.0000
2734.7795,102.5349,-745.1222,0.0000,0.000,3.898,4.138,1.0000
2739.7632,99.7042,-741.0205,0.0000,0.000,4.070,3.970,1.0000
2744.6684,97.3028,-736.7432,0.0000,0.000,4.335,3.710,1.0000
2749.5300,95.4630,-732.2432,0.0000,0.000,4.563,3.513,1.0000
2754.4227,94.2763,-727.4966,0.0000,0.000,4.694,3.482,1.0000
2759.3825,93.6728,-722.5737,0.0000,0.000,4.551,3.692,1.0000
2764.3901,93.5426,-717.5677,0.0000,0.000,4.142,4.138,1.0000
2769.4005,93.7719,-712.5627,0.0000,0.000,3.897,4.394,1.0000
2774.4092,94.2171,-707.5738,0.0000,0.000,3.947,4.308,1.0000
2779.4218,94.7219,-702.5866,0.0000,0.000,3.997,4.223,1.0000
2784.4378,95.1641,-697.5902,0.0000,0.000,4.046,4.137,1.0000
2789.4552,95.5539,-692.5879,0.0000,0.000,4.096,4.051,1.0000
2794.4709,95.9328,-687.5866,0.0000,0.000,4.146,3.965,1.0000
2799.4811,96.3425,-682.5931,0.0000,0.000,4.196,3.879,1.0000
2804.4832,96.8248,-677.6143,0.0000,0.000,4.246,3.793,1.0000
2809.4763,97.4212,-672.6570,0.0000,0.000,4.262,3.787,1.0000
2814.4626,98.1634,-667.7262,0.0000,0.000,4.260,3.827,1.0000
2819.4467,99.0452,-662.8208,0.0000,0.000,4.258,3.867,1.0000
2824.4320,100.0511,-657.9380,0.0000,0.000,4.194,3.894,1.0000
2829.4211,101.1661,-653.0750,0.0000,0.000,4.128,3.921,1.0000
2834.4155,102.3748,-648.2292,0.0000,0.000,4.061,3.947,1.0000
2839.4155,103.6619,-643.3977,0.0000,0.000,3.994,3.973,1.0000
2844.4210,105.0124,-638.5778,0.0000,0.000,3.928,4.000,1.0000
2849.4311,106.4108,-633.7668,0.0000,0.000,3.897,4.016,1.0000
2854.4447,107.8420,-628.9619,0.0000,0.000,3.887,4.027,1.0000
2859.4600,109.2907,-624.1603,0.0000,0.000,3.877,4.039,1.0000
2864.4755,110.7417,-619.3593,0.0000,0.000,3.866,4.050,1.0000
2869.4892,112.1798,-614.5562,0.0000,0.000,3.856,4.061,1.0000
2874.4997,113.5904,-609.7484,0.0000,0.000,3.846,4.072,1.0000
2879.5068,114.9703,-604.9352,0.0000,0.000,3.835,4.083,1.0000
2884.5110,116.3237,-600.1175,0.0000,0.000,3.825,4.094,1.0000
2889.5129,117.6553,-595.2961,0.0000,0.000,3.814,4.105,1.0000
2894.5129,118.9694,-590.4719,0.0000,0.000,3.804,4.116,1.0000
2899.5114,120.2707,-585.6457,0.0000,0.000,3.794,4.127,1.0000
2904.5089,121.5636,-580.8184,0.0000,0.000,3.817,4.102,1.0000
2909.5057,122.8527,-575.9907,0.0000,0.000,3.858,4.059,1.0000
2914.5021,124.1425,-571.1637,0.0000,0.000,3.898,4.015,1.0000
2919.4986,125.4375,-566.3380,0.0000,0.000,3.938,3.972,1.0000
2924.4954,126.7422,-561.5145,0.0000,0.000,3.978,3.929,1.0000
2929.4929,128.0611,-556.6941,0.0000,0.000,4.019,3.885,1.0000
2934.4917,129.3975,-551.8773,0.0000,0.000,4.059,3.842,1.0000
2939.4924,130.7401,-547.0602,0.0000,0.000,4.099,3.799,1.0000
2944.4958,132.0672,-542.2360,0.0000,0.000,4.076,3.787,1.0000
2949.5030,133.3571,-537.3978,0.0000,0.000,3.917,3.843,1.0000
2954.5154,134.5882,-532.5389,0.0000,0.000,3.757,3.899,1.0000
2959.5356,135.7387,-527.6523,0.0000,0.000,3.598,3.955,1.0000
2964.5670,136.7867,-522.7313,0.0000,0.000,3.439,4.011,1.0000
2969.5972,137.6779,-517.7806,0.0000,0.000,3.363,4.101,1.0000
2974.5891,138.2963,-512.8272,0.0000,0.000,3.378,4.227,1.0000
2979.5208,138.5191,-507.9006,0.0000,0.000,3.393,4.354,1.0000
2984.4003,138.2231,-503.0300,0.0000,0.000,3.525,4.158,1.0000
2989.2763,137.2856,-498.2451,0.0000,0.000,3.662,3.953,1.0000
2994.2460,135.5842,-493.5756,0.0000,0.000,3.769,4.007,1.0000
2999.3668,133.0846,-489.1063,0.0000,0.000,3.874,4.087,1.0000
3004.5362,129.9144,-485.0231,0.0000,0.000,3.980,4.117,1.0000
3009.6263,126.2190,-481.5227,0.0000,0.000,4.086,4.139,1.0000
3014.5830,122.1390,-478.7081,0.0000,0.000,3.779,4.398,1.0000
3019.5055,117.8004,-476.3826,0.0000,0.000,3.397,4.693,1.0000
3024.4444,113.3262,-474.2912,0.0000,0.000,3.640,4.503,1.0000
3029.4044,108.8000,-472.2624,0.0000,0.000,3.884,4.313,1.0000
3034.3823,104.2368,-470.2735,0.0000,0.000,4.128,4.123,1.0000
3039.3743,99.6439,-468.3176,0.0000,0.000,4.275,4.000,1.0000
3044.3765,95.0290,-466.3875,0.0000,0.000,4.235,4.007,1.0000
3049.3850,90.3995,-464.4763,0.0000,0.000,4.196,4.014,1.0000
3054.3956,85.7630,-462.5768,0.0000,0.000,4.157,4.020,1.0000
3059.4054,81.1244,-460.6842,0.0000,0.000,4.118,4.027,1.0000
3064.4143,76.4842,-458.7978,0.0000,0.000,4.079,4.033,1.0000
3069.4224,71.8427,-456.9172,0.0000,0.000,4.039,4.040,1.0000
3074.4296,67.1999,-455.0420,0.0000,0.000,4.000,4.046,1.0000
3079.4361,62.5558,-453.1717,0.0000,0.000,3.961,4.053,1.0000
3084.4419,57.9107,-451.3060,0.0000,0.000,3.922,4.059,1.0000
3089.4471,53.2646,-449.4445,0.0000,0.000,3.883,4.066,1.0000
3094.4517,48.6176,-447.5867,0.0000,0.000,3.862,4.066,1.0000
3099.4557,43.9698,-445.7324,0.0000,0.000,3.872,4.056,1.0000
3104.4592,39.3214,-443.8810,0.0000,0.000,3.882,4.047,1.0000
3109.4624,34.6724,-442.0321,0.0000,0.000,3.892,4.037,1.0000
3114.4651,30.0230,-440.1855,0.0000,0.000,3.901,4.027,1.0000
3119.4675,25.3732,-438.3406,0.0000,0.000,3.911,4.018,1.0000
3124.4696,20.7232,-436.4971,0.0000,0.000,3.921,4.008,1.0000
3129.4714,16.0731,-434.6545,0.0000,0.000,3.931,3.998,1.0000
3134.4731,11.4230,-432.8126,0.0000,0.000,3.940,3.988,1.0000
3139.4746,6.7729,-430.9708,0.0000,0.000,3.950,3.979,1.0000
3144.4760,2.1231,-429.1288,0.0000,0.000,3.960,3.969,1.0000
3149.4774,-2.5265,-427.2862,0.0000,0.000,3.969,3.959,1.0000
3154.4787,-7.1756,-425.4425,0.0000,0.000,3.979,3.950,1.0000
3159.4801,-11.8243,-423.5975,0.0000,0.000,3.989,3.940,1.0000
3164.4816,-16.4723,-421.7506,0.0000,0.000,3.999,3.930,1.0000
3169.4833,-21.1195,-419.9015,0.0000,0.000,4.008,3.921,1.0000
3174.4851,-25.7660,-418.0498,0.0000,0.000,4.018,3.911,1.0000
3179.4871,-30.4115,-416.1951,0.0000,0.000,4.028,3.901,1.0000
3184.4894,-35.0561,-414.3376,0.0000,0.000,4.038,3.891,1.0000
3189.4919,-39.6998,-412.4773,0.0000,0.000,4.047,3.882,1.0000
3194.4946,-44.3428,-410.6144,0.0000,0.000,4.057,3.872,1.0000
3199.4975,-48.9849,-408.7492,0.0000,0.000,4.067,3.862,1.0000
3204.5005,-53.6264,-406.8818,0.0000,0.000,4.068,3.859,1.0000
3209.5037,-58.2672,-405.0123,0.0000,0.000,4.057,3.864,1.0000
3214.5071,-62.9074,-403.1410,0.0000,0.000,4.045,3.869,1.0000
3219.5105,-67.5470,-401.2680,0.0000,0.000,4.033,3.874,1.0000
3224.5140,-72.1861,-399.3934,0.0000,0.000,4.022,3.879,1.0000
3229.5176,-76.8248,-397.5175,0.0000,0.000,4.010,3.885,1.0000
3234.5213,-81.4630,-395.6404,0.0000,0.000,3.999,3.890,1.0000
3239.5250,-86.1009,-393.7623,0.0000,0.000,3.987,3.895,1.0000
3244.5288,-90.7385,-391.8834,0.0000,0.000,3.975,3.900,1.0000
3249.5325,-95.3758,-390.0038,0.0000,0.000,3.964,3.905,1.0000
3254.5363,-100.0128,-388.1237,0.0000,0.000,3.952,3.911,1.0000
3259.5400,-104.6498,-386.2432,0.0000,0.000,3.941,3.916,1.0000
3264.5436,-109.2866,-384.3626,0.0000,0.000,3.929,3.921,1.0000
3269.5472,-113.9233,-382.4820,0.0000,0.000,3.917,3.926,1.0000
3274.5507,-118.5600,-380.6016,0.0000,0.000,3.906,3.931,1.0000
3279.5541,-123.1968,-378.7216,0.0000,0.000,3.894,3.937,1.0000
3284.5574,-127.8336,-376.8421,0.0000,0.000,3.883,3.942,1.0000
3289.5605,-132.4706,-374.9632,0.0000,0.000,3.871,3.947,1.0000
3294.5635,-137.1077,-373.0853,0.0000,0.000,3.859,3.952,1.0000
3299.5663,-141.7451,-371.2084,0.0000,0.000,3.848,3.957,1.0000
3304.5690,-146.3827,-369.3326,0.0000,0.000,3.836,3.963,1.0000
3309.5715,-151.0207,-367.4579,0.0000,0.000,3.825,3.968,1.0000
3314.5738,-155.6589,-365.5843,0.0000,0.000,3.817,3.976,1.0000
3319.5761,-160.2974,-363.7117,0.0000,0.000,3.856,4.020,1.0000
3324.5782,-164.9363,-361.8403,0.0000,0.000,3.895,4.064,1.0000
3329.5803,-169.5756,-359.9698,0.0000,0.000,3.934,4.108,1.0000
3334.5824,-174.2152,-358.1005,0.0000,0.000,3.972,4.152,1.0000
3339.5844,-178.8552,-356.2321,0.0000,0.000,4.011,4.196,1.0000
3344.5864,-183.4956,-354.3648,0.0000,0.000,4.050,4.240,1.0000
3349.5885,-188.1364,-352.4985,0.0000,0.000,4.088,4.284,1.0000
3354.5906,-192.7777,-350.6332,0.0000,0.000,4.127,4.328,1.0000
3359.5927,-197.4194,-348.7688,0.0000,0.000,4.166,4.372,1.0000
3364.5950,-202.0622,-346.9065,0.0000,0.000,4.205,4.417,1.0000
3369.5979,-206.7077,-345.0496,0.0000,0.000,4.243,4.461,1.0000
3374.6017,-211.3579,-343.2021,0.0000,0.000,4.282,4.505,1.0000
3379.6068,-216.0148,-341.3679,0.0000,0.000,4.321,4.549,1.0000
3384.6138,-220.6804,-339.5508,0.0000,0.000,4.359,4.593,1.0000
3389.6230,-225.3566,-337.7547,0.0000,0.000,4.398,4.637,1.0000
3394.6332,-230.0372,-335.9676,0.0000,0.000,4.437,4.681,1.0000
3399.6381,-234.6956,-334.1376,0.0000,0.000,4.476,4.725,1.0000
3404.6327,-239.3019,-332.2069,0.0000,0.000,4.673,4.710,1.0000
3409.6164,-243.8265,-330.1176,0.0000,0.000,5.077,4.620,1.0000
3414.5954,-248.2395,-327.8121,0.0000,0.000,5.480,4.529,1.0000
3419.5856,-252.5112,-325.2323,0.0000,0.000,5.757,4.465,1.0000
3424.5945,-256.5974,-322.3354,0.0000,0.000,5.742,4.462,1.0000
3429.5929,-260.4190,-319.1138,0.0000,0.000,5.728,4.458,1.0000
3434.5581,-263.8918,-315.5651,0.0000,0.000,5.713,4.455,1.0000
3439.4933,-266.9575,-311.6976,0.0000,0.000,5.688,4.458,1.0000
3444.4362,-269.6683,-307.5642,0.0000,0.000,5.590,4.505,1.0000
3449.4089,-272.1061,-303.2301,0.0000,0.000,5.493,4.552,1.0000
3454.4116,-274.3446,-298.7562,0.0000,0.000,5.396,4.599,1.0000
3459.4326,-276.3928,-294.1720,0.0000,0.000,5.299,4.646,1.0000
3464.4602,-278.2292,-289.4918,0.0000,0.000,5.227,4.701,1.0000
3469.4845,-279.8321,-284.7300,0.0000,0.000,5.165,4.759,1.0000
3474.4979,-281.1798,-279.9011,0.0000,0.000,5.103,4.817,1.0000
3479.4957,-282.2505,-275.0194,0.0000,0.000,5.111,4.820,1.0000
3484.4771,-283.0261,-270.0988,0.0000,0.000,5.227,4.738,1.0000
3489.4501,-283.5141,-265.1497,0.0000,0.000,5.343,4.655,1.0000
3494.4236,-283.7337,-260.1811,0.0000,0.000,5.459,4.573,1.0000
3499.4030,-283.7045,-255.2018,0.0000,0.000,5.495,4.676,1.0000
3504.3909,-283.4459,-250.2206,0.0000,0.000,5.496,4.862,1.0000
3509.3872,-282.9774,-245.2463,0.0000,0.000,5.499,5.003,1.0000
3514.3898,-282.3194,-240.2872,0.0000,0.000,5.513,4.934,1.0000
3519.3986,-281.4993,-235.3460,0.0000,0.000,5.527,4.866,1.0000
3524.4124,-280.5478,-230.4233,0.0000,0.000,5.541,4.797,1.0000
3529.4276,-279.4957,-225.5196,0.0000,0.000,5.555,4.729,1.0000
3534.4390,-278.3737,-220.6355,0.0000,0.000,5.569,4.661,1.0000
3539.4397,-277.2125,-215.7714,0.0000,0.000,5.582,4.592,1.0000
3544.4239,-276.0328,-210.9288,0.0000,0.000,5.596,4.524,1.0000
3549.3962,-274.7830,-206.1163,0.0000,0.000,5.605,4.512,1.0000
3554.3693,-273.3796,-201.3453,0.0000,0.000,5.603,4.597,1.0000
3559.3627,-271.7442,-196.6272,0.0000,0.000,5.602,4.681,1.0000
3564.3805,-269.8744,-191.9709,0.0000,0.000,5.601,4.766,1.0000
3569.4059,-267.8240,-187.3828,0.0000,0.000,5.600,4.850,1.0000
3574.4165,-265.6481,-182.8692,0.0000,0.000,5.598,4.935,1.0000
3579.4056,-263.3848,-178.4230,0.0000,0.000,5.482,4.852,1.0000
3584.3886,-261.0512,-174.0203,0.0000,0.000,5.362,4.763,1.0000
3589.3812,-258.6629,-169.6360,0.0000,0.000,5.242,4.675,1.0000
3594.3903,-256.2304,-165.2572,0.0000,0.000,5.121,4.586,1.0000
3599.4067,-253.7526,-160.8954,0.0000,0.000,5.001,4.497,1.0000
3604.4193,-251.2269,-156.5656,0.0000,0.000,4.881,4.409,1.0000
3609.4221,-248.6446,-152.2808,0.0000,0.000,4.761,4.320,1.0000
3614.4155,-245.9894,-148.0519,0.0000,0.000,4.749,4.284,1.0000
3619.4014,-243.2447,-143.8895,0.0000,0.000,4.788,4.273,1.0000
3624.3829,-240.3937,-139.8044,0.0000,0.000,4.826,4.262,1.0000
3629.3649,-237.4200,-135.8073,0.0000,0.000,4.865,4.251,1.0000
3634.3537,-234.3071,-131.9088,0.0000,0.000,4.903,4.240,1.0000
3639.3537,-231.0526,-128.1130,0.0000,0.000,4.868,4.320,1.0000
3644.3641,-227.6703,-124.4166,0.0000,0.000,4.831,4.401,1.0000
3649.3824,-224.1751,-120.8156,0.0000,0.000,4.795,4.482,1.0000
3654.4050,-220.5820,-117.3061,0.0000,0.000,4.759,4.563,1.0000
3659.4273,-216.9059,-113.8842,0.0000,0.000,4.814,4.609,1.0000
3664.4436,-213.1614,-110.5462,0.0000,0.000,4.914,4.639,1.0000
3669.4515,-209.3578,-107.2886,0.0000,0.000,5.014,4.668,1.0000
3674.4526,-205.4977,-104.1089,0.0000,0.000,5.097,4.686,1.0000
3679.4486,-201.5833,-101.0044,0.0000,0.000,5.115,4.663,1.0000
3684.4411,-197.6169,-97.9726,0.0000,0.000,5.133,4.641,1.0000
3689.4312,-193.6007,-95.0109,0.0000,0.000,5.150,4.619,1.0000
3694.4202,-189.5370,-92.1166,0.0000,0.000,5.168,4.596,1.0000
3699.4091,-185.4281,-89.2872,0.0000,0.000,5.186,4.574,1.0000
3704.3986,-181.2761,-86.5201,0.0000,0.000,5.204,4.552,1.0000
3709.3895,-177.0834,-83.8127,0.0000,0.000,5.220,4.551,1.0000
3714.3823,-172.8522,-81.1624,0.0000,0.000,5.230,4.620,1.0000
3719.3772,-168.5847,-78.5666,0.0000,0.000,5.239,4.689,1.0000
3724.3747,-164.2832,-76.0227,0.0000,0.000,5.249,4.758,1.0000
3729.3747,-159.9499,-73.5281,0.0000,0.000,5.259,4.827,1.0000
3734.3773,-155.5871,-71.0802,0.0000,0.000,5.268,4.896,1.0000
3739.3823,-151.1971,-68.6765,0.0000,0.000,5.329,5.010,1.0000
3744.3896,-146.7820,-66.3143,0.0000,0.000,5.410,5.142,1.0000
3749.3988,-142.3442,-63.9910,0.0000,0.000,5.490,5.273,1.0000
3754.4094,-137.8859,-61.7041,0.0000,0.000,5.571,5.405,1.0000
3759.4211,-133.4093,-59.4510,0.0000,0.000,5.651,5.536,1.0000
3764.4331,-128.9167,-57.2290,0.0000,0.000,5.732,5.668,1.0000
3769.4450,-124.4103,-55.0356,0.0000,0.000,5.780,5.742,1.0000
3774.4559,-119.8924,-52.8681,0.0000,0.000,5.750,5.677,1.0000
3779.4651,-115.3653,-50.7240,0.0000,0.000,5.719,5.611,1.0000
3784.4718,-110.8311,-48.6008,0.0000,0.000,5.689,5.545,1.0000
3789.4754,-106.2917,-46.4960,0.0000,0.000,5.659,5.480,1.0000
3794.4763,-101.7473,-44.4085,0.0000,0.000,5.628,5.414,1.0000
3799.4750,-97.1978,-42.3375,0.0000,0.000,5.598,5.348,1.0000
3804.4721,-92.6432,-40.2818,0.0000,0.000,5.567,5.282,1.0000
3809.4681,-88.0832,-38.2405,0.0000,0.000,5.545,5.294,1.0000
3814.4635,-83.5179,-36.2126,0.0000,0.000,5.523,5.312,1.0000
3819.4588,-78.9472,-34.1973,0.0000,0.000,5.501,5.331,1.0000
3824.4546,-74.3709,-32.1934,0.0000,0.000,5.479,5.350,1.0000
3829.4513,-69.7890,-30.2001,0.0000,0.000,5.457,5.368,1.0000
3834.4494,-65.2014,-28.2163,0.0000,0.000,5.435,5.387,1.0000
3839.4495,-60.6079,-26.2412,0.0000,0.000,5.414,5.405,1.0000
3844.4520,-56.0086,-24.2737,0.0000,0.000,5.392,5.424,1.0000
3849.4573,-51.4035,-22.3125,0.0000,0.000,5.370,5.443,1.0000
3854.4650,-46.7951,-20.3532,0.0000,0.000,5.348,5.461,1.0000
3859.4740,-42.1872,-18.3892,0.0000,0.000,5.326,5.480,1.0000
3864.4834,-37.5837,-16.4137,0.0000,0.000,5.304,5.499,1.0000
3869.4922,-32.9887,-14.4203,0.0000,0.000,5.282,5.517,1.0000
3874.4995,-28.4060,-12.4024,0.0000,0.000,5.260,5.536,1.0000
3879.5047,-23.8391,-10.3541,0.0000,0.000,5.239,5.554,1.0000
3884.5080,-19.2860,-8.2799,0.0000,0.000,5.217,5.573,1.0000
3889.5098,-14.7417,-6.1901,0.0000,0.000,5.257,5.484,1.0000
3894.5103,-10.2010,-4.0954,0.0000,0.000,5.325,5.348,1.0000
3899.5100,-5.6587,-2.0064,0.0000,0.000,5.394,5.212,1.0000
