# Bahrain International Circuit — TUMFTM racetrack-database (LGPL-3.0), flat 2-D centre line + measured widths; upstream commit e59595d.
s_m,x_m,y_m,z_m,banking_deg,width_left_m,width_right_m,grip_scale
0.0000,-1.4392,-1.5631,0.0000,0.000,6.117,5.989,1.0000
5.0005,-1.2115,3.4322,0.0000,0.000,6.122,5.997,1.0000
10.0010,-0.9840,8.4275,0.0000,0.000,6.127,6.005,1.0000
15.0016,-0.7566,13.4229,0.0000,0.000,6.132,6.013,1.0000
20.0021,-0.5293,18.4183,0.0000,0.000,6.137,6.021,1.0000
25.0026,-0.3021,23.4136,0.0000,0.000,6.142,6.029,1.0000
30.0032,-0.0751,28.4090,0.0000,0.000,6.147,6.037,1.0000
35.0037,0.1519,33.4044,0.0000,0.000,6.152,6.045,1.0000
40.0042,0.3787,38.3998,0.0000,0.000,6.157,6.053,1.0000
45.0048,0.6054,43.3952,0.0000,0.000,6.162,6.061,1.0000
50.0053,0.8320,48.3906,0.0000,0.000,6.167,6.069,1.0000
55.0058,1.0585,53.3860,0.0000,0.000,6.172,6.077,1.0000
60.0064,1.2849,58.3814,0.0000,0.000,6.177,6.085,1.0000
65.0069,1.5113,63.3768,0.0000,0.000,6.182,6.093,1.0000
70.0074,1.7375,68.3722,0.0000,0.000,6.187,6.101,1.0000
75.0080,1.9637,73.3676,0.0000,0.000,6.192,6.109,1.0000
80.0085,2.1898,78.3630,0.0000,0.000,6.197,6.118,1.0000
85.0091,2.4159,83.3585,0.0000,0.000,6.202,6.126,1.0000
90.0096,2.6418,88.3539,0.0000,0.000,6.207,6.134,1.0000
95.0101,2.8678,93.3493,0.0000,0.000,6.212,6.142,1.0000
100.0107,3.0936,98.3448,0.0000,0.000,6.217,6.150,1.0000
105.0112,3.3195,103.3402,0.0000,0.000,6.222,6.158,1.0000
110.0117,3.5453,108.3356,0.0000,0.000,6.227,6.166,1.0000
115.0123,3.7710,113.3311,0.0000,0.000,6.232,6.174,1.0000
120.0128,3.9967,118.3265,0.0000,0.000,6.237,6.182,1.0000
125.0133,4.2224,123.3219,0.0000,0.000,6.242,6.190,1.0000
130.0138,4.4480,128.3174,0.0000,0.000,6.247,6.198,1.0000
135.0144,4.6736,133.3128,0.0000,0.000,6.252,6.206,1.0000
140.0149,4.8992,138.3082,0.0000,0.000,6.257,6.214,1.0000
145.0154,5.1248,143.3036,0.0000,0.000,6.262,6.222,1.0000
150.0159,5.3503,148.2991,0.0000,0.000,6.267,6.230,1.0000
155.0165,5.5759,153.2945,0.0000,0.000,6.272,6.238,1.0000
160.0170,5.8014,158.2899,0.0000,0.000,6.277,6.246,1.0000
165.0175,6.0269,163.2854,0.0000,0.000,6.282,6.254,1.0000
170.0180,6.2524,168.2808,0.0000,0.000,6.287,6.262,1.0000
175.0185,6.4779,173.2762,0.0000,0.000,6.292,6.270,1.0000
180.0190,6.7034,178.2716,0.0000,0.000,6.297,6.278,1.0000
185.0195,6.9290,183.2671,0.0000,0.000,6.302,6.286,1.0000
190.0201,7.1545,188.2625,0.0000,0.000,6.307,6.294,1.0000
195.0206,7.3800,193.2579,0.0000,0.000,6.312,6.302,1.0000
200.0211,7.6056,198.2533,0.0000,0.000,6.317,6.310,1.0000
205.0216,7.8311,203.2488,0.0000,0.000,6.322,6.318,1.0000
210.0221,8.0567,208.2442,0.0000,0.000,6.327,6.326,1.0000
215.0226,8.2824,213.2396,0.0000,0.000,6.332,6.334,1.0000
220.0231,8.5080,218.2350,0.0000,0.000,6.337,6.342,1.0000
225.0236,8.7337,223.2304,0.0000,0.000,6.342,6.350,1.0000
230.0241,8.9594,228.2258,0.0000,0.000,6.347,6.358,1.0000
235.0246,9.1852,233.2212,0.0000,0.000,6.352,6.366,1.0000
240.0251,9.4109,238.2166,0.0000,0.000,6.357,6.374,1.0000
245.0256,9.6368,243.2120,0.0000,0.000,6.362,6.382,1.0000
250.0261,9.8627,248.2074,0.0000,0.000,6.367,6.390,1.0000
255.0266,10.0886,253.2028,0.0000,0.000,6.372,6.398,1.0000
260.0271,10.3146,258.1982,0.0000,0.000,6.377,6.406,1.0000
265.0276,10.5407,263.1936,0.0000,0.000,6.382,6.414,1.0000
270.0281,10.7668,268.1890,0.0000,0.000,6.387,6.422,1.0000
275.0286,10.9930,273.1843,0.0000,0.000,6.392,6.430,1.0000
280.0291,11.2192,278.1797,0.0000,0.000,6.397,6.438,1.0000
285.0296,11.4455,283.1751,0.0000,0.000,6.402,6.446,1.0000
290.0301,11.6719,288.1704,0.0000,0.000,6.407,6.454,1.0000
295.0306,11.8984,293.1658,0.0000,0.000,6.412,6.462,1.0000
300.0311,12.1250,298.1612,0.0000,0.000,6.417,6.470,1.0000
305.0316,12.3516,303.1565,0.0000,0.000,6.422,6.478,1.0000
310.0320,12.5784,308.1519,0.0000,0.000,6.427,6.486,1.0000
315.0325,12.8052,313.1472,0.0000,0.000,6.432,6.494,1.0000
320.0330,13.0321,318.1425,0.0000,0.000,6.437,6.502,1.0000
325.0335,13.2591,323.1379,0.0000,0.000,6.442,6.510,1.0000
330.0340,13.4862,328.1332,0.0000,0.000,6.447,6.518,1.0000
335.0345,13.7135,333.1285,0.0000,0.000,6.452,6.526,1.0000
340.0350,13.9408,338.1238,0.0000,0.000,6.457,6.534,1.0000
345.0355,14.1683,343.1191,0.0000,0.000,6.462,6.542,1.0000
350.0359,14.3958,348.1145,0.0000,0.000,6.467,6.550,1.0000
355.0364,14.6235,353.1098,0.0000,0.000,6.472,6.559,1.0000
360.0369,14.8513,358.1050,0.0000,0.000,6.477,6.567,1.0000
365.0374,15.0792,363.1003,0.0000,0.000,6.482,6.575,1.0000
370.0379,15.3073,368.0956,0.0000,0.000,6.487,6.583,1.0000
375.0384,15.5355,373.0909,0.0000,0.000,6.492,6.591,1.0000
380.0388,15.7638,378.0861,0.0000,0.000,6.497,6.599,1.0000
385.0393,15.9923,383.0814,0.0000,0.000,6.502,6.607,1.0000
390.0398,16.2209,388.0767,0.0000,0.000,6.507,6.615,1.0000
395.0403,16.4496,393.0719,0.0000,0.000,6.512,6.623,1.0000
400.0408,16.6785,398.0672,0.0000,0.000,6.517,6.631,1.0000
405.0413,16.9076,403.0624,0.0000,0.000,6.522,6.639,1.0000
410.0417,17.1368,408.0576,0.0000,0.000,6.527,6.647,1.0000
415.0422,17.3662,413.0528,0.0000,0.000,6.532,6.655,1.0000
420.0427,17.5957,418.0480,0.0000,0.000,6.537,6.663,1.0000
425.0432,17.8254,423.0432,0.0000,0.000,6.542,6.671,1.0000
430.0437,18.0552,428.0384,0.0000,0.000,6.547,6.679,1.0000
435.0441,18.2853,433.0336,0.0000,0.000,6.552,6.687,1.0000
440.0446,18.5154,438.0288,0.0000,0.000,6.557,6.695,1.0000
445.0451,18.7456,443.0240,0.0000,0.000,6.562,6.703,1.0000
450.0456,18.9757,448.0192,0.0000,0.000,6.567,6.711,1.0000
455.0461,19.2057,453.0143,0.0000,0.000,6.572,6.719,1.0000
460.0465,19.4355,458.0095,0.0000,0.000,6.577,6.727,1.0000
465.0470,19.6651,463.0048,0.0000,0.000,6.582,6.735,1.0000
470.0475,19.8944,468.0000,0.0000,0.000,6.587,6.743,1.0000
475.0480,20.1232,472.9952,0.0000,0.000,6.593,6.751,1.0000
480.0485,20.3516,477.9905,0.0000,0.000,6.598,6.759,1.0000
485.0490,20.5795,482.9858,0.0000,0.000,6.603,6.767,1.0000
490.0495,20.8067,487.9811,0.0000,0.000,6.608,6.775,1.0000
495.0499,21.0332,492.9765,0.0000,0.000,6.613,6.783,1.0000
500.0504,21.2590,497.9719,0.0000,0.000,6.618,6.791,1.0000
505.0509,21.4840,502.9673,0.0000,0.000,6.623,6.799,1.0000
510.0514,21.7080,507.9628,0.0000,0.000,6.628,6.807,1.0000
515.0519,21.9311,512.9583,0.0000,0.000,6.633,6.815,1.0000
520.0524,22.1531,517.9539,0.0000,0.000,6.638,6.823,1.0000
525.0529,22.3740,522.9495,0.0000,0.000,6.643,6.831,1.0000
530.0535,22.5937,527.9452,0.0000,0.000,6.648,6.839,1.0000
535.0540,22.8122,532.9409,0.0000,0.000,6.653,6.847,1.0000
540.0545,23.0293,537.9367,0.0000,0.000,6.658,6.855,1.0000
545.0550,23.2450,542.9326,0.0000,0.000,6.663,6.863,1.0000
550.0556,23.4592,547.9286,0.0000,0.000,6.668,6.871,1.0000
555.0561,23.6719,552.9246,0.0000,0.000,6.673,6.879,1.0000
560.0567,23.8830,557.9207,0.0000,0.000,6.678,6.887,1.0000
565.0573,24.0923,562.9169,0.0000,0.000,6.683,6.895,1.0000
570.0579,24.2999,567.9132,0.0000,0.000,6.688,6.903,1.0000
575.0584,24.5057,572.9095,0.0000,0.000,6.693,6.911,1.0000
580.0591,24.7095,577.9060,0.0000,0.000,6.729,6.937,1.0000
585.0597,24.9114,582.9025,0.0000,0.000,6.774,6.968,1.0000
590.0603,25.1112,587.8992,0.0000,0.000,6.819,6.999,1.0000
595.0610,25.3089,592.8959,0.0000,0.000,6.864,7.030,1.0000
600.0617,25.5044,597.8928,0.0000,0.000,6.910,7.061,1.0000
605.0623,25.6976,602.8897,0.0000,0.000,6.955,7.093,1.0000
610.0630,25.8889,607.8868,0.0000,0.000,7.000,7.124,1.0000
615.0637,26.0783,612.8839,0.0000,0.000,7.046,7.155,1.0000
620.0644,26.2663,617.8810,0.0000,0.000,7.091,7.186,1.0000
625.0650,26.4531,622.8781,0.0000,0.000,7.136,7.217,1.0000
630.0656,26.6389,627.8752,0.0000,0.000,7.181,7.248,1.0000
635.0661,26.8241,632.8723,0.0000,0.000,7.227,7.279,1.0000
640.0664,27.0088,637.8692,0.0000,0.000,7.272,7.310,1.0000
645.0667,27.1934,642.8661,0.0000,0.000,7.317,7.341,1.0000
650.0668,27.3781,647.8628,0.0000,0.000,7.362,7.372,1.0000
655.0668,27.5632,652.8594,0.0000,0.000,7.408,7.404,1.0000
660.0666,27.7489,657.8557,0.0000,0.000,7.453,7.435,1.0000
665.0663,27.9356,662.8519,0.0000,0.000,7.498,7.466,1.0000
670.0657,28.1234,667.8478,0.0000,0.000,7.543,7.497,1.0000
675.0649,28.3128,672.8434,0.0000,0.000,7.589,7.528,1.0000
680.0639,28.5038,677.8387,0.0000,0.000,7.634,7.559,1.0000
685.0626,28.6969,682.8337,0.0000,0.000,7.679,7.590,1.0000
690.0615,28.8891,687.8289,0.0000,0.000,7.725,7.621,1.0000
695.0619,29.0697,692.8260,0.0000,0.000,7.770,7.652,1.0000
700.0656,29.2266,697.8273,0.0000,0.000,7.815,7.683,1.0000
705.0744,29.3477,702.8346,0.0000,0.000,7.860,7.714,1.0000
710.0890,29.4305,707.8485,0.0000,0.000,7.906,7.746,1.0000
715.0977,29.5563,712.8557,0.0000,0.000,7.951,7.777,1.0000
720.0863,29.8493,717.8357,0.0000,0.000,7.996,7.808,1.0000
725.0531,30.4341,722.7680,0.0000,0.000,8.377,7.795,1.0000
729.9879,31.5401,727.5772,0.0000,0.000,8.839,8.226,1.0000
734.9085,34.2195,731.7043,0.0000,0.000,9.122,8.633,1.0000
739.8938,38.5411,734.1898,0.0000,0.000,9.460,8.643,1.0000
744.8634,43.4950,734.5838,0.0000,0.000,9.184,8.520,1.0000
749.7923,48.2715,733.3677,0.0000,0.000,9.013,8.243,1.0000
754.6109,52.4745,731.0109,0.0000,0.000,8.929,7.982,1.0000
759.5255,56.2518,727.8669,0.0000,0.000,8.808,7.971,1.0000
764.5641,59.7912,724.2807,0.0000,0.000,8.686,7.961,1.0000
769.6389,63.2785,720.5940,0.0000,0.000,8.565,7.950,1.0000
774.6838,66.8171,716.9982,0.0000,0.000,8.443,7.939,1.0000
779.7027,70.3999,713.4836,0.0000,0.000,8.322,7.928,1.0000
784.7027,74.0122,710.0265,0.0000,0.000,8.201,7.917,1.0000
789.6902,77.6394,706.6032,0.0000,0.000,8.079,7.906,1.0000
794.6709,81.2667,703.1901,0.0000,0.000,7.958,7.895,1.0000
799.6502,84.8793,699.7633,0.0000,0.000,7.836,7.885,1.0000
804.6342,88.4627,696.2992,0.0000,0.000,7.715,7.874,1.0000
809.6295,92.0020,692.7741,0.0000,0.000,7.593,7.863,1.0000
814.6429,95.4870,689.1702,0.0000,0.000,7.472,7.852,1.0000
819.6633,98.9780,685.5622,0.0000,0.000,7.350,7.841,1.0000
824.6686,102.5903,682.0974,0.0000,0.000,7.229,7.830,1.0000
829.6575,106.4407,678.9252,0.0000,0.000,7.108,7.819,1.0000
834.6710,110.6458,676.1953,0.0000,0.000,7.012,7.713,1.0000
839.6856,115.2343,674.1723,0.0000,0.000,6.946,7.626,1.0000
844.5556,120.0388,673.3766,0.0000,0.000,7.028,7.790,1.0000
849.4588,124.9057,673.9725,0.0000,0.000,7.097,7.926,1.0000
854.4939,129.7706,675.2706,0.0000,0.000,7.081,7.866,1.0000
859.5284,134.5983,676.6986,0.0000,0.000,7.064,7.805,1.0000
864.5458,139.3920,678.1799,0.0000,0.000,7.048,7.745,1.0000
869.5501,144.1594,679.7015,0.0000,0.000,7.032,7.685,1.0000
874.5455,148.9085,681.2508,0.0000,0.000,7.015,7.624,1.0000
879.5356,153.6470,682.8151,0.0000,0.000,6.999,7.564,1.0000
884.5238,158.3829,684.3815,0.0000,0.000,6.983,7.504,1.0000
889.5136,163.1240,685.9373,0.0000,0.000,6.966,7.444,1.0000
894.5087,167.8782,687.4697,0.0000,0.000,6.950,7.383,1.0000
899.5120,172.6514,688.9694,0.0000,0.000,6.934,7.323,1.0000
904.5214,177.4371,690.4501,0.0000,0.000,6.917,7.263,1.0000
909.5324,182.2228,691.9354,0.0000,0.000,6.901,7.202,1.0000
914.5403,186.9965,693.4489,0.0000,0.000,6.885,7.142,1.0000
919.5411,191.7463,695.0135,0.0000,0.000,6.868,7.082,1.0000
924.5354,196.4748,696.6210,0.0000,0.000,6.852,7.022,1.0000
929.5279,201.2027,698.2251,0.0000,0.000,6.836,6.961,1.0000
934.5239,205.9514,699.7770,0.0000,0.000,6.819,6.901,1.0000
939.5297,210.7424,701.2279,0.0000,0.000,6.803,6.841,1.0000
944.5404,215.5839,702.5191,0.0000,0.000,6.954,6.608,1.0000
949.5387,220.4682,703.5805,0.0000,0.000,7.163,6.315,1.0000
954.5158,225.3868,704.3409,0.0000,0.000,7.068,6.217,1.0000
959.4754,230.3312,704.7294,0.0000,0.000,6.579,6.373,1.0000
964.4371,235.2929,704.7056,0.0000,0.000,6.090,6.529,1.0000
969.4211,240.2636,704.3419,0.0000,0.000,6.294,6.373,1.0000
974.4295,245.2353,703.7364,0.0000,0.000,6.564,6.188,1.0000
979.4502,250.1998,702.9877,0.0000,0.000,6.625,6.110,1.0000
984.4673,255.1510,702.1771,0.0000,0.000,6.489,6.133,1.0000
989.4785,260.0891,701.3246,0.0000,0.000,6.353,6.156,1.0000
994.4850,265.0161,700.4361,0.0000,0.000,6.218,6.180,1.0000
999.4878,269.9339,699.5176,0.0000,0.000,6.322,6.384,1.0000
1004.4878,274.8443,698.5751,0.0000,0.000,6.382,6.457,1.0000
1009.4860,279.7493,697.6143,0.0000,0.000,6.402,6.472,1.0000
1014.4831,284.6507,696.6414,0.0000,0.000,6.422,6.487,1.0000
1019.4797,289.5504,695.6622,0.0000,0.000,6.442,6.501,1.0000
1024.4766,294.4503,694.6823,0.0000,0.000,6.463,6.516,1.0000
1029.4740,299.3511,693.7042,0.0000,0.000,6.483,6.531,1.0000
1034.4719,304.2527,692.7277,0.0000,0.000,6.503,6.546,1.0000
1039.4703,309.1550,691.7527,0.0000,0.000,6.523,6.561,1.0000
1044.4691,314.0581,690.7792,0.0000,0.000,6.544,6.576,1.0000
1049.4682,318.9618,689.8069,0.0000,0.000,6.564,6.590,1.0000
1054.4678,323.8661,688.8358,0.0000,0.000,6.584,6.605,1.0000
1059.4676,328.7709,687.8657,0.0000,0.000,6.604,6.620,1.0000
1064.4677,333.6762,686.8966,0.0000,0.000,6.625,6.635,1.0000
1069.4681,338.5820,685.9284,0.0000,0.000,6.645,6.650,1.0000
1074.4687,343.4881,684.9608,0.0000,0.000,6.665,6.664,1.0000
1079.4695,348.3944,683.9938,0.0000,0.000,6.685,6.679,1.0000
1084.4704,353.3011,683.0274,0.0000,0.000,6.706,6.694,1.0000
1089.4714,358.2079,682.0613,0.0000,0.000,6.726,6.709,1.0000
1094.4725,363.1148,681.0954,0.0000,0.000,6.746,6.724,1.0000
1099.4736,368.0218,680.1297,0.0000,0.000,6.766,6.738,1.0000
1104.4747,372.9288,679.1640,0.0000,0.000,6.787,6.753,1.0000
1109.4758,377.8357,678.1982,0.0000,0.000,6.807,6.768,1.0000
1114.4768,382.7426,677.2323,0.0000,0.000,6.827,6.783,1.0000
1119.4778,387.6495,676.2663,0.0000,0.000,6.847,6.798,1.0000
1124.4788,392.5562,675.3002,0.0000,0.000,6.868,6.812,1.0000
1129.4797,397.4629,674.3340,0.0000,0.000,6.888,6.827,1.0000
1134.4807,402.3696,673.3677,0.0000,0.000,6.908,6.842,1.0000
1139.4815,407.2762,672.4013,0.0000,0.000,6.928,6.857,1.0000
1144.4824,412.1827,671.4348,0.0000,0.000,6.949,6.872,1.0000
1149.4832,417.0893,670.4682,0.0000,0.000,6.969,6.886,1.0000
1154.4839,421.9957,669.5015,0.0000,0.000,6.989,6.901,1.0000
1159.4847,426.9021,668.5348,0.0000,0.000,7.009,6.916,1.0000
1164.4854,431.8085,667.5679,0.0000,0.000,7.030,6.931,1.0000
1169.4861,436.7148,666.6010,0.0000,0.000,7.050,6.946,1.0000
1174.4867,441.6211,665.6340,0.0000,0.000,7.070,6.960,1.0000
1179.4874,446.5273,664.6670,0.0000,0.000,7.090,6.975,1.0000
1184.4880,451.4335,663.6999,0.0000,0.000,7.111,6.990,1.0000
1189.4886,456.3397,662.7327,0.0000,0.000,7.131,7.005,1.0000
1194.4892,461.2458,661.7654,0.0000,0.000,7.151,7.020,1.0000
1199.4897,466.1519,660.7981,0.0000,0.000,7.171,7.034,1.0000
1204.4902,471.0580,659.8307,0.0000,0.000,7.191,7.049,1.0000
1209.4907,475.9640,658.8633,0.0000,0.000,7.212,7.064,1.0000
1214.4912,480.8700,657.8959,0.0000,0.000,7.232,7.079,1.0000
1219.4917,485.7760,656.9283,0.0000,0.000,7.252,7.094,1.0000
1224.4921,490.6819,655.9608,0.0000,0.000,7.272,7.109,1.0000
1229.4926,495.5879,654.9932,0.0000,0.000,7.293,7.123,1.0000
1234.4930,500.4938,654.0255,0.0000,0.000,7.313,7.138,1.0000
1239.4934,505.3996,653.0578,0.0000,0.000,7.333,7.153,1.0000
1244.4938,510.3055,652.0901,0.0000,0.000,7.353,7.168,1.0000
1249.4942,515.2114,651.1224,0.0000,0.000,7.374,7.183,1.0000
1254.4946,520.1172,650.1546,0.0000,0.000,7.394,7.197,1.0000
1259.4950,525.0230,649.1868,0.0000,0.000,7.414,7.212,1.0000
1264.4953,529.9288,648.2190,0.0000,0.000,7.434,7.227,1.0000
1269.4957,534.8346,647.2511,0.0000,0.000,7.455,7.242,1.0000
1274.4961,539.7404,646.2833,0.0000,0.000,7.475,7.257,1.0000
1279.4964,544.6462,645.3154,0.0000,0.000,7.495,7.271,1.0000
1284.4967,549.5520,644.3476,0.0000,0.000,7.515,7.286,1.0000
1289.4971,554.4578,643.3797,0.0000,0.000,7.536,7.301,1.0000
1294.4974,559.3636,642.4118,0.0000,0.000,7.556,7.316,1.0000
1299.4978,564.2693,641.4439,0.0000,0.000,7.576,7.331,1.0000
1304.4981,569.1751,640.4760,0.0000,0.000,7.596,7.345,1.0000
1309.4985,574.0809,639.5082,0.0000,0.000,7.617,7.360,1.0000
1314.4988,578.9867,638.5403,0.0000,0.000,7.637,7.375,1.0000
1319.4992,583.8925,637.5724,0.0000,0.000,7.657,7.390,1.0000
1324.4995,588.7983,636.6046,0.0000,0.000,7.677,7.405,1.0000
1329.4999,593.7041,635.6368,0.0000,0.000,7.698,7.419,1.0000
1334.5003,598.6099,634.6690,0.0000,0.000,7.718,7.434,1.0000
1339.5006,603.5157,633.7012,0.0000,0.000,7.738,7.449,1.0000
1344.5010,608.4216,632.7334,0.0000,0.000,7.758,7.464,1.0000
1349.5014,613.3274,631.7657,0.0000,0.000,7.779,7.479,1.0000
1354.5018,618.2333,630.7980,0.0000,0.000,7.799,7.493,1.0000
1359.5023,623.1392,629.8304,0.0000,0.000,7.819,7.508,1.0000
1364.5027,628.0451,628.8628,0.0000,0.000,7.839,7.523,1.0000
1369.5032,632.9511,627.8952,0.0000,0.000,7.860,7.538,1.0000
1374.5036,637.8571,626.9277,0.0000,0.000,7.880,7.553,1.0000
1379.5041,642.7631,625.9602,0.0000,0.000,7.900,7.567,1.0000
1384.5046,647.6691,624.9927,0.0000,0.000,7.920,7.582,1.0000
1389.5051,652.5751,624.0254,0.0000,0.000,7.941,7.597,1.0000
1394.5057,657.4812,623.0580,0.0000,0.000,7.961,7.612,1.0000
1399.5062,662.3874,622.0908,0.0000,0.000,7.981,7.627,1.0000
1404.5068,667.2935,621.1236,0.0000,0.000,8.001,7.642,1.0000
1409.5074,672.1997,620.1564,0.0000,0.000,8.021,7.656,1.0000
1414.5081,677.1059,619.1893,0.0000,0.000,8.042,7.671,1.0000
1419.5087,682.0122,618.2223,0.0000,0.000,8.062,7.686,1.0000
1424.5094,686.9185,617.2554,0.0000,0.000,8.082,7.701,1.0000
1429.5101,691.8249,616.2886,0.0000,0.000,8.102,7.716,1.0000
1434.5108,696.7313,615.3218,0.0000,0.000,8.123,7.730,1.0000
1439.5116,701.6377,614.3551,0.0000,0.000,8.143,7.745,1.0000
1444.5124,706.5442,613.3885,0.0000,0.000,8.163,7.760,1.0000
1449.5132,711.4507,612.4220,0.0000,0.000,8.183,7.775,1.0000
1454.5141,716.3573,611.4554,0.0000,0.000,8.204,7.790,1.0000
1459.5149,721.2638,610.4889,0.0000,0.000,8.224,7.804,1.0000
1464.5157,726.1703,609.5222,0.0000,0.000,8.244,7.819,1.0000
1469.5165,731.0767,608.5554,0.0000,0.000,8.264,7.834,1.0000
1474.5172,735.9830,607.5884,0.0000,0.000,8.285,7.849,1.0000
1479.5178,740.8892,606.6211,0.0000,0.000,8.305,7.864,1.0000
1484.5184,745.7952,605.6534,0.0000,0.000,8.325,7.878,1.0000
1489.5188,750.7011,604.6853,0.0000,0.000,8.345,7.893,1.0000
1494.5186,755.6057,603.7146,0.0000,0.000,8.366,7.908,1.0000
1499.5166,760.5072,602.7371,0.0000,0.000,8.386,7.923,1.0000
1504.5132,765.4073,601.7597,0.0000,0.000,8.406,7.938,1.0000
1509.5127,770.3188,600.8256,0.0000,0.000,8.426,7.952,1.0000
1514.5173,775.2353,599.8906,0.0000,0.000,8.447,7.967,1.0000
1519.5297,780.0824,598.6142,0.0000,0.000,8.499,7.991,1.0000
1524.5151,784.6487,596.6133,0.0000,0.000,9.279,8.210,1.0000
1529.3048,788.3344,593.5544,0.0000,0.000,10.059,8.430,1.0000
1534.1543,790.6925,589.3169,0.0000,0.000,10.645,9.165,1.0000
1539.2266,791.9897,584.4132,0.0000,0.000,11.219,9.932,1.0000
1544.2456,792.6157,579.4334,0.0000,0.000,11.794,10.699,1.0000
1549.1620,792.8077,574.5207,0.0000,0.000,11.008,10.460,1.0000
1554.1089,792.7076,569.5749,0.0000,0.000,10.035,10.083,1.0000
1559.1098,792.3736,564.5852,0.0000,0.000,9.455,9.582,1.0000
1564.1332,791.8170,559.5927,0.0000,0.000,9.253,8.961,1.0000
1569.1459,791.0489,554.6392,0.0000,0.000,9.102,8.413,1.0000
1574.1268,790.0749,549.7544,0.0000,0.000,9.490,8.648,1.0000
1579.1589,788.8254,544.8800,0.0000,0.000,9.879,8.883,1.0000
1584.0460,786.6949,540.4817,0.0000,0.000,10.240,9.102,1.0000
1588.9200,783.3026,536.9819,0.0000,0.000,10.143,9.068,1.0000
1593.9305,779.3883,533.8541,0.0000,0.000,10.046,9.034,1.0000
1598.9459,775.4731,530.7196,0.0000,0.000,9.950,9.000,1.0000
1603.9550,771.5864,527.5597,0.0000,0.000,9.853,8.965,1.0000
1608.9598,767.7163,524.3864,0.0000,0.000,9.756,8.931,1.0000
1613.9622,763.8508,521.2112,0.0000,0.000,9.660,8.897,1.0000
1618.9634,759.9825,518.0412,0.0000,0.000,9.563,8.863,1.0000
1623.9637,756.1114,514.8761,0.0000,0.000,9.466,8.828,1.0000
1628.9633,752.2380,511.7151,0.0000,0.000,9.370,8.794,1.0000
1633.9622,748.3627,508.5573,0.0000,0.000,9.273,8.760,1.0000
1638.9607,744.4861,505.4019,0.0000,0.000,9.176,8.726,1.0000
1643.9589,740.6086,502.2481,0.0000,0.000,9.080,8.691,1.0000
1648.9569,736.7307,499.0950,0.0000,0.000,8.983,8.657,1.0000
1653.9549,732.8529,495.9418,0.0000,0.000,8.886,8.623,1.0000
1658.9530,728.9757,492.7876,0.0000,0.000,8.790,8.588,1.0000
1663.9515,725.0995,489.6317,0.0000,0.000,8.693,8.554,1.0000
1668.9504,721.2249,486.4731,0.0000,0.000,8.596,8.520,1.0000
1673.9498,717.3524,483.3111,0.0000,0.000,8.500,8.486,1.0000
1678.9501,713.4824,480.1448,0.0000,0.000,8.403,8.451,1.0000
1683.9512,709.6155,476.9734,0.0000,0.000,8.306,8.417,1.0000
1688.9535,705.7520,473.7959,0.0000,0.000,8.210,8.383,1.0000
1693.9569,701.8925,470.6117,0.0000,0.000,8.113,8.349,1.0000
1698.9618,698.0377,467.4197,0.0000,0.000,8.016,8.314,1.0000
1703.9675,694.1911,464.2165,0.0000,0.000,7.920,8.280,1.0000
1708.9731,690.3588,460.9964,0.0000,0.000,7.823,8.246,1.0000
1713.9776,686.5469,457.7537,0.0000,0.000,7.653,8.135,1.0000
1718.9802,682.7617,454.4828,0.0000,0.000,7.437,7.978,1.0000
1723.9805,679.0094,451.1779,0.0000,0.000,7.222,7.820,1.0000
1728.9779,675.2961,447.8333,0.0000,0.000,7.006,7.663,1.0000
1733.9725,671.6281,444.4434,0.0000,0.000,6.791,7.506,1.0000
1738.9646,668.0115,441.0023,0.0000,0.000,6.576,7.348,1.0000
1743.9550,664.4491,437.5076,0.0000,0.000,6.360,7.191,1.0000
1748.9454,660.9350,433.9643,0.0000,0.000,6.145,7.033,1.0000
1753.9372,657.4618,430.3788,0.0000,0.000,5.930,6.876,1.0000
1758.9315,654.0224,426.7577,0.0000,0.000,6.072,6.757,1.0000
1763.9290,650.6093,423.1072,0.0000,0.000,6.237,6.641,1.0000
1768.9303,647.2152,419.4337,0.0000,0.000,6.403,6.525,1.0000
1773.9359,643.8330,415.7438,0.0000,0.000,6.558,6.418,1.0000
1778.9458,640.4552,412.0438,0.0000,0.000,6.440,6.514,1.0000
1783.9598,637.0786,408.3373,0.0000,0.000,6.323,6.611,1.0000
1788.9715,633.7341,404.6048,0.0000,0.000,6.205,6.708,1.0000
1793.9733,630.4700,400.8148,0.0000,0.000,6.087,6.805,1.0000
1798.9608,627.3347,396.9360,0.0000,0.000,5.969,6.901,1.0000
1803.9352,624.3761,392.9370,0.0000,0.000,5.852,6.998,1.0000
1808.9045,621.6148,388.8056,0.0000,0.000,5.903,6.919,1.0000
1813.8772,619.0314,384.5566,0.0000,0.000,6.025,6.768,1.0000
1818.8584,616.6038,380.2070,0.0000,0.000,6.146,6.617,1.0000
1823.8502,614.3095,375.7737,0.0000,0.000,6.267,6.466,1.0000
1828.8520,612.1264,371.2735,0.0000,0.000,6.321,6.385,1.0000
1833.8623,610.0326,366.7216,0.0000,0.000,6.304,6.377,1.0000
1838.8784,608.0063,362.1331,0.0000,0.000,6.286,6.370,1.0000
1843.8961,606.0256,357.5228,0.0000,0.000,6.269,6.363,1.0000
1848.9106,604.0689,352.9058,0.0000,0.000,6.304,6.309,1.0000
1853.9167,602.1142,348.2971,0.0000,0.000,6.431,6.173,1.0000
1858.9093,600.1399,343.7115,0.0000,0.000,6.558,6.036,1.0000
1863.8835,598.1241,339.1640,0.0000,0.000,6.685,5.899,1.0000
1868.8349,596.0367,334.6741,0.0000,0.000,6.812,5.763,1.0000
1873.7588,593.7043,330.3376,0.0000,0.000,6.939,5.626,1.0000
1878.7010,590.8340,326.3144,0.0000,0.000,6.979,5.626,1.0000
1883.7482,587.2892,322.7215,0.0000,0.000,6.994,5.667,1.0000
1888.8210,583.3141,319.5701,0.0000,0.000,7.008,5.708,1.0000
1893.8101,579.1287,316.8546,0.0000,0.000,7.023,5.749,1.0000
1898.7376,574.7643,314.5673,0.0000,0.000,6.970,5.817,1.0000
1903.6460,570.2249,312.7001,0.0000,0.000,6.907,5.889,1.0000
1908.5759,565.5147,311.2448,0.0000,0.000,6.843,5.961,1.0000
1913.5545,560.6501,310.1854,0.0000,0.000,6.857,6.009,1.0000
1918.5761,555.6771,309.4880,0.0000,0.000,6.912,6.046,1.0000
1923.6212,550.6458,309.1156,0.0000,0.000,6.966,6.083,1.0000
1928.6616,545.6061,309.0318,0.0000,0.000,7.021,6.120,1.0000
1933.6678,540.6027,309.1976,0.0000,0.000,7.070,6.156,1.0000
1938.6451,535.6384,309.5578,0.0000,0.000,6.979,6.180,1.0000
1943.6106,530.6974,310.0498,0.0000,0.000,6.887,6.203,1.0000
1948.5765,525.7633,310.6108,0.0000,0.000,6.796,6.227,1.0000
1953.5516,520.8214,311.1846,0.0000,0.000,6.704,6.251,1.0000
1958.5391,515.8678,311.7657,0.0000,0.000,6.613,6.275,1.0000
1963.5402,510.9035,312.3711,0.0000,0.000,6.521,6.298,1.0000
1968.5562,505.9294,313.0180,0.0000,0.000,6.430,6.322,1.0000
1973.5887,500.9464,313.7227,0.0000,0.000,6.338,6.346,1.0000
1978.6294,495.9587,314.4508,0.0000,0.000,6.147,6.402,1.0000
1983.6568,490.9736,315.1024,0.0000,0.000,5.926,6.468,1.0000
1988.6534,485.9992,315.5729,0.0000,0.000,5.705,6.535,1.0000
1993.6128,481.0433,315.7589,0.0000,0.000,5.485,6.601,1.0000
1998.5467,476.1120,315.6005,0.0000,0.000,5.274,6.662,1.0000
2003.4755,471.2091,315.0949,0.0000,0.000,5.384,6.563,1.0000
2008.4202,466.3384,314.2429,0.0000,0.000,5.494,6.463,1.0000
2013.4013,461.5035,313.0453,0.0000,0.000,5.604,6.364,1.0000
2018.4296,456.7171,311.5043,0.0000,0.000,5.668,6.301,1.0000
2023.4813,452.0276,309.6260,0.0000,0.000,5.599,6.346,1.0000
2028.5257,447.4920,307.4180,0.0000,0.000,5.531,6.392,1.0000
2033.5362,443.1675,304.8874,0.0000,0.000,5.463,6.437,1.0000
2038.5006,439.0958,302.0472,0.0000,0.000,5.430,6.468,1.0000
2043.4431,435.2593,298.9313,0.0000,0.000,5.555,6.438,1.0000
2048.3871,431.6257,295.5786,0.0000,0.000,5.679,6.409,1.0000
2053.3466,428.1629,292.0283,0.0000,0.000,5.804,6.379,1.0000
2058.3274,424.8385,288.3193,0.0000,0.000,5.887,6.370,1.0000
2063.3287,421.6204,284.4908,0.0000,0.000,5.922,6.384,1.0000
2068.3453,418.4764,280.5817,0.0000,0.000,5.958,6.397,1.0000
2073.3682,415.3742,276.6312,0.0000,0.000,5.994,6.411,1.0000
2078.3877,412.2830,272.6766,0.0000,0.000,6.030,6.424,1.0000
2083.3997,409.1895,268.7331,0.0000,0.000,6.066,6.438,1.0000
2088.4056,406.0938,264.7992,0.0000,0.000,6.101,6.451,1.0000
2093.4064,402.9964,260.8730,0.0000,0.000,6.137,6.465,1.0000
2098.4036,399.8976,256.9528,0.0000,0.000,6.173,6.478,1.0000
2103.3982,396.7978,253.0365,0.0000,0.000,6.209,6.492,1.0000
2108.3915,393.6973,249.1224,0.0000,0.000,6.245,6.505,1.0000
2113.3847,390.5966,245.2086,0.0000,0.000,6.280,6.519,1.0000
2118.3790,387.4961,241.2932,0.0000,0.000,6.316,6.532,1.0000
2123.3753,384.3959,237.3751,0.0000,0.000,6.352,6.546,1.0000
2128.3734,381.2960,233.4545,0.0000,0.000,6.388,6.559,1.0000
2133.3730,378.1962,229.5318,0.0000,0.000,6.423,6.573,1.0000
2138.3739,375.0966,225.6073,0.0000,0.000,6.459,6.586,1.0000
2143.3759,371.9969,221.6815,0.0000,0.000,6.495,6.600,1.0000
2148.3787,368.8971,217.7548,0.0000,0.000,6.531,6.613,1.0000
2153.3820,365.7971,213.8276,0.0000,0.000,6.567,6.627,1.0000
2158.3856,362.6967,209.9003,0.0000,0.000,6.602,6.640,1.0000
2163.3893,359.5959,205.9732,0.0000,0.000,6.638,6.654,1.0000
2168.3928,356.4945,202.0468,0.0000,0.000,6.674,6.667,1.0000
2173.3959,353.3924,198.1215,0.0000,0.000,6.710,6.681,1.0000
2178.3983,350.2895,194.1978,0.0000,0.000,6.746,6.695,1.0000
2183.3998,347.1858,190.2758,0.0000,0.000,6.781,6.708,1.0000
2188.4000,344.0811,186.3562,0.0000,0.000,6.817,6.722,1.0000
2193.3989,340.9752,182.4393,0.0000,0.000,6.853,6.735,1.0000
2198.3961,337.8682,178.5255,0.0000,0.000,6.889,6.749,1.0000
2203.3913,334.7598,174.6151,0.0000,0.000,6.925,6.762,1.0000
2208.3850,331.6512,170.7070,0.0000,0.000,6.960,6.776,1.0000
2213.3797,328.5474,166.7938,0.0000,0.000,6.996,6.789,1.0000
2218.3784,325.4546,162.8667,0.0000,0.000,7.032,6.803,1.0000
2223.3844,322.3790,158.9171,0.0000,0.000,7.068,6.816,1.0000
2228.4001,319.3230,154.9398,0.0000,0.000,7.103,6.830,1.0000
2233.4175,316.2420,150.9798,0.0000,0.000,7.139,6.843,1.0000
2238.4233,313.0573,147.1177,0.0000,0.000,7.175,6.857,1.0000
2243.4138,309.6896,143.4348,0.0000,0.000,7.326,6.820,1.0000
2248.3666,306.0377,140.0891,0.0000,0.000,7.641,6.714,1.0000
2253.0686,301.7293,138.2059,0.0000,0.000,7.602,6.808,1.0000
2258.0177,296.7844,137.9999,0.0000,0.000,7.080,7.177,1.0000
2263.0691,291.7439,138.3310,0.0000,0.000,7.324,7.082,1.0000
2268.0763,286.8012,139.1322,0.0000,0.000,7.688,6.914,1.0000
2273.0221,282.0288,140.4304,0.0000,0.000,7.239,7.204,1.0000
2278.0059,277.3522,142.1531,0.0000,0.000,7.153,7.197,1.0000
2282.9263,273.1009,144.6303,0.0000,0.000,7.997,6.517,1.0000
2287.7850,270.1278,148.4732,0.0000,0.000,7.873,6.399,1.0000
2292.5837,268.3070,152.9130,0.0000,0.000,7.406,6.481,1.0000
2297.4595,267.3992,157.7036,0.0000,0.000,7.042,6.548,1.0000
2302.4672,267.1811,162.7065,0.0000,0.000,7.148,6.548,1.0000
2307.5504,267.4294,167.7836,0.0000,0.000,7.253,6.548,1.0000
2312.6062,267.9390,172.8137,0.0000,0.000,7.040,6.706,1.0000
2317.6178,268.6153,177.7794,0.0000,0.000,6.796,6.879,1.0000
2322.6037,269.4052,182.7024,0.0000,0.000,6.626,6.992,1.0000
2327.5788,270.2555,187.6042,0.0000,0.000,6.614,6.975,1.0000
2332.5553,271.1139,192.5062,0.0000,0.000,6.601,6.959,1.0000
2337.5392,271.9539,197.4188,0.0000,0.000,6.589,6.942,1.0000
2342.5298,272.7769,202.3411,0.0000,0.000,6.577,6.925,1.0000
2347.5260,273.5856,207.2714,0.0000,0.000,6.564,6.909,1.0000
2352.5266,274.3828,212.2080,0.0000,0.000,6.552,6.892,1.0000
2357.5305,275.1715,217.1494,0.0000,0.000,6.540,6.875,1.0000
2362.5366,275.9543,222.0939,0.0000,0.000,6.528,6.858,1.0000
2367.5436,276.7342,227.0398,0.0000,0.000,6.515,6.842,1.0000
2372.5503,277.5138,231.9854,0.0000,0.000,6.503,6.825,1.0000
2377.5559,278.2955,236.9296,0.0000,0.000,6.491,6.808,1.0000
2382.5603,279.0794,241.8723,0.0000,0.000,6.478,6.792,1.0000
2387.5636,279.8653,246.8134,0.0000,0.000,6.466,6.775,1.0000
2392.5659,280.6531,251.7533,0.0000,0.000,6.454,6.758,1.0000
2397.5673,281.4427,256.6920,0.0000,0.000,6.442,6.741,1.0000
2402.5680,282.2337,261.6297,0.0000,0.000,6.429,6.725,1.0000
2407.5680,283.0261,266.5665,0.0000,0.000,6.417,6.708,1.0000
2412.5674,283.8197,271.5026,0.0000,0.000,6.405,6.691,1.0000
2417.5665,284.6142,276.4381,0.0000,0.000,6.392,6.675,1.0000
2422.5652,285.4095,281.3731,0.0000,0.000,6.380,6.658,1.0000
2427.5637,286.2055,286.3078,0.0000,0.000,6.368,6.641,1.0000
2432.5621,287.0018,291.2424,0.0000,0.000,6.355,6.624,1.0000
2437.5606,287.7985,296.1770,0.0000,0.000,6.343,6.608,1.0000
2442.5592,288.5952,301.1117,0.0000,0.000,6.331,6.591,1.0000
2447.5580,289.3919,306.0466,0.0000,0.000,6.319,6.574,1.0000
2452.5572,290.1882,310.9819,0.0000,0.000,6.306,6.557,1.0000
2457.5568,290.9841,315.9178,0.0000,0.000,6.294,6.541,1.0000
2462.5570,291.7794,320.8543,0.0000,0.000,6.282,6.524,1.0000
2467.5576,292.5742,325.7914,0.0000,0.000,6.269,6.507,1.0000
2472.5586,293.3684,330.7289,0.0000,0.000,6.257,6.491,1.0000
2477.5599,294.1622,335.6668,0.0000,0.000,6.245,6.474,1.0000
2482.5615,294.9554,340.6051,0.0000,0.000,6.233,6.457,1.0000
2487.5632,295.7482,345.5436,0.0000,0.000,6.220,6.440,1.0000
2492.5650,296.5406,350.4823,0.0000,0.000,6.208,6.424,1.0000
2497.5669,297.3325,355.4211,0.0000,0.000,6.196,6.407,1.0000
2502.5687,298.1241,360.3598,0.0000,0.000,6.183,6.390,1.0000
2507.5704,298.9154,365.2986,0.0000,0.000,6.171,6.374,1.0000
2512.5720,299.7063,370.2372,0.0000,0.000,6.159,6.357,1.0000
2517.5733,300.4969,375.1756,0.0000,0.000,6.146,6.340,1.0000
2522.5742,301.2872,380.1137,0.0000,0.000,6.134,6.323,1.0000
2527.5748,302.0773,385.0514,0.0000,0.000,6.122,6.307,1.0000
2532.5749,302.8672,389.9888,0.0000,0.000,6.110,6.290,1.0000
2537.5744,303.6568,394.9256,0.0000,0.000,6.097,6.273,1.0000
2542.5734,304.4463,399.8618,0.0000,0.000,6.085,6.257,1.0000
2547.5718,305.2352,404.7975,0.0000,0.000,6.073,6.240,1.0000
2552.5699,306.0214,409.7334,0.0000,0.000,6.060,6.223,1.0000
2557.5682,306.8028,414.6703,0.0000,0.000,6.048,6.206,1.0000
2562.5671,307.5770,419.6089,0.0000,0.000,6.036,6.190,1.0000
2567.5671,308.3419,424.5500,0.0000,0.000,6.012,6.178,1.0000
2572.5685,309.0950,429.4944,0.0000,0.000,5.914,6.195,1.0000
2577.5719,309.8342,434.4429,0.0000,0.000,5.816,6.213,1.0000
2582.5777,310.5573,439.3962,0.0000,0.000,5.719,6.230,1.0000
2587.5857,311.2577,444.3550,0.0000,0.000,5.621,6.248,1.0000
2592.5887,311.8857,449.3184,0.0000,0.000,5.524,6.265,1.0000
2597.5780,312.3646,454.2846,0.0000,0.000,5.426,6.282,1.0000
2602.5518,312.6175,459.2520,0.0000,0.000,5.349,6.295,1.0000
2607.5187,312.5682,464.2186,0.0000,0.000,5.365,6.288,1.0000
2612.4960,312.1902,469.1815,0.0000,0.000,5.381,6.281,1.0000
2617.4922,311.5423,474.1356,0.0000,0.000,5.396,6.274,1.0000
2622.5047,310.6923,479.0755,0.0000,0.000,5.412,6.267,1.0000
2627.5226,309.7070,483.9957,0.0000,0.000,5.503,6.171,1.0000
2632.5325,308.6085,488.8837,0.0000,0.000,5.679,5.975,1.0000
2637.5266,307.3421,493.7146,0.0000,0.000,5.854,5.780,1.0000
2642.5047,305.8455,498.4623,0.0000,0.000,5.820,5.837,1.0000
2647.4762,304.0565,503.1008,0.0000,0.000,5.601,6.115,1.0000
2652.4596,301.9245,507.6051,0.0000,0.000,5.383,6.393,1.0000
2657.4580,299.4631,511.9555,0.0000,0.000,5.436,6.354,1.0000
2662.4635,296.7075,516.1342,0.0000,0.000,5.679,6.094,1.0000
2667.4637,293.6928,520.1235,0.0000,0.000,5.921,5.835,1.0000
2672.4477,290.4538,523.9114,0.0000,0.000,5.901,5.897,1.0000
2677.4249,287.0233,527.5176,0.0000,0.000,5.779,6.082,1.0000
2682.4067,283.4337,530.9720,0.0000,0.000,5.658,6.267,1.0000
2687.3987,279.7171,534.3047,0.0000,0.000,5.718,6.432,1.0000
2692.4017,275.9057,537.5456,0.0000,0.000,5.917,6.581,1.0000
2697.4130,272.0319,540.7247,0.0000,0.000,6.117,6.731,1.0000
2702.4278,268.1279,543.8721,0.0000,0.000,6.316,6.880,1.0000
2707.4399,264.2258,547.0178,0.0000,0.000,6.516,7.029,1.0000
2712.4427,260.3516,550.1831,0.0000,0.000,6.715,7.178,1.0000
2717.4224,256.3905,553.2009,0.0000,0.000,6.915,7.327,1.0000
2722.4056,252.0909,555.7201,0.0000,0.000,7.224,7.701,1.0000
2727.3695,247.3683,557.2485,0.0000,0.000,7.945,8.507,1.0000
2732.1162,242.6336,556.9114,0.0000,0.000,8.667,9.425,1.0000
2737.0994,238.4226,554.2470,0.0000,0.000,8.739,9.844,1.0000
2742.2181,235.3720,550.1366,0.0000,0.000,8.579,9.526,1.0000
2747.1500,233.7594,545.4757,0.0000,0.000,8.420,9.209,1.0000
2752.1070,232.8907,540.5955,0.0000,0.000,8.328,9.113,1.0000
2757.0841,232.1299,535.6768,0.0000,0.000,8.241,9.031,1.0000
2762.0703,231.3891,530.7460,0.0000,0.000,8.154,8.949,1.0000
2767.0637,230.6669,525.8051,0.0000,0.000,8.066,8.867,1.0000
2772.0629,229.9620,520.8558,0.0000,0.000,7.979,8.785,1.0000
2777.0663,229.2728,515.9001,0.0000,0.000,7.892,8.703,1.0000
2782.0721,228.5982,510.9400,0.0000,0.000,7.805,8.621,1.0000
2787.0788,227.9366,505.9771,0.0000,0.000,7.717,8.539,1.0000
2792.0848,227.2867,501.0136,0.0000,0.000,7.630,8.457,1.0000
2797.0884,226.6469,496.0511,0.0000,0.000,7.543,8.375,1.0000
2802.0895,226.0142,491.0901,0.0000,0.000,7.456,8.293,1.0000
2807.0888,225.3845,486.1307,0.0000,0.000,7.368,8.211,1.0000
2812.0867,224.7540,481.1727,0.0000,0.000,7.281,8.130,1.0000
2817.0838,224.1186,476.2161,0.0000,0.000,7.194,8.048,1.0000
2822.0808,223.4744,471.2609,0.0000,0.000,7.107,7.966,1.0000
2827.0781,222.8175,466.3069,0.0000,0.000,7.019,7.884,1.0000
2832.0764,222.1439,461.3542,0.0000,0.000,6.932,7.802,1.0000
2837.0763,221.4497,456.4027,0.0000,0.000,6.845,7.720,1.0000
2842.0784,220.7329,451.4522,0.0000,0.000,6.758,7.638,1.0000
2847.0823,220.0008,446.5022,0.0000,0.000,6.671,7.556,1.0000
2852.0872,219.2633,441.5519,0.0000,0.000,6.583,7.474,1.0000
2857.0923,218.5300,436.6008,0.0000,0.000,6.496,7.392,1.0000
2862.0969,217.8109,431.6481,0.0000,0.000,6.409,7.310,1.0000
2867.1003,217.1157,426.6932,0.0000,0.000,6.322,7.228,1.0000
2872.1021,216.4543,421.7354,0.0000,0.000,6.234,7.146,1.0000
2877.1018,215.8365,416.7740,0.0000,0.000,6.147,7.064,1.0000
2882.0994,215.2716,411.8084,0.0000,0.000,6.060,6.982,1.0000
2887.0955,214.7613,406.8385,0.0000,0.000,5.973,6.900,1.0000
2892.0908,214.3004,401.8645,0.0000,0.000,5.885,6.818,1.0000
2897.0858,213.8837,396.8869,0.0000,0.000,5.818,6.749,1.0000
2902.0811,213.5058,391.9060,0.0000,0.000,5.809,6.718,1.0000
2907.0768,213.1614,386.9221,0.0000,0.000,5.799,6.686,1.0000
2912.0733,212.8453,381.9356,0.0000,0.000,5.789,6.655,1.0000
2917.0707,212.5521,376.9468,0.0000,0.000,5.779,6.623,1.0000
2922.0689,212.2765,371.9562,0.0000,0.000,5.770,6.592,1.0000
2927.0681,212.0143,366.9640,0.0000,0.000,5.760,6.560,1.0000
2932.0680,211.7632,361.9704,0.0000,0.000,5.750,6.529,1.0000
2937.0685,211.5218,356.9756,0.0000,0.000,5.741,6.497,1.0000
2942.0696,211.2882,351.9800,0.0000,0.000,5.731,6.466,1.0000
2947.0711,211.0607,346.9836,0.0000,0.000,5.721,6.434,1.0000
2952.0729,210.8377,341.9868,0.0000,0.000,5.712,6.403,1.0000
2957.0749,210.6175,336.9898,0.0000,0.000,5.702,6.371,1.0000
2962.0768,210.3983,331.9927,0.0000,0.000,5.692,6.340,1.0000
2967.0785,210.1786,326.9957,0.0000,0.000,5.683,6.308,1.0000
2972.0801,209.9580,321.9990,0.0000,0.000,5.673,6.277,1.0000
2977.0815,209.7364,317.0025,0.0000,0.000,5.663,6.245,1.0000
2982.0827,209.5140,312.0062,0.0000,0.000,5.654,6.214,1.0000
2987.0838,209.2908,307.0102,0.0000,0.000,5.644,6.182,1.0000
2992.0847,209.0668,302.0142,0.0000,0.000,5.634,6.151,1.0000
2997.0855,208.8421,297.0185,0.0000,0.000,5.625,6.120,1.0000
3002.0862,208.6169,292.0229,0.0000,0.000,5.615,6.088,1.0000
3007.0867,208.3910,287.0275,0.0000,0.000,5.605,6.057,1.0000
3012.0872,208.1647,282.0322,0.0000,0.000,5.595,6.025,1.0000
3017.0875,207.9379,277.0370,0.0000,0.000,5.586,5.994,1.0000
3022.0878,207.7107,272.0419,0.0000,0.000,5.576,5.962,1.0000
3027.0879,207.4832,267.0469,0.0000,0.000,5.566,5.931,1.0000
3032.0880,207.2554,262.0520,0.0000,0.000,5.557,5.899,1.0000
3037.0881,207.0274,257.0571,0.0000,0.000,5.547,5.868,1.0000
3042.0881,206.7992,252.0624,0.0000,0.000,5.537,5.836,1.0000
3047.0880,206.5710,247.0676,0.0000,0.000,5.528,5.805,1.0000
3052.0879,206.3427,242.0729,0.0000,0.000,5.518,5.773,1.0000
3057.0878,206.1145,237.0782,0.0000,0.000,5.508,5.742,1.0000
3062.0877,205.8863,232.0836,0.0000,0.000,5.499,5.710,1.0000
3067.0876,205.6583,227.0889,0.0000,0.000,5.489,5.679,1.0000
3072.0874,205.4305,222.0942,0.0000,0.000,5.479,5.647,1.0000
3077.0873,205.2029,217.0995,0.0000,0.000,5.470,5.616,1.0000
3082.0872,204.9757,212.1048,0.0000,0.000,5.460,5.584,1.0000
3087.0872,204.7488,207.1100,0.0000,0.000,5.454,5.563,1.0000
3092.0872,204.5224,202.1151,0.0000,0.000,5.456,5.563,1.0000
3097.0872,204.2964,197.1201,0.0000,0.000,5.458,5.563,1.0000
3102.0874,204.0711,192.1251,0.0000,0.000,5.461,5.564,1.0000
3107.0875,203.8463,187.1300,0.0000,0.000,5.463,5.564,1.0000
3112.0878,203.6222,182.1347,0.0000,0.000,5.465,5.564,1.0000
3117.0882,203.3989,177.1394,0.0000,0.000,5.467,5.565,1.0000
3122.0886,203.1763,172.1439,0.0000,0.000,5.470,5.565,1.0000
3127.0892,202.9546,167.1482,0.0000,0.000,5.472,5.565,1.0000
3132.0899,202.7338,162.1524,0.0000,0.000,5.474,5.566,1.0000
3137.0907,202.5140,157.1564,0.0000,0.000,5.476,5.566,1.0000
3142.0916,202.2950,152.1603,0.0000,0.000,5.479,5.567,1.0000
3147.0927,202.0769,147.1640,0.0000,0.000,5.481,5.567,1.0000
3152.0938,201.8596,142.1676,0.0000,0.000,5.483,5.567,1.0000
3157.0950,201.6430,137.1711,0.0000,0.000,5.485,5.568,1.0000
3162.0962,201.4271,132.1745,0.0000,0.000,5.488,5.568,1.0000
3167.0976,201.2118,127.1778,0.0000,0.000,5.490,5.568,1.0000
3172.0989,200.9972,122.1811,0.0000,0.000,5.492,5.569,1.0000
3177.1003,200.7830,117.1843,0.0000,0.000,5.494,5.569,1.0000
3182.1017,200.5693,112.1875,0.0000,0.000,5.497,5.569,1.0000
3187.1031,200.3560,107.1906,0.0000,0.000,5.499,5.570,1.0000
3192.1044,200.1431,102.1938,0.0000,0.000,5.501,5.570,1.0000
3197.1058,199.9305,97.1970,0.0000,0.000,5.503,5.571,1.0000
3202.1071,199.7182,92.2002,0.0000,0.000,5.506,5.571,1.0000
3207.1084,199.5061,87.2034,0.0000,0.000,5.508,5.571,1.0000
3212.1096,199.2941,82.2067,0.0000,0.000,5.510,5.572,1.0000
3217.1107,199.0823,77.2101,0.0000,0.000,5.513,5.572,1.0000
3222.1117,198.8705,72.2135,0.0000,0.000,5.515,5.572,1.0000
3227.1127,198.6587,67.2171,0.0000,0.000,5.517,5.573,1.0000
3232.1135,198.4468,62.2207,0.0000,0.000,5.519,5.573,1.0000
3237.1142,198.2348,57.2245,0.0000,0.000,5.522,5.574,1.0000
3242.1147,198.0227,52.2285,0.0000,0.000,5.524,5.574,1.0000
3247.1151,197.8104,47.2326,0.0000,0.000,5.526,5.574,1.0000
3252.1154,197.5978,42.2369,0.0000,0.000,5.528,5.575,1.0000
3257.1154,197.3848,37.2413,0.0000,0.000,5.531,5.575,1.0000
3262.1153,197.1715,32.2460,0.0000,0.000,5.533,5.575,1.0000
3267.1150,196.9578,27.2509,0.0000,0.000,5.535,5.576,1.0000
3272.1144,196.7436,22.2560,0.0000,0.000,5.537,5.576,1.0000
3277.1137,196.5289,17.2614,0.0000,0.000,5.540,5.576,1.0000
3282.1127,196.3136,12.2671,0.0000,0.000,5.542,5.577,1.0000
3287.1114,196.0976,7.2730,0.0000,0.000,5.544,5.577,1.0000
3292.1099,195.8810,2.2793,0.0000,0.000,5.546,5.578,1.0000
3297.1080,195.6636,-2.7142,0.0000,0.000,5.549,5.578,1.0000
3302.1059,195.4455,-7.7073,0.0000,0.000,5.551,5.578,1.0000
3307.1036,195.2265,-12.7002,0.0000,0.000,5.553,5.579,1.0000
3312.1012,195.0069,-17.6929,0.0000,0.000,5.555,5.579,1.0000
3317.0988,194.7870,-22.6858,0.0000,0.000,5.558,5.579,1.0000
3322.0968,194.5668,-27.6788,0.0000,0.000,5.560,5.580,1.0000
3327.0952,194.3465,-32.6724,0.0000,0.000,5.562,5.580,1.0000
3332.0942,194.1264,-37.6666,0.0000,0.000,5.564,5.580,1.0000
3337.0941,193.9066,-42.6616,0.0000,0.000,5.567,5.581,1.0000
3342.0950,193.6873,-47.6577,0.0000,0.000,5.569,5.581,1.0000
3347.0970,193.4688,-52.6550,0.0000,0.000,5.571,5.582,1.0000
3352.1005,193.2511,-57.6537,0.0000,0.000,5.574,5.582,1.0000
3357.1055,193.0345,-62.6540,0.0000,0.000,5.576,5.582,1.0000
3362.1122,192.8192,-67.6561,0.0000,0.000,5.578,5.583,1.0000
3367.1208,192.6053,-72.6602,0.0000,0.000,5.580,5.583,1.0000
3372.1316,192.3931,-77.6664,0.0000,0.000,5.583,5.583,1.0000
3377.1446,192.1827,-82.6750,0.0000,0.000,5.585,5.584,1.0000
3382.1600,191.9743,-87.6861,0.0000,0.000,5.587,5.584,1.0000
3387.1780,191.7681,-92.6999,0.0000,0.000,5.589,5.584,1.0000
3392.1938,191.5624,-97.7114,0.0000,0.000,5.592,5.585,1.0000
3397.1965,191.3535,-102.7098,0.0000,0.000,5.594,5.585,1.0000
3402.1750,191.1373,-107.6836,0.0000,0.000,5.596,5.586,1.0000
3407.1181,190.9098,-112.6214,0.0000,0.000,5.598,5.586,1.0000
3412.0266,190.6709,-117.5241,0.0000,0.000,5.601,5.586,1.0000
3416.9472,190.4350,-122.4391,0.0000,0.000,5.603,5.587,1.0000
3421.9377,190.2200,-127.4250,0.0000,0.000,5.605,5.587,1.0000
3427.0562,190.0440,-132.5404,0.0000,0.000,5.631,5.659,1.0000
3432.3000,189.9806,-137.7838,0.0000,0.000,5.738,5.982,1.0000
3437.4497,190.3172,-142.9225,0.0000,0.000,5.890,6.245,1.0000
3442.3161,191.3925,-147.6686,0.0000,0.000,6.096,6.424,1.0000
3446.9162,193.5448,-151.7341,0.0000,0.000,5.759,6.832,1.0000
3451.6259,197.0644,-154.8635,0.0000,0.000,5.580,7.115,1.0000
3456.7296,201.5794,-157.2434,0.0000,0.000,5.872,7.030,1.0000
3461.8834,206.2818,-159.3526,0.0000,0.000,6.164,6.946,1.0000
3466.9099,210.9082,-161.3176,0.0000,0.000,6.456,6.861,1.0000
3471.8793,215.5768,-163.0205,0.0000,0.000,6.748,6.776,1.0000
3476.8371,220.3324,-164.4221,0.0000,0.000,6.634,6.858,1.0000
3481.7963,225.1634,-165.5421,0.0000,0.000,6.449,6.969,1.0000
3486.7647,230.0570,-166.4012,0.0000,0.000,6.428,7.016,1.0000
3491.7468,235.0005,-167.0201,0.0000,0.000,6.481,7.033,1.0000
3496.7434,239.9811,-167.4195,0.0000,0.000,6.534,7.050,1.0000
3501.7524,244.9861,-167.6203,0.0000,0.000,6.619,7.091,1.0000
3506.7689,250.0025,-167.6431,0.0000,0.000,6.764,7.181,1.0000
3511.7860,255.0178,-167.5087,0.0000,0.000,6.910,7.271,1.0000
3516.7957,260.0201,-167.2353,0.0000,0.000,7.056,7.361,1.0000
3521.7965,265.0040,-166.8249,0.0000,0.000,7.101,7.319,1.0000
3526.7897,269.9666,-166.2730,0.0000,0.000,6.962,7.036,1.0000
3531.7774,274.9052,-165.5751,0.0000,0.000,6.823,6.753,1.0000
3536.7617,279.8168,-164.7267,0.0000,0.000,6.631,6.625,1.0000
3541.7457,284.6987,-163.7233,0.0000,0.000,6.364,6.716,1.0000
3546.7324,289.5479,-162.5603,0.0000,0.000,6.097,6.807,1.0000
3551.7257,294.3617,-161.2334,0.0000,0.000,5.928,6.837,1.0000
3556.7296,299.1370,-159.7381,0.0000,0.000,6.081,6.667,1.0000
3561.7427,303.8646,-158.0708,0.0000,0.000,6.234,6.498,1.0000
3566.7570,308.5285,-156.2290,0.0000,0.000,6.386,6.328,1.0000
3571.7655,313.1121,-154.2103,0.0000,0.000,6.404,6.334,1.0000
3576.7618,317.5990,-152.0124,0.0000,0.000,6.240,6.575,1.0000
3581.7427,321.9745,-149.6324,0.0000,0.000,6.076,6.816,1.0000
3586.7122,326.2298,-147.0656,0.0000,0.000,5.912,7.058,1.0000
3591.6765,330.3573,-144.3073,0.0000,0.000,5.901,7.048,1.0000
3596.6433,334.3497,-141.3526,0.0000,0.000,5.955,6.931,1.0000
3601.6199,338.2010,-138.2009,0.0000,0.000,6.009,6.814,1.0000
3606.6090,341.9114,-134.8655,0.0000,0.000,6.063,6.696,1.0000
3611.6106,345.4822,-131.3633,0.0000,0.000,6.152,6.586,1.0000
3616.6228,348.9145,-127.7109,0.0000,0.000,6.337,6.495,1.0000
3621.6421,352.2098,-123.9247,0.0000,0.000,6.522,6.404,1.0000
3626.6637,355.3692,-120.0216,0.0000,0.000,6.707,6.313,1.0000
3631.6815,358.3941,-116.0180,0.0000,0.000,6.452,6.478,1.0000
3636.6884,361.2857,-111.9306,0.0000,0.000,6.172,6.658,1.0000
3641.6768,364.0453,-107.7749,0.0000,0.000,5.892,6.838,1.0000
3646.6490,366.6727,-103.5536,0.0000,0.000,5.878,6.818,1.0000
3651.6139,369.1672,-99.2609,0.0000,0.000,6.037,6.667,1.0000
3656.5810,371.5280,-94.8907,0.0000,0.000,6.196,6.517,1.0000
3661.5600,373.7542,-90.4371,0.0000,0.000,6.338,6.384,1.0000
3666.5569,375.8546,-85.9030,0.0000,0.000,6.315,6.419,1.0000
3671.5687,377.8552,-81.3079,0.0000,0.000,6.291,6.455,1.0000
3676.5890,379.7844,-76.6730,0.0000,0.000,6.268,6.490,1.0000
3681.6100,381.6701,-72.0196,0.0000,0.000,6.245,6.525,1.0000
3686.6239,383.5376,-67.3665,0.0000,0.000,6.221,6.561,1.0000
3691.6297,385.3930,-62.7173,0.0000,0.000,6.198,6.596,1.0000
3696.6291,387.2358,-58.0698,0.0000,0.000,6.164,6.580,1.0000
3701.6240,389.0653,-53.4221,0.0000,0.000,6.103,6.428,1.0000
3706.6159,390.8808,-48.7720,0.0000,0.000,6.041,6.277,1.0000
3711.6066,392.6816,-44.1175,0.0000,0.000,5.980,6.125,1.0000
3716.5980,394.4671,-39.4564,0.0000,0.000,5.919,5.973,1.0000
3721.5917,396.2366,-34.7867,0.0000,0.000,5.857,5.822,1.0000
3726.5895,397.9901,-30.1067,0.0000,0.000,5.796,5.670,1.0000
3731.5914,399.7468,-25.4234,0.0000,0.000,5.735,5.519,1.0000
3736.5959,401.5464,-20.7536,0.0000,0.000,5.673,5.367,1.0000
3741.6025,403.4297,-16.1147,0.0000,0.000,5.657,5.257,1.0000
3746.6133,405.4377,-11.5239,0.0000,0.000,5.702,5.203,1.0000
3751.6238,407.6313,-7.0191,0.0000,0.000,5.748,5.150,1.0000
3756.6128,410.1373,-2.7052,0.0000,0.000,5.794,5.096,1.0000
3761.5918,413.0305,1.3470,0.0000,0.000,5.768,5.100,1.0000
3766.5817,416.1758,5.2207,0.0000,0.000,5.684,5.152,1.0000
3771.5748,419.4330,9.0052,0.0000,0.000,5.600,5.204,1.0000
3776.5681,422.7798,12.7109,0.0000,0.000,5.519,5.254,1.0000
3781.5614,426.2174,16.3325,0.0000,0.000,5.558,5.240,1.0000
3786.5548,429.7472,19.8644,0.0000,0.000,5.597,5.226,1.0000
3791.5488,433.3704,23.3014,0.0000,0.000,5.636,5.212,1.0000
3796.5444,437.0883,26.6380,0.0000,0.000,5.675,5.199,1.0000
3801.5428,440.9022,29.8688,0.0000,0.000,5.699,5.201,1.0000
3806.5458,444.8134,32.9884,0.0000,0.000,5.708,5.221,1.0000
3811.5549,448.8230,35.9908,0.0000,0.000,5.717,5.241,1.0000
3816.5665,452.9311,38.8614,0.0000,0.000,5.726,5.260,1.0000
3821.5749,457.1368,41.5808,0.0000,0.000,5.837,5.362,1.0000
3826.5756,461.4394,44.1295,0.0000,0.000,6.205,5.673,1.0000
3831.5665,465.8380,46.4878,0.0000,0.000,6.573,5.983,1.0000
3836.5475,470.3318,48.6361,0.0000,0.000,6.941,6.293,1.0000
3841.5209,474.9202,50.5550,0.0000,0.000,7.095,6.458,1.0000
3846.4917,479.6022,52.2247,0.0000,0.000,7.043,6.482,1.0000
3851.4679,484.3770,53.6258,0.0000,0.000,6.991,6.507,1.0000
3856.4593,489.2413,54.7450,0.0000,0.000,6.928,6.469,1.0000
3861.4688,494.1763,55.6054,0.0000,0.000,6.836,6.266,1.0000
3866.4913,499.1583,56.2428,0.0000,0.000,6.744,6.062,1.0000
3871.5164,504.1632,56.6929,0.0000,0.000,6.653,5.858,1.0000
3876.5296,509.1676,56.9898,0.0000,0.000,6.561,5.654,1.0000
3881.5223,514.1583,57.1298,0.0000,0.000,6.623,5.689,1.0000
3886.4971,519.1327,57.0702,0.0000,0.000,6.870,6.013,1.0000
3891.4624,524.0887,56.7668,0.0000,0.000,7.117,6.337,1.0000
3896.4331,529.0244,56.1779,0.0000,0.000,7.365,6.660,1.0000
3901.4238,533.9422,55.3275,0.0000,0.000,7.612,6.984,1.0000
3906.4353,538.8486,54.3068,0.0000,0.000,7.657,7.029,1.0000
3911.4586,543.7506,53.2096,0.0000,0.000,7.698,7.067,1.0000
3916.4805,548.6550,52.1299,0.0000,0.000,7.739,7.105,1.0000
3921.4857,553.5463,51.0683,0.0000,0.000,7.779,7.143,1.0000
3926.4597,558.3415,49.7462,0.0000,0.000,7.820,7.181,1.0000
3931.4332,562.9850,47.9649,0.0000,0.000,7.850,7.202,1.0000
3936.4271,567.5410,45.9199,0.0000,0.000,7.849,7.176,1.0000
3941.4250,572.0768,43.8210,0.0000,0.000,7.849,7.150,1.0000
3946.4233,576.6041,41.7029,0.0000,0.000,7.848,7.123,1.0000
3951.4219,581.1238,39.5678,0.0000,0.000,7.847,7.097,1.0000
3956.4210,585.6370,37.4179,0.0000,0.000,7.846,7.070,1.0000
3961.4207,590.1449,35.2555,0.0000,0.000,7.845,7.044,1.0000
3966.4209,594.6484,33.0828,0.0000,0.000,7.844,7.018,1.0000
3971.4218,599.1486,30.9019,0.0000,0.000,7.843,6.991,1.0000
3976.4233,603.6467,28.7150,0.0000,0.000,7.843,6.965,1.0000
3981.4254,608.1437,26.5245,0.0000,0.000,7.842,6.938,1.0000
3986.4279,612.6407,24.3331,0.0000,0.000,7.841,6.912,1.0000
3991.4305,617.1389,22.1442,0.0000,0.000,7.840,6.885,1.0000
3996.4328,621.6396,19.9608,0.0000,0.000,7.839,6.859,1.0000
4001.4345,626.1439,17.7863,0.0000,0.000,7.838,6.833,1.0000
4006.4353,630.6529,15.6238,0.0000,0.000,7.838,6.806,1.0000
4011.4349,635.1680,13.4766,0.0000,0.000,7.837,6.780,1.0000
4016.4331,639.6902,11.3478,0.0000,0.000,7.836,6.753,1.0000
4021.4297,644.2206,9.2405,0.0000,0.000,7.835,6.727,1.0000
4026.4251,648.7541,7.1426,0.0000,0.000,7.834,6.701,1.0000
4031.4205,653.2749,5.0174,0.0000,0.000,7.833,6.674,1.0000
4036.4182,657.7663,2.8254,0.0000,0.000,7.832,6.648,1.0000
4041.4222,662.2115,0.5276,0.0000,0.000,7.832,6.621,1.0000
4046.4333,666.5844,-1.9198,0.0000,0.000,7.831,6.595,1.0000
4051.4272,670.8089,-4.5830,0.0000,0.000,7.807,6.625,1.0000
4056.3861,674.7926,-7.5360,0.0000,0.000,7.745,6.747,1.0000
4061.3184,678.4433,-10.8527,0.0000,0.000,7.683,6.870,1.0000
4066.2655,681.6940,-14.5818,0.0000,0.000,7.621,6.992,1.0000
4071.2646,684.6102,-18.6423,0.0000,0.000,7.373,6.870,1.0000
4076.3101,687.2998,-22.9111,0.0000,0.000,7.111,6.731,1.0000
4081.3667,689.8709,-27.2652,0.0000,0.000,6.850,6.591,1.0000
4086.3872,692.4278,-31.5858,0.0000,0.000,6.717,6.462,1.0000
4091.3606,694.9922,-35.8471,0.0000,0.000,6.726,6.343,1.0000
4096.3113,697.5075,-40.1113,0.0000,0.000,6.735,6.225,1.0000
4101.2677,699.9143,-44.4441,0.0000,0.000,6.744,6.106,1.0000
4106.2621,702.1519,-48.9091,0.0000,0.000,6.752,5.988,1.0000
4111.2895,704.1410,-53.5264,0.0000,0.000,6.521,5.896,1.0000
4116.3139,705.7845,-58.2743,0.0000,0.000,6.177,5.816,1.0000
4121.3156,706.9845,-63.1299,0.0000,0.000,5.833,5.737,1.0000
4126.2995,707.6433,-68.0701,0.0000,0.000,6.043,5.587,1.0000
4131.2817,707.6824,-73.0521,0.0000,0.000,6.338,5.427,1.0000
4136.2465,707.0761,-77.9798,0.0000,0.000,6.458,5.342,1.0000
4141.1797,705.8083,-82.7474,0.0000,0.000,6.412,5.327,1.0000
4146.0842,703.8627,-87.2494,0.0000,0.000,6.366,5.312,1.0000
4150.9969,701.2602,-91.4161,0.0000,0.000,6.251,5.417,1.0000
4155.9698,698.1239,-95.2754,0.0000,0.000,6.119,5.551,1.0000
4161.0088,694.5944,-98.8716,0.0000,0.000,5.987,5.684,1.0000
4166.0799,690.8119,-102.2494,0.0000,0.000,5.951,5.692,1.0000
4171.1290,686.9074,-105.4507,0.0000,0.000,5.966,5.634,1.0000
4176.1416,682.9267,-108.4970,0.0000,0.000,5.981,5.577,1.0000
4181.1292,678.8700,-111.3986,0.0000,0.000,6.002,5.531,1.0000
4186.1028,674.7372,-114.1657,0.0000,0.000,6.045,5.530,1.0000
4191.0727,670.5282,-116.8085,0.0000,0.000,6.088,5.529,1.0000
4196.0462,666.2471,-119.3399,0.0000,0.000,6.130,5.528,1.0000
4201.0261,661.9043,-121.7768,0.0000,0.000,6.135,5.583,1.0000
4206.0132,657.5107,-124.1366,0.0000,0.000,6.108,5.685,1.0000
4211.0075,653.0775,-126.4364,0.0000,0.000,6.081,5.787,1.0000
4216.0079,648.6155,-128.6936,0.0000,0.000,6.054,5.890,1.0000
4221.0129,644.1357,-130.9255,0.0000,0.000,6.027,5.992,1.0000
4226.0203,639.6492,-133.1492,0.0000,0.000,6.000,6.094,1.0000
4231.0281,635.1667,-135.3821,0.0000,0.000,5.973,6.196,1.0000
4236.0345,630.6978,-137.6389,0.0000,0.000,5.946,6.299,1.0000
4241.0394,626.2437,-139.9213,0.0000,0.000,5.919,6.401,1.0000
4246.0431,621.8033,-142.2278,0.0000,0.000,5.898,6.484,1.0000
4251.0457,617.3757,-144.5565,0.0000,0.000,5.902,6.483,1.0000
4256.0475,612.9598,-146.9056,0.0000,0.000,5.905,6.482,1.0000
4261.0487,608.5547,-149.2734,0.0000,0.000,5.909,6.481,1.0000
4266.0494,604.1593,-151.6581,0.0000,0.000,5.913,6.479,1.0000
4271.0497,599.7725,-154.0580,0.0000,0.000,5.917,6.478,1.0000
4276.0497,595.3934,-156.4713,0.0000,0.000,5.921,6.477,1.0000
4281.0496,591.0210,-158.8962,0.0000,0.000,5.925,6.476,1.0000
4286.0493,586.6541,-161.3309,0.0000,0.000,5.929,6.475,1.0000
4291.0489,582.2919,-163.7737,0.0000,0.000,5.933,6.474,1.0000
4296.0485,577.9333,-166.2229,0.0000,0.000,5.937,6.473,1.0000
4301.0481,573.5772,-168.6766,0.0000,0.000,5.940,6.471,1.0000
4306.0477,569.2227,-171.1330,0.0000,0.000,5.944,6.470,1.0000
4311.0473,564.8688,-173.5905,0.0000,0.000,5.948,6.469,1.0000
4316.0470,560.5143,-176.0473,0.0000,0.000,5.952,6.468,1.0000
4321.0468,556.1586,-178.5020,0.0000,0.000,5.956,6.467,1.0000
4326.0466,551.8016,-180.9546,0.0000,0.000,5.960,6.466,1.0000
4331.0465,547.4434,-183.4051,0.0000,0.000,5.964,6.465,1.0000
4336.0465,543.0840,-185.8537,0.0000,0.000,5.968,6.464,1.0000
4341.0466,538.7235,-188.3005,0.0000,0.000,5.972,6.462,1.0000
4346.0467,534.3620,-190.7455,0.0000,0.000,5.975,6.461,1.0000
4351.0469,529.9994,-193.1888,0.0000,0.000,5.979,6.460,1.0000
4356.0471,525.6359,-195.6305,0.0000,0.000,5.983,6.459,1.0000
4361.0474,521.2715,-198.0708,0.0000,0.000,5.987,6.458,1.0000
4366.0477,516.9063,-200.5097,0.0000,0.000,5.991,6.457,1.0000
4371.0481,512.5403,-202.9474,0.0000,0.000,5.995,6.456,1.0000
4376.0486,508.1736,-205.3838,0.0000,0.000,5.999,6.455,1.0000
4381.0491,503.8062,-207.8191,0.0000,0.000,6.003,6.453,1.0000
4386.0496,499.4382,-210.2535,0.0000,0.000,6.007,6.452,1.0000
4391.0502,495.0697,-212.6869,0.0000,0.000,6.011,6.451,1.0000
4396.0508,490.7006,-215.1195,0.0000,0.000,6.014,6.450,1.0000
4401.0514,486.3311,-217.5514,0.0000,0.000,6.018,6.449,1.0000
4406.0521,481.9613,-219.9827,0.0000,0.000,6.022,6.448,1.0000
4411.0528,477.5911,-222.4135,0.0000,0.000,6.026,6.447,1.0000
4416.0535,473.2207,-224.8438,0.0000,0.000,6.030,6.446,1.0000
4421.0543,468.8500,-227.2738,0.0000,0.000,6.034,6.444,1.0000
4426.0550,464.4792,-229.7035,0.0000,0.000,6.038,6.443,1.0000
4431.0558,460.1083,-232.1331,0.0000,0.000,6.042,6.442,1.0000
4436.0566,455.7373,-234.5626,0.0000,0.000,6.046,6.441,1.0000
4441.0574,451.3664,-236.9922,0.0000,0.000,6.049,6.440,1.0000
4446.0582,446.9956,-239.4219,0.0000,0.000,6.053,6.439,1.0000
4451.0590,442.6248,-241.8518,0.0000,0.000,6.057,6.438,1.0000
4456.0597,438.2543,-244.2821,0.0000,0.000,6.061,6.436,1.0000
4461.0605,433.8840,-246.7127,0.0000,0.000,6.065,6.435,1.0000
4466.0613,429.5140,-249.1439,0.0000,0.000,6.069,6.434,1.0000
4471.0620,425.1443,-251.5757,0.0000,0.000,6.073,6.433,1.0000
4476.0627,420.7751,-254.0082,0.0000,0.000,6.077,6.432,1.0000
4481.0634,416.4063,-256.4415,0.0000,0.000,6.081,6.431,1.0000
4486.0641,412.0381,-258.8757,0.0000,0.000,6.084,6.430,1.0000
4491.0648,407.6703,-261.3107,0.0000,0.000,6.088,6.429,1.0000
4496.0654,403.3031,-263.7466,0.0000,0.000,6.092,6.427,1.0000
4501.0660,398.9363,-266.1833,0.0000,0.000,6.096,6.426,1.0000
4506.0666,394.5700,-268.6206,0.0000,0.000,6.100,6.425,1.0000
4511.0671,390.2040,-271.0586,0.0000,0.000,6.104,6.424,1.0000
4516.0677,385.8383,-273.4971,0.0000,0.000,6.108,6.423,1.0000
4521.0682,381.4730,-275.9362,0.0000,0.000,6.112,6.422,1.0000
4526.0687,377.1079,-278.3757,0.0000,0.000,6.116,6.421,1.0000
4531.0692,372.7430,-280.8156,0.0000,0.000,6.119,6.420,1.0000
4536.0697,368.3784,-283.2557,0.0000,0.000,6.123,6.418,1.0000
4541.0701,364.0139,-285.6961,0.0000,0.000,6.127,6.417,1.0000
4546.0706,359.6495,-288.1367,0.0000,0.000,6.131,6.416,1.0000
4551.0710,355.2852,-290.5774,0.0000,0.000,6.135,6.415,1.0000
4556.0714,350.9209,-293.0182,0.0000,0.000,6.139,6.414,1.0000
4561.0718,346.5566,-295.4589,0.0000,0.000,6.143,6.413,1.0000
4566.0722,342.1923,-297.8996,0.0000,0.000,6.147,6.412,1.0000
4571.0726,337.8280,-300.3401,0.0000,0.000,6.151,6.411,1.0000
4576.0730,333.4635,-302.7804,0.0000,0.000,6.154,6.409,1.0000
4581.0733,329.0988,-305.2204,0.0000,0.000,6.158,6.408,1.0000
4586.0737,324.7340,-307.6600,0.0000,0.000,6.162,6.407,1.0000
4591.0740,320.3690,-310.0993,0.0000,0.000,6.166,6.406,1.0000
4596.0744,316.0037,-312.5381,0.0000,0.000,6.170,6.405,1.0000
4601.0747,311.6381,-314.9763,0.0000,0.000,6.174,6.404,1.0000
4606.0751,307.2721,-317.4140,0.0000,0.000,6.178,6.403,1.0000
4611.0754,302.9058,-319.8509,0.0000,0.000,6.182,6.401,1.0000
4616.0758,298.5391,-322.2872,0.0000,0.000,6.186,6.400,1.0000
4621.0761,294.1720,-324.7226,0.0000,0.000,6.189,6.399,1.0000
4626.0765,289.8043,-327.1572,0.0000,0.000,6.193,6.398,1.0000
4631.0768,285.4362,-329.5908,0.0000,0.000,6.197,6.397,1.0000
4636.0772,281.0674,-332.0235,0.0000,0.000,6.201,6.396,1.0000
4641.0775,276.6981,-334.4551,0.0000,0.000,6.205,6.395,1.0000
4646.0779,272.3282,-336.8855,0.0000,0.000,6.209,6.394,1.0000
4651.0783,267.9575,-339.3148,0.0000,0.000,6.213,6.392,1.0000
4656.0787,263.5862,-341.7429,0.0000,0.000,6.217,6.391,1.0000
4661.0791,259.2143,-344.1699,0.0000,0.000,6.221,6.390,1.0000
4666.0795,254.8420,-346.5962,0.0000,0.000,6.225,6.389,1.0000
4671.0799,250.4695,-349.0223,0.0000,0.000,6.228,6.388,1.0000
4676.0804,246.0971,-351.4486,0.0000,0.000,6.232,6.387,1.0000
4681.0808,241.7250,-353.8754,0.0000,0.000,6.236,6.386,1.0000
4686.0813,237.3534,-356.3031,0.0000,0.000,6.240,6.385,1.0000
4691.0818,232.9826,-358.7323,0.0000,0.000,6.244,6.383,1.0000
4696.0824,228.6126,-361.1631,0.0000,0.000,6.248,6.382,1.0000
4701.0830,224.2438,-363.5962,0.0000,0.000,6.252,6.381,1.0000
4706.0836,219.8765,-366.0317,0.0000,0.000,6.256,6.380,1.0000
4711.0842,215.5107,-368.4703,0.0000,0.000,6.260,6.379,1.0000
4716.0849,211.1467,-370.9122,0.0000,0.000,6.263,6.378,1.0000
4721.0857,206.7848,-373.3579,0.0000,0.000,6.267,6.377,1.0000
4726.0865,202.4252,-375.8077,0.0000,0.000,6.271,6.375,1.0000
4731.0874,198.0680,-378.2620,0.0000,0.000,6.275,6.374,1.0000
4736.0884,193.7135,-380.7214,0.0000,0.000,6.279,6.373,1.0000
4741.0894,189.3619,-383.1859,0.0000,0.000,6.283,6.372,1.0000
4746.0905,185.0128,-385.6550,0.0000,0.000,6.332,6.388,1.0000
4751.0917,180.6655,-388.1273,0.0000,0.000,6.382,6.404,1.0000
4756.0928,176.3194,-390.6018,0.0000,0.000,6.433,6.420,1.0000
4761.0940,171.9738,-393.0771,0.0000,0.000,6.484,6.436,1.0000
4766.0950,167.6282,-395.5522,0.0000,0.000,6.535,6.452,1.0000
4771.0959,163.2818,-398.0257,0.0000,0.000,6.585,6.468,1.0000
4776.0967,158.9341,-400.4966,0.0000,0.000,6.636,6.485,1.0000
4781.0972,154.5845,-402.9635,0.0000,0.000,6.687,6.501,1.0000
4786.0976,150.2322,-405.4254,0.0000,0.000,6.737,6.517,1.0000
4791.0976,145.8766,-407.8810,0.0000,0.000,6.788,6.533,1.0000
4796.0974,141.5171,-410.3291,0.0000,0.000,6.839,6.549,1.0000
4801.0969,137.1532,-412.7685,0.0000,0.000,6.889,6.565,1.0000
4806.0961,132.7840,-415.1980,0.0000,0.000,6.940,6.582,1.0000
4811.0950,128.4090,-417.6164,0.0000,0.000,6.991,6.598,1.0000
4816.0937,124.0277,-420.0225,0.0000,0.000,7.041,6.614,1.0000
4821.0920,119.6392,-422.4152,0.0000,0.000,7.092,6.630,1.0000
4826.0902,115.2432,-424.7936,0.0000,0.000,7.105,6.702,1.0000
4831.0884,110.8399,-427.1587,0.0000,0.000,7.118,6.774,1.0000
4836.0871,106.4299,-429.5120,0.0000,0.000,7.131,6.846,1.0000
4841.0864,102.0135,-431.8547,0.0000,0.000,7.145,6.918,1.0000
4846.0867,97.5912,-434.1884,0.0000,0.000,7.158,6.990,1.0000
4851.0882,93.1634,-436.5145,0.0000,0.000,7.171,7.062,1.0000
4856.0912,88.7307,-438.8342,0.0000,0.000,7.184,7.134,1.0000
4861.0960,84.2935,-441.1491,0.0000,0.000,7.197,7.206,1.0000
4866.1028,79.8521,-443.4605,0.0000,0.000,7.210,7.278,1.0000
4871.1107,75.4074,-445.7677,0.0000,0.000,7.223,7.350,1.0000
4876.1162,70.9604,-448.0654,0.0000,0.000,7.236,7.422,1.0000
4881.1155,66.5124,-450.3475,0.0000,0.000,7.249,7.494,1.0000
4886.1049,62.0645,-452.6081,0.0000,0.000,7.262,7.566,1.0000
4891.0826,57.6187,-454.8471,0.0000,0.000,7.275,7.638,1.0000
4896.0615,53.1820,-457.1065,0.0000,0.000,7.288,7.710,1.0000
4901.0614,48.7637,-459.4470,0.0000,0.000,7.301,7.782,1.0000
4906.1052,44.3731,-461.9293,0.0000,0.000,7.315,7.854,1.0000
4911.1960,40.0068,-464.5469,0.0000,0.000,7.361,7.656,1.0000
4916.1756,35.5697,-466.8071,0.0000,0.000,7.480,6.880,1.0000
4920.9694,30.9306,-468.0153,0.0000,0.000,7.387,6.623,1.0000
4925.8121,26.0906,-467.8545,0.0000,0.000,7.467,7.070,1.0000
4930.8725,21.2218,-466.4754,0.0000,0.000,8.245,7.921,1.0000
4935.9985,16.7278,-464.0097,0.0000,0.000,9.414,8.673,1.0000
4940.9037,13.2649,-460.5355,0.0000,0.000,10.586,9.426,1.0000
4945.7605,10.8921,-456.2978,0.0000,0.000,10.453,9.325,1.0000
4950.7199,8.9320,-451.7422,0.0000,0.000,10.252,9.180,1.0000
4955.7244,6.9889,-447.1303,0.0000,0.000,10.050,9.035,1.0000
4960.7506,5.0529,-442.4919,0.0000,0.000,9.849,8.889,1.0000
4965.7788,3.1362,-437.8434,0.0000,0.000,9.647,8.744,1.0000
4970.7892,1.2506,-433.2013,0.0000,0.000,9.446,8.599,1.0000
4975.7699,-0.6011,-428.5776,0.0000,0.000,9.244,8.454,1.0000
4980.7362,-2.4505,-423.9685,0.0000,0.000,9.043,8.308,1.0000
4985.7095,-4.3363,-419.3666,0.0000,0.000,8.841,8.163,1.0000
4990.7118,-6.2976,-414.7648,0.0000,0.000,8.639,8.018,1.0000
4995.7548,-8.3386,-410.1533,0.0000,0.000,8.438,7.872,1.0000
5000.8073,-10.3409,-405.5145,0.0000,0.000,8.236,7.727,1.0000
5005.8333,-12.1591,-400.8289,0.0000,0.000,8.035,7.582,1.0000
5010.8130,-13.6477,-396.0769,0.0000,0.000,7.930,7.477,1.0000
5015.7565,-14.6729,-391.2408,0.0000,0.000,8.024,7.456,1.0000
5020.7041,-15.2479,-386.3268,0.0000,0.000,8.117,7.434,1.0000
5025.6798,-15.4857,-381.3567,0.0000,0.000,8.125,7.398,1.0000
5030.6836,-15.5016,-376.3530,0.0000,0.000,8.063,7.350,1.0000
5035.6995,-15.4105,-371.3379,0.0000,0.000,8.002,7.301,1.0000
5040.7123,-15.2919,-366.3265,0.0000,0.000,7.941,7.253,1.0000
5045.7210,-15.1570,-361.3196,0.0000,0.000,7.879,7.205,1.0000
5050.7262,-15.0090,-356.3166,0.0000,0.000,7.818,7.156,1.0000
5055.7287,-14.8512,-351.3167,0.0000,0.000,7.756,7.108,1.0000
5060.7290,-14.6867,-346.3191,0.0000,0.000,7.695,7.060,1.0000
5065.7277,-14.5187,-341.3231,0.0000,0.000,7.634,7.011,1.0000
5070.7256,-14.3505,-336.3281,0.0000,0.000,7.572,6.963,1.0000
5075.7232,-14.1853,-331.3332,0.0000,0.000,7.511,6.914,1.0000
5080.7212,-14.0260,-326.3378,0.0000,0.000,7.450,6.866,1.0000
5085.7195,-13.8726,-321.3418,0.0000,0.000,7.388,6.818,1.0000
5090.7182,-13.7247,-316.3453,0.0000,0.000,7.327,6.769,1.0000
5095.7174,-13.5814,-311.3482,0.0000,0.000,7.265,6.721,1.0000
5100.7168,-13.4422,-306.3507,0.0000,0.000,7.204,6.673,1.0000
5105.7166,-13.3062,-301.3527,0.0000,0.000,7.143,6.624,1.0000
5110.7167,-13.1728,-296.3544,0.0000,0.000,7.081,6.576,1.0000
5115.7170,-13.0413,-291.3558,0.0000,0.000,7.020,6.528,1.0000
5120.7176,-12.9109,-286.3570,0.0000,0.000,6.959,6.479,1.0000
5125.7183,-12.7811,-281.3579,0.0000,0.000,6.897,6.431,1.0000
5130.7192,-12.6510,-276.3588,0.0000,0.000,6.836,6.382,1.0000
5135.7201,-12.5200,-271.3595,0.0000,0.000,6.775,6.334,1.0000
5140.7212,-12.3874,-266.3602,0.0000,0.000,6.713,6.286,1.0000
5145.7223,-12.2525,-261.3609,0.0000,0.000,6.652,6.237,1.0000
5150.7234,-12.1146,-256.3617,0.0000,0.000,6.590,6.189,1.0000
5155.7245,-11.9730,-251.3627,0.0000,0.000,6.529,6.141,1.0000
5160.7255,-11.8269,-246.3638,0.0000,0.000,6.468,6.092,1.0000
5165.7264,-11.6759,-241.3651,0.0000,0.000,6.406,6.044,1.0000
5170.7273,-11.5201,-236.3667,0.0000,0.000,6.345,5.996,1.0000
5175.7281,-11.3594,-231.3685,0.0000,0.000,6.284,5.947,1.0000
5180.7288,-11.1942,-226.3705,0.0000,0.000,6.222,5.899,1.0000
5185.7295,-11.0246,-221.3727,0.0000,0.000,6.161,5.851,1.0000
5190.7302,-10.8506,-216.3750,0.0000,0.000,6.100,5.802,1.0000
5195.7307,-10.6726,-211.3776,0.0000,0.000,6.038,5.754,1.0000
5200.7313,-10.4906,-206.3804,0.0000,0.000,5.977,5.705,1.0000
5205.7318,-10.3047,-201.3833,0.0000,0.000,5.919,5.660,1.0000
5210.7323,-10.1152,-196.3864,0.0000,0.000,5.923,5.671,1.0000
5215.7328,-9.9222,-191.3897,0.0000,0.000,5.927,5.682,1.0000
5220.7332,-9.7259,-186.3931,0.0000,0.000,5.932,5.693,1.0000
5225.7336,-9.5264,-181.3967,0.0000,0.000,5.937,5.701,1.0000
5230.7340,-9.3238,-176.4004,0.0000,0.000,5.942,5.709,1.0000
5235.7344,-9.1184,-171.4042,0.0000,0.000,5.947,5.717,1.0000
5240.7348,-8.9102,-166.4081,0.0000,0.000,5.952,5.725,1.0000
5245.7352,-8.6995,-161.4122,0.0000,0.000,5.957,5.733,1.0000
5250.7356,-8.4863,-156.4163,0.0000,0.000,5.962,5.741,1.0000
5255.7360,-8.2709,-151.4206,0.0000,0.000,5.967,5.749,1.0000
5260.7363,-8.0534,-146.4250,0.0000,0.000,5.972,5.757,1.0000
5265.7367,-7.8340,-141.4294,0.0000,0.000,5.977,5.765,1.0000
5270.7371,-7.6127,-136.4339,0.0000,0.000,5.982,5.773,1.0000
5275.7375,-7.3898,-131.4385,0.0000,0.000,5.987,5.781,1.0000
5280.7378,-7.1655,-126.4432,0.0000,0.000,5.992,5.789,1.0000
5285.7382,-6.9398,-121.4479,0.0000,0.000,5.997,5.797,1.0000
5290.7386,-6.7129,-116.4527,0.0000,0.000,6.002,5.805,1.0000
5295.7390,-6.4851,-111.4575,0.0000,0.000,6.007,5.813,1.0000
5300.7394,-6.2564,-106.4623,0.0000,0.000,6.012,5.821,1.0000
5305.7398,-6.0270,-101.4672,0.0000,0.000,6.017,5.829,1.0000
5310.7402,-5.7970,-96.4721,0.0000,0.000,6.022,5.837,1.0000
5315.7406,-5.5666,-91.4770,0.0000,0.000,6.027,5.845,1.0000
5320.7410,-5.3360,-86.4819,0.0000,0.000,6.032,5.853,1.0000
5325.7415,-5.1054,-81.4868,0.0000,0.000,6.037,5.861,1.0000
5330.7419,-4.8748,-76.4916,0.0000,0.000,6.042,5.869,1.0000
5335.7423,-4.6444,-71.4965,0.0000,0.000,6.047,5.877,1.0000
5340.7428,-4.4142,-66.5014,0.0000,0.000,6.052,5.885,1.0000
5345.7432,-4.1843,-61.5062,0.0000,0.000,6.057,5.893,1.0000
5350.7437,-3.9545,-56.5110,0.0000,0.000,6.062,5.901,1.0000
5355.7442,-3.7249,-51.5158,0.0000,0.000,6.067,5.909,1.0000
5360.7446,-3.4956,-46.5206,0.0000,0.000,6.072,5.917,1.0000
5365.7451,-3.2664,-41.5254,0.0000,0.000,6.077,5.925,1.0000
5370.7456,-3.0374,-36.5301,0.0000,0.000,6.082,5.933,1.0000
5375.7461,-2.8086,-31.5349,0.0000,0.000,6.087,5.941,1.0000
5380.7466,-2.5799,-26.5396,0.0000,0.000,6.092,5.949,1.0000
5385.7471,-2.3515,-21.5444,0.0000,0.000,6.097,5.957,1.0000
5390.7476,-2.1232,-16.5491,0.0000,0.000,6.102,5.965,1.0000
5395.7481,-1.8950,-11.5538,0.0000,0.000,6.107,5.973,1.0000
5400.7486,-1.6671,-6.5585,0.0000,0.000,6.112,5.981,1.0000
