# Circuit Gilles Villeneuve — TUMFTM racetrack-database (LGPL-3.0), flat 2-D centre line + measured widths; upstream commit e59595d.
s_m,x_m,y_m,z_m,banking_deg,width_left_m,width_right_m,grip_scale
0.0000,0.1234,-0.7393,0.0000,0.000,5.699,5.388,1.0000
4.9971,1.2266,-5.6130,0.0000,0.000,5.669,5.352,1.0000
9.9937,2.3278,-10.4868,0.0000,0.000,5.636,5.314,1.0000
14.9899,3.4191,-15.3624,0.0000,0.000,5.603,5.276,1.0000
19.9856,4.4886,-20.2422,0.0000,0.000,5.570,5.238,1.0000
24.9809,5.5245,-25.1289,0.0000,0.000,5.537,5.200,1.0000
29.9763,6.5150,-30.0251,0.0000,0.000,5.504,5.162,1.0000
34.9724,7.4481,-34.9334,0.0000,0.000,5.471,5.124,1.0000
39.9705,8.3121,-39.8562,0.0000,0.000,5.469,5.147,1.0000
44.9717,9.0970,-44.7955,0.0000,0.000,5.477,5.189,1.0000
49.9760,9.8019,-49.7498,0.0000,0.000,5.485,5.232,1.0000
54.9823,10.4288,-54.7168,0.0000,0.000,5.493,5.274,1.0000
59.9899,10.9795,-59.6940,0.0000,0.000,5.501,5.317,1.0000
64.9976,11.4560,-64.6790,0.0000,0.000,5.509,5.359,1.0000
70.0043,11.8603,-69.6693,0.0000,0.000,5.560,5.378,1.0000
75.0087,12.1941,-74.6626,0.0000,0.000,5.659,5.370,1.0000
80.0101,12.4597,-79.6569,0.0000,0.000,5.758,5.362,1.0000
85.0090,12.6596,-84.6518,0.0000,0.000,5.856,5.354,1.0000
90.0062,12.7963,-89.6471,0.0000,0.000,5.955,5.345,1.0000
95.0023,12.8726,-94.6426,0.0000,0.000,6.052,5.342,1.0000
99.9978,12.8909,-99.6381,0.0000,0.000,6.091,5.492,1.0000
104.9932,12.8541,-104.6333,0.0000,0.000,6.130,5.641,1.0000
109.9887,12.7646,-109.6281,0.0000,0.000,6.170,5.790,1.0000
114.9848,12.6251,-114.6222,0.0000,0.000,6.209,5.940,1.0000
119.9815,12.4383,-119.6154,0.0000,0.000,6.248,6.089,1.0000
124.9790,12.2066,-124.6075,0.0000,0.000,6.286,6.230,1.0000
129.9773,11.9329,-129.5983,0.0000,0.000,6.296,6.204,1.0000
134.9764,11.6196,-134.5877,0.0000,0.000,6.306,6.177,1.0000
139.9763,11.2694,-139.5752,0.0000,0.000,6.316,6.151,1.0000
144.9767,10.8850,-144.5609,0.0000,0.000,6.326,6.124,1.0000
149.9777,10.4694,-149.5446,0.0000,0.000,6.335,6.098,1.0000
154.9792,10.0259,-154.5264,0.0000,0.000,6.345,6.071,1.0000
159.9811,9.5581,-159.5064,0.0000,0.000,6.355,6.045,1.0000
164.9834,9.0693,-164.4847,0.0000,0.000,6.349,6.054,1.0000
169.9858,8.5630,-169.4614,0.0000,0.000,6.333,6.086,1.0000
174.9882,8.0426,-174.4367,0.0000,0.000,6.316,6.117,1.0000
179.9903,7.5114,-179.4105,0.0000,0.000,6.300,6.149,1.0000
184.9920,6.9730,-184.3831,0.0000,0.000,6.284,6.180,1.0000
189.9928,6.4306,-189.3544,0.0000,0.000,6.268,6.211,1.0000
194.9926,5.8879,-194.3247,0.0000,0.000,6.251,6.243,1.0000
199.9911,5.3481,-199.2939,0.0000,0.000,6.235,6.274,1.0000
204.9880,4.8147,-204.2623,0.0000,0.000,6.219,6.306,1.0000
209.9831,4.2911,-209.2298,0.0000,0.000,6.202,6.337,1.0000
214.9767,3.7754,-214.1967,0.0000,0.000,6.195,6.372,1.0000
219.9719,3.2409,-219.1633,0.0000,0.000,6.206,6.414,1.0000
224.9732,2.6532,-224.1299,0.0000,0.000,6.288,6.361,1.0000
229.9857,1.9802,-229.0970,0.0000,0.000,6.391,6.279,1.0000
235.0052,1.2949,-234.0696,0.0000,0.000,6.495,6.196,1.0000
240.0163,0.8283,-239.0589,0.0000,0.000,6.553,6.266,1.0000
245.0343,0.8239,-244.0769,0.0000,0.000,6.557,6.526,1.0000
250.0747,1.4825,-249.0741,0.0000,0.000,6.072,6.826,1.0000
255.0482,2.8942,-253.8430,0.0000,0.000,6.051,6.844,1.0000
259.9022,5.1311,-258.1508,0.0000,0.000,6.216,6.814,1.0000
264.6883,8.2561,-261.7759,0.0000,0.000,6.360,6.834,1.0000
269.5678,12.1623,-264.7001,0.0000,0.000,6.547,6.774,1.0000
274.6009,16.5969,-267.0806,0.0000,0.000,6.518,6.727,1.0000
279.7146,21.3035,-269.0800,0.0000,0.000,6.379,6.688,1.0000
284.8271,26.1016,-270.8455,0.0000,0.000,6.239,6.649,1.0000
289.9218,30.9192,-272.5025,0.0000,0.000,6.100,6.610,1.0000
294.9800,35.6931,-274.1744,0.0000,0.000,5.961,6.570,1.0000
299.9857,40.3599,-275.9849,0.0000,0.000,5.821,6.531,1.0000
304.9366,44.8562,-278.0573,0.0000,0.000,5.999,6.143,1.0000
309.8569,49.1186,-280.5153,0.0000,0.000,6.184,5.861,1.0000
314.8047,53.0826,-283.4763,0.0000,0.000,6.361,6.072,1.0000
319.7958,56.6633,-286.9532,0.0000,0.000,6.608,6.285,1.0000
324.7890,59.7589,-290.8711,0.0000,0.000,7.495,6.849,1.0000
329.7505,62.2670,-295.1519,0.0000,0.000,7.842,6.706,1.0000
334.6652,64.0850,-299.7180,0.0000,0.000,7.268,6.824,1.0000
339.5476,65.1106,-304.4915,0.0000,0.000,6.985,6.927,1.0000
344.4524,65.2413,-309.3945,0.0000,0.000,6.886,6.965,1.0000
349.4682,64.3917,-314.3379,0.0000,0.000,6.667,6.917,1.0000
354.5909,62.6122,-319.1416,0.0000,0.000,6.613,6.845,1.0000
359.7336,60.0185,-323.5822,0.0000,0.000,7.082,6.647,1.0000
364.8023,56.7265,-327.4365,0.0000,0.000,7.255,6.665,1.0000
369.7758,52.8601,-330.5648,0.0000,0.000,6.937,6.846,1.0000
374.7274,48.5617,-333.0230,0.0000,0.000,6.644,6.827,1.0000
379.6802,43.9761,-334.8946,0.0000,0.000,6.291,6.448,1.0000
384.6182,39.2298,-336.2567,0.0000,0.000,6.069,5.810,1.0000
389.5593,34.3719,-337.1598,0.0000,0.000,5.863,5.238,1.0000
394.5237,29.4315,-337.6470,0.0000,0.000,5.462,5.010,1.0000
399.5188,24.4377,-337.7618,0.0000,0.000,5.014,4.922,1.0000
404.5414,19.4197,-337.5475,0.0000,0.000,4.710,4.908,1.0000
409.5795,14.4065,-337.0474,0.0000,0.000,4.663,4.910,1.0000
414.6138,9.4272,-336.3049,0.0000,0.000,4.630,4.744,1.0000
419.6303,4.5001,-335.3615,0.0000,0.000,4.599,4.566,1.0000
424.6354,-0.3809,-334.2542,0.0000,0.000,4.636,4.490,1.0000
429.6350,-5.2256,-333.0194,0.0000,0.000,4.680,4.423,1.0000
434.6321,-10.0437,-331.6936,0.0000,0.000,4.695,4.394,1.0000
439.6276,-14.8447,-330.3134,0.0000,0.000,4.668,4.423,1.0000
444.6211,-19.6384,-328.9151,0.0000,0.000,4.642,4.452,1.0000
449.6116,-24.4342,-327.5347,0.0000,0.000,4.615,4.481,1.0000
454.5996,-29.2369,-326.1878,0.0000,0.000,4.570,4.512,1.0000
459.5867,-34.0448,-324.8629,0.0000,0.000,4.516,4.543,1.0000
464.5744,-38.8556,-323.5466,0.0000,0.000,4.461,4.574,1.0000
469.5640,-43.6673,-322.2257,0.0000,0.000,4.406,4.606,1.0000
474.5572,-48.4776,-320.8869,0.0000,0.000,4.352,4.637,1.0000
479.5555,-53.2844,-319.5167,0.0000,0.000,4.297,4.668,1.0000
484.5605,-58.0854,-318.1023,0.0000,0.000,4.373,4.563,1.0000
489.5716,-62.8765,-316.6340,0.0000,0.000,4.507,4.399,1.0000
494.5858,-67.6520,-315.1052,0.0000,0.000,4.641,4.234,1.0000
499.6008,-72.4063,-313.5092,0.0000,0.000,4.774,4.070,1.0000
504.6144,-77.1337,-311.8395,0.0000,0.000,4.777,4.060,1.0000
509.6249,-81.8286,-310.0894,0.0000,0.000,4.729,4.111,1.0000
514.6308,-86.4852,-308.2522,0.0000,0.000,4.681,4.161,1.0000
519.6314,-91.0980,-306.3215,0.0000,0.000,4.598,4.247,1.0000
524.6262,-95.6613,-304.2905,0.0000,0.000,4.480,4.369,1.0000
529.6155,-100.1694,-302.1526,0.0000,0.000,4.361,4.491,1.0000
534.6002,-104.6166,-299.9013,0.0000,0.000,4.278,4.585,1.0000
539.5816,-108.9974,-297.5298,0.0000,0.000,4.325,4.578,1.0000
544.5621,-113.3059,-295.0316,0.0000,0.000,4.372,4.571,1.0000
549.5445,-117.5367,-292.4001,0.0000,0.000,4.419,4.564,1.0000
554.5324,-121.6872,-289.6336,0.0000,0.000,4.575,4.387,1.0000
559.5284,-125.7676,-286.7509,0.0000,0.000,4.733,4.208,1.0000
564.5329,-129.7916,-283.7757,0.0000,0.000,4.891,4.029,1.0000
569.5443,-133.7726,-280.7317,0.0000,0.000,5.025,3.889,1.0000
574.5598,-137.7240,-277.6426,0.0000,0.000,4.900,4.175,1.0000
579.5760,-141.6594,-274.5322,0.0000,0.000,4.775,4.460,1.0000
584.5887,-145.5922,-271.4242,0.0000,0.000,4.649,4.746,1.0000
589.5943,-149.5344,-268.3396,0.0000,0.000,4.524,5.031,1.0000
594.5931,-153.4863,-265.2785,0.0000,0.000,4.529,5.011,1.0000
599.5867,-157.4431,-262.2321,0.0000,0.000,4.563,4.923,1.0000
604.5769,-161.3999,-259.1915,0.0000,0.000,4.598,4.836,1.0000
609.5651,-165.3520,-256.1477,0.0000,0.000,4.632,4.748,1.0000
614.5532,-169.2943,-253.0919,0.0000,0.000,4.667,4.660,1.0000
619.5427,-173.2223,-250.0150,0.0000,0.000,4.701,4.572,1.0000
624.5353,-177.1320,-246.9103,0.0000,0.000,4.736,4.484,1.0000
629.5310,-181.0247,-243.7791,0.0000,0.000,4.746,4.449,1.0000
634.5295,-184.9023,-240.6249,0.0000,0.000,4.739,4.453,1.0000
639.5305,-188.7671,-237.4512,0.0000,0.000,4.731,4.458,1.0000
644.5334,-192.6212,-234.2613,0.0000,0.000,4.723,4.462,1.0000
649.5377,-196.4667,-231.0589,0.0000,0.000,4.715,4.467,1.0000
654.5430,-200.3058,-227.8472,0.0000,0.000,4.708,4.471,1.0000
659.5487,-204.1406,-224.6298,0.0000,0.000,4.700,4.476,1.0000
664.5542,-207.9732,-221.4102,0.0000,0.000,4.659,4.509,1.0000
669.5590,-211.8058,-218.1917,0.0000,0.000,4.612,4.547,1.0000
674.5624,-215.6405,-214.9779,0.0000,0.000,4.566,4.584,1.0000
679.5639,-219.4795,-211.7721,0.0000,0.000,4.519,4.622,1.0000
684.5629,-223.3249,-208.5779,0.0000,0.000,4.473,4.660,1.0000
689.5589,-227.1785,-205.3982,0.0000,0.000,4.426,4.698,1.0000
694.5516,-231.0272,-202.2179,0.0000,0.000,4.380,4.736,1.0000
699.5408,-234.8394,-198.9994,0.0000,0.000,4.371,4.729,1.0000
704.5281,-238.5823,-195.7032,0.0000,0.000,4.517,4.536,1.0000
709.5185,-242.2228,-192.2900,0.0000,0.000,4.664,4.343,1.0000
714.5214,-245.7283,-188.7205,0.0000,0.000,4.638,4.336,1.0000
719.5528,-249.0657,-184.9554,0.0000,0.000,4.565,4.379,1.0000
724.6278,-252.1921,-180.9577,0.0000,0.000,4.837,4.431,1.0000
729.6644,-254.9196,-176.7236,0.0000,0.000,5.288,4.601,1.0000
734.5562,-256.9523,-172.2741,0.0000,0.000,5.390,4.843,1.0000
739.3144,-257.9916,-167.6307,0.0000,0.000,5.086,4.813,1.0000
744.1225,-257.8577,-162.8245,0.0000,0.000,4.577,4.547,1.0000
749.1325,-256.8244,-157.9222,0.0000,0.000,4.288,4.347,1.0000
754.2943,-255.2734,-152.9990,0.0000,0.000,4.276,4.304,1.0000
759.4633,-253.5628,-148.1212,0.0000,0.000,4.288,4.274,1.0000
764.5750,-251.8851,-143.2926,0.0000,0.000,4.300,4.245,1.0000
769.6127,-250.3620,-138.4907,0.0000,0.000,4.340,4.203,1.0000
774.5702,-249.1154,-133.6926,0.0000,0.000,4.360,4.254,1.0000
779.4615,-248.2667,-128.8754,0.0000,0.000,4.327,4.368,1.0000
784.3315,-247.9377,-124.0165,0.0000,0.000,4.181,4.414,1.0000
789.2649,-248.2499,-119.0931,0.0000,0.000,3.910,4.523,1.0000
794.3145,-249.3352,-114.1615,0.0000,0.000,4.155,4.519,1.0000
799.3292,-251.3625,-109.5747,0.0000,0.000,4.201,4.412,1.0000
804.3077,-254.3392,-105.5843,0.0000,0.000,4.645,4.340,1.0000
809.3246,-257.6573,-101.8213,0.0000,0.000,4.646,4.362,1.0000
814.3357,-260.9116,-98.0108,0.0000,0.000,4.647,4.384,1.0000
819.3412,-264.1144,-94.1641,0.0000,0.000,4.649,4.405,1.0000
824.3434,-267.3028,-90.3096,0.0000,0.000,4.650,4.427,1.0000
829.3438,-270.5013,-86.4661,0.0000,0.000,4.652,4.449,1.0000
834.3428,-273.7099,-82.6327,0.0000,0.000,4.653,4.471,1.0000
839.3407,-276.9251,-78.8062,0.0000,0.000,4.655,4.492,1.0000
844.3379,-280.1436,-74.9835,0.0000,0.000,4.656,4.514,1.0000
849.3346,-283.3621,-71.1614,0.0000,0.000,4.657,4.536,1.0000
854.3311,-286.5772,-67.3367,0.0000,0.000,4.659,4.558,1.0000
859.3279,-289.7857,-63.5061,0.0000,0.000,4.660,4.579,1.0000
864.3251,-292.9841,-59.6666,0.0000,0.000,4.662,4.601,1.0000
869.3231,-296.1691,-55.8148,0.0000,0.000,4.648,4.608,1.0000
874.3225,-299.3374,-51.9475,0.0000,0.000,4.584,4.562,1.0000
879.3236,-302.4856,-48.0617,0.0000,0.000,4.519,4.516,1.0000
884.3270,-305.6105,-44.1541,0.0000,0.000,4.455,4.471,1.0000
889.3334,-308.7086,-40.2214,0.0000,0.000,4.391,4.425,1.0000
894.3434,-311.7779,-36.2618,0.0000,0.000,4.326,4.380,1.0000
899.3551,-314.8330,-32.2888,0.0000,0.000,4.262,4.334,1.0000
904.3651,-317.9000,-28.3274,0.0000,0.000,4.197,4.288,1.0000
909.3699,-321.0054,-24.4025,0.0000,0.000,4.133,4.243,1.0000
914.3675,-324.1757,-20.5392,0.0000,0.000,4.069,4.197,1.0000
919.3578,-327.4375,-16.7625,0.0000,0.000,4.004,4.151,1.0000
924.3433,-330.8171,-13.0974,0.0000,0.000,4.020,4.235,1.0000
929.3292,-334.3377,-9.5668,0.0000,0.000,4.013,4.340,1.0000
934.3178,-338.0006,-6.1802,0.0000,0.000,3.984,4.461,1.0000
939.3091,-341.7983,-2.9413,0.0000,0.000,4.252,4.372,1.0000
944.3028,-345.7232,0.1462,0.0000,0.000,4.395,4.321,1.0000
949.2983,-349.7677,3.0783,0.0000,0.000,4.084,4.445,1.0000
954.2949,-353.9242,5.8514,0.0000,0.000,3.954,4.467,1.0000
959.2918,-358.1850,8.4617,0.0000,0.000,4.178,4.288,1.0000
964.2879,-362.5265,10.9339,0.0000,0.000,4.402,4.109,1.0000
969.2776,-366.8672,13.3949,0.0000,0.000,4.624,3.933,1.0000
974.2556,-371.1128,15.9939,0.0000,0.000,4.410,4.116,1.0000
979.2336,-375.1711,18.8767,0.0000,0.000,4.215,4.302,1.0000
984.2367,-379.0160,22.0780,0.0000,0.000,4.185,4.509,1.0000
989.2650,-382.6980,25.5024,0.0000,0.000,4.198,4.657,1.0000
994.2991,-386.2719,29.0477,0.0000,0.000,4.539,4.352,1.0000
999.3139,-389.7485,32.6618,0.0000,0.000,4.856,4.062,1.0000
1004.2964,-393.0517,36.3920,0.0000,0.000,4.626,4.118,1.0000
1009.2475,-396.0951,40.2973,0.0000,0.000,4.437,4.129,1.0000
1014.1880,-398.8013,44.4307,0.0000,0.000,4.321,4.062,1.0000
1019.1502,-401.2095,48.7693,0.0000,0.000,4.229,4.131,1.0000
1024.1443,-403.4388,53.2382,0.0000,0.000,4.227,4.703,1.0000
1029.1615,-405.6072,57.7626,0.0000,0.000,4.352,4.984,1.0000
1034.1888,-407.7612,62.3052,0.0000,0.000,4.770,4.588,1.0000
1039.2163,-409.8642,66.8717,0.0000,0.000,5.188,4.193,1.0000
1044.2353,-411.8750,71.4703,0.0000,0.000,4.975,4.378,1.0000
1049.2398,-413.7525,76.1092,0.0000,0.000,4.738,4.585,1.0000
1054.2270,-415.4556,80.7966,0.0000,0.000,4.556,4.513,1.0000
1059.1988,-416.9431,85.5406,0.0000,0.000,4.396,4.325,1.0000
1064.1627,-418.1774,90.3486,0.0000,0.000,4.283,4.214,1.0000
1069.1302,-419.1635,95.2173,0.0000,0.000,4.306,4.328,1.0000
1074.1094,-419.9352,100.1363,0.0000,0.000,4.330,4.441,1.0000
1079.1032,-420.5271,105.0950,0.0000,0.000,4.364,4.281,1.0000
1084.1109,-420.9736,110.0827,0.0000,0.000,4.398,4.122,1.0000
1089.1284,-421.3091,115.0890,0.0000,0.000,4.414,4.073,1.0000
1094.1494,-421.5682,120.1032,0.0000,0.000,4.414,4.115,1.0000
1099.1667,-421.7820,125.1160,0.0000,0.000,4.409,4.151,1.0000
1104.1788,-421.9613,130.1249,0.0000,0.000,4.317,4.111,1.0000
1109.1865,-422.1089,135.1304,0.0000,0.000,4.226,4.070,1.0000
1114.1905,-422.2277,140.1330,0.0000,0.000,4.135,4.030,1.0000
1119.1914,-422.3205,145.1330,0.0000,0.000,4.142,4.065,1.0000
1124.1898,-422.3902,150.1310,0.0000,0.000,4.149,4.101,1.0000
1129.1864,-422.4395,155.1273,0.0000,0.000,4.156,4.136,1.0000
1134.1816,-422.4714,160.1224,0.0000,0.000,4.163,4.171,1.0000
1139.1759,-422.4887,165.1167,0.0000,0.000,4.170,4.207,1.0000
1144.1698,-422.4942,170.1106,0.0000,0.000,4.177,4.242,1.0000
1149.1639,-422.4907,175.1047,0.0000,0.000,4.184,4.278,1.0000
1154.1584,-422.4811,180.0992,0.0000,0.000,4.191,4.313,1.0000
1159.1540,-422.4682,185.0947,0.0000,0.000,4.198,4.348,1.0000
1164.1509,-422.4549,190.0916,0.0000,0.000,4.206,4.384,1.0000
1169.1494,-422.4436,195.0901,0.0000,0.000,4.213,4.419,1.0000
1174.1493,-422.4357,200.0900,0.0000,0.000,4.220,4.454,1.0000
1179.1505,-422.4326,205.0912,0.0000,0.000,4.227,4.490,1.0000
1184.1527,-422.4359,210.0935,0.0000,0.000,4.234,4.525,1.0000
1189.1558,-422.4469,215.0966,0.0000,0.000,4.241,4.560,1.0000
1194.1596,-422.4671,220.1003,0.0000,0.000,4.248,4.596,1.0000
1199.1638,-422.4979,225.1044,0.0000,0.000,4.255,4.631,1.0000
1204.1684,-422.5406,230.1088,0.0000,0.000,4.262,4.666,1.0000
1209.1731,-422.5968,235.1132,0.0000,0.000,4.270,4.702,1.0000
1214.1779,-422.6679,240.1174,0.0000,0.000,4.277,4.737,1.0000
1219.1825,-422.7553,245.1213,0.0000,0.000,4.284,4.773,1.0000
1224.1868,-422.8603,250.1245,0.0000,0.000,4.291,4.808,1.0000
1229.1908,-422.9845,255.1270,0.0000,0.000,4.296,4.833,1.0000
1234.1919,-423.1419,260.1256,0.0000,0.000,4.255,4.667,1.0000
1239.1624,-423.4975,265.0833,0.0000,0.000,4.258,4.495,1.0000
1244.0882,-424.3160,269.9407,0.0000,0.000,4.387,4.324,1.0000
1249.0338,-425.8634,274.6379,0.0000,0.000,4.344,4.259,1.0000
1254.1059,-428.3203,279.0753,0.0000,0.000,4.591,4.329,1.0000
1259.2250,-431.5818,283.0209,0.0000,0.000,4.449,4.462,1.0000
1264.2679,-435.4841,286.2151,0.0000,0.000,4.330,4.522,1.0000
1269.1847,-439.8673,288.4427,0.0000,0.000,4.228,4.902,1.0000
1274.0906,-444.5949,289.7535,0.0000,0.000,4.760,4.803,1.0000
1279.0645,-449.5391,290.2959,0.0000,0.000,4.968,4.909,1.0000
1284.0982,-454.5722,290.2177,0.0000,0.000,4.973,4.940,1.0000
1289.1176,-459.5501,289.5736,0.0000,0.000,4.689,4.935,1.0000
1294.0620,-464.3220,288.2792,0.0000,0.000,4.410,4.826,1.0000
1299.0257,-468.9854,286.5787,0.0000,0.000,4.341,4.507,1.0000
1304.0680,-473.7356,284.8875,0.0000,0.000,4.477,4.074,1.0000
1309.1115,-478.5769,283.4737,0.0000,0.000,4.480,4.100,1.0000
1314.0916,-483.4753,282.5754,0.0000,0.000,4.447,4.419,1.0000
1319.0151,-488.3965,282.4234,0.0000,0.000,4.524,4.468,1.0000
1323.9577,-493.2976,283.0627,0.0000,0.000,4.540,4.318,1.0000
1328.9534,-498.1264,284.3429,0.0000,0.000,4.568,4.271,1.0000
1333.9766,-502.8306,286.1045,0.0000,0.000,4.537,4.536,1.0000
1338.9918,-507.3714,288.2337,0.0000,0.000,4.590,4.653,1.0000
1344.0016,-511.7335,290.6974,0.0000,0.000,4.847,4.280,1.0000
1349.0102,-515.9043,293.4706,0.0000,0.000,4.721,4.297,1.0000
1354.0187,-519.8710,296.5285,0.0000,0.000,4.523,4.414,1.0000
1359.0254,-523.6208,299.8460,0.0000,0.000,4.347,4.573,1.0000
1364.0265,-527.1411,303.3983,0.0000,0.000,4.392,4.633,1.0000
1369.0167,-530.4195,307.1605,0.0000,0.000,4.514,4.660,1.0000
1373.9974,-533.4532,311.1107,0.0000,0.000,4.659,4.564,1.0000
1378.9761,-536.2496,315.2299,0.0000,0.000,4.845,4.241,1.0000
1383.9575,-538.8162,319.4992,0.0000,0.000,4.845,4.129,1.0000
1388.9437,-541.1606,323.8998,0.0000,0.000,4.611,4.285,1.0000
1393.9342,-543.2906,328.4129,0.0000,0.000,4.670,4.191,1.0000
1398.9262,-545.2138,333.0196,0.0000,0.000,4.651,4.190,1.0000
1403.9158,-546.9386,337.7016,0.0000,0.000,4.545,4.292,1.0000
1408.9052,-548.4829,342.4459,0.0000,0.000,4.440,4.393,1.0000
1413.8988,-549.8698,347.2431,0.0000,0.000,4.444,4.371,1.0000
1418.8988,-551.1227,352.0836,0.0000,0.000,4.447,4.349,1.0000
1423.9052,-552.2648,356.9579,0.0000,0.000,4.451,4.328,1.0000
1428.9160,-553.3195,361.8565,0.0000,0.000,4.455,4.306,1.0000
1433.9282,-554.3100,366.7698,0.0000,0.000,4.458,4.290,1.0000
1438.9382,-555.2571,371.6895,0.0000,0.000,4.448,4.319,1.0000
1443.9453,-556.1663,376.6134,0.0000,0.000,4.438,4.349,1.0000
1448.9498,-557.0380,381.5414,0.0000,0.000,4.429,4.378,1.0000
1453.9521,-557.8728,386.4735,0.0000,0.000,4.419,4.408,1.0000
1458.9524,-558.6710,391.4097,0.0000,0.000,4.423,4.424,1.0000
1463.9511,-559.4332,396.3500,0.0000,0.000,4.537,4.337,1.0000
1468.9486,-560.1599,401.2943,0.0000,0.000,4.651,4.250,1.0000
1473.9450,-560.8514,406.2426,0.0000,0.000,4.765,4.163,1.0000
1478.9406,-561.5083,411.1949,0.0000,0.000,4.763,4.129,1.0000
1483.9358,-562.1310,416.1511,0.0000,0.000,4.656,4.144,1.0000
1488.9307,-562.7200,421.1112,0.0000,0.000,4.549,4.158,1.0000
1493.9257,-563.2757,426.0752,0.0000,0.000,4.442,4.173,1.0000
1498.9209,-563.7986,431.0430,0.0000,0.000,4.334,4.188,1.0000
1503.9167,-564.2893,436.0146,0.0000,0.000,4.227,4.202,1.0000
1508.9131,-564.7492,440.9898,0.0000,0.000,4.188,4.207,1.0000
1513.9104,-565.1820,445.9684,0.0000,0.000,4.154,4.212,1.0000
1518.9087,-565.5912,450.9498,0.0000,0.000,4.120,4.216,1.0000
1523.9078,-565.9806,455.9337,0.0000,0.000,4.086,4.221,1.0000
1528.9078,-566.3539,460.9198,0.0000,0.000,4.053,4.225,1.0000
1533.9087,-566.7147,465.9077,0.0000,0.000,4.019,4.229,1.0000
1538.9103,-567.0668,470.8969,0.0000,0.000,4.018,4.240,1.0000
1543.9126,-567.4138,475.8871,0.0000,0.000,4.046,4.257,1.0000
1548.9153,-567.7595,480.8778,0.0000,0.000,4.075,4.273,1.0000
1553.9184,-568.1075,485.8688,0.0000,0.000,4.103,4.290,1.0000
1558.9218,-568.4615,490.8597,0.0000,0.000,4.132,4.306,1.0000
1563.9253,-568.8252,495.8500,0.0000,0.000,4.161,4.323,1.0000
1568.9289,-569.2023,500.8393,0.0000,0.000,4.189,4.339,1.0000
1573.9325,-569.5960,505.8274,0.0000,0.000,4.218,4.356,1.0000
1578.9360,-570.0041,510.8142,0.0000,0.000,4.246,4.372,1.0000
1583.9392,-570.4215,515.8000,0.0000,0.000,4.275,4.389,1.0000
1588.9421,-570.8428,520.7851,0.0000,0.000,4.303,4.405,1.0000
1593.9443,-571.2628,525.7697,0.0000,0.000,4.332,4.422,1.0000
1598.9458,-571.6763,530.7540,0.0000,0.000,4.361,4.438,1.0000
1603.9463,-572.0779,535.7384,0.0000,0.000,4.389,4.455,1.0000
1608.9458,-572.4624,540.7231,0.0000,0.000,4.418,4.472,1.0000
1613.9441,-572.8245,545.7083,0.0000,0.000,4.447,4.476,1.0000
1618.9413,-573.1590,550.6942,0.0000,0.000,4.480,4.418,1.0000
1623.9375,-573.4606,555.6813,0.0000,0.000,4.513,4.360,1.0000
1628.9327,-573.7240,560.6696,0.0000,0.000,4.546,4.303,1.0000
1633.9275,-573.9440,565.6595,0.0000,0.000,4.579,4.245,1.0000
1638.9221,-574.1153,570.6512,0.0000,0.000,4.612,4.188,1.0000
1643.9172,-574.2346,575.6448,0.0000,0.000,4.548,4.199,1.0000
1648.9131,-574.3043,580.6402,0.0000,0.000,4.485,4.209,1.0000
1653.9100,-574.3280,585.6371,0.0000,0.000,4.421,4.220,1.0000
1658.9082,-574.3092,590.6352,0.0000,0.000,4.347,4.247,1.0000
1663.9076,-574.2514,595.6343,0.0000,0.000,4.216,4.364,1.0000
1668.9083,-574.1581,600.6341,0.0000,0.000,4.084,4.482,1.0000
1673.9101,-574.0328,605.6344,0.0000,0.000,3.999,4.534,1.0000
1678.9130,-573.8790,610.6349,0.0000,0.000,4.111,4.326,1.0000
1683.9166,-573.7002,615.6353,0.0000,0.000,4.190,4.257,1.0000
1688.9207,-573.5000,620.6354,0.0000,0.000,4.268,4.188,1.0000
1693.9249,-573.2818,625.6349,0.0000,0.000,4.347,4.119,1.0000
1698.9290,-573.0491,630.6336,0.0000,0.000,4.425,4.050,1.0000
1703.9325,-572.8055,635.6311,0.0000,0.000,4.500,3.985,1.0000
1708.9350,-572.5545,640.6273,0.0000,0.000,4.468,4.064,1.0000
1713.9362,-572.2984,645.6220,0.0000,0.000,4.436,4.144,1.0000
1718.9362,-572.0361,650.6151,0.0000,0.000,4.404,4.223,1.0000
1723.9352,-571.7659,655.6068,0.0000,0.000,4.372,4.302,1.0000
1728.9332,-571.4863,660.5969,0.0000,0.000,4.340,4.381,1.0000
1733.9305,-571.1954,665.5857,0.0000,0.000,4.308,4.460,1.0000
1738.9272,-570.8918,670.5732,0.0000,0.000,4.276,4.539,1.0000
1743.9234,-570.5736,675.5593,0.0000,0.000,4.264,4.521,1.0000
1748.9195,-570.2392,680.5442,0.0000,0.000,4.273,4.398,1.0000
1753.9157,-569.8869,685.5279,0.0000,0.000,4.283,4.275,1.0000
1758.9120,-569.5151,690.5104,0.0000,0.000,4.292,4.152,1.0000
1763.9089,-569.1221,695.4918,0.0000,0.000,4.302,4.029,1.0000
1768.9066,-568.7062,700.4722,0.0000,0.000,4.317,3.952,1.0000
1773.9054,-568.2658,705.4515,0.0000,0.000,4.344,3.963,1.0000
1778.9055,-567.7991,710.4298,0.0000,0.000,4.372,3.974,1.0000
1783.9070,-567.3047,715.4069,0.0000,0.000,4.399,3.985,1.0000
1788.9096,-566.7811,720.3819,0.0000,0.000,4.427,3.997,1.0000
1793.9128,-566.2270,725.3543,0.0000,0.000,4.375,4.049,1.0000
1798.9163,-565.6408,730.3234,0.0000,0.000,4.263,4.132,1.0000
1803.9199,-565.0212,735.2885,0.0000,0.000,4.150,4.215,1.0000
1808.9233,-564.3667,740.2489,0.0000,0.000,4.038,4.298,1.0000
1813.9263,-563.6760,745.2040,0.0000,0.000,4.006,4.368,1.0000
1818.9287,-562.9477,750.1531,0.0000,0.000,4.030,4.429,1.0000
1823.9303,-562.1802,755.0954,0.0000,0.000,4.053,4.490,1.0000
1828.9310,-561.3723,760.0304,0.0000,0.000,4.090,4.533,1.0000
1833.9307,-560.5224,764.9574,0.0000,0.000,4.241,4.427,1.0000
1838.9293,-559.6292,769.8756,0.0000,0.000,4.393,4.321,1.0000
1843.9270,-558.6913,774.7844,0.0000,0.000,4.544,4.215,1.0000
1848.9237,-557.7079,779.6834,0.0000,0.000,4.644,4.173,1.0000
1853.9199,-556.6817,784.5731,0.0000,0.000,4.711,4.174,1.0000
1858.9159,-555.6166,789.4543,0.0000,0.000,4.778,4.176,1.0000
1863.9122,-554.5164,794.3279,0.0000,0.000,4.673,4.171,1.0000
1868.9089,-553.3849,799.1948,0.0000,0.000,4.467,4.163,1.0000
1873.9062,-552.2260,804.0559,0.0000,0.000,4.261,4.155,1.0000
1878.9042,-551.0435,808.9120,0.0000,0.000,4.056,4.147,1.0000
1883.9029,-549.8413,813.7640,0.0000,0.000,4.025,4.151,1.0000
1888.9024,-548.6231,818.6128,0.0000,0.000,4.041,4.158,1.0000
1893.9026,-547.3928,823.4592,0.0000,0.000,4.056,4.165,1.0000
1898.9033,-546.1542,828.3042,0.0000,0.000,4.072,4.172,1.0000
1903.9046,-544.9112,833.1485,0.0000,0.000,4.088,4.179,1.0000
1908.9063,-543.6676,837.9932,0.0000,0.000,4.104,4.186,1.0000
1913.9083,-542.4272,842.8389,0.0000,0.000,4.119,4.192,1.0000
1918.9105,-541.1921,847.6862,0.0000,0.000,4.135,4.199,1.0000
1923.9127,-539.9616,852.5347,0.0000,0.000,4.151,4.206,1.0000
1928.9149,-538.7348,857.3841,0.0000,0.000,4.166,4.213,1.0000
1933.9169,-537.5107,862.2340,0.0000,0.000,4.182,4.220,1.0000
1938.9186,-536.2884,867.0841,0.0000,0.000,4.198,4.227,1.0000
1943.9198,-535.0671,871.9338,0.0000,0.000,4.214,4.234,1.0000
1948.9204,-533.8457,876.7830,0.0000,0.000,4.229,4.241,1.0000
1953.9203,-532.6234,881.6312,0.0000,0.000,4.245,4.248,1.0000
1958.9193,-531.3992,886.4781,0.0000,0.000,4.261,4.255,1.0000
1963.9174,-530.1722,891.3232,0.0000,0.000,4.276,4.262,1.0000
1968.9144,-528.9414,896.1662,0.0000,0.000,4.292,4.269,1.0000
1973.9101,-527.7060,901.0067,0.0000,0.000,4.309,4.282,1.0000
1978.9044,-526.4651,905.8445,0.0000,0.000,4.330,4.307,1.0000
1983.8975,-525.2180,910.6793,0.0000,0.000,4.351,4.331,1.0000
1988.8917,-523.9688,915.5147,0.0000,0.000,4.372,4.356,1.0000
1993.8903,-522.7233,920.3557,0.0000,0.000,4.392,4.381,1.0000
1998.8971,-521.4879,925.2077,0.0000,0.000,4.413,4.406,1.0000
2003.9367,-520.2614,930.0957,0.0000,0.000,4.422,4.434,1.0000
2009.0733,-519.0030,935.0758,0.0000,0.000,4.107,4.571,1.0000
2014.0324,-517.2587,939.7180,0.0000,0.000,4.628,4.270,1.0000
2018.6087,-514.3408,943.2435,0.0000,0.000,5.503,4.079,1.0000
2023.2095,-510.2846,945.4147,0.0000,0.000,4.653,4.657,1.0000
2028.1708,-505.4003,946.2853,0.0000,0.000,4.253,4.831,1.0000
2033.3599,-500.2144,946.4683,0.0000,0.000,4.391,4.527,1.0000
2038.4784,-495.0964,946.5373,0.0000,0.000,4.554,4.200,1.0000
2043.5038,-490.0755,946.7494,0.0000,0.000,4.383,4.320,1.0000
2048.4612,-485.1527,947.3352,0.0000,0.000,4.190,4.481,1.0000
2053.4044,-480.3390,948.4591,0.0000,0.000,4.211,4.467,1.0000
2058.3562,-475.6710,950.1113,0.0000,0.000,4.266,4.555,1.0000
2063.3233,-471.1896,952.2535,0.0000,0.000,4.462,4.499,1.0000
2068.3057,-466.9358,954.8475,0.0000,0.000,4.519,4.456,1.0000
2073.2986,-462.9503,957.8551,0.0000,0.000,3.722,4.795,1.0000
2078.2944,-459.2742,961.2381,0.0000,0.000,4.397,4.408,1.0000
2083.2848,-455.9477,964.9581,0.0000,0.000,4.297,4.321,1.0000
2088.2753,-452.9741,968.9658,0.0000,0.000,4.482,4.263,1.0000
2093.2790,-450.3021,973.1964,0.0000,0.000,4.548,4.213,1.0000
2098.2923,-447.8760,977.5836,0.0000,0.000,4.438,4.290,1.0000
2103.2992,-445.6434,982.0652,0.0000,0.000,4.175,4.495,1.0000
2108.2953,-443.5821,986.6162,0.0000,0.000,3.926,4.696,1.0000
2113.2842,-441.6851,991.2303,0.0000,0.000,4.124,4.542,1.0000
2118.2689,-439.9449,995.9014,0.0000,0.000,4.322,4.388,1.0000
2123.2533,-438.3442,1000.6219,0.0000,0.000,4.349,4.344,1.0000
2128.2412,-436.8575,1005.3830,0.0000,0.000,4.312,4.342,1.0000
2133.2341,-435.4587,1010.1760,0.0000,0.000,4.276,4.339,1.0000
2138.2323,-434.1218,1014.9920,0.0000,0.000,4.240,4.337,1.0000
2143.2347,-432.8208,1019.8224,0.0000,0.000,4.210,4.360,1.0000
2148.2399,-431.5298,1024.6582,0.0000,0.000,4.199,4.455,1.0000
2153.2462,-430.2252,1029.4915,0.0000,0.000,4.188,4.551,1.0000
2158.2528,-428.9039,1034.3206,0.0000,0.000,4.177,4.646,1.0000
2163.2595,-427.5734,1039.1473,0.0000,0.000,4.243,4.602,1.0000
2168.2659,-426.2412,1043.9731,0.0000,0.000,4.321,4.537,1.0000
2173.2715,-424.9147,1048.7998,0.0000,0.000,4.398,4.472,1.0000
2178.2761,-423.6014,1053.6290,0.0000,0.000,4.476,4.408,1.0000
2183.2794,-422.3088,1058.4625,0.0000,0.000,4.553,4.343,1.0000
2188.2812,-421.0432,1063.3015,0.0000,0.000,4.631,4.279,1.0000
2193.2818,-419.8051,1068.1464,0.0000,0.000,4.708,4.214,1.0000
2198.2812,-418.5937,1072.9968,0.0000,0.000,4.543,4.234,1.0000
2203.2797,-417.4080,1077.8526,0.0000,0.000,4.360,4.259,1.0000
2208.2775,-416.2469,1082.7137,0.0000,0.000,4.177,4.285,1.0000
2213.2748,-415.1096,1087.5798,0.0000,0.000,4.061,4.297,1.0000
2218.2717,-413.9951,1092.4508,0.0000,0.000,4.060,4.284,1.0000
2223.2683,-412.9023,1097.3265,0.0000,0.000,4.060,4.271,1.0000
2228.2648,-411.8305,1102.2067,0.0000,0.000,4.059,4.259,1.0000
2233.2613,-410.7784,1107.0912,0.0000,0.000,4.059,4.246,1.0000
2238.2579,-409.7453,1111.9798,0.0000,0.000,4.058,4.233,1.0000
2243.2546,-408.7302,1116.8723,0.0000,0.000,4.063,4.234,1.0000
2248.2517,-407.7320,1121.7687,0.0000,0.000,4.072,4.243,1.0000
2253.2490,-406.7498,1126.6686,0.0000,0.000,4.081,4.253,1.0000
2258.2468,-405.7827,1131.5719,0.0000,0.000,4.089,4.263,1.0000
2263.2450,-404.8297,1136.4784,0.0000,0.000,4.098,4.273,1.0000
2268.2437,-403.8899,1141.3879,0.0000,0.000,4.107,4.283,1.0000
2273.2429,-402.9622,1146.3003,0.0000,0.000,4.111,4.304,1.0000
2278.2427,-402.0457,1151.2154,0.0000,0.000,4.113,4.329,1.0000
2283.2431,-401.1394,1156.1329,0.0000,0.000,4.116,4.354,1.0000
2288.2440,-400.2424,1161.0528,0.0000,0.000,4.118,4.379,1.0000
2293.2455,-399.3537,1165.9747,0.0000,0.000,4.120,4.404,1.0000
2298.2477,-398.4724,1170.8986,0.0000,0.000,4.132,4.406,1.0000
2303.2504,-397.5974,1175.8242,0.0000,0.000,4.166,4.359,1.0000
2308.2537,-396.7279,1180.7514,0.0000,0.000,4.200,4.311,1.0000
2313.2576,-395.8628,1185.6800,0.0000,0.000,4.233,4.264,1.0000
2318.2621,-395.0012,1190.6097,0.0000,0.000,4.267,4.217,1.0000
2323.2672,-394.1424,1195.5405,0.0000,0.000,4.301,4.170,1.0000
2328.2725,-393.2884,1200.4725,0.0000,0.000,4.334,4.123,1.0000
2333.2778,-392.4424,1205.4058,0.0000,0.000,4.351,4.107,1.0000
2338.2828,-391.6077,1210.3407,0.0000,0.000,4.349,4.126,1.0000
2343.2872,-390.7874,1215.2774,0.0000,0.000,4.346,4.146,1.0000
2348.2908,-389.9849,1220.2162,0.0000,0.000,4.343,4.165,1.0000
2353.2932,-389.2033,1225.1572,0.0000,0.000,4.341,4.185,1.0000
2358.2944,-388.4458,1230.1007,0.0000,0.000,4.338,4.205,1.0000
2363.2942,-387.7158,1235.0469,0.0000,0.000,4.336,4.224,1.0000
2368.2925,-387.0164,1239.9961,0.0000,0.000,4.286,4.201,1.0000
2373.2894,-386.3509,1244.9484,0.0000,0.000,4.233,4.175,1.0000
2378.2847,-385.7225,1249.9040,0.0000,0.000,4.180,4.159,1.0000
2383.2788,-385.1344,1254.8633,0.0000,0.000,4.119,4.283,1.0000
2388.2717,-384.5899,1259.8265,0.0000,0.000,4.058,4.406,1.0000
2393.2638,-384.0908,1264.7935,0.0000,0.000,3.998,4.592,1.0000
2398.2555,-383.6356,1269.7645,0.0000,0.000,3.938,4.802,1.0000
2403.2474,-383.2222,1274.7392,0.0000,0.000,4.038,4.724,1.0000
2408.2397,-382.8487,1279.7175,0.0000,0.000,4.139,4.645,1.0000
2413.2328,-382.5130,1284.6994,0.0000,0.000,4.240,4.566,1.0000
2418.2270,-382.2131,1289.6846,0.0000,0.000,4.341,4.487,1.0000
2423.2226,-381.9469,1294.6730,0.0000,0.000,4.442,4.407,1.0000
2428.2197,-381.7124,1299.6646,0.0000,0.000,4.457,4.404,1.0000
2433.2185,-381.5076,1304.6592,0.0000,0.000,4.432,4.437,1.0000
2438.2191,-381.3304,1309.6567,0.0000,0.000,4.406,4.471,1.0000
2443.2216,-381.1789,1314.6569,0.0000,0.000,4.380,4.505,1.0000
2448.2261,-381.0510,1319.6598,0.0000,0.000,4.354,4.538,1.0000
2453.2326,-380.9446,1324.6651,0.0000,0.000,4.328,4.572,1.0000
2458.2411,-380.8580,1329.6729,0.0000,0.000,4.302,4.606,1.0000
2463.2510,-380.7931,1334.6823,0.0000,0.000,4.276,4.639,1.0000
2468.2614,-380.7550,1339.6926,0.0000,0.000,4.241,4.642,1.0000
2473.2713,-380.7486,1344.7026,0.0000,0.000,4.167,4.508,1.0000
2478.2802,-380.7793,1349.7113,0.0000,0.000,4.093,4.374,1.0000
2483.2871,-380.8521,1354.7177,0.0000,0.000,4.051,4.281,1.0000
2488.2918,-380.9721,1359.7209,0.0000,0.000,4.066,4.259,1.0000
2493.2937,-381.1445,1364.7198,0.0000,0.000,4.081,4.238,1.0000
2498.2926,-381.3743,1369.7135,0.0000,0.000,4.096,4.216,1.0000
2503.2885,-381.6667,1374.7008,0.0000,0.000,4.111,4.194,1.0000
2508.2816,-382.0268,1379.6809,0.0000,0.000,4.126,4.173,1.0000
2513.2722,-382.4598,1384.6527,0.0000,0.000,4.142,4.176,1.0000
2518.2609,-382.9707,1389.6152,0.0000,0.000,4.160,4.208,1.0000
2523.2486,-383.5647,1394.5674,0.0000,0.000,4.157,4.272,1.0000
2528.2364,-384.2450,1399.5085,0.0000,0.000,4.112,4.395,1.0000
2533.2255,-385.0063,1404.4392,0.0000,0.000,4.099,4.446,1.0000
2538.2168,-385.8411,1409.3603,0.0000,0.000,4.134,4.390,1.0000
2543.2110,-386.7419,1414.2726,0.0000,0.000,4.169,4.334,1.0000
2548.2084,-387.7013,1419.1770,0.0000,0.000,4.200,4.338,1.0000
2553.2089,-388.7118,1424.0743,0.0000,0.000,4.230,4.356,1.0000
2558.2124,-389.7659,1428.9655,0.0000,0.000,4.240,4.360,1.0000
2563.2184,-390.8561,1433.8514,0.0000,0.000,4.239,4.357,1.0000
2568.2264,-391.9750,1438.7328,0.0000,0.000,4.239,4.355,1.0000
2573.2357,-393.1150,1443.6106,0.0000,0.000,4.238,4.352,1.0000
2578.2454,-394.2687,1448.4857,0.0000,0.000,4.237,4.349,1.0000
2583.2548,-395.4286,1453.3589,0.0000,0.000,4.236,4.346,1.0000
2588.2629,-396.5872,1458.2312,0.0000,0.000,4.235,4.343,1.0000
2593.2688,-397.7372,1463.1032,0.0000,0.000,4.234,4.340,1.0000
2598.2723,-398.8751,1467.9755,0.0000,0.000,4.234,4.338,1.0000
2603.2734,-400.0034,1472.8478,0.0000,0.000,4.233,4.335,1.0000
2608.2726,-401.1248,1477.7196,0.0000,0.000,4.232,4.332,1.0000
2613.2702,-402.2419,1482.5907,0.0000,0.000,4.231,4.329,1.0000
2618.2663,-403.3575,1487.4607,0.0000,0.000,4.230,4.326,1.0000
2623.2613,-404.4742,1492.3292,0.0000,0.000,4.229,4.324,1.0000
2628.2555,-405.5949,1497.1961,0.0000,0.000,4.229,4.321,1.0000
2633.2492,-406.7220,1502.0609,0.0000,0.000,4.228,4.318,1.0000
2638.2426,-407.8585,1506.9232,0.0000,0.000,4.227,4.315,1.0000
2643.2360,-409.0070,1511.7828,0.0000,0.000,4.226,4.312,1.0000
2648.2299,-410.1702,1516.6393,0.0000,0.000,4.225,4.310,1.0000
2653.2245,-411.3507,1521.4924,0.0000,0.000,4.225,4.307,1.0000
2658.2203,-412.5514,1526.3417,0.0000,0.000,4.224,4.304,1.0000
2663.2182,-413.7658,1531.1899,0.0000,0.000,4.223,4.301,1.0000
2668.2250,-414.9171,1536.0625,0.0000,0.000,4.222,4.298,1.0000
2673.2543,-415.8954,1540.9958,0.0000,0.000,4.228,4.297,1.0000
2678.3320,-416.5904,1546.0257,0.0000,0.000,4.595,4.379,1.0000
2683.4016,-416.8097,1551.0905,0.0000,0.000,4.932,4.146,1.0000
2688.2556,-416.1701,1555.9022,0.0000,0.000,5.073,4.249,1.0000
2692.9040,-414.2614,1560.1406,0.0000,0.000,5.117,4.728,1.0000
2697.7095,-410.8337,1563.5087,0.0000,0.000,5.347,5.085,1.0000
2702.8034,-406.2856,1565.8027,0.0000,0.000,5.366,5.379,1.0000
2708.0139,-401.1798,1566.8423,0.0000,0.000,5.533,5.543,1.0000
2713.1336,-396.0750,1566.4528,0.0000,0.000,5.786,5.580,1.0000
2718.1511,-391.3889,1564.6595,0.0000,0.000,5.935,5.782,1.0000
2723.1254,-387.3621,1561.7391,0.0000,0.000,5.857,6.197,1.0000
2728.0197,-384.2227,1557.9844,0.0000,0.000,6.359,6.048,1.0000
2732.8702,-382.0334,1553.6561,0.0000,0.000,6.587,6.119,1.0000
2737.8209,-380.5057,1548.9469,0.0000,0.000,6.468,6.201,1.0000
2742.8712,-379.3058,1544.0413,0.0000,0.000,6.502,6.272,1.0000
2747.9388,-378.1176,1539.1149,0.0000,0.000,6.535,6.343,1.0000
2752.9823,-376.8671,1534.2289,0.0000,0.000,6.580,6.508,1.0000
2757.9990,-375.6569,1529.3604,0.0000,0.000,6.631,6.732,1.0000
2762.9893,-374.5935,1524.4847,0.0000,0.000,6.683,6.957,1.0000
2767.9628,-373.7562,1519.5822,0.0000,0.000,6.833,6.988,1.0000
2772.9330,-373.1224,1514.6526,0.0000,0.000,7.081,6.830,1.0000
2777.9086,-372.6455,1509.6999,0.0000,0.000,7.328,6.672,1.0000
2782.8938,-372.2790,1504.7282,0.0000,0.000,7.205,6.573,1.0000
2787.8895,-371.9765,1499.7416,0.0000,0.000,6.874,6.506,1.0000
2792.8950,-371.6914,1494.7443,0.0000,0.000,6.543,6.439,1.0000
2797.9089,-371.3771,1489.7402,0.0000,0.000,6.213,6.372,1.0000
2802.9280,-370.9931,1484.7358,0.0000,0.000,5.882,6.306,1.0000
2807.9452,-370.5110,1479.7418,0.0000,0.000,5.365,5.941,1.0000
2812.9543,-369.9038,1474.7696,0.0000,0.000,4.653,5.142,1.0000
2817.9513,-369.1446,1469.8307,0.0000,0.000,4.521,4.833,1.0000
2822.9346,-368.2066,1464.9365,0.0000,0.000,4.527,4.693,1.0000
2827.9061,-367.0629,1460.0983,0.0000,0.000,4.559,4.766,1.0000
2832.8714,-365.6874,1455.3273,0.0000,0.000,4.607,4.827,1.0000
2837.8400,-364.0809,1450.6256,0.0000,0.000,4.786,4.610,1.0000
2842.8197,-362.2770,1445.9842,0.0000,0.000,4.829,4.469,1.0000
2847.8136,-360.3111,1441.3935,0.0000,0.000,4.618,4.471,1.0000
2852.8212,-358.2187,1436.8439,0.0000,0.000,4.407,4.474,1.0000
2857.8392,-356.0353,1432.3258,0.0000,0.000,4.389,4.434,1.0000
2862.8620,-353.7962,1427.8297,0.0000,0.000,4.373,4.394,1.0000
2867.8832,-351.5357,1423.3462,0.0000,0.000,4.348,4.377,1.0000
2872.8999,-349.2698,1418.8704,0.0000,0.000,4.321,4.368,1.0000
2877.9125,-347.0014,1414.4004,0.0000,0.000,4.294,4.359,1.0000
2882.9213,-344.7336,1409.9343,0.0000,0.000,4.267,4.350,1.0000
2887.9267,-342.4692,1405.4705,0.0000,0.000,4.317,4.375,1.0000
2892.9291,-340.2109,1401.0069,0.0000,0.000,4.404,4.416,1.0000
2897.9286,-337.9617,1396.5418,0.0000,0.000,4.490,4.458,1.0000
2902.9258,-335.7245,1392.0734,0.0000,0.000,4.577,4.499,1.0000
2907.9211,-333.5019,1387.5998,0.0000,0.000,4.664,4.540,1.0000
2912.9147,-331.2970,1383.1193,0.0000,0.000,4.751,4.581,1.0000
2917.9073,-329.1125,1378.6300,0.0000,0.000,4.838,4.622,1.0000
2922.8993,-326.9514,1374.1300,0.0000,0.000,4.876,4.702,1.0000
2927.8913,-324.8164,1369.6176,0.0000,0.000,4.867,4.818,1.0000
2932.8839,-322.7104,1365.0910,0.0000,0.000,4.859,4.934,1.0000
2937.8777,-320.6352,1360.5488,0.0000,0.000,4.925,4.928,1.0000
2942.8728,-318.5895,1355.9918,0.0000,0.000,5.051,4.822,1.0000
2947.8693,-316.5706,1351.4214,0.0000,0.000,5.177,4.717,1.0000
2952.8671,-314.5764,1346.8386,0.0000,0.000,5.198,4.761,1.0000
2957.8663,-312.6044,1342.2448,0.0000,0.000,5.214,4.813,1.0000
2962.8667,-310.6522,1337.6412,0.0000,0.000,5.230,4.865,1.0000
2967.8681,-308.7176,1333.0291,0.0000,0.000,5.246,4.917,1.0000
2972.8705,-306.7982,1328.4096,0.0000,0.000,5.261,4.968,1.0000
2977.8736,-304.8915,1323.7841,0.0000,0.000,5.277,5.020,1.0000
2982.8772,-302.9953,1319.1537,0.0000,0.000,5.293,5.072,1.0000
2987.8812,-301.1072,1314.5196,0.0000,0.000,5.309,5.124,1.0000
2992.8851,-299.2248,1309.8833,0.0000,0.000,5.325,5.175,1.0000
2997.8888,-297.3457,1305.2457,0.0000,0.000,5.340,5.227,1.0000
3002.8921,-295.4677,1300.6083,0.0000,0.000,5.356,5.279,1.0000
3007.8948,-293.5895,1295.9716,0.0000,0.000,5.372,5.331,1.0000
3012.8969,-291.7111,1291.3356,0.0000,0.000,5.388,5.368,1.0000
3017.8985,-289.8325,1286.7002,0.0000,0.000,5.406,5.377,1.0000
3022.8996,-287.9539,1282.0653,0.0000,0.000,5.423,5.386,1.0000
3027.9003,-286.0754,1277.4309,0.0000,0.000,5.441,5.394,1.0000
3032.9006,-284.1970,1272.7968,0.0000,0.000,5.458,5.403,1.0000
3037.9005,-282.3188,1268.1631,0.0000,0.000,5.476,5.412,1.0000
3042.9002,-280.4409,1263.5295,0.0000,0.000,5.493,5.420,1.0000
3047.8995,-278.5634,1258.8961,0.0000,0.000,5.511,5.429,1.0000
3052.8987,-276.6864,1254.2627,0.0000,0.000,5.528,5.438,1.0000
3057.8977,-274.8100,1249.6292,0.0000,0.000,5.546,5.446,1.0000
3062.8965,-272.9341,1244.9957,0.0000,0.000,5.563,5.455,1.0000
3067.8952,-271.0591,1240.3620,0.0000,0.000,5.581,5.464,1.0000
3072.8939,-269.1848,1235.7280,0.0000,0.000,5.598,5.472,1.0000
3077.8925,-267.3114,1231.0937,0.0000,0.000,5.615,5.481,1.0000
3082.8912,-265.4391,1226.4589,0.0000,0.000,5.633,5.490,1.0000
3087.8900,-263.5678,1221.8237,0.0000,0.000,5.650,5.499,1.0000
3092.8888,-261.6976,1217.1878,0.0000,0.000,5.668,5.507,1.0000
3097.8878,-259.8287,1212.5513,0.0000,0.000,5.685,5.516,1.0000
3102.8871,-257.9611,1207.9140,0.0000,0.000,5.703,5.525,1.0000
3107.8865,-256.0949,1203.2759,0.0000,0.000,5.720,5.533,1.0000
3112.8863,-254.2303,1198.6369,0.0000,0.000,5.738,5.542,1.0000
3117.8863,-252.3672,1193.9969,0.0000,0.000,5.755,5.551,1.0000
3122.8868,-250.5057,1189.3558,0.0000,0.000,5.796,5.585,1.0000
3127.8876,-248.6461,1184.7136,0.0000,0.000,5.847,5.630,1.0000
3132.8889,-246.7882,1180.0702,0.0000,0.000,5.898,5.676,1.0000
3137.8907,-244.9323,1175.4254,0.0000,0.000,5.949,5.721,1.0000
3142.8930,-243.0790,1170.7791,0.0000,0.000,6.000,5.766,1.0000
3147.8956,-241.2304,1166.1307,0.0000,0.000,6.051,5.811,1.0000
3152.8982,-239.3885,1161.4795,0.0000,0.000,6.102,5.857,1.0000
3157.9007,-237.5554,1156.8249,0.0000,0.000,6.153,5.902,1.0000
3162.9029,-235.7333,1152.1664,0.0000,0.000,6.204,5.947,1.0000
3167.9046,-233.9243,1147.5032,0.0000,0.000,6.255,5.992,1.0000
3172.9058,-232.1304,1142.8349,0.0000,0.000,6.306,6.038,1.0000
3177.9062,-230.3539,1138.1607,0.0000,0.000,6.357,6.083,1.0000
3182.9058,-228.5968,1133.4800,0.0000,0.000,6.408,6.128,1.0000
3187.9045,-226.8613,1128.7923,0.0000,0.000,6.459,6.173,1.0000
3192.9023,-225.1493,1124.0969,0.0000,0.000,6.452,6.119,1.0000
3197.8991,-223.4632,1119.3931,0.0000,0.000,6.370,5.937,1.0000
3202.8950,-221.8049,1114.6805,0.0000,0.000,6.223,5.723,1.0000
3207.8899,-220.1784,1109.9578,0.0000,0.000,5.947,5.447,1.0000
3212.8832,-218.6088,1105.2177,0.0000,0.000,5.700,5.256,1.0000
3217.8746,-217.1356,1100.4486,0.0000,0.000,5.593,5.464,1.0000
3222.8668,-215.7987,1095.6387,0.0000,0.000,5.492,5.674,1.0000
3227.8645,-214.6182,1090.7825,0.0000,0.000,5.609,5.934,1.0000
3232.8691,-213.5462,1085.8940,0.0000,0.000,5.727,6.194,1.0000
3237.8772,-212.5201,1080.9922,0.0000,0.000,5.717,6.180,1.0000
3242.8841,-211.4842,1076.0936,0.0000,0.000,5.646,6.034,1.0000
3247.8889,-210.4256,1071.2020,0.0000,0.000,5.575,5.887,1.0000
3252.8920,-209.3480,1066.3164,0.0000,0.000,5.504,5.740,1.0000
3257.8938,-208.2551,1061.4354,0.0000,0.000,5.433,5.594,1.0000
3262.8947,-207.1508,1056.5580,0.0000,0.000,5.361,5.447,1.0000
3267.8949,-206.0389,1051.6829,0.0000,0.000,5.290,5.301,1.0000
3272.8949,-204.9229,1046.8091,0.0000,0.000,5.219,5.154,1.0000
3277.8949,-203.8061,1041.9354,0.0000,0.000,5.174,5.073,1.0000
3282.8948,-202.6890,1037.0619,0.0000,0.000,5.157,5.062,1.0000
3287.8948,-201.5715,1032.1884,0.0000,0.000,5.140,5.050,1.0000
3292.8948,-200.4536,1027.3149,0.0000,0.000,5.123,5.039,1.0000
3297.8948,-199.3355,1022.4416,0.0000,0.000,5.107,5.027,1.0000
3302.8948,-198.2170,1017.5682,0.0000,0.000,5.090,5.016,1.0000
3307.8949,-197.0983,1012.6950,0.0000,0.000,5.073,5.004,1.0000
3312.8949,-195.9792,1007.8217,0.0000,0.000,5.056,4.993,1.0000
3317.8950,-194.8599,1002.9486,0.0000,0.000,5.039,4.981,1.0000
3322.8950,-193.7404,998.0755,0.0000,0.000,5.022,4.970,1.0000
3327.8951,-192.6206,993.2024,0.0000,0.000,5.005,4.958,1.0000
3332.8952,-191.5006,988.3294,0.0000,0.000,4.988,4.947,1.0000
3337.8953,-190.3803,983.4564,0.0000,0.000,4.971,4.935,1.0000
3342.8954,-189.2599,978.5834,0.0000,0.000,4.954,4.924,1.0000
3347.8955,-188.1393,973.7105,0.0000,0.000,4.937,4.912,1.0000
3352.8957,-187.0185,968.8376,0.0000,0.000,4.920,4.901,1.0000
3357.8958,-185.8975,963.9647,0.0000,0.000,4.906,4.889,1.0000
3362.8960,-184.7763,959.0919,0.0000,0.000,4.899,4.879,1.0000
3367.8961,-183.6550,954.2191,0.0000,0.000,4.892,4.868,1.0000
3372.8963,-182.5336,949.3463,0.0000,0.000,4.885,4.858,1.0000
3377.8965,-181.4121,944.4735,0.0000,0.000,4.878,4.847,1.0000
3382.8967,-180.2905,939.6007,0.0000,0.000,4.871,4.837,1.0000
3387.8969,-179.1687,934.7280,0.0000,0.000,4.864,4.826,1.0000
3392.8971,-178.0469,929.8553,0.0000,0.000,4.857,4.816,1.0000
3397.8973,-176.9250,924.9825,0.0000,0.000,4.850,4.805,1.0000
3402.8975,-175.8031,920.1098,0.0000,0.000,4.843,4.795,1.0000
3407.8977,-174.6811,915.2371,0.0000,0.000,4.836,4.784,1.0000
3412.8979,-173.5591,910.3644,0.0000,0.000,4.829,4.774,1.0000
3417.8982,-172.4370,905.4917,0.0000,0.000,4.822,4.763,1.0000
3422.8984,-171.3150,900.6189,0.0000,0.000,4.815,4.753,1.0000
3427.8987,-170.1929,895.7462,0.0000,0.000,4.808,4.742,1.0000
3432.8989,-169.0709,890.8735,0.0000,0.000,4.802,4.732,1.0000
3437.8992,-167.9489,886.0007,0.0000,0.000,4.795,4.721,1.0000
3442.8994,-166.8270,881.1280,0.0000,0.000,4.788,4.711,1.0000
3447.8997,-165.7050,876.2552,0.0000,0.000,4.781,4.700,1.0000
3452.9000,-164.5832,871.3824,0.0000,0.000,4.774,4.690,1.0000
3457.9003,-163.4615,866.5095,0.0000,0.000,4.767,4.679,1.0000
3462.9006,-162.3398,861.6367,0.0000,0.000,4.760,4.669,1.0000
3467.9008,-161.2182,856.7638,0.0000,0.000,4.753,4.658,1.0000
3472.9011,-160.0968,851.8909,0.0000,0.000,4.746,4.648,1.0000
3477.9014,-158.9755,847.0179,0.0000,0.000,4.739,4.637,1.0000
3482.9017,-157.8543,842.1450,0.0000,0.000,4.732,4.627,1.0000
3487.9020,-156.7332,837.2719,0.0000,0.000,4.725,4.616,1.0000
3492.9023,-155.6124,832.3989,0.0000,0.000,4.718,4.606,1.0000
3497.9026,-154.4917,827.5258,0.0000,0.000,4.711,4.595,1.0000
3502.9030,-153.3712,822.6526,0.0000,0.000,4.704,4.585,1.0000
3507.9033,-152.2509,817.7794,0.0000,0.000,4.697,4.574,1.0000
3512.9036,-151.1308,812.9062,0.0000,0.000,4.690,4.564,1.0000
3517.9039,-150.0110,808.0329,0.0000,0.000,4.684,4.553,1.0000
3522.9042,-148.8913,803.1595,0.0000,0.000,4.677,4.543,1.0000
3527.9045,-147.7720,798.2861,0.0000,0.000,4.670,4.532,1.0000
3532.9049,-146.6529,793.4126,0.0000,0.000,4.663,4.522,1.0000
3537.9052,-145.5340,788.5391,0.0000,0.000,4.656,4.511,1.0000
3542.9055,-144.4155,783.6655,0.0000,0.000,4.649,4.501,1.0000
3547.9058,-143.2973,778.7918,0.0000,0.000,4.642,4.490,1.0000
3552.9061,-142.1793,773.9180,0.0000,0.000,4.635,4.480,1.0000
3557.9065,-141.0617,769.0442,0.0000,0.000,4.628,4.469,1.0000
3562.9068,-139.9445,764.1703,0.0000,0.000,4.621,4.459,1.0000
3567.9071,-138.8276,759.2963,0.0000,0.000,4.614,4.448,1.0000
3572.9074,-137.7110,754.4223,0.0000,0.000,4.607,4.438,1.0000
3577.9077,-136.5948,749.5481,0.0000,0.000,4.600,4.427,1.0000
3582.9080,-135.4790,744.6739,0.0000,0.000,4.593,4.417,1.0000
3587.9084,-134.3636,739.7996,0.0000,0.000,4.586,4.406,1.0000
3592.9087,-133.2487,734.9251,0.0000,0.000,4.579,4.396,1.0000
3597.9090,-132.1341,730.0506,0.0000,0.000,4.572,4.385,1.0000
3602.9093,-131.0200,725.1760,0.0000,0.000,4.566,4.375,1.0000
3607.9096,-129.9063,720.3013,0.0000,0.000,4.559,4.364,1.0000
3612.9099,-128.7931,715.4265,0.0000,0.000,4.552,4.354,1.0000
3617.9102,-127.6804,710.5516,0.0000,0.000,4.545,4.343,1.0000
3622.9105,-126.5681,705.6766,0.0000,0.000,4.538,4.333,1.0000
3627.9108,-125.4564,700.8014,0.0000,0.000,4.531,4.322,1.0000
3632.9111,-124.3451,695.9262,0.0000,0.000,4.524,4.312,1.0000
3637.9114,-123.2344,691.0508,0.0000,0.000,4.517,4.301,1.0000
3642.9117,-122.1242,686.1753,0.0000,0.000,4.510,4.291,1.0000
3647.9119,-121.0145,681.2997,0.0000,0.000,4.503,4.280,1.0000
3652.9122,-119.9055,676.4240,0.0000,0.000,4.496,4.270,1.0000
3657.9125,-118.7970,671.5481,0.0000,0.000,4.491,4.264,1.0000
3662.9128,-117.6890,666.6722,0.0000,0.000,4.486,4.263,1.0000
3667.9130,-116.5817,661.7961,0.0000,0.000,4.482,4.262,1.0000
3672.9133,-115.4750,656.9198,0.0000,0.000,4.477,4.260,1.0000
3677.9135,-114.3689,652.0434,0.0000,0.000,4.473,4.259,1.0000
3682.9138,-113.2634,647.1669,0.0000,0.000,4.469,4.257,1.0000
3687.9140,-112.1586,642.2902,0.0000,0.000,4.464,4.256,1.0000
3692.9143,-111.0544,637.4134,0.0000,0.000,4.460,4.254,1.0000
3697.9145,-109.9509,632.5365,0.0000,0.000,4.455,4.253,1.0000
3702.9147,-108.8481,627.6594,0.0000,0.000,4.451,4.251,1.0000
3707.9150,-107.7460,622.7821,0.0000,0.000,4.447,4.250,1.0000
3712.9152,-106.6446,617.9047,0.0000,0.000,4.442,4.248,1.0000
3717.9154,-105.5439,613.0272,0.0000,0.000,4.438,4.247,1.0000
3722.9156,-104.4439,608.1495,0.0000,0.000,4.433,4.245,1.0000
3727.9158,-103.3447,603.2716,0.0000,0.000,4.429,4.244,1.0000
3732.9160,-102.2462,598.3935,0.0000,0.000,4.425,4.242,1.0000
3737.9162,-101.1486,593.5153,0.0000,0.000,4.420,4.241,1.0000
3742.9164,-100.0516,588.6369,0.0000,0.000,4.416,4.240,1.0000
3747.9165,-98.9555,583.7584,0.0000,0.000,4.411,4.238,1.0000
3752.9167,-97.8602,578.8796,0.0000,0.000,4.407,4.237,1.0000
3757.9169,-96.7657,574.0007,0.0000,0.000,4.403,4.235,1.0000
3762.9170,-95.6721,569.1216,0.0000,0.000,4.398,4.234,1.0000
3767.9172,-94.5792,564.2424,0.0000,0.000,4.394,4.232,1.0000
3772.9173,-93.4873,559.3629,0.0000,0.000,4.389,4.231,1.0000
3777.9175,-92.3962,554.4833,0.0000,0.000,4.385,4.229,1.0000
3782.9176,-91.3060,549.6034,0.0000,0.000,4.381,4.228,1.0000
3787.9177,-90.2166,544.7234,0.0000,0.000,4.376,4.226,1.0000
3792.9179,-89.1282,539.8432,0.0000,0.000,4.372,4.225,1.0000
3797.9180,-88.0407,534.9628,0.0000,0.000,4.367,4.223,1.0000
3802.9181,-86.9542,530.0822,0.0000,0.000,4.363,4.222,1.0000
3807.9182,-85.8685,525.2013,0.0000,0.000,4.359,4.220,1.0000
3812.9183,-84.7838,520.3203,0.0000,0.000,4.354,4.219,1.0000
3817.9184,-83.7001,515.4391,0.0000,0.000,4.350,4.217,1.0000
3822.9185,-82.6174,510.5576,0.0000,0.000,4.345,4.216,1.0000
3827.9187,-81.5355,505.6759,0.0000,0.000,4.341,4.215,1.0000
3832.9191,-80.4544,500.7938,0.0000,0.000,4.337,4.213,1.0000
3837.9198,-79.3739,495.9112,0.0000,0.000,4.332,4.212,1.0000
3842.9209,-78.2939,491.0281,0.0000,0.000,4.338,4.224,1.0000
3847.9225,-77.2143,486.1443,0.0000,0.000,4.361,4.258,1.0000
3852.9248,-76.1350,481.2599,0.0000,0.000,4.384,4.293,1.0000
3857.9278,-75.0558,476.3747,0.0000,0.000,4.407,4.327,1.0000
3862.9305,-73.9766,471.4897,0.0000,0.000,4.430,4.362,1.0000
3867.9316,-72.8972,466.6065,0.0000,0.000,4.453,4.396,1.0000
3872.9295,-71.8175,461.7266,0.0000,0.000,4.476,4.431,1.0000
3877.9229,-70.7373,456.8515,0.0000,0.000,4.499,4.465,1.0000
3882.9101,-69.6565,451.9827,0.0000,0.000,4.522,4.500,1.0000
3887.8899,-68.5749,447.1218,0.0000,0.000,4.545,4.534,1.0000
3892.8721,-67.5168,442.2533,0.0000,0.000,4.568,4.569,1.0000
3897.9349,-66.6443,437.2663,0.0000,0.000,4.569,4.552,1.0000
3903.1156,-66.2346,432.1018,0.0000,0.000,4.606,4.464,1.0000
3908.0893,-66.9387,427.1782,0.0000,0.000,4.832,4.334,1.0000
3912.7705,-69.1865,423.0719,0.0000,0.000,5.156,4.768,1.0000
3917.3423,-72.7717,420.2353,0.0000,0.000,5.470,4.809,1.0000
3922.3041,-77.1831,417.9638,0.0000,0.000,5.126,5.274,1.0000
3927.6742,-81.7847,415.1953,0.0000,0.000,5.099,5.472,1.0000
3933.0646,-85.9980,411.8332,0.0000,0.000,5.296,5.503,1.0000
3938.1253,-89.2559,407.9606,0.0000,0.000,5.461,5.480,1.0000
3942.7705,-91.0151,403.6615,0.0000,0.000,5.181,5.558,1.0000
3947.4008,-91.2776,399.0386,0.0000,0.000,5.135,5.559,1.0000
3952.2756,-90.5853,394.2132,0.0000,0.000,5.245,5.575,1.0000
3957.3007,-89.5002,389.3066,0.0000,0.000,5.286,5.548,1.0000
3962.3357,-88.3841,384.3970,0.0000,0.000,5.320,5.525,1.0000
3967.3672,-87.2678,379.4908,0.0000,0.000,5.325,5.523,1.0000
3972.3956,-86.1513,374.5879,0.0000,0.000,5.330,5.521,1.0000
3977.4210,-85.0347,369.6882,0.0000,0.000,5.334,5.519,1.0000
3982.4434,-83.9179,364.7915,0.0000,0.000,5.339,5.518,1.0000
3987.4631,-82.8010,359.8976,0.0000,0.000,5.344,5.516,1.0000
3992.4802,-81.6838,355.0065,0.0000,0.000,5.349,5.514,1.0000
3997.4948,-80.5664,350.1180,0.0000,0.000,5.354,5.512,1.0000
4002.5071,-79.4487,345.2319,0.0000,0.000,5.358,5.511,1.0000
4007.5173,-78.3309,340.3480,0.0000,0.000,5.363,5.509,1.0000
4012.5254,-77.2128,335.4663,0.0000,0.000,5.368,5.507,1.0000
4017.5316,-76.0944,330.5866,0.0000,0.000,5.373,5.506,1.0000
4022.5361,-74.9758,325.7087,0.0000,0.000,5.378,5.504,1.0000
4027.5391,-73.8568,320.8325,0.0000,0.000,5.382,5.502,1.0000
4032.5406,-72.7376,315.9578,0.0000,0.000,5.387,5.500,1.0000
4037.5408,-71.6181,311.0845,0.0000,0.000,5.392,5.499,1.0000
4042.5398,-70.4983,306.2125,0.0000,0.000,5.397,5.497,1.0000
4047.5379,-69.3782,301.3416,0.0000,0.000,5.402,5.495,1.0000
4052.5351,-68.2577,296.4716,0.0000,0.000,5.406,5.493,1.0000
4057.5316,-67.1369,291.6024,0.0000,0.000,5.411,5.492,1.0000
4062.5276,-66.0157,286.7339,0.0000,0.000,5.416,5.490,1.0000
4067.5231,-64.8942,281.8659,0.0000,0.000,5.421,5.488,1.0000
4072.5183,-63.7723,276.9983,0.0000,0.000,5.425,5.486,1.0000
4077.5135,-62.6500,272.1309,0.0000,0.000,5.430,5.485,1.0000
4082.5086,-61.5273,267.2635,0.0000,0.000,5.435,5.483,1.0000
4087.5040,-60.4042,262.3961,0.0000,0.000,5.440,5.481,1.0000
4092.4996,-59.2807,257.5284,0.0000,0.000,5.445,5.480,1.0000
4097.4957,-58.1568,252.6604,0.0000,0.000,5.449,5.478,1.0000
4102.4922,-57.0324,247.7920,0.0000,0.000,5.454,5.476,1.0000
4107.4891,-55.9077,242.9233,0.0000,0.000,5.459,5.474,1.0000
4112.4864,-54.7827,238.0543,0.0000,0.000,5.464,5.473,1.0000
4117.4841,-53.6574,233.1850,0.0000,0.000,5.469,5.471,1.0000
4122.4821,-52.5318,228.3153,0.0000,0.000,5.473,5.469,1.0000
4127.4805,-51.4059,223.4454,0.0000,0.000,5.478,5.467,1.0000
4132.4792,-50.2799,218.5752,0.0000,0.000,5.483,5.466,1.0000
4137.4783,-49.1536,213.7046,0.0000,0.000,5.488,5.464,1.0000
4142.4776,-48.0272,208.8338,0.0000,0.000,5.493,5.462,1.0000
4147.4773,-46.9007,203.9628,0.0000,0.000,5.497,5.461,1.0000
4152.4772,-45.7741,199.0915,0.0000,0.000,5.502,5.459,1.0000
4157.4773,-44.6474,194.2199,0.0000,0.000,5.507,5.457,1.0000
4162.4777,-43.5207,189.3481,0.0000,0.000,5.512,5.455,1.0000
4167.4783,-42.3940,184.4761,0.0000,0.000,5.517,5.454,1.0000
4172.4791,-41.2673,179.6038,0.0000,0.000,5.521,5.452,1.0000
4177.4801,-40.1407,174.7314,0.0000,0.000,5.526,5.450,1.0000
4182.4813,-39.0142,169.8587,0.0000,0.000,5.531,5.448,1.0000
4187.4827,-37.8877,164.9859,0.0000,0.000,5.536,5.447,1.0000
4192.4842,-36.7615,160.1128,0.0000,0.000,5.541,5.445,1.0000
4197.4858,-35.6354,155.2396,0.0000,0.000,5.545,5.443,1.0000
4202.4875,-34.5095,150.3663,0.0000,0.000,5.550,5.441,1.0000
4207.4893,-33.3839,145.4927,0.0000,0.000,5.555,5.440,1.0000
4212.4912,-32.2585,140.6191,0.0000,0.000,5.560,5.438,1.0000
4217.4932,-31.1335,135.7453,0.0000,0.000,5.565,5.436,1.0000
4222.4952,-30.0087,130.8713,0.0000,0.000,5.569,5.435,1.0000
4227.4973,-28.8844,125.9973,0.0000,0.000,5.574,5.433,1.0000
4232.4993,-27.7604,121.1231,0.0000,0.000,5.579,5.431,1.0000
4237.5014,-26.6368,116.2489,0.0000,0.000,5.584,5.429,1.0000
4242.5035,-25.5137,111.3745,0.0000,0.000,5.589,5.428,1.0000
4247.5055,-24.3911,106.5001,0.0000,0.000,5.593,5.426,1.0000
4252.5075,-23.2690,101.6256,0.0000,0.000,5.598,5.424,1.0000
4257.5094,-22.1474,96.7510,0.0000,0.000,5.603,5.422,1.0000
4262.5113,-21.0265,91.8764,0.0000,0.000,5.608,5.421,1.0000
4267.5130,-19.9061,87.0018,0.0000,0.000,5.612,5.419,1.0000
4272.5147,-18.7863,82.1271,0.0000,0.000,5.617,5.417,1.0000
4277.5162,-17.6672,77.2524,0.0000,0.000,5.622,5.416,1.0000
4282.5176,-16.5488,72.3776,0.0000,0.000,5.627,5.414,1.0000
4287.5188,-15.4311,67.5029,0.0000,0.000,5.632,5.412,1.0000
4292.5199,-14.3142,62.6281,0.0000,0.000,5.636,5.410,1.0000
4297.5208,-13.1981,57.7534,0.0000,0.000,5.641,5.409,1.0000
4302.5215,-12.0827,52.8787,0.0000,0.000,5.646,5.407,1.0000
4307.5219,-10.9683,48.0040,0.0000,0.000,5.651,5.405,1.0000
4312.5221,-9.8547,43.1293,0.0000,0.000,5.656,5.403,1.0000
4317.5221,-8.7420,38.2547,0.0000,0.000,5.660,5.402,1.0000
4322.5218,-7.6302,33.3802,0.0000,0.000,5.665,5.400,1.0000
4327.5213,-6.5194,28.5057,0.0000,0.000,5.670,5.398,1.0000
4332.5204,-5.4096,23.6313,0.0000,0.000,5.675,5.396,1.0000
4337.5193,-4.3008,18.7570,0.0000,0.000,5.680,5.395,1.0000
4342.5178,-3.1931,13.8828,0.0000,0.000,5.684,5.393,1.0000
4347.5160,-2.0865,9.0087,0.0000,0.000,5.689,5.391,1.0000
4352.5138,-0.9810,4.1346,0.0000,0.000,5.694,5.390,1.0000
