# Autódromo Hermanos Rodríguez — TUMFTM racetrack-database (LGPL-3.0), flat 2-D centre line + measured widths; upstream commit e59595d.
s_m,x_m,y_m,z_m,banking_deg,width_left_m,width_right_m,grip_scale
0.0000,-1.9086,3.2387,0.0000,0.000,6.591,7.100,1.0000
5.0026,3.0399,2.5051,0.0000,0.000,6.591,7.116,1.0000
10.0053,7.9890,1.7752,0.0000,0.000,6.591,7.133,1.0000
15.0079,12.9387,1.0488,0.0000,0.000,6.593,7.130,1.0000
20.0106,17.8888,0.3259,0.0000,0.000,6.595,7.128,1.0000
25.0133,22.8395,-0.3937,0.0000,0.000,6.597,7.126,1.0000
30.0160,27.7906,-1.1103,0.0000,0.000,6.599,7.123,1.0000
35.0187,32.7421,-1.8239,0.0000,0.000,6.601,7.121,1.0000
40.0214,37.6941,-2.5348,0.0000,0.000,6.602,7.119,1.0000
45.0241,42.6464,-3.2431,0.0000,0.000,6.604,7.117,1.0000
50.0269,47.5991,-3.9490,0.0000,0.000,6.606,7.114,1.0000
55.0296,52.5521,-4.6527,0.0000,0.000,6.608,7.112,1.0000
60.0324,57.5054,-5.3542,0.0000,0.000,6.610,7.110,1.0000
65.0351,62.4590,-6.0539,0.0000,0.000,6.612,7.108,1.0000
70.0379,67.4129,-6.7518,0.0000,0.000,6.614,7.105,1.0000
75.0407,72.3669,-7.4482,0.0000,0.000,6.616,7.103,1.0000
80.0435,77.3212,-8.1431,0.0000,0.000,6.618,7.101,1.0000
85.0462,82.2757,-8.8368,0.0000,0.000,6.620,7.099,1.0000
90.0490,87.2303,-9.5295,0.0000,0.000,6.622,7.096,1.0000
95.0518,92.1850,-10.2212,0.0000,0.000,6.623,7.094,1.0000
100.0545,97.1398,-10.9122,0.0000,0.000,6.625,7.092,1.0000
105.0573,102.0947,-11.6025,0.0000,0.000,6.627,7.089,1.0000
110.0601,107.0497,-12.2923,0.0000,0.000,6.629,7.087,1.0000
115.0628,112.0047,-12.9814,0.0000,0.000,6.631,7.085,1.0000
120.0655,116.9598,-13.6701,0.0000,0.000,6.633,7.083,1.0000
125.0683,121.9150,-14.3582,0.0000,0.000,6.635,7.080,1.0000
130.0710,126.8703,-15.0458,0.0000,0.000,6.637,7.078,1.0000
135.0737,131.8256,-15.7330,0.0000,0.000,6.639,7.076,1.0000
140.0765,136.7809,-16.4198,0.0000,0.000,6.641,7.074,1.0000
145.0792,141.7364,-17.1062,0.0000,0.000,6.643,7.071,1.0000
150.0819,146.6918,-17.7923,0.0000,0.000,6.644,7.069,1.0000
155.0846,151.6473,-18.4780,0.0000,0.000,6.646,7.067,1.0000
160.0874,156.6029,-19.1635,0.0000,0.000,6.648,7.064,1.0000
165.0901,161.5584,-19.8487,0.0000,0.000,6.650,7.062,1.0000
170.0928,166.5140,-20.5337,0.0000,0.000,6.652,7.060,1.0000
175.0956,171.4697,-21.2185,0.0000,0.000,6.654,7.058,1.0000
180.0983,176.4254,-21.9031,0.0000,0.000,6.656,7.055,1.0000
185.1010,181.3810,-22.5877,0.0000,0.000,6.658,7.053,1.0000
190.1038,186.3367,-23.2721,0.0000,0.000,6.660,7.051,1.0000
195.1065,191.2925,-23.9565,0.0000,0.000,6.662,7.049,1.0000
200.1093,196.2482,-24.6409,0.0000,0.000,6.664,7.046,1.0000
205.1120,201.2039,-25.3252,0.0000,0.000,6.665,7.044,1.0000
210.1148,206.1596,-26.0096,0.0000,0.000,6.667,7.042,1.0000
215.1176,211.1154,-26.6941,0.0000,0.000,6.669,7.039,1.0000
220.1204,216.0711,-27.3787,0.0000,0.000,6.671,7.037,1.0000
225.1232,221.0268,-28.0634,0.0000,0.000,6.673,7.035,1.0000
230.1260,225.9825,-28.7483,0.0000,0.000,6.675,7.033,1.0000
235.1288,230.9382,-29.4334,0.0000,0.000,6.677,7.030,1.0000
240.1316,235.8939,-30.1187,0.0000,0.000,6.679,7.028,1.0000
245.1344,240.8495,-30.8042,0.0000,0.000,6.681,7.026,1.0000
250.1373,245.8051,-31.4899,0.0000,0.000,6.683,7.024,1.0000
255.1401,250.7608,-32.1757,0.0000,0.000,6.684,7.021,1.0000
260.1430,255.7164,-32.8618,0.0000,0.000,6.686,7.019,1.0000
265.1459,260.6719,-33.5480,0.0000,0.000,6.688,7.017,1.0000
270.1487,265.6275,-34.2344,0.0000,0.000,6.690,7.015,1.0000
275.1516,270.5831,-34.9210,0.0000,0.000,6.692,7.012,1.0000
280.1545,275.5386,-35.6077,0.0000,0.000,6.694,7.010,1.0000
285.1574,280.4941,-36.2946,0.0000,0.000,6.696,7.008,1.0000
290.1603,285.4496,-36.9816,0.0000,0.000,6.698,7.005,1.0000
295.1632,290.4051,-37.6688,0.0000,0.000,6.700,7.003,1.0000
300.1661,295.3606,-38.3561,0.0000,0.000,6.702,7.001,1.0000
305.1691,300.3161,-39.0435,0.0000,0.000,6.704,6.999,1.0000
310.1720,305.2715,-39.7311,0.0000,0.000,6.705,6.996,1.0000
315.1749,310.2269,-40.4187,0.0000,0.000,6.707,6.994,1.0000
320.1778,315.1824,-41.1065,0.0000,0.000,6.709,6.992,1.0000
325.1808,320.1378,-41.7944,0.0000,0.000,6.711,6.990,1.0000
330.1837,325.0932,-42.4824,0.0000,0.000,6.713,6.987,1.0000
335.1866,330.0486,-43.1705,0.0000,0.000,6.715,6.985,1.0000
340.1896,335.0039,-43.8587,0.0000,0.000,6.717,6.983,1.0000
345.1925,339.9593,-44.5470,0.0000,0.000,6.719,6.980,1.0000
350.1954,344.9147,-45.2353,0.0000,0.000,6.721,6.978,1.0000
355.1984,349.8700,-45.9237,0.0000,0.000,6.723,6.976,1.0000
360.2013,354.8253,-46.6122,0.0000,0.000,6.725,6.974,1.0000
365.2042,359.7807,-47.3008,0.0000,0.000,6.726,6.971,1.0000
370.2072,364.7360,-47.9894,0.0000,0.000,6.728,6.969,1.0000
375.2101,369.6913,-48.6780,0.0000,0.000,6.730,6.967,1.0000
380.2130,374.6466,-49.3667,0.0000,0.000,6.732,6.965,1.0000
385.2159,379.6019,-50.0554,0.0000,0.000,6.734,6.962,1.0000
390.2189,384.5571,-50.7442,0.0000,0.000,6.736,6.960,1.0000
395.2218,389.5124,-51.4330,0.0000,0.000,6.738,6.958,1.0000
400.2247,394.4677,-52.1218,0.0000,0.000,6.740,6.955,1.0000
405.2276,399.4229,-52.8106,0.0000,0.000,6.742,6.953,1.0000
410.2305,404.3782,-53.4995,0.0000,0.000,6.744,6.951,1.0000
415.2334,409.3334,-54.1883,0.0000,0.000,6.746,6.949,1.0000
420.2362,414.2886,-54.8771,0.0000,0.000,6.747,6.946,1.0000
425.2391,419.2439,-55.5660,0.0000,0.000,6.749,6.944,1.0000
430.2420,424.1991,-56.2548,0.0000,0.000,6.751,6.942,1.0000
435.2448,429.1543,-56.9436,0.0000,0.000,6.753,6.940,1.0000
440.2477,434.1095,-57.6323,0.0000,0.000,6.755,6.937,1.0000
445.2505,439.0647,-58.3211,0.0000,0.000,6.757,6.935,1.0000
450.2534,444.0199,-59.0098,0.0000,0.000,6.759,6.933,1.0000
455.2562,448.9751,-59.6985,0.0000,0.000,6.761,6.931,1.0000
460.2590,453.9303,-60.3871,0.0000,0.000,6.763,6.928,1.0000
465.2618,458.8855,-61.0756,0.0000,0.000,6.765,6.926,1.0000
470.2646,463.8407,-61.7641,0.0000,0.000,6.767,6.924,1.0000
475.2674,468.7959,-62.4525,0.0000,0.000,6.768,6.921,1.0000
480.2701,473.7510,-63.1409,0.0000,0.000,6.770,6.919,1.0000
485.2729,478.7062,-63.8292,0.0000,0.000,6.772,6.917,1.0000
490.2756,483.6614,-64.5174,0.0000,0.000,6.774,6.915,1.0000
495.2783,488.6166,-65.2055,0.0000,0.000,6.776,6.912,1.0000
500.2810,493.5717,-65.8935,0.0000,0.000,6.778,6.910,1.0000
505.2837,498.5269,-66.5814,0.0000,0.000,6.780,6.908,1.0000
510.2864,503.4821,-67.2693,0.0000,0.000,6.782,6.906,1.0000
515.2891,508.4372,-67.9570,0.0000,0.000,6.784,6.903,1.0000
520.2917,513.3924,-68.6447,0.0000,0.000,6.786,6.901,1.0000
525.2943,518.3476,-69.3322,0.0000,0.000,6.788,6.899,1.0000
530.2970,523.3027,-70.0197,0.0000,0.000,6.789,6.896,1.0000
535.2996,528.2579,-70.7071,0.0000,0.000,6.791,6.894,1.0000
540.3022,533.2131,-71.3945,0.0000,0.000,6.793,6.892,1.0000
545.3048,538.1682,-72.0818,0.0000,0.000,6.795,6.890,1.0000
550.3074,543.1234,-72.7690,0.0000,0.000,6.797,6.887,1.0000
555.3100,548.0786,-73.4562,0.0000,0.000,6.799,6.885,1.0000
560.3126,553.0338,-74.1433,0.0000,0.000,6.801,6.883,1.0000
565.3152,557.9890,-74.8304,0.0000,0.000,6.803,6.881,1.0000
570.3178,562.9442,-75.5174,0.0000,0.000,6.805,6.878,1.0000
575.3204,567.8994,-76.2044,0.0000,0.000,6.807,6.876,1.0000
580.3230,572.8546,-76.8913,0.0000,0.000,6.809,6.874,1.0000
585.3256,577.8098,-77.5783,0.0000,0.000,6.810,6.871,1.0000
590.3283,582.7650,-78.2652,0.0000,0.000,6.812,6.869,1.0000
595.3309,587.7203,-78.9520,0.0000,0.000,6.814,6.867,1.0000
600.3335,592.6755,-79.6389,0.0000,0.000,6.816,6.865,1.0000
605.3361,597.6307,-80.3258,0.0000,0.000,6.818,6.862,1.0000
610.3387,602.5860,-81.0126,0.0000,0.000,6.820,6.860,1.0000
615.3414,607.5413,-81.6994,0.0000,0.000,6.822,6.858,1.0000
620.3440,612.4966,-82.3863,0.0000,0.000,6.824,6.856,1.0000
625.3467,617.4519,-83.0731,0.0000,0.000,6.826,6.853,1.0000
630.3494,622.4072,-83.7600,0.0000,0.000,6.828,6.851,1.0000
635.3521,627.3625,-84.4468,0.0000,0.000,6.829,6.849,1.0000
640.3548,632.3178,-85.1337,0.0000,0.000,6.831,6.847,1.0000
645.3575,637.2731,-85.8206,0.0000,0.000,6.833,6.844,1.0000
650.3603,642.2285,-86.5075,0.0000,0.000,6.835,6.842,1.0000
655.3630,647.1839,-87.1945,0.0000,0.000,6.837,6.840,1.0000
660.3658,652.1393,-87.8815,0.0000,0.000,6.839,6.837,1.0000
665.3686,657.0947,-88.5685,0.0000,0.000,6.841,6.835,1.0000
670.3714,662.0501,-89.2555,0.0000,0.000,6.843,6.833,1.0000
675.3743,667.0055,-89.9427,0.0000,0.000,6.845,6.831,1.0000
680.3771,671.9610,-90.6298,0.0000,0.000,6.847,6.828,1.0000
685.3800,676.9164,-91.3170,0.0000,0.000,6.849,6.826,1.0000
690.3830,681.8719,-92.0043,0.0000,0.000,6.850,6.824,1.0000
695.3859,686.8274,-92.6917,0.0000,0.000,6.852,6.822,1.0000
700.3889,691.7830,-93.3791,0.0000,0.000,6.854,6.819,1.0000
705.3919,696.7385,-94.0666,0.0000,0.000,6.856,6.817,1.0000
710.3949,701.6941,-94.7541,0.0000,0.000,6.858,6.815,1.0000
715.3980,706.6497,-95.4418,0.0000,0.000,6.860,6.812,1.0000
720.4011,711.6053,-96.1295,0.0000,0.000,6.862,6.810,1.0000
725.4042,716.5609,-96.8173,0.0000,0.000,6.864,6.808,1.0000
730.4074,721.5166,-97.5052,0.0000,0.000,6.866,6.806,1.0000
735.4106,726.4723,-98.1932,0.0000,0.000,6.868,6.803,1.0000
740.4139,731.4280,-98.8813,0.0000,0.000,6.870,6.801,1.0000
745.4172,736.3837,-99.5696,0.0000,0.000,6.871,6.799,1.0000
750.4205,741.3394,-100.2579,0.0000,0.000,6.873,6.797,1.0000
755.4238,746.2952,-100.9463,0.0000,0.000,6.875,6.794,1.0000
760.4273,751.2510,-101.6349,0.0000,0.000,6.877,6.792,1.0000
765.4307,756.2068,-102.3236,0.0000,0.000,6.879,6.790,1.0000
770.4342,761.1627,-103.0124,0.0000,0.000,6.881,6.788,1.0000
775.4377,766.1186,-103.7013,0.0000,0.000,6.883,6.785,1.0000
780.4413,771.0745,-104.3903,0.0000,0.000,6.885,6.783,1.0000
785.4449,776.0304,-105.0794,0.0000,0.000,6.887,6.781,1.0000
790.4484,780.9862,-105.7686,0.0000,0.000,6.889,6.778,1.0000
795.4520,785.9421,-106.4577,0.0000,0.000,6.891,6.776,1.0000
800.4555,790.8979,-107.1468,0.0000,0.000,6.892,6.774,1.0000
805.4589,795.8537,-107.8358,0.0000,0.000,6.894,6.772,1.0000
810.4623,800.8094,-108.5248,0.0000,0.000,6.896,6.769,1.0000
815.4656,805.7651,-109.2136,0.0000,0.000,6.898,6.767,1.0000
820.4688,810.7206,-109.9023,0.0000,0.000,6.900,6.765,1.0000
825.4719,815.6761,-110.5908,0.0000,0.000,6.902,6.763,1.0000
830.4748,820.6315,-111.2791,0.0000,0.000,6.904,6.760,1.0000
835.4776,825.5867,-111.9672,0.0000,0.000,6.906,6.758,1.0000
840.4802,830.5418,-112.6550,0.0000,0.000,6.908,6.756,1.0000
845.4826,835.4968,-113.3425,0.0000,0.000,6.910,6.753,1.0000
850.4849,840.4516,-114.0297,0.0000,0.000,6.912,6.751,1.0000
855.4869,845.4063,-114.7165,0.0000,0.000,6.913,6.749,1.0000
860.4887,850.3608,-115.4029,0.0000,0.000,6.915,6.747,1.0000
865.4903,855.3150,-116.0889,0.0000,0.000,6.917,6.744,1.0000
870.4916,860.2691,-116.7745,0.0000,0.000,6.919,6.742,1.0000
875.4926,865.2230,-117.4595,0.0000,0.000,6.921,6.740,1.0000
880.4934,870.1767,-118.1441,0.0000,0.000,6.923,6.738,1.0000
885.4938,875.1301,-118.8281,0.0000,0.000,6.925,6.735,1.0000
890.4939,880.0833,-119.5116,0.0000,0.000,6.927,6.733,1.0000
895.4936,885.0362,-120.1945,0.0000,0.000,6.929,6.731,1.0000
900.4930,889.9888,-120.8767,0.0000,0.000,6.931,6.728,1.0000
905.4921,894.9412,-121.5583,0.0000,0.000,6.933,6.726,1.0000
910.4908,899.8933,-122.2395,0.0000,0.000,6.934,6.724,1.0000
915.4898,904.8454,-122.9221,0.0000,0.000,6.936,6.722,1.0000
920.4894,909.7977,-123.6080,0.0000,0.000,6.938,6.719,1.0000
925.4902,914.7506,-124.2988,0.0000,0.000,6.940,6.717,1.0000
930.4928,919.7043,-124.9967,0.0000,0.000,6.942,6.715,1.0000
935.4977,924.6590,-125.7033,0.0000,0.000,6.944,6.713,1.0000
940.5054,929.6151,-126.4207,0.0000,0.000,6.946,6.710,1.0000
945.5165,934.5728,-127.1507,0.0000,0.000,6.948,6.708,1.0000
950.5316,939.5323,-127.8951,0.0000,0.000,6.969,6.730,1.0000
955.5512,944.4939,-128.6559,0.0000,0.000,7.262,7.097,1.0000
960.5760,949.4579,-129.4349,0.0000,0.000,7.556,7.463,1.0000
965.6065,954.4246,-130.2340,0.0000,0.000,7.849,7.829,1.0000
970.6435,959.3942,-131.0551,0.0000,0.000,8.142,8.195,1.0000
975.6776,964.3535,-131.9201,0.0000,0.000,8.622,8.425,1.0000
980.4969,968.9570,-133.3460,0.0000,0.000,9.568,8.315,1.0000
985.1380,972.5210,-136.3188,0.0000,0.000,9.763,8.223,1.0000
990.0319,974.4869,-140.8005,0.0000,0.000,8.784,8.161,1.0000
995.0280,974.6759,-145.7930,0.0000,0.000,8.415,8.037,1.0000
1000.1181,974.0915,-150.8494,0.0000,0.000,8.224,7.895,1.0000
1005.1304,973.5741,-155.8349,0.0000,0.000,8.033,7.753,1.0000
1010.1167,973.1338,-160.8017,0.0000,0.000,7.842,7.611,1.0000
1015.1045,972.7316,-165.7733,0.0000,0.000,7.651,7.470,1.0000
1020.0952,972.3404,-170.7486,0.0000,0.000,7.459,7.328,1.0000
1025.0897,971.9334,-175.7265,0.0000,0.000,7.268,7.186,1.0000
1030.0892,971.4837,-180.7058,0.0000,0.000,7.077,7.044,1.0000
1035.0957,970.9644,-185.6853,0.0000,0.000,6.910,6.936,1.0000
1040.1121,970.3496,-190.6638,0.0000,0.000,6.812,6.928,1.0000
1045.1362,969.6606,-195.6404,0.0000,0.000,6.715,6.921,1.0000
1050.1551,968.9909,-200.6145,0.0000,0.000,6.618,6.914,1.0000
1055.1565,968.4398,-205.5855,0.0000,0.000,6.520,6.907,1.0000
1060.1349,968.1070,-210.5527,0.0000,0.000,6.423,6.900,1.0000
1065.0979,968.0917,-215.5157,0.0000,0.000,6.394,7.059,1.0000
1070.0723,968.4934,-220.4738,0.0000,0.000,6.364,7.217,1.0000
1075.0818,969.4525,-225.3907,0.0000,0.000,6.297,7.299,1.0000
1079.9040,971.8394,-229.5807,0.0000,0.000,5.771,6.449,1.0000
1084.8725,975.9289,-232.4024,0.0000,0.000,5.675,6.111,1.0000
1089.9725,980.6156,-234.4134,0.0000,0.000,5.781,6.014,1.0000
1094.9574,985.1894,-236.3959,0.0000,0.000,5.886,5.917,1.0000
1099.9301,989.6566,-238.5804,0.0000,0.000,5.992,5.820,1.0000
1104.9598,994.1550,-240.8301,0.0000,0.000,6.113,5.685,1.0000
1109.9370,998.7271,-242.7971,0.0000,0.000,6.261,5.485,1.0000
1114.9328,1003.2968,-244.8159,0.0000,0.000,6.409,5.285,1.0000
1120.0412,1007.6406,-247.5044,0.0000,0.000,6.557,5.084,1.0000
1124.8004,1010.7932,-251.0696,0.0000,0.000,6.944,5.666,1.0000
1129.3317,1012.0039,-255.4361,0.0000,0.000,7.484,6.755,1.0000
1134.2245,1011.8289,-260.3258,0.0000,0.000,7.345,6.667,1.0000
1139.3966,1011.0089,-265.4325,0.0000,0.000,7.176,6.529,1.0000
1144.5375,1010.1601,-270.5028,0.0000,0.000,7.007,6.391,1.0000
1149.5943,1009.3897,-275.5006,0.0000,0.000,6.838,6.252,1.0000
1154.5905,1008.6744,-280.4453,0.0000,0.000,6.669,6.114,1.0000
1159.5490,1007.9907,-285.3565,0.0000,0.000,6.501,5.975,1.0000
1164.4924,1007.3155,-290.2536,0.0000,0.000,6.332,5.837,1.0000
1169.4433,1006.6252,-295.1561,0.0000,0.000,6.163,5.698,1.0000
1174.4243,1005.8965,-300.0835,0.0000,0.000,5.994,5.560,1.0000
1179.4450,1005.1048,-305.0413,0.0000,0.000,5.825,5.421,1.0000
1184.4858,1004.2223,-310.0043,0.0000,0.000,5.656,5.283,1.0000
1189.5247,1003.2211,-314.9428,0.0000,0.000,5.595,5.282,1.0000
1194.5433,1002.0744,-319.8286,0.0000,0.000,5.544,5.295,1.0000
1199.5399,1000.7785,-324.6543,0.0000,0.000,5.494,5.308,1.0000
1204.5237,999.3470,-329.4280,0.0000,0.000,5.466,5.316,1.0000
1209.5026,997.7943,-334.1585,0.0000,0.000,5.457,5.319,1.0000
1214.4840,996.1543,-338.8623,0.0000,0.000,5.448,5.321,1.0000
1219.4739,994.4860,-343.5651,0.0000,0.000,5.439,5.324,1.0000
1224.4773,992.8498,-348.2934,0.0000,0.000,5.430,5.327,1.0000
1229.4989,991.2942,-353.0679,0.0000,0.000,5.420,5.330,1.0000
1234.5320,989.7808,-357.8681,0.0000,0.000,5.411,5.333,1.0000
1239.5629,988.2338,-362.6553,0.0000,0.000,5.402,5.336,1.0000
1244.5804,986.5802,-367.3925,0.0000,0.000,5.393,5.338,1.0000
1249.5839,984.7947,-372.0665,0.0000,0.000,5.418,5.314,1.0000
1254.5782,982.8867,-376.6820,0.0000,0.000,5.497,5.247,1.0000
1259.5671,980.8668,-381.2437,0.0000,0.000,5.575,5.179,1.0000
1264.5540,978.7453,-385.7568,0.0000,0.000,5.653,5.112,1.0000
1269.5410,976.5328,-390.2262,0.0000,0.000,5.732,5.045,1.0000
1274.5299,974.2396,-394.6568,0.0000,0.000,5.702,5.104,1.0000
1279.5216,971.8762,-399.0536,0.0000,0.000,5.664,5.173,1.0000
1284.5167,969.4530,-403.4215,0.0000,0.000,5.626,5.242,1.0000
1289.5152,966.9805,-407.7656,0.0000,0.000,5.588,5.311,1.0000
1294.5166,964.4692,-412.0908,0.0000,0.000,5.550,5.379,1.0000
1299.5203,961.9294,-416.4021,0.0000,0.000,5.519,5.435,1.0000
1304.5255,959.3716,-420.7044,0.0000,0.000,5.518,5.429,1.0000
1309.5312,956.8061,-425.0026,0.0000,0.000,5.516,5.422,1.0000
1314.5366,954.2388,-429.2995,0.0000,0.000,5.515,5.416,1.0000
1319.5419,951.6699,-433.5953,0.0000,0.000,5.514,5.410,1.0000
1324.5470,949.0996,-437.8900,0.0000,0.000,5.513,5.403,1.0000
1329.5519,946.5278,-442.1836,0.0000,0.000,5.512,5.397,1.0000
1334.5567,943.9546,-446.4762,0.0000,0.000,5.511,5.391,1.0000
1339.5613,941.3801,-450.7678,0.0000,0.000,5.509,5.385,1.0000
1344.5657,938.8043,-455.0584,0.0000,0.000,5.508,5.378,1.0000
1349.5700,936.2272,-459.3481,0.0000,0.000,5.507,5.372,1.0000
1354.5742,933.6488,-463.6369,0.0000,0.000,5.506,5.366,1.0000
1359.5782,931.0693,-467.9248,0.0000,0.000,5.505,5.359,1.0000
1364.5820,928.4886,-472.2119,0.0000,0.000,5.504,5.353,1.0000
1369.5858,925.9069,-476.4981,0.0000,0.000,5.502,5.347,1.0000
1374.5894,923.3240,-480.7836,0.0000,0.000,5.501,5.341,1.0000
1379.5929,920.7401,-485.0683,0.0000,0.000,5.500,5.334,1.0000
1384.5963,918.1553,-489.3522,0.0000,0.000,5.499,5.328,1.0000
1389.5995,915.5695,-493.6355,0.0000,0.000,5.498,5.322,1.0000
1394.6027,912.9828,-497.9181,0.0000,0.000,5.497,5.315,1.0000
1399.6058,910.3952,-502.2001,0.0000,0.000,5.496,5.309,1.0000
1404.6088,907.8069,-506.4814,0.0000,0.000,5.494,5.303,1.0000
1409.6117,905.2177,-510.7622,0.0000,0.000,5.493,5.296,1.0000
1414.6145,902.6278,-515.0425,0.0000,0.000,5.492,5.290,1.0000
1419.6172,900.0372,-519.3223,0.0000,0.000,5.491,5.284,1.0000
1424.6199,897.4459,-523.6015,0.0000,0.000,5.490,5.278,1.0000
1429.6225,894.8540,-527.8803,0.0000,0.000,5.482,5.283,1.0000
1434.6251,892.2616,-532.1587,0.0000,0.000,5.472,5.292,1.0000
1439.6276,889.6686,-536.4367,0.0000,0.000,5.462,5.301,1.0000
1444.6300,887.0751,-540.7144,0.0000,0.000,5.453,5.310,1.0000
1449.6324,884.4811,-544.9917,0.0000,0.000,5.443,5.319,1.0000
1454.6348,881.8868,-549.2687,0.0000,0.000,5.433,5.328,1.0000
1459.6371,879.2921,-553.5455,0.0000,0.000,5.423,5.337,1.0000
1464.6394,876.6970,-557.8220,0.0000,0.000,5.413,5.346,1.0000
1469.6417,874.1016,-562.0983,0.0000,0.000,5.403,5.355,1.0000
1474.6439,871.5060,-566.3744,0.0000,0.000,5.394,5.364,1.0000
1479.6461,868.9102,-570.6504,0.0000,0.000,5.384,5.373,1.0000
1484.6484,866.3143,-574.9263,0.0000,0.000,5.374,5.382,1.0000
1489.6506,863.7181,-579.2021,0.0000,0.000,5.364,5.391,1.0000
1494.6528,861.1219,-583.4778,0.0000,0.000,5.354,5.400,1.0000
1499.6550,858.5257,-587.7535,0.0000,0.000,5.344,5.409,1.0000
1504.6573,855.9295,-592.0293,0.0000,0.000,5.335,5.419,1.0000
1509.6595,853.3332,-596.3050,0.0000,0.000,5.325,5.428,1.0000
1514.6618,850.7371,-600.5809,0.0000,0.000,5.315,5.437,1.0000
1519.6641,848.1411,-604.8568,0.0000,0.000,5.305,5.446,1.0000
1524.6664,845.5452,-609.1329,0.0000,0.000,5.295,5.455,1.0000
1529.6687,842.9496,-613.4091,0.0000,0.000,5.285,5.464,1.0000
1534.6711,840.3541,-617.6855,0.0000,0.000,5.276,5.473,1.0000
1539.6736,837.7590,-621.9621,0.0000,0.000,5.266,5.482,1.0000
1544.6761,835.1642,-626.2390,0.0000,0.000,5.267,5.481,1.0000
1549.6786,832.5697,-630.5162,0.0000,0.000,5.288,5.463,1.0000
1554.6812,829.9756,-634.7937,0.0000,0.000,5.308,5.445,1.0000
1559.6839,827.3820,-639.0715,0.0000,0.000,5.328,5.427,1.0000
1564.6866,824.7889,-643.3497,0.0000,0.000,5.348,5.409,1.0000
1569.6894,822.1963,-647.6284,0.0000,0.000,5.369,5.391,1.0000
1574.6923,819.6042,-651.9074,0.0000,0.000,5.389,5.373,1.0000
1579.6953,817.0128,-656.1869,0.0000,0.000,5.409,5.356,1.0000
1584.6984,814.4215,-660.4666,0.0000,0.000,5.429,5.338,1.0000
1589.7015,811.8302,-664.7463,0.0000,0.000,5.449,5.320,1.0000
1594.7046,809.2383,-669.0258,0.0000,0.000,5.470,5.302,1.0000
1599.7078,806.6455,-673.3047,0.0000,0.000,5.490,5.284,1.0000
1604.7110,804.0514,-677.5829,0.0000,0.000,5.510,5.266,1.0000
1609.7143,801.4555,-681.8600,0.0000,0.000,5.530,5.249,1.0000
1614.7175,798.8576,-686.1359,0.0000,0.000,5.550,5.231,1.0000
1619.7207,796.2572,-690.4102,0.0000,0.000,5.571,5.213,1.0000
1624.7239,793.6538,-694.6827,0.0000,0.000,5.591,5.195,1.0000
1629.7270,791.0472,-698.9532,0.0000,0.000,5.611,5.177,1.0000
1634.7301,788.4369,-703.2214,0.0000,0.000,5.631,5.159,1.0000
1639.7332,785.8225,-707.4870,0.0000,0.000,5.643,5.152,1.0000
1644.7362,783.2037,-711.7498,0.0000,0.000,5.652,5.148,1.0000
1649.7391,780.5799,-716.0096,0.0000,0.000,5.660,5.144,1.0000
1654.7420,777.9509,-720.2660,0.0000,0.000,5.669,5.140,1.0000
1659.7448,775.3163,-724.5189,0.0000,0.000,5.678,5.136,1.0000
1664.7476,772.6756,-728.7679,0.0000,0.000,5.687,5.132,1.0000
1669.7503,770.0284,-733.0129,0.0000,0.000,5.695,5.128,1.0000
1674.7530,767.3744,-737.2535,0.0000,0.000,5.704,5.124,1.0000
1679.7556,764.7131,-741.4895,0.0000,0.000,5.713,5.120,1.0000
1684.7582,762.0443,-745.7207,0.0000,0.000,5.722,5.116,1.0000
1689.7607,759.3674,-749.9468,0.0000,0.000,5.731,5.112,1.0000
1694.7633,756.6820,-754.1675,0.0000,0.000,5.739,5.108,1.0000
1699.7658,753.9879,-758.3826,0.0000,0.000,5.748,5.104,1.0000
1704.7684,751.2845,-762.5919,0.0000,0.000,5.757,5.100,1.0000
1709.7711,748.5716,-766.7950,0.0000,0.000,5.766,5.096,1.0000
1714.7738,745.8485,-770.9917,0.0000,0.000,5.774,5.092,1.0000
1719.7764,743.1135,-775.1805,0.0000,0.000,5.783,5.088,1.0000
1724.7787,740.3642,-779.3595,0.0000,0.000,5.792,5.085,1.0000
1729.7805,737.5981,-783.5268,0.0000,0.000,5.801,5.081,1.0000
1734.7816,734.8126,-787.6805,0.0000,0.000,5.805,5.107,1.0000
1739.7820,732.0055,-791.8184,0.0000,0.000,5.783,5.316,1.0000
1744.7814,729.1741,-795.9389,0.0000,0.000,5.760,5.526,1.0000
1749.7801,726.3177,-800.0411,0.0000,0.000,5.738,5.735,1.0000
1754.7785,723.4447,-804.1313,0.0000,0.000,5.716,5.944,1.0000
1759.7772,720.5661,-808.2179,0.0000,0.000,5.693,6.153,1.0000
1764.7765,717.6931,-812.3092,0.0000,0.000,5.731,6.328,1.0000
1769.7769,714.8370,-816.4137,0.0000,0.000,5.851,6.457,1.0000
1774.7791,712.0087,-820.5396,0.0000,0.000,5.971,6.587,1.0000
1779.7842,709.2195,-824.6954,0.0000,0.000,6.091,6.716,1.0000
1784.7925,706.4754,-828.8851,0.0000,0.000,6.211,6.846,1.0000
1789.8023,703.7685,-833.1006,0.0000,0.000,6.331,6.975,1.0000
1794.8110,701.0885,-837.3320,0.0000,0.000,6.451,7.104,1.0000
1799.8157,698.4250,-841.5691,0.0000,0.000,6.571,7.234,1.0000
1804.8135,695.7678,-845.8020,0.0000,0.000,6.690,7.363,1.0000
1809.8012,693.1066,-850.0204,0.0000,0.000,6.810,7.492,1.0000
1814.7743,690.4403,-854.2183,0.0000,0.000,6.930,7.622,1.0000
1819.6551,688.3377,-858.6230,0.0000,0.000,7.280,7.816,1.0000
1824.7132,688.1137,-863.6762,0.0000,0.000,7.841,8.119,1.0000
1829.8428,689.8817,-868.4914,0.0000,0.000,8.066,9.007,1.0000
1834.6222,693.0627,-872.0586,0.0000,0.000,8.213,9.375,1.0000
1839.5228,697.0546,-874.9011,0.0000,0.000,8.281,9.210,1.0000
1844.5677,701.3770,-877.5026,0.0000,0.000,8.348,9.045,1.0000
1849.6066,705.7105,-880.0738,0.0000,0.000,8.415,8.880,1.0000
1854.6140,709.9896,-882.6746,0.0000,0.000,8.482,8.715,1.0000
1859.6041,714.2172,-885.3256,0.0000,0.000,8.549,8.550,1.0000
1864.5912,718.3960,-888.0476,0.0000,0.000,8.617,8.385,1.0000
1869.5840,722.5223,-890.8586,0.0000,0.000,8.684,8.220,1.0000
1874.5830,726.5833,-893.7737,0.0000,0.000,8.173,7.813,1.0000
1879.5892,730.5655,-896.8075,0.0000,0.000,7.599,7.379,1.0000
1884.6077,734.4715,-899.9585,0.0000,0.000,7.025,6.945,1.0000
1889.6462,738.3394,-903.1873,0.0000,0.000,6.572,6.386,1.0000
1894.4861,741.6652,-906.7036,0.0000,0.000,6.490,5.447,1.0000
1899.1440,742.7530,-911.2328,0.0000,0.000,5.700,5.311,1.0000
1904.3210,741.3868,-916.2262,0.0000,0.000,5.627,5.576,1.0000
1909.3560,738.6078,-920.4248,0.0000,0.000,5.916,5.540,1.0000
1914.3269,735.1942,-924.0384,0.0000,0.000,6.123,5.420,1.0000
1919.2874,731.5686,-927.4239,0.0000,0.000,5.923,5.530,1.0000
1924.2510,727.7887,-930.6410,0.0000,0.000,5.723,5.639,1.0000
1929.2265,723.8880,-933.7296,0.0000,0.000,5.637,5.677,1.0000
1934.2169,719.8999,-936.7296,0.0000,0.000,5.633,5.665,1.0000
1939.2216,715.8580,-939.6808,0.0000,0.000,5.628,5.653,1.0000
1944.2377,711.7957,-942.6233,0.0000,0.000,5.623,5.641,1.0000
1949.2614,707.7451,-945.5949,0.0000,0.000,5.618,5.630,1.0000
1954.2890,703.7173,-948.6039,0.0000,0.000,5.614,5.618,1.0000
1959.3162,699.7077,-951.6363,0.0000,0.000,5.609,5.606,1.0000
1964.3382,695.7114,-954.6777,0.0000,0.000,5.604,5.594,1.0000
1969.3503,691.7233,-957.7135,0.0000,0.000,5.600,5.582,1.0000
1974.3476,687.7386,-960.7294,0.0000,0.000,5.595,5.570,1.0000
1979.3256,683.7522,-963.7109,0.0000,0.000,5.590,5.558,1.0000
1984.2853,679.7606,-966.6546,0.0000,0.000,5.586,5.546,1.0000
1989.2395,675.7631,-969.5811,0.0000,0.000,5.581,5.534,1.0000
1994.2024,671.7594,-972.5137,0.0000,0.000,5.576,5.523,1.0000
1999.1881,667.7491,-975.4760,0.0000,0.000,5.572,5.511,1.0000
2004.2111,663.7320,-978.4914,0.0000,0.000,5.567,5.499,1.0000
2009.2860,659.7078,-981.5834,0.0000,0.000,5.562,5.487,1.0000
2014.4258,655.6750,-984.7701,0.0000,0.000,5.557,5.475,1.0000
2019.5606,651.5945,-987.8869,0.0000,0.000,5.553,5.463,1.0000
2024.5430,647.3805,-990.5453,0.0000,0.000,5.583,5.376,1.0000
2029.3293,642.9447,-992.3431,0.0000,0.000,5.714,5.098,1.0000
2034.0800,638.2305,-992.9306,0.0000,0.000,5.948,5.374,1.0000
2038.9573,633.3934,-992.3052,0.0000,0.000,6.297,5.216,1.0000
2043.9717,628.6755,-990.6065,0.0000,0.000,5.999,5.407,1.0000
2049.0626,624.3171,-987.9755,0.0000,0.000,5.085,5.931,1.0000
2054.1534,620.5344,-984.5687,0.0000,0.000,5.593,5.373,1.0000
2059.1709,617.5267,-980.5525,0.0000,0.000,5.841,5.235,1.0000
2064.0712,615.4935,-976.0939,0.0000,0.000,5.830,5.409,1.0000
2068.9162,614.5285,-971.3460,0.0000,0.000,6.400,5.740,1.0000
2073.8493,614.3680,-966.4156,0.0000,0.000,6.524,5.876,1.0000
2078.8747,614.6724,-961.3993,0.0000,0.000,6.317,5.871,1.0000
2083.9122,615.1374,-956.3834,0.0000,0.000,6.110,5.867,1.0000
2088.9358,615.6710,-951.3882,0.0000,0.000,5.903,5.862,1.0000
2093.9490,616.2600,-946.4097,0.0000,0.000,5.826,5.814,1.0000
2098.9547,616.8912,-941.4440,0.0000,0.000,5.799,5.749,1.0000
2103.9555,617.5518,-936.4870,0.0000,0.000,5.772,5.685,1.0000
2108.9536,618.2285,-931.5349,0.0000,0.000,5.744,5.621,1.0000
2113.9514,618.9088,-926.5836,0.0000,0.000,5.683,5.594,1.0000
2118.9500,619.5857,-921.6311,0.0000,0.000,5.621,5.567,1.0000
2123.9492,620.2593,-916.6774,0.0000,0.000,5.560,5.541,1.0000
2128.9492,620.9297,-911.7226,0.0000,0.000,5.499,5.514,1.0000
2133.9497,621.5970,-906.7668,0.0000,0.000,5.437,5.487,1.0000
2138.9509,622.2615,-901.8100,0.0000,0.000,5.376,5.461,1.0000
2143.9526,622.9233,-896.8523,0.0000,0.000,5.362,5.453,1.0000
2148.9548,623.5826,-891.8937,0.0000,0.000,5.367,5.454,1.0000
2153.9574,624.2397,-886.9344,0.0000,0.000,5.373,5.454,1.0000
2158.9604,624.8946,-881.9745,0.0000,0.000,5.378,5.455,1.0000
2163.9637,625.5477,-877.0140,0.0000,0.000,5.384,5.456,1.0000
2168.9673,626.1990,-872.0529,0.0000,0.000,5.389,5.456,1.0000
2173.9712,626.8488,-867.0914,0.0000,0.000,5.395,5.457,1.0000
2178.9752,627.4972,-862.1296,0.0000,0.000,5.401,5.457,1.0000
2183.9794,628.1444,-857.1675,0.0000,0.000,5.406,5.458,1.0000
2188.9836,628.7906,-852.2051,0.0000,0.000,5.412,5.459,1.0000
2193.9879,629.4361,-847.2426,0.0000,0.000,5.417,5.459,1.0000
2198.9921,630.0809,-842.2801,0.0000,0.000,5.423,5.460,1.0000
2203.9963,630.7253,-837.3176,0.0000,0.000,5.429,5.461,1.0000
2209.0003,631.3694,-832.3552,0.0000,0.000,5.434,5.461,1.0000
2214.0042,632.0135,-827.3930,0.0000,0.000,5.440,5.462,1.0000
2219.0078,632.6577,-822.4310,0.0000,0.000,5.445,5.463,1.0000
2224.0112,633.3022,-817.4693,0.0000,0.000,5.451,5.463,1.0000
2229.0142,633.9472,-812.5081,0.0000,0.000,5.456,5.464,1.0000
2234.0168,634.5929,-807.5473,0.0000,0.000,5.462,5.464,1.0000
2239.0189,635.2394,-802.5871,0.0000,0.000,5.468,5.465,1.0000
2244.0206,635.8870,-797.6275,0.0000,0.000,5.473,5.466,1.0000
2249.0218,636.5358,-792.6686,0.0000,0.000,5.479,5.466,1.0000
2254.0224,637.1859,-787.7105,0.0000,0.000,5.484,5.467,1.0000
2259.0227,637.8370,-782.7527,0.0000,0.000,5.490,5.468,1.0000
2264.0229,638.4888,-777.7952,0.0000,0.000,5.496,5.468,1.0000
2269.0231,639.1411,-772.8377,0.0000,0.000,5.501,5.469,1.0000
2274.0236,639.7937,-767.8800,0.0000,0.000,5.507,5.469,1.0000
2279.0245,640.4462,-762.9218,0.0000,0.000,5.500,5.474,1.0000
2284.0261,641.0984,-757.9629,0.0000,0.000,5.492,5.479,1.0000
2289.0285,641.7500,-753.0031,0.0000,0.000,5.484,5.484,1.0000
2294.0320,642.4008,-748.0422,0.0000,0.000,5.476,5.489,1.0000
2299.0367,643.0504,-743.0798,0.0000,0.000,5.469,5.494,1.0000
2304.0428,643.6987,-738.1159,0.0000,0.000,5.461,5.499,1.0000
2309.0505,644.3453,-733.1501,0.0000,0.000,5.453,5.504,1.0000
2314.0600,644.9900,-728.1823,0.0000,0.000,5.445,5.509,1.0000
2319.0713,645.6326,-723.2123,0.0000,0.000,5.437,5.514,1.0000
2324.0829,646.2733,-718.2418,0.0000,0.000,5.429,5.519,1.0000
2329.0920,646.9125,-713.2737,0.0000,0.000,5.419,5.524,1.0000
2334.0961,647.5509,-708.3104,0.0000,0.000,5.386,5.529,1.0000
2339.0926,648.1887,-703.3548,0.0000,0.000,5.352,5.535,1.0000
2344.0788,648.8266,-698.4096,0.0000,0.000,5.319,5.540,1.0000
2349.0522,649.4650,-693.4773,0.0000,0.000,5.286,5.546,1.0000
2354.0151,650.1022,-688.5555,0.0000,0.000,5.252,5.551,1.0000
2358.9951,650.7255,-683.6147,0.0000,0.000,5.219,5.557,1.0000
2364.0279,651.3185,-678.6170,0.0000,0.000,5.186,5.562,1.0000
2369.1360,651.8443,-673.5360,0.0000,0.000,5.153,5.567,1.0000
2374.2211,652.0709,-668.4560,0.0000,0.000,5.185,5.583,1.0000
2379.1724,651.6582,-663.5219,0.0000,0.000,5.339,5.481,1.0000
2384.0183,650.2797,-658.8762,0.0000,0.000,5.528,5.468,1.0000
2388.9152,647.9017,-654.5954,0.0000,0.000,5.504,5.818,1.0000
2393.9227,644.7613,-650.6950,0.0000,0.000,5.168,6.136,1.0000
2398.9883,641.1060,-647.1880,0.0000,0.000,5.176,6.113,1.0000
2404.0184,637.1596,-644.0692,0.0000,0.000,5.298,5.977,1.0000
2409.0193,633.0339,-641.2428,0.0000,0.000,5.419,5.842,1.0000
2414.0115,628.8071,-638.5866,0.0000,0.000,5.540,5.707,1.0000
2418.9987,624.5518,-635.9856,0.0000,0.000,5.578,5.634,1.0000
2423.9824,620.2948,-633.3942,0.0000,0.000,5.605,5.570,1.0000
2428.9659,616.0381,-630.8028,0.0000,0.000,5.631,5.506,1.0000
2433.9522,611.7836,-628.2024,0.0000,0.000,5.658,5.442,1.0000
2438.9444,607.5333,-625.5837,0.0000,0.000,5.684,5.378,1.0000
2443.9459,603.2891,-622.9376,0.0000,0.000,5.711,5.314,1.0000
2448.9600,599.0529,-620.2550,0.0000,0.000,5.738,5.250,1.0000
2453.9878,594.8315,-617.5241,0.0000,0.000,5.764,5.186,1.0000
2459.0190,590.6536,-614.7209,0.0000,0.000,5.797,5.143,1.0000
2464.0421,586.5546,-611.8175,0.0000,0.000,5.833,5.116,1.0000
2469.0488,582.5698,-608.7864,0.0000,0.000,5.870,5.089,1.0000
2474.0351,578.7345,-605.5998,0.0000,0.000,5.907,5.062,1.0000
2479.0030,575.0841,-602.2301,0.0000,0.000,5.943,5.035,1.0000
2483.9615,571.6539,-598.6496,0.0000,0.000,5.890,5.096,1.0000
2488.9246,568.4671,-594.8447,0.0000,0.000,5.765,5.228,1.0000
2493.9012,565.5166,-590.8371,0.0000,0.000,5.640,5.359,1.0000
2498.8943,562.7907,-586.6537,0.0000,0.000,5.613,5.362,1.0000
2503.9024,560.2776,-582.3219,0.0000,0.000,5.694,5.225,1.0000
2508.9201,557.9655,-577.8686,0.0000,0.000,5.776,5.087,1.0000
2513.9388,555.8426,-573.3209,0.0000,0.000,5.793,5.020,1.0000
2518.9485,553.8922,-568.7065,0.0000,0.000,5.563,5.224,1.0000
2523.9483,552.0567,-564.0558,0.0000,0.000,5.334,5.427,1.0000
2528.9386,550.2580,-559.4010,0.0000,0.000,5.104,5.631,1.0000
2533.9179,548.4180,-554.7741,0.0000,0.000,5.097,5.686,1.0000
2538.8872,546.4588,-550.2073,0.0000,0.000,5.210,5.663,1.0000
2543.8545,544.3021,-545.7327,0.0000,0.000,5.261,5.672,1.0000
2548.8385,541.8700,-541.3824,0.0000,0.000,5.195,5.743,1.0000
2553.8619,539.1025,-537.1901,0.0000,0.000,5.130,5.814,1.0000
2558.9076,536.0186,-533.1965,0.0000,0.000,5.064,5.885,1.0000
2563.9443,532.6587,-529.4442,0.0000,0.000,5.096,5.887,1.0000
2568.9410,529.0635,-525.9740,0.0000,0.000,5.252,5.798,1.0000
2573.9019,525.2869,-522.7574,0.0000,0.000,5.408,5.710,1.0000
2578.8654,521.4005,-519.6699,0.0000,0.000,5.407,5.751,1.0000
2583.8587,517.4774,-516.5808,0.0000,0.000,5.300,5.880,1.0000
2588.8828,513.5453,-513.4534,0.0000,0.000,5.194,6.008,1.0000
2593.8870,509.5274,-510.4705,0.0000,0.000,5.087,6.136,1.0000
2598.8358,505.3315,-507.8464,0.0000,0.000,4.980,6.265,1.0000
2603.7500,500.8721,-505.7818,0.0000,0.000,5.002,6.226,1.0000
2608.6966,496.1621,-504.2701,0.0000,0.000,5.103,6.086,1.0000
2613.6958,491.2922,-503.1407,0.0000,0.000,5.204,5.945,1.0000
2618.7187,486.3543,-502.2203,0.0000,0.000,5.305,5.805,1.0000
2623.7371,481.4032,-501.4012,0.0000,0.000,5.390,5.703,1.0000
2628.7507,476.4442,-500.6634,0.0000,0.000,5.418,5.739,1.0000
2633.7607,471.4794,-499.9924,0.0000,0.000,5.446,5.774,1.0000
2638.7678,466.5106,-499.3741,0.0000,0.000,5.474,5.809,1.0000
2643.7721,461.5400,-498.7940,0.0000,0.000,5.502,5.845,1.0000
2648.7736,456.5695,-498.2381,0.0000,0.000,5.529,5.880,1.0000
2653.7722,451.6006,-497.6943,0.0000,0.000,5.535,5.854,1.0000
2658.7683,446.6331,-497.1603,0.0000,0.000,5.541,5.828,1.0000
2663.7629,441.6661,-496.6363,0.0000,0.000,5.547,5.802,1.0000
2668.7566,436.6989,-496.1223,0.0000,0.000,5.553,5.776,1.0000
2673.7503,431.7307,-495.6184,0.0000,0.000,5.559,5.750,1.0000
2678.7447,426.7607,-495.1246,0.0000,0.000,5.566,5.724,1.0000
2683.7406,421.7883,-494.6411,0.0000,0.000,5.572,5.698,1.0000
2688.7389,416.8125,-494.1679,0.0000,0.000,5.578,5.672,1.0000
2693.7402,411.8326,-493.7051,0.0000,0.000,5.584,5.646,1.0000
2698.7454,406.8479,-493.2527,0.0000,0.000,5.590,5.620,1.0000
2703.7553,401.8575,-492.8109,0.0000,0.000,5.596,5.595,1.0000
2708.7706,396.8607,-492.3797,0.0000,0.000,5.602,5.569,1.0000
2713.7922,391.8568,-491.9592,0.0000,0.000,5.608,5.543,1.0000
2718.8206,386.8452,-491.5487,0.0000,0.000,5.614,5.517,1.0000
2723.8504,381.8336,-491.1213,0.0000,0.000,5.620,5.491,1.0000
2728.8690,376.8404,-490.6169,0.0000,0.000,5.626,5.465,1.0000
2733.8665,371.8845,-489.9734,0.0000,0.000,5.632,5.439,1.0000
2738.8385,366.9848,-489.1287,0.0000,0.000,5.749,5.296,1.0000
2743.7886,362.1603,-488.0207,0.0000,0.000,5.914,5.104,1.0000
2748.7314,357.4298,-486.5874,0.0000,0.000,6.078,4.912,1.0000
2753.6920,352.8148,-484.7684,0.0000,0.000,6.177,4.803,1.0000
2758.6687,348.3715,-482.5269,0.0000,0.000,6.055,4.971,1.0000
2763.6447,344.1810,-479.8435,0.0000,0.000,5.934,5.139,1.0000
2768.6200,340.3252,-476.6992,0.0000,0.000,5.823,5.294,1.0000
2773.6104,336.8746,-473.0940,0.0000,0.000,5.907,5.206,1.0000
2778.6174,333.8576,-469.0981,0.0000,0.000,5.991,5.118,1.0000
2783.6243,331.2929,-464.7979,0.0000,0.000,6.075,5.030,1.0000
2788.6121,329.1843,-460.2777,0.0000,0.000,5.936,5.128,1.0000
2793.5990,327.4360,-455.6073,0.0000,0.000,5.778,5.241,1.0000
2798.5939,325.9116,-450.8508,0.0000,0.000,5.621,5.354,1.0000
2803.5840,324.4751,-446.0719,0.0000,0.000,5.516,5.443,1.0000
2808.5604,323.0412,-441.3065,0.0000,0.000,5.556,5.464,1.0000
2813.5377,321.6262,-436.5346,0.0000,0.000,5.596,5.485,1.0000
2818.5339,320.2583,-431.7293,0.0000,0.000,5.548,5.533,1.0000
2823.5603,318.9463,-426.8772,0.0000,0.000,5.408,5.611,1.0000
2828.6006,317.6302,-422.0117,0.0000,0.000,5.268,5.689,1.0000
2833.6331,316.2346,-417.1766,0.0000,0.000,5.128,5.767,1.0000
2838.6401,314.6842,-412.4157,0.0000,0.000,4.988,5.845,1.0000
2843.6127,312.9038,-407.7728,0.0000,0.000,4.980,5.983,1.0000
2848.5554,310.8180,-403.2917,0.0000,0.000,5.082,6.170,1.0000
2853.4914,308.3520,-399.0159,0.0000,0.000,5.183,6.358,1.0000
2858.4557,305.4860,-394.9624,0.0000,0.000,5.285,6.546,1.0000
2863.4605,302.3066,-391.0972,0.0000,0.000,5.368,6.684,1.0000
2868.4938,298.9128,-387.3802,0.0000,0.000,5.413,6.724,1.0000
2873.5287,295.3966,-383.7766,0.0000,0.000,5.459,6.764,1.0000
2878.5415,291.7701,-380.3158,0.0000,0.000,5.504,6.803,1.0000
2883.5223,287.9928,-377.0693,0.0000,0.000,5.549,6.843,1.0000
2888.4744,284.0242,-374.1072,0.0000,0.000,5.595,6.883,1.0000
2893.4192,279.8605,-371.4399,0.0000,0.000,5.660,6.842,1.0000
2898.3773,275.5377,-369.0116,0.0000,0.000,5.737,6.757,1.0000
2903.3571,271.0943,-366.7634,0.0000,0.000,5.814,6.672,1.0000
2908.3579,266.5686,-364.6361,0.0000,0.000,5.891,6.587,1.0000
2913.3729,261.9987,-362.5706,0.0000,0.000,5.968,6.502,1.0000
2918.3920,257.4230,-360.5078,0.0000,0.000,6.045,6.417,1.0000
2923.4072,252.8718,-358.4010,0.0000,0.000,6.122,6.331,1.0000
2928.4178,248.3495,-356.2434,0.0000,0.000,6.199,6.246,1.0000
2933.4246,243.8552,-354.0367,0.0000,0.000,6.276,6.161,1.0000
2938.4284,239.3881,-351.7822,0.0000,0.000,6.353,6.076,1.0000
2943.4298,234.9473,-349.4815,0.0000,0.000,6.380,5.998,1.0000
2948.4295,230.5319,-347.1362,0.0000,0.000,6.325,5.932,1.0000
2953.4280,226.1410,-344.7476,0.0000,0.000,6.270,5.865,1.0000
2958.4259,221.7739,-342.3172,0.0000,0.000,6.215,5.798,1.0000
2963.4236,217.4295,-339.8467,0.0000,0.000,6.159,5.732,1.0000
2968.4216,213.1070,-337.3374,0.0000,0.000,6.104,5.665,1.0000
2973.4203,208.8056,-334.7909,0.0000,0.000,6.049,5.598,1.0000
2978.4200,204.5244,-332.2086,0.0000,0.000,5.994,5.532,1.0000
2983.4209,200.2625,-329.5922,0.0000,0.000,5.818,5.599,1.0000
2988.4234,196.0182,-326.9445,0.0000,0.000,5.618,5.694,1.0000
2993.4247,191.7687,-324.3073,0.0000,0.000,5.418,5.788,1.0000
2998.4209,187.4690,-321.7628,0.0000,0.000,5.217,5.883,1.0000
3003.4139,183.0731,-319.3950,0.0000,0.000,5.295,5.880,1.0000
3008.4146,178.5481,-317.2661,0.0000,0.000,5.372,5.876,1.0000
3013.4243,173.9331,-315.3172,0.0000,0.000,5.449,5.873,1.0000
3018.4279,169.2922,-313.4470,0.0000,0.000,5.527,5.869,1.0000
3023.4093,164.6888,-311.5435,0.0000,0.000,5.551,5.882,1.0000
3028.4129,160.1759,-309.3825,0.0000,0.000,5.501,5.916,1.0000
3033.4900,155.7412,-306.9105,0.0000,0.000,5.451,5.951,1.0000
3038.5090,151.1978,-304.7780,0.0000,0.000,5.401,5.985,1.0000
3043.4729,146.4660,-303.2779,0.0000,0.000,5.351,6.020,1.0000
3048.4477,141.6087,-302.2028,0.0000,0.000,5.386,5.976,1.0000
3053.4395,136.6951,-301.3234,0.0000,0.000,5.430,5.923,1.0000
3058.4344,131.7703,-300.4896,0.0000,0.000,5.475,5.870,1.0000
3063.4309,126.8389,-299.6855,0.0000,0.000,5.519,5.817,1.0000
3068.4289,121.9016,-298.9082,0.0000,0.000,5.525,5.810,1.0000
3073.4285,116.9591,-298.1548,0.0000,0.000,5.530,5.805,1.0000
3078.4295,112.0120,-297.4226,0.0000,0.000,5.535,5.800,1.0000
3083.4318,107.0610,-296.7088,0.0000,0.000,5.539,5.795,1.0000
3088.4351,102.1066,-296.0105,0.0000,0.000,5.544,5.790,1.0000
3093.4393,97.1496,-295.3249,0.0000,0.000,5.549,5.784,1.0000
3098.4442,92.1905,-294.6492,0.0000,0.000,5.553,5.779,1.0000
3103.4494,87.2301,-293.9806,0.0000,0.000,5.558,5.774,1.0000
3108.4549,82.2690,-293.3162,0.0000,0.000,5.562,5.769,1.0000
3113.4601,77.3078,-292.6532,0.0000,0.000,5.567,5.764,1.0000
3118.4650,72.3472,-291.9888,0.0000,0.000,5.572,5.759,1.0000
3123.4693,67.3878,-291.3204,0.0000,0.000,5.576,5.754,1.0000
3128.4729,62.4297,-290.6472,0.0000,0.000,5.581,5.749,1.0000
3133.4759,57.4727,-289.9699,0.0000,0.000,5.586,5.744,1.0000
3138.4785,52.5168,-289.2888,0.0000,0.000,5.590,5.739,1.0000
3143.4806,47.5617,-288.6044,0.0000,0.000,5.595,5.734,1.0000
3148.4824,42.6073,-287.9172,0.0000,0.000,5.600,5.729,1.0000
3153.4839,37.6535,-287.2278,0.0000,0.000,5.604,5.724,1.0000
3158.4853,32.7001,-286.5364,0.0000,0.000,5.609,5.719,1.0000
3163.4866,27.7470,-285.8437,0.0000,0.000,5.613,5.713,1.0000
3168.4880,22.7940,-285.1501,0.0000,0.000,5.618,5.708,1.0000
3173.4894,17.8410,-284.4561,0.0000,0.000,5.623,5.703,1.0000
3178.4909,12.8879,-283.7621,0.0000,0.000,5.627,5.698,1.0000
3183.4927,7.9344,-283.0687,0.0000,0.000,5.632,5.693,1.0000
3188.4948,2.9804,-282.3762,0.0000,0.000,5.637,5.688,1.0000
3193.4973,-1.9741,-281.6850,0.0000,0.000,5.641,5.683,1.0000
3198.5001,-6.9290,-280.9948,0.0000,0.000,5.646,5.678,1.0000
3203.5032,-11.8844,-280.3057,0.0000,0.000,5.650,5.673,1.0000
3208.5065,-16.8402,-279.6176,0.0000,0.000,5.655,5.668,1.0000
3213.5100,-21.7963,-278.9303,0.0000,0.000,5.660,5.663,1.0000
3218.5137,-26.7526,-278.2437,0.0000,0.000,5.664,5.658,1.0000
3223.5175,-31.7092,-277.5580,0.0000,0.000,5.669,5.653,1.0000
3228.5214,-36.6661,-276.8728,0.0000,0.000,5.674,5.647,1.0000
3233.5255,-41.6230,-276.1881,0.0000,0.000,5.678,5.642,1.0000
3238.5295,-46.5801,-275.5040,0.0000,0.000,5.683,5.637,1.0000
3243.5336,-51.5372,-274.8202,0.0000,0.000,5.687,5.632,1.0000
3248.5376,-56.4943,-274.1367,0.0000,0.000,5.692,5.627,1.0000
3253.5416,-61.4515,-273.4534,0.0000,0.000,5.697,5.622,1.0000
3258.5455,-66.4085,-272.7703,0.0000,0.000,5.701,5.617,1.0000
3263.5492,-71.3654,-272.0873,0.0000,0.000,5.706,5.612,1.0000
3268.5528,-76.3221,-271.4042,0.0000,0.000,5.711,5.607,1.0000
3273.5562,-81.2786,-270.7210,0.0000,0.000,5.715,5.602,1.0000
3278.5593,-86.2349,-270.0376,0.0000,0.000,5.720,5.597,1.0000
3283.5622,-91.1909,-269.3539,0.0000,0.000,5.725,5.592,1.0000
3288.5648,-96.1465,-268.6700,0.0000,0.000,5.729,5.587,1.0000
3293.5671,-101.1017,-267.9855,0.0000,0.000,5.734,5.582,1.0000
3298.5689,-106.0565,-267.3006,0.0000,0.000,5.738,5.576,1.0000
3303.5704,-111.0107,-266.6151,0.0000,0.000,5.743,5.571,1.0000
3308.5715,-115.9645,-265.9289,0.0000,0.000,5.748,5.566,1.0000
3313.5720,-120.9176,-265.2419,0.0000,0.000,5.752,5.561,1.0000
3318.5721,-125.8702,-264.5542,0.0000,0.000,5.757,5.556,1.0000
3323.5717,-130.8221,-263.8655,0.0000,0.000,5.762,5.551,1.0000
3328.5708,-135.7734,-263.1759,0.0000,0.000,5.766,5.546,1.0000
3333.5699,-140.7247,-262.4859,0.0000,0.000,5.771,5.541,1.0000
3338.5694,-145.6763,-261.7956,0.0000,0.000,5.775,5.536,1.0000
3343.5698,-150.6288,-261.1055,0.0000,0.000,5.780,5.531,1.0000
3348.5713,-155.5825,-260.4158,0.0000,0.000,5.785,5.526,1.0000
3353.5744,-160.5380,-259.7270,0.0000,0.000,5.789,5.521,1.0000
3358.5796,-165.4957,-259.0392,0.0000,0.000,5.794,5.516,1.0000
3363.5871,-170.4560,-258.3528,0.0000,0.000,5.799,5.511,1.0000
3368.5975,-175.4194,-257.6682,0.0000,0.000,5.803,5.505,1.0000
3373.6112,-180.3864,-256.9857,0.0000,0.000,5.808,5.500,1.0000
3378.6284,-185.3573,-256.3056,0.0000,0.000,5.812,5.495,1.0000
3383.6498,-190.3328,-255.6282,0.0000,0.000,5.817,5.490,1.0000
3388.6756,-195.3131,-254.9539,0.0000,0.000,5.822,5.485,1.0000
3393.6983,-200.2905,-254.2806,0.0000,0.000,5.826,5.480,1.0000
3398.6450,-205.1882,-253.5861,0.0000,0.000,5.831,5.475,1.0000
3403.4528,-209.9386,-252.8450,0.0000,0.000,5.836,5.470,1.0000
3408.3938,-214.8209,-252.0856,0.0000,0.000,5.840,5.465,1.0000
3413.6674,-220.0269,-251.2442,0.0000,0.000,5.742,5.563,1.0000
3418.9240,-225.1271,-249.9717,0.0000,0.000,5.445,5.863,1.0000
3423.8632,-229.6000,-247.8766,0.0000,0.000,5.862,5.458,1.0000
3428.5530,-233.0327,-244.6811,0.0000,0.000,6.329,5.030,1.0000
3433.3158,-235.4820,-240.5964,0.0000,0.000,6.459,5.049,1.0000
3438.2315,-237.1314,-235.9657,0.0000,0.000,6.565,5.073,1.0000
3443.1975,-238.1642,-231.1083,0.0000,0.000,6.504,5.137,1.0000
3448.1864,-238.7621,-226.1553,0.0000,0.000,6.444,5.201,1.0000
3453.2042,-239.1062,-221.1493,0.0000,0.000,6.383,5.265,1.0000
3458.2297,-239.3714,-216.1309,0.0000,0.000,6.323,5.328,1.0000
3463.2496,-239.6384,-211.1181,0.0000,0.000,6.262,5.392,1.0000
3468.2642,-239.9120,-206.1109,0.0000,0.000,6.202,5.456,1.0000
3473.2742,-240.1948,-201.1089,0.0000,0.000,6.141,5.520,1.0000
3478.2801,-240.4895,-196.1117,0.0000,0.000,6.081,5.584,1.0000
3483.2827,-240.7988,-191.1187,0.0000,0.000,6.020,5.647,1.0000
3488.2826,-241.1254,-186.1295,0.0000,0.000,5.960,5.711,1.0000
3493.2805,-241.4719,-181.1436,0.0000,0.000,5.899,5.775,1.0000
3498.2772,-241.8410,-176.1606,0.0000,0.000,5.839,5.839,1.0000
3503.2734,-242.2354,-171.1799,0.0000,0.000,5.778,5.903,1.0000
3508.2700,-242.6578,-166.2013,0.0000,0.000,5.718,5.967,1.0000
3513.2678,-243.1109,-161.2240,0.0000,0.000,5.657,6.030,1.0000
3518.2677,-243.5973,-156.2478,0.0000,0.000,5.597,6.094,1.0000
3523.2708,-244.1196,-151.2721,0.0000,0.000,5.570,6.165,1.0000
3528.2775,-244.6791,-146.2967,0.0000,0.000,5.663,6.259,1.0000
3533.2866,-245.2705,-141.3226,0.0000,0.000,5.755,6.354,1.0000
3538.2964,-245.8871,-136.3509,0.0000,0.000,5.848,6.449,1.0000
3543.3050,-246.5220,-131.3828,0.0000,0.000,5.941,6.544,1.0000
3548.3103,-247.1685,-126.4194,0.0000,0.000,6.033,6.638,1.0000
3553.3103,-247.8198,-121.4619,0.0000,0.000,6.126,6.733,1.0000
3558.3031,-248.4691,-116.5116,0.0000,0.000,6.219,6.828,1.0000
3563.2892,-249.1164,-111.5677,0.0000,0.000,6.312,6.922,1.0000
3568.2747,-249.7758,-106.6260,0.0000,0.000,6.404,7.017,1.0000
3573.2668,-250.4636,-101.6815,0.0000,0.000,6.497,7.112,1.0000
3578.2728,-251.1958,-96.7293,0.0000,0.000,6.590,7.207,1.0000
3583.3004,-251.9887,-91.7647,0.0000,0.000,6.682,7.301,1.0000
3588.3578,-252.8584,-86.7825,0.0000,0.000,6.775,7.396,1.0000
3593.4195,-253.8913,-81.8274,0.0000,0.000,7.145,7.306,1.0000
3598.2915,-255.6704,-77.2919,0.0000,0.000,6.975,7.219,1.0000
3603.1087,-258.8715,-73.6920,0.0000,0.000,6.228,7.084,1.0000
3608.1394,-263.3276,-71.3572,0.0000,0.000,6.210,6.660,1.0000
3613.2916,-268.4072,-70.4954,0.0000,0.000,5.959,6.234,1.0000
3618.2349,-273.2988,-71.2079,0.0000,0.000,5.482,6.435,1.0000
3623.0267,-277.6055,-73.3089,0.0000,0.000,5.195,6.605,1.0000
3627.8547,-281.2835,-76.4365,0.0000,0.000,5.872,6.170,1.0000
3632.8383,-284.4731,-80.2657,0.0000,0.000,6.180,5.885,1.0000
3637.9413,-287.3506,-84.4799,0.0000,0.000,5.995,5.798,1.0000
3643.0301,-290.0919,-88.7673,0.0000,0.000,5.811,5.712,1.0000
3648.0377,-292.8515,-92.9460,0.0000,0.000,5.626,5.625,1.0000
3653.0073,-295.7610,-96.9747,0.0000,0.000,5.442,5.539,1.0000
3658.0015,-298.9507,-100.8177,0.0000,0.000,5.584,5.240,1.0000
3662.9812,-302.5296,-104.2801,0.0000,0.000,6.037,4.740,1.0000
3667.7831,-306.5680,-106.8781,0.0000,0.000,5.751,4.721,1.0000
3672.5072,-311.1322,-108.0969,0.0000,0.000,5.208,4.901,1.0000
3677.6368,-316.2307,-107.5330,0.0000,0.000,4.623,5.290,1.0000
3682.9425,-321.2835,-105.9145,0.0000,0.000,5.674,4.986,1.0000
3687.7033,-325.6761,-104.0787,0.0000,0.000,5.805,4.874,1.0000
3692.5818,-329.6965,-101.3154,0.0000,0.000,5.591,4.833,1.0000
3697.7770,-333.7491,-98.0648,0.0000,0.000,5.204,4.926,1.0000
3702.6837,-338.1280,-95.8508,0.0000,0.000,4.311,5.410,1.0000
3707.5407,-342.7972,-94.5134,0.0000,0.000,4.292,5.554,1.0000
3712.4811,-347.6428,-93.5499,0.0000,0.000,4.517,5.605,1.0000
3717.4884,-352.5977,-92.8280,0.0000,0.000,4.742,5.655,1.0000
3722.5234,-357.5994,-92.2494,0.0000,0.000,4.966,5.705,1.0000
3727.5503,-362.6000,-91.7359,0.0000,0.000,5.191,5.755,1.0000
3732.5656,-367.5932,-91.2662,0.0000,0.000,5.415,5.805,1.0000
3737.5713,-372.5799,-90.8292,0.0000,0.000,5.453,5.646,1.0000
3742.5695,-377.5607,-90.4133,0.0000,0.000,5.481,5.475,1.0000
3747.5619,-382.5366,-90.0074,0.0000,0.000,5.508,5.304,1.0000
3752.5503,-387.5083,-89.6000,0.0000,0.000,5.535,5.133,1.0000
3757.5364,-392.4766,-89.1792,0.0000,0.000,5.563,4.962,1.0000
3762.5179,-397.4340,-88.6887,0.0000,0.000,5.590,4.791,1.0000
3767.4915,-402.3601,-88.0032,0.0000,0.000,5.618,4.620,1.0000
3772.4690,-407.2335,-86.9911,0.0000,0.000,5.686,4.620,1.0000
3777.4805,-412.0269,-85.5287,0.0000,0.000,5.757,4.629,1.0000
3782.5101,-416.6573,-83.5650,0.0000,0.000,5.827,4.638,1.0000
3787.5196,-421.0118,-81.0882,0.0000,0.000,5.918,4.667,1.0000
3792.4834,-424.9609,-78.0809,0.0000,0.000,6.266,4.947,1.0000
3797.2899,-428.0715,-74.4167,0.0000,0.000,6.614,5.227,1.0000
3802.0861,-429.6879,-69.9011,0.0000,0.000,6.828,5.540,1.0000
3807.1656,-429.9560,-64.8287,0.0000,0.000,6.976,5.868,1.0000
3812.2215,-429.5806,-59.7868,0.0000,0.000,7.125,6.196,1.0000
3817.2007,-428.7909,-54.8706,0.0000,0.000,7.263,6.415,1.0000
3822.1582,-427.6819,-50.0387,0.0000,0.000,7.397,6.592,1.0000
3827.1270,-426.3414,-45.2541,0.0000,0.000,7.532,6.769,1.0000
3832.1123,-424.8006,-40.5129,0.0000,0.000,7.666,6.947,1.0000
3837.1096,-423.0637,-35.8272,0.0000,0.000,7.722,6.999,1.0000
3842.1143,-421.1347,-31.2092,0.0000,0.000,7.704,6.933,1.0000
3847.1220,-419.0176,-26.6710,0.0000,0.000,7.687,6.867,1.0000
3852.1283,-416.7166,-22.2249,0.0000,0.000,7.669,6.802,1.0000
3857.1290,-414.2356,-17.8830,0.0000,0.000,7.651,6.736,1.0000
3862.1222,-411.5805,-13.6542,0.0000,0.000,7.516,6.674,1.0000
3867.1124,-408.7649,-9.5342,0.0000,0.000,7.237,6.615,1.0000
3872.1041,-405.8044,-5.5152,0.0000,0.000,6.957,6.556,1.0000
3877.1003,-402.7145,-1.5891,0.0000,0.000,6.678,6.498,1.0000
3882.1019,-399.5107,2.2517,0.0000,0.000,6.499,6.385,1.0000
3887.1087,-396.2086,6.0153,0.0000,0.000,6.408,6.225,1.0000
3892.1190,-392.8238,9.7093,0.0000,0.000,6.316,6.066,1.0000
3897.1291,-389.3631,13.3321,0.0000,0.000,6.224,5.906,1.0000
3902.1333,-385.8143,16.8603,0.0000,0.000,6.139,5.775,1.0000
3907.1279,-382.1624,20.2677,0.0000,0.000,6.093,5.825,1.0000
3912.1120,-378.3925,23.5278,0.0000,0.000,6.103,5.846,1.0000
3917.0880,-374.4895,26.6144,0.0000,0.000,6.276,5.785,1.0000
3922.0622,-370.4386,29.5012,0.0000,0.000,6.427,5.758,1.0000
3927.0456,-366.2252,32.1623,0.0000,0.000,6.405,6.003,1.0000
3932.0457,-361.8502,34.5830,0.0000,0.000,6.384,6.248,1.0000
3937.0605,-357.3342,36.7636,0.0000,0.000,6.407,6.437,1.0000
3942.0856,-352.6994,38.7051,0.0000,0.000,6.456,6.592,1.0000
3947.1148,-347.9676,40.4089,0.0000,0.000,6.506,6.747,1.0000
3952.1404,-343.1609,41.8759,0.0000,0.000,6.778,6.609,1.0000
3957.1536,-338.3013,43.1073,0.0000,0.000,7.066,6.449,1.0000
3962.1458,-333.4099,44.1057,0.0000,0.000,7.354,6.288,1.0000
3967.1214,-328.4970,44.8933,0.0000,0.000,7.402,6.223,1.0000
3972.0923,-323.5641,45.5067,0.0000,0.000,7.339,6.200,1.0000
3977.0664,-318.6129,45.9833,0.0000,0.000,7.276,6.178,1.0000
3982.0486,-313.6449,46.3600,0.0000,0.000,7.213,6.156,1.0000
3987.0418,-308.6617,46.6741,0.0000,0.000,7.151,6.134,1.0000
3992.0470,-303.6648,46.9625,0.0000,0.000,7.088,6.111,1.0000
3997.0601,-298.6585,47.2226,0.0000,0.000,7.025,6.089,1.0000
4002.0677,-293.6529,47.3688,0.0000,0.000,6.963,6.067,1.0000
4007.0621,-288.6589,47.3052,0.0000,0.000,6.913,6.058,1.0000
4012.0476,-283.6865,46.9447,0.0000,0.000,6.896,6.079,1.0000
4017.0393,-278.7343,46.3183,0.0000,0.000,6.878,6.101,1.0000
4022.0413,-273.7928,45.5422,0.0000,0.000,6.861,6.122,1.0000
4027.0474,-268.8527,44.7326,0.0000,0.000,6.843,6.144,1.0000
4032.0524,-263.9089,43.9519,0.0000,0.000,6.825,6.166,1.0000
4037.0565,-258.9619,43.1981,0.0000,0.000,6.808,6.187,1.0000
4042.0600,-254.0124,42.4651,0.0000,0.000,6.790,6.209,1.0000
4047.0630,-249.0612,41.7470,0.0000,0.000,6.773,6.231,1.0000
4052.0658,-244.1089,41.0378,0.0000,0.000,6.755,6.252,1.0000
4057.0685,-239.1563,40.3317,0.0000,0.000,6.738,6.274,1.0000
4062.0711,-234.2042,39.6230,0.0000,0.000,6.720,6.296,1.0000
4067.0737,-229.2527,38.9092,0.0000,0.000,6.702,6.317,1.0000
4072.0763,-224.3020,38.1903,0.0000,0.000,6.685,6.339,1.0000
4077.0790,-219.3520,37.4664,0.0000,0.000,6.667,6.360,1.0000
4082.0817,-214.4028,36.7375,0.0000,0.000,6.650,6.382,1.0000
4087.0843,-209.4542,36.0035,0.0000,0.000,6.632,6.404,1.0000
4092.0870,-204.5064,35.2645,0.0000,0.000,6.615,6.425,1.0000
4097.0897,-199.5594,34.5205,0.0000,0.000,6.597,6.447,1.0000
4102.0924,-194.6130,33.7714,0.0000,0.000,6.596,6.463,1.0000
4107.0952,-189.6675,33.0174,0.0000,0.000,6.596,6.480,1.0000
4112.0979,-184.7226,32.2584,0.0000,0.000,6.596,6.496,1.0000
4117.1007,-179.7785,31.4944,0.0000,0.000,6.596,6.512,1.0000
4122.1034,-174.8352,30.7255,0.0000,0.000,6.596,6.529,1.0000
4127.1062,-169.8926,29.9516,0.0000,0.000,6.596,6.545,1.0000
4132.1090,-164.9508,29.1729,0.0000,0.000,6.596,6.561,1.0000
4137.1119,-160.0096,28.3898,0.0000,0.000,6.595,6.578,1.0000
4142.1147,-155.0691,27.6027,0.0000,0.000,6.595,6.594,1.0000
4147.1176,-150.1291,26.8120,0.0000,0.000,6.595,6.610,1.0000
4152.1205,-145.1896,26.0180,0.0000,0.000,6.595,6.627,1.0000
4157.1234,-140.2506,25.2212,0.0000,0.000,6.595,6.643,1.0000
4162.1264,-135.3119,24.4218,0.0000,0.000,6.595,6.659,1.0000
4167.1293,-130.3736,23.6203,0.0000,0.000,6.595,6.676,1.0000
4172.1323,-125.4355,22.8171,0.0000,0.000,6.595,6.692,1.0000
4177.1353,-120.4976,22.0125,0.0000,0.000,6.594,6.708,1.0000
4182.1382,-115.5599,21.2069,0.0000,0.000,6.594,6.725,1.0000
4187.1412,-110.6223,20.4007,0.0000,0.000,6.594,6.741,1.0000
4192.1442,-105.6848,19.5943,0.0000,0.000,6.594,6.757,1.0000
4197.1472,-100.7472,18.7881,0.0000,0.000,6.594,6.774,1.0000
4202.1502,-95.8095,17.9824,0.0000,0.000,6.594,6.790,1.0000
4207.1531,-90.8717,17.1776,0.0000,0.000,6.594,6.806,1.0000
4212.1561,-85.9337,16.3740,0.0000,0.000,6.593,6.823,1.0000
4217.1590,-80.9955,15.5722,0.0000,0.000,6.593,6.839,1.0000
4222.1619,-76.0569,14.7724,0.0000,0.000,6.593,6.855,1.0000
4227.1647,-71.1180,13.9751,0.0000,0.000,6.593,6.872,1.0000
4232.1676,-66.1787,13.1805,0.0000,0.000,6.593,6.888,1.0000
4237.1704,-61.2388,12.3892,0.0000,0.000,6.593,6.904,1.0000
4242.1732,-56.2985,11.6014,0.0000,0.000,6.593,6.921,1.0000
4247.1759,-51.3575,10.8176,0.0000,0.000,6.593,6.937,1.0000
4252.1786,-46.4159,10.0381,0.0000,0.000,6.592,6.953,1.0000
4257.1813,-41.4736,9.2633,0.0000,0.000,6.592,6.970,1.0000
4262.1840,-36.5305,8.4936,0.0000,0.000,6.592,6.986,1.0000
4267.1866,-31.5866,7.7289,0.0000,0.000,6.592,7.002,1.0000
4272.1893,-26.6420,6.9692,0.0000,0.000,6.592,7.019,1.0000
4277.1919,-21.6967,6.2143,0.0000,0.000,6.592,7.035,1.0000
4282.1945,-16.7506,5.4639,0.0000,0.000,6.592,7.051,1.0000
4287.1971,-11.8039,4.7180,0.0000,0.000,6.592,7.068,1.0000
4292.1998,-6.8566,3.9763,0.0000,0.000,6.591,7.084,1.0000
