# Shanghai International Circuit — TUMFTM racetrack-database (LGPL-3.0), flat 2-D centre line + measured widths; upstream commit e59595d.
s_m,x_m,y_m,z_m,banking_deg,width_left_m,width_right_m,grip_scale
0.0000,0.0572,-0.0247,0.0000,0.000,6.766,6.915,1.0000
4.9997,-4.8352,-1.0552,0.0000,0.000,6.691,6.905,1.0000
9.9995,-9.7274,-2.0865,0.0000,0.000,6.617,6.894,1.0000
14.9992,-14.6193,-3.1191,0.0000,0.000,6.543,6.884,1.0000
19.9990,-19.5109,-4.1535,0.0000,0.000,6.497,6.876,1.0000
24.9987,-24.4020,-5.1901,0.0000,0.000,6.507,6.875,1.0000
29.9985,-29.2925,-6.2296,0.0000,0.000,6.516,6.874,1.0000
34.9982,-34.1823,-7.2723,0.0000,0.000,6.526,6.873,1.0000
39.9979,-39.0713,-8.3187,0.0000,0.000,6.536,6.872,1.0000
44.9975,-43.9593,-9.3693,0.0000,0.000,6.545,6.871,1.0000
49.9971,-48.8464,-10.4239,0.0000,0.000,6.555,6.869,1.0000
54.9967,-53.7327,-11.4822,0.0000,0.000,6.564,6.868,1.0000
59.9963,-58.6182,-12.5440,0.0000,0.000,6.574,6.867,1.0000
64.9958,-63.5030,-13.6090,0.0000,0.000,6.584,6.866,1.0000
69.9953,-68.3871,-14.6771,0.0000,0.000,6.593,6.865,1.0000
74.9948,-73.2705,-15.7480,0.0000,0.000,6.603,6.863,1.0000
79.9943,-78.1534,-16.8214,0.0000,0.000,6.612,6.862,1.0000
84.9938,-83.0358,-17.8971,0.0000,0.000,6.622,6.861,1.0000
89.9933,-87.9177,-18.9748,0.0000,0.000,6.631,6.860,1.0000
94.9927,-92.7993,-20.0544,0.0000,0.000,6.641,6.859,1.0000
99.9922,-97.6804,-21.1355,0.0000,0.000,6.651,6.857,1.0000
104.9917,-102.5613,-22.2179,0.0000,0.000,6.660,6.856,1.0000
109.9911,-107.4419,-23.3014,0.0000,0.000,6.670,6.855,1.0000
114.9906,-112.3224,-24.3858,0.0000,0.000,6.679,6.854,1.0000
119.9900,-117.2027,-25.4707,0.0000,0.000,6.689,6.853,1.0000
124.9894,-122.0829,-26.5560,0.0000,0.000,6.698,6.851,1.0000
129.9889,-126.9631,-27.6414,0.0000,0.000,6.708,6.850,1.0000
134.9883,-131.8433,-28.7266,0.0000,0.000,6.718,6.849,1.0000
139.9878,-136.7236,-29.8115,0.0000,0.000,6.727,6.848,1.0000
144.9872,-141.6041,-30.8957,0.0000,0.000,6.737,6.847,1.0000
149.9866,-146.4847,-31.9791,0.0000,0.000,6.746,6.846,1.0000
154.9861,-151.3656,-33.0614,0.0000,0.000,6.756,6.844,1.0000
159.9855,-156.2468,-34.1423,0.0000,0.000,6.765,6.843,1.0000
164.9849,-161.1283,-35.2216,0.0000,0.000,6.775,6.842,1.0000
169.9844,-166.0103,-36.2991,0.0000,0.000,6.785,6.841,1.0000
174.9838,-170.8927,-37.3745,0.0000,0.000,6.794,6.840,1.0000
179.9833,-175.7756,-38.4476,0.0000,0.000,6.804,6.838,1.0000
184.9827,-180.6591,-39.5181,0.0000,0.000,6.813,6.837,1.0000
189.9822,-185.5432,-40.5858,0.0000,0.000,6.809,6.824,1.0000
194.9817,-190.4280,-41.6504,0.0000,0.000,6.801,6.808,1.0000
199.9812,-195.3136,-42.7118,0.0000,0.000,6.793,6.792,1.0000
204.9807,-200.1999,-43.7696,0.0000,0.000,6.785,6.775,1.0000
209.9802,-205.0871,-44.8236,0.0000,0.000,6.777,6.759,1.0000
214.9798,-209.9751,-45.8737,0.0000,0.000,6.769,6.742,1.0000
219.9794,-214.8639,-46.9204,0.0000,0.000,6.761,6.726,1.0000
224.9790,-219.7534,-47.9643,0.0000,0.000,6.752,6.710,1.0000
229.9787,-224.6433,-49.0059,0.0000,0.000,6.744,6.693,1.0000
234.9783,-229.5336,-50.0458,0.0000,0.000,6.736,6.677,1.0000
239.9780,-234.4242,-51.0846,0.0000,0.000,6.728,6.660,1.0000
244.9777,-239.3149,-52.1229,0.0000,0.000,6.720,6.644,1.0000
249.9773,-244.2055,-53.1613,0.0000,0.000,6.712,6.628,1.0000
254.9770,-249.0960,-54.2004,0.0000,0.000,6.704,6.611,1.0000
259.9766,-253.9862,-55.2408,0.0000,0.000,6.696,6.595,1.0000
264.9762,-258.8760,-56.2830,0.0000,0.000,6.687,6.578,1.0000
269.9758,-263.7652,-57.3276,0.0000,0.000,6.679,6.562,1.0000
274.9754,-268.6538,-58.3753,0.0000,0.000,6.671,6.546,1.0000
279.9749,-273.5415,-59.4266,0.0000,0.000,6.663,6.529,1.0000
284.9744,-278.4283,-60.4821,0.0000,0.000,6.655,6.513,1.0000
289.9739,-283.3141,-61.5424,0.0000,0.000,6.647,6.496,1.0000
294.9733,-288.1986,-62.6080,0.0000,0.000,6.639,6.480,1.0000
299.9727,-293.0818,-63.6793,0.0000,0.000,6.631,6.464,1.0000
304.9721,-297.9644,-64.7538,0.0000,0.000,6.622,6.447,1.0000
309.9714,-302.8470,-65.8279,0.0000,0.000,6.614,6.431,1.0000
314.9707,-307.7304,-66.8980,0.0000,0.000,6.606,6.414,1.0000
319.9699,-312.6154,-67.9605,0.0000,0.000,6.598,6.398,1.0000
324.9691,-317.5028,-69.0118,0.0000,0.000,6.590,6.382,1.0000
329.9684,-322.3934,-70.0484,0.0000,0.000,6.582,6.365,1.0000
334.9677,-327.2880,-71.0665,0.0000,0.000,6.574,6.349,1.0000
339.9673,-332.1873,-72.0627,0.0000,0.000,6.565,6.332,1.0000
344.9671,-337.0912,-73.0375,0.0000,0.000,6.557,6.316,1.0000
349.9673,-341.9986,-73.9961,0.0000,0.000,6.535,6.356,1.0000
354.9675,-346.9081,-74.9444,0.0000,0.000,6.511,6.406,1.0000
359.9676,-351.8184,-75.8880,0.0000,0.000,6.487,6.455,1.0000
364.9676,-356.7282,-76.8328,0.0000,0.000,6.463,6.505,1.0000
369.9671,-361.6364,-77.7845,0.0000,0.000,6.439,6.554,1.0000
374.9661,-366.5415,-78.7489,0.0000,0.000,6.415,6.603,1.0000
379.9645,-371.4422,-79.7316,0.0000,0.000,6.391,6.653,1.0000
384.9621,-376.3377,-80.7370,0.0000,0.000,6.386,6.648,1.0000
389.9595,-381.2285,-81.7637,0.0000,0.000,6.382,6.643,1.0000
394.9568,-386.1153,-82.8088,0.0000,0.000,6.378,6.638,1.0000
399.9543,-390.9989,-83.8693,0.0000,0.000,6.373,6.633,1.0000
404.9522,-395.8803,-84.9423,0.0000,0.000,6.369,6.628,1.0000
409.9508,-400.7603,-86.0251,0.0000,0.000,6.364,6.622,1.0000
414.9504,-405.6396,-87.1146,0.0000,0.000,6.360,6.617,1.0000
419.9509,-410.5192,-88.2081,0.0000,0.000,6.356,6.612,1.0000
424.9528,-415.3999,-89.3025,0.0000,0.000,6.351,6.607,1.0000
429.9558,-420.2820,-90.3956,0.0000,0.000,6.347,6.602,1.0000
434.9594,-425.1653,-91.4861,0.0000,0.000,6.343,6.597,1.0000
439.9627,-430.0492,-92.5729,0.0000,0.000,6.338,6.592,1.0000
444.9652,-434.9333,-93.6549,0.0000,0.000,6.334,6.587,1.0000
449.9662,-439.8170,-94.7312,0.0000,0.000,6.329,6.582,1.0000
454.9648,-444.6999,-95.8006,0.0000,0.000,6.325,6.577,1.0000
459.9604,-449.5815,-96.8620,0.0000,0.000,6.321,6.572,1.0000
464.9524,-454.4612,-97.9145,0.0000,0.000,6.316,6.567,1.0000
469.9405,-459.3389,-98.9583,0.0000,0.000,6.312,6.562,1.0000
474.9283,-464.2157,-100.0051,0.0000,0.000,6.308,6.556,1.0000
479.9213,-469.0935,-101.0713,0.0000,0.000,6.303,6.551,1.0000
484.9249,-473.9742,-102.1734,0.0000,0.000,6.299,6.546,1.0000
489.9447,-478.8598,-103.3265,0.0000,0.000,6.295,6.541,1.0000
494.9759,-483.7527,-104.4976,0.0000,0.000,6.290,6.536,1.0000
499.9999,-488.6564,-105.5908,0.0000,0.000,6.369,6.547,1.0000
505.0019,-493.5740,-106.5061,0.0000,0.000,6.670,6.601,1.0000
509.9779,-498.5089,-107.1437,0.0000,0.000,6.872,6.598,1.0000
514.9399,-503.4627,-107.4293,0.0000,0.000,6.831,6.457,1.0000
519.9070,-508.4296,-107.3903,0.0000,0.000,6.790,6.316,1.0000
524.8895,-513.4024,-107.0794,0.0000,0.000,6.779,6.229,1.0000
529.8888,-518.3735,-106.5493,0.0000,0.000,6.653,6.278,1.0000
534.8996,-523.3352,-105.8499,0.0000,0.000,6.333,6.531,1.0000
539.9137,-528.2753,-104.9911,0.0000,0.000,6.226,6.578,1.0000
544.9251,-533.1778,-103.9523,0.0000,0.000,6.270,6.480,1.0000
549.9304,-538.0270,-102.7120,0.0000,0.000,6.331,6.309,1.0000
554.9292,-542.8072,-101.2499,0.0000,0.000,6.324,6.201,1.0000
559.9229,-547.5061,-99.5595,0.0000,0.000,6.228,6.176,1.0000
564.9129,-552.1142,-97.6449,0.0000,0.000,6.338,6.028,1.0000
569.9004,-556.6219,-95.5106,0.0000,0.000,6.461,5.872,1.0000
574.8864,-561.0196,-93.1610,0.0000,0.000,6.373,5.957,1.0000
579.8722,-565.2978,-90.6005,0.0000,0.000,6.266,6.054,1.0000
584.8593,-569.4469,-87.8336,0.0000,0.000,6.051,6.146,1.0000
589.8490,-573.4573,-84.8647,0.0000,0.000,5.836,6.238,1.0000
594.8434,-577.3195,-81.6982,0.0000,0.000,6.214,5.878,1.0000
599.8431,-581.0213,-78.3376,0.0000,0.000,6.331,5.853,1.0000
604.8415,-584.5317,-74.7794,0.0000,0.000,6.101,6.248,1.0000
609.8328,-587.8115,-71.0169,0.0000,0.000,6.134,6.274,1.0000
614.8174,-590.8213,-67.0436,0.0000,0.000,6.443,5.918,1.0000
619.8028,-593.5223,-62.8533,0.0000,0.000,6.492,5.867,1.0000
624.7977,-595.8971,-58.4590,0.0000,0.000,6.336,6.057,1.0000
629.8018,-597.9548,-53.8976,0.0000,0.000,6.228,6.197,1.0000
634.8083,-599.7063,-49.2074,0.0000,0.000,6.337,6.108,1.0000
639.8060,-601.1624,-44.4266,0.0000,0.000,6.439,6.036,1.0000
644.7903,-602.3325,-39.5815,0.0000,0.000,6.476,6.129,1.0000
649.7683,-603.2243,-34.6842,0.0000,0.000,6.512,6.222,1.0000
654.7459,-603.8456,-29.7454,0.0000,0.000,6.456,6.218,1.0000
659.7278,-604.2038,-24.7764,0.0000,0.000,6.389,6.202,1.0000
664.7173,-604.3065,-19.7879,0.0000,0.000,6.355,6.253,1.0000
669.7163,-604.1615,-14.7911,0.0000,0.000,6.334,6.330,1.0000
674.7254,-603.7762,-9.7968,0.0000,0.000,6.357,6.341,1.0000
679.7442,-603.1584,-4.8162,0.0000,0.000,6.439,6.264,1.0000
684.7698,-602.3117,0.1376,0.0000,0.000,6.521,6.197,1.0000
689.7927,-601.2251,5.0415,0.0000,0.000,6.602,6.211,1.0000
694.8046,-599.8842,9.8707,0.0000,0.000,6.682,6.225,1.0000
699.8005,-598.2745,14.6002,0.0000,0.000,6.571,6.221,1.0000
704.7792,-596.3815,19.2050,0.0000,0.000,6.443,6.231,1.0000
709.7438,-594.1907,23.6601,0.0000,0.000,6.282,6.440,1.0000
714.7024,-591.6876,27.9405,0.0000,0.000,6.201,6.498,1.0000
719.6683,-588.8577,32.0212,0.0000,0.000,6.403,6.031,1.0000
724.6584,-585.6876,35.8749,0.0000,0.000,6.528,5.719,1.0000
729.6627,-582.1786,39.4429,0.0000,0.000,6.329,6.057,1.0000
734.6582,-578.3428,42.6431,0.0000,0.000,6.274,6.093,1.0000
739.6368,-574.1925,45.3930,0.0000,0.000,6.276,6.010,1.0000
744.6106,-569.7403,47.6103,0.0000,0.000,6.287,5.913,1.0000
749.6059,-565.0205,49.2462,0.0000,0.000,6.235,5.935,1.0000
754.6294,-560.1136,50.3222,0.0000,0.000,6.070,6.166,1.0000
759.6669,-555.1059,50.8688,0.0000,0.000,6.100,6.132,1.0000
764.6893,-550.0837,50.9163,0.0000,0.000,6.258,5.927,1.0000
769.6653,-545.1255,50.4954,0.0000,0.000,6.270,5.952,1.0000
774.6102,-540.2558,49.6364,0.0000,0.000,6.303,5.938,1.0000
779.5543,-535.4767,48.3698,0.0000,0.000,6.410,5.796,1.0000
784.5208,-530.7900,46.7262,0.0000,0.000,6.476,5.687,1.0000
789.5248,-526.1992,44.7349,0.0000,0.000,6.088,5.977,1.0000
794.5509,-521.7552,42.3871,0.0000,0.000,5.885,6.202,1.0000
799.5672,-517.5661,39.6278,0.0000,0.000,5.903,6.349,1.0000
804.5709,-513.7434,36.3991,0.0000,0.000,6.223,6.086,1.0000
809.5978,-510.3992,32.6460,0.0000,0.000,6.397,5.951,1.0000
814.6486,-507.6575,28.4041,0.0000,0.000,6.368,5.993,1.0000
819.6529,-505.6573,23.8169,0.0000,0.000,6.297,5.994,1.0000
824.5646,-504.5382,19.0343,0.0000,0.000,6.416,5.914,1.0000
829.3936,-504.4400,14.2064,0.0000,0.000,6.221,6.178,1.0000
834.2467,-505.4132,9.4518,0.0000,0.000,6.173,6.121,1.0000
839.2466,-507.1917,4.7790,0.0000,0.000,6.404,5.975,1.0000
844.3730,-509.4393,0.1716,0.0000,0.000,6.165,6.067,1.0000
849.5154,-511.8197,-4.3867,0.0000,0.000,5.925,6.158,1.0000
854.5640,-514.0411,-8.9204,0.0000,0.000,5.836,6.061,1.0000
859.5170,-515.9695,-13.4825,0.0000,0.000,5.992,5.774,1.0000
864.4141,-517.5053,-18.1326,0.0000,0.000,6.207,5.744,1.0000
869.3235,-518.5488,-22.9298,0.0000,0.000,5.937,6.291,1.0000
874.3342,-518.9993,-27.9202,0.0000,0.000,5.806,6.453,1.0000
879.3992,-518.7428,-32.9787,0.0000,0.000,5.887,6.426,1.0000
884.4044,-517.6561,-37.8645,0.0000,0.000,6.228,6.226,1.0000
889.3181,-515.6155,-42.3345,0.0000,0.000,6.158,6.390,1.0000
894.2352,-512.5198,-46.1548,0.0000,0.000,6.047,6.538,1.0000
899.2504,-508.5387,-49.2048,0.0000,0.000,5.986,6.595,1.0000
904.2887,-504.0243,-51.4420,0.0000,0.000,6.287,6.308,1.0000
909.2874,-499.2742,-52.9985,0.0000,0.000,6.260,6.201,1.0000
914.2677,-494.4755,-54.3314,0.0000,0.000,6.140,6.145,1.0000
919.2138,-489.7018,-55.6260,0.0000,0.000,6.178,6.463,1.0000
924.1563,-484.8346,-56.4850,0.0000,0.000,5.749,6.349,1.0000
929.1982,-479.7927,-56.4917,0.0000,0.000,6.523,5.778,1.0000
934.2359,-474.8531,-55.5024,0.0000,0.000,6.132,6.024,1.0000
939.1393,-470.3754,-53.5039,0.0000,0.000,5.735,6.702,1.0000
944.0284,-466.4077,-50.6472,0.0000,0.000,6.254,6.458,1.0000
948.9981,-462.8821,-47.1446,0.0000,0.000,6.265,6.493,1.0000
954.0407,-459.7304,-43.2084,0.0000,0.000,6.273,6.510,1.0000
959.0815,-456.8855,-39.0470,0.0000,0.000,6.266,6.461,1.0000
964.0763,-454.3059,-34.7699,0.0000,0.000,6.253,6.413,1.0000
969.0447,-451.9773,-30.3810,0.0000,0.000,6.168,6.375,1.0000
974.0086,-449.8866,-25.8789,0.0000,0.000,6.082,6.341,1.0000
978.9875,-448.0213,-21.2625,0.0000,0.000,5.993,6.323,1.0000
983.9873,-446.3800,-16.5399,0.0000,0.000,5.998,6.260,1.0000
989.0002,-444.9734,-11.7284,0.0000,0.000,6.147,6.127,1.0000
994.0187,-443.8125,-6.8460,0.0000,0.000,6.171,6.121,1.0000
999.0362,-442.9086,-1.9106,0.0000,0.000,6.052,6.257,1.0000
1004.0471,-442.2727,3.0598,0.0000,0.000,5.974,6.332,1.0000
1009.0473,-441.9159,8.0473,0.0000,0.000,5.983,6.273,1.0000
1014.0344,-441.8496,13.0339,0.0000,0.000,5.992,6.215,1.0000
1019.0078,-442.0847,18.0018,0.0000,0.000,6.053,6.307,1.0000
1023.9727,-442.6251,22.9372,0.0000,0.000,6.167,6.558,1.0000
1028.9441,-443.4508,27.8396,0.0000,0.000,6.039,6.448,1.0000
1033.9354,-444.5374,32.7111,0.0000,0.000,5.905,6.329,1.0000
1038.9558,-445.8605,37.5540,0.0000,0.000,6.122,6.082,1.0000
1044.0052,-447.4083,42.3604,0.0000,0.000,6.363,5.836,1.0000
1049.0294,-449.3113,47.0102,0.0000,0.000,6.219,6.131,1.0000
1053.9987,-451.7617,51.3333,0.0000,0.000,6.083,6.413,1.0000
1058.9700,-454.6524,55.3778,0.0000,0.000,5.952,6.688,1.0000
1063.9546,-457.7043,59.3188,0.0000,0.000,6.060,6.579,1.0000
1068.9435,-460.8042,63.2278,0.0000,0.000,6.167,6.470,1.0000
1073.9365,-463.9435,67.1104,0.0000,0.000,6.275,6.361,1.0000
1078.9330,-467.1155,70.9710,0.0000,0.000,6.383,6.252,1.0000
1083.9325,-470.3131,74.8142,0.0000,0.000,6.422,6.211,1.0000
1088.9343,-473.5295,78.6446,0.0000,0.000,6.413,6.217,1.0000
1093.9374,-476.7580,82.4668,0.0000,0.000,6.404,6.224,1.0000
1098.9410,-479.9915,86.2852,0.0000,0.000,6.394,6.230,1.0000
1103.9442,-483.2232,90.1045,0.0000,0.000,6.385,6.236,1.0000
1108.9460,-486.4472,93.9286,0.0000,0.000,6.376,6.243,1.0000
1113.9465,-489.6629,97.7580,0.0000,0.000,6.367,6.249,1.0000
1118.9459,-492.8715,101.5920,0.0000,0.000,6.358,6.256,1.0000
1123.9445,-496.0742,105.4298,0.0000,0.000,6.348,6.262,1.0000
1128.9426,-499.2724,109.2707,0.0000,0.000,6.339,6.268,1.0000
1133.9404,-502.4673,113.1139,0.0000,0.000,6.330,6.275,1.0000
1138.9381,-505.6602,116.9587,0.0000,0.000,6.321,6.281,1.0000
1143.9359,-508.8523,120.8044,0.0000,0.000,6.312,6.287,1.0000
1148.9342,-512.0448,124.6502,0.0000,0.000,6.302,6.294,1.0000
1153.9329,-515.2386,128.4956,0.0000,0.000,6.293,6.300,1.0000
1158.9321,-518.4337,132.3405,0.0000,0.000,6.284,6.306,1.0000
1163.9317,-521.6303,136.1847,0.0000,0.000,6.275,6.313,1.0000
1168.9316,-524.8286,140.0278,0.0000,0.000,6.266,6.319,1.0000
1173.9318,-528.0287,143.8699,0.0000,0.000,6.256,6.326,1.0000
1178.9321,-531.2307,147.7105,0.0000,0.000,6.247,6.332,1.0000
1183.9326,-534.4347,151.5497,0.0000,0.000,6.238,6.338,1.0000
1188.9332,-537.6410,155.3870,0.0000,0.000,6.229,6.345,1.0000
1193.9338,-540.8497,159.2224,0.0000,0.000,6.220,6.351,1.0000
1198.9343,-544.0609,163.0557,0.0000,0.000,6.210,6.357,1.0000
1203.9348,-547.2747,166.8866,0.0000,0.000,6.201,6.364,1.0000
1208.9351,-550.4913,170.7150,0.0000,0.000,6.192,6.370,1.0000
1213.9352,-553.7108,174.5407,0.0000,0.000,6.183,6.376,1.0000
1218.9351,-556.9335,178.3634,0.0000,0.000,6.174,6.383,1.0000
1223.9346,-560.1593,182.1829,0.0000,0.000,6.164,6.389,1.0000
1228.9337,-563.3885,185.9992,0.0000,0.000,6.155,6.395,1.0000
1233.9324,-566.6212,189.8119,0.0000,0.000,6.156,6.398,1.0000
1238.9307,-569.8576,193.6209,0.0000,0.000,6.157,6.400,1.0000
1243.9287,-573.0975,197.4265,0.0000,0.000,6.159,6.403,1.0000
1248.9264,-576.3411,201.2287,0.0000,0.000,6.160,6.405,1.0000
1253.9241,-579.5883,205.0277,0.0000,0.000,6.161,6.407,1.0000
1258.9218,-582.8392,208.8236,0.0000,0.000,6.163,6.409,1.0000
1263.9196,-586.0937,212.6165,0.0000,0.000,6.164,6.412,1.0000
1268.9176,-589.3518,216.4066,0.0000,0.000,6.165,6.414,1.0000
1273.9160,-592.6136,220.1940,0.0000,0.000,6.167,6.416,1.0000
1278.9149,-595.8791,223.9789,0.0000,0.000,6.168,6.418,1.0000
1283.9143,-599.1482,227.7614,0.0000,0.000,6.169,6.421,1.0000
1288.9144,-602.4211,231.5415,0.0000,0.000,6.171,6.423,1.0000
1293.9154,-605.6976,235.3196,0.0000,0.000,6.172,6.425,1.0000
1298.9172,-608.9778,239.0956,0.0000,0.000,6.174,6.427,1.0000
1303.9201,-612.2617,242.8698,0.0000,0.000,6.175,6.430,1.0000
1308.9240,-615.5494,246.6423,0.0000,0.000,6.176,6.432,1.0000
1313.9293,-618.8407,250.4131,0.0000,0.000,6.178,6.434,1.0000
1318.9358,-622.1357,254.1826,0.0000,0.000,6.179,6.437,1.0000
1323.9427,-625.4255,257.9570,0.0000,0.000,6.180,6.437,1.0000
1328.9455,-628.6730,261.7624,0.0000,0.000,6.181,6.312,1.0000
1333.9406,-631.8357,265.6288,0.0000,0.000,6.182,6.187,1.0000
1338.9280,-634.8712,269.5859,0.0000,0.000,6.212,6.062,1.0000
1343.9114,-637.7383,273.6621,0.0000,0.000,6.371,5.936,1.0000
1348.8928,-640.4089,277.8670,0.0000,0.000,6.589,5.913,1.0000
1353.8720,-642.8631,282.1994,0.0000,0.000,6.645,5.977,1.0000
1358.8516,-645.0809,286.6579,0.0000,0.000,6.364,6.146,1.0000
1363.8369,-647.0473,291.2390,0.0000,0.000,6.083,6.315,1.0000
1368.8355,-648.7988,295.9207,0.0000,0.000,6.026,6.236,1.0000
1373.8479,-650.4035,300.6693,0.0000,0.000,5.981,6.145,1.0000
1378.8673,-651.9300,305.4509,0.0000,0.000,5.968,6.104,1.0000
1383.8829,-653.4466,310.2317,0.0000,0.000,5.972,6.092,1.0000
1388.8885,-654.9948,314.9919,0.0000,0.000,5.975,6.079,1.0000
1393.8867,-656.5688,319.7358,0.0000,0.000,5.979,6.066,1.0000
1398.8810,-658.1583,324.4704,0.0000,0.000,5.983,6.054,1.0000
1403.8745,-659.7530,329.2024,0.0000,0.000,5.987,6.041,1.0000
1408.8693,-661.3459,333.9363,0.0000,0.000,5.991,6.029,1.0000
1413.8653,-662.9366,338.6724,0.0000,0.000,5.995,6.016,1.0000
1418.8626,-664.5252,343.4104,0.0000,0.000,5.998,6.003,1.0000
1423.8608,-666.1118,348.1502,0.0000,0.000,6.002,5.991,1.0000
1428.8600,-667.6964,352.8915,0.0000,0.000,6.006,5.978,1.0000
1433.8598,-669.2792,357.6342,0.0000,0.000,6.010,5.966,1.0000
1438.8603,-670.8604,362.3782,0.0000,0.000,6.014,5.953,1.0000
1443.8612,-672.4399,367.1231,0.0000,0.000,6.018,5.940,1.0000
1448.8624,-674.0179,371.8688,0.0000,0.000,6.021,5.928,1.0000
1453.8637,-675.5945,376.6151,0.0000,0.000,6.025,5.915,1.0000
1458.8651,-677.1697,381.3619,0.0000,0.000,6.029,5.903,1.0000
1463.8663,-678.7438,386.1089,0.0000,0.000,6.033,5.890,1.0000
1468.8672,-680.3168,390.8560,0.0000,0.000,6.037,5.877,1.0000
1473.8677,-681.8888,395.6030,0.0000,0.000,6.040,5.865,1.0000
1478.8676,-683.4600,400.3496,0.0000,0.000,6.044,5.852,1.0000
1483.8668,-685.0303,405.0958,0.0000,0.000,6.048,5.840,1.0000
1488.8651,-686.5999,409.8412,0.0000,0.000,6.052,5.827,1.0000
1493.8624,-688.1692,414.5858,0.0000,0.000,6.056,5.814,1.0000
1498.8593,-689.7391,419.3296,0.0000,0.000,6.060,5.802,1.0000
1503.8560,-691.3106,424.0727,0.0000,0.000,6.063,5.789,1.0000
1508.8529,-692.8850,428.8152,0.0000,0.000,6.067,5.776,1.0000
1513.8505,-694.4632,433.5571,0.0000,0.000,6.071,5.764,1.0000
1518.8492,-696.0464,438.2985,0.0000,0.000,6.075,5.751,1.0000
1523.8495,-697.6356,443.0394,0.0000,0.000,6.079,5.739,1.0000
1528.8516,-699.2320,447.7800,0.0000,0.000,6.083,5.726,1.0000
1533.8561,-700.8361,452.5204,0.0000,0.000,6.086,5.713,1.0000
1538.8618,-702.4430,457.2612,0.0000,0.000,6.090,5.701,1.0000
1543.8671,-704.0444,462.0034,0.0000,0.000,6.094,5.688,1.0000
1548.8703,-705.6322,466.7479,0.0000,0.000,6.098,5.676,1.0000
1553.8697,-707.1979,471.4959,0.0000,0.000,6.102,5.663,1.0000
1558.8639,-708.7332,476.2482,0.0000,0.000,6.106,5.650,1.0000
1563.8514,-710.2300,481.0058,0.0000,0.000,6.109,5.638,1.0000
1568.8311,-711.6798,485.7698,0.0000,0.000,6.113,5.625,1.0000
1573.7997,-713.0642,490.5417,0.0000,0.000,6.206,5.677,1.0000
1578.6554,-713.5157,495.3763,0.0000,0.000,6.313,5.845,1.0000
1583.7879,-711.7010,500.1773,0.0000,0.000,6.367,6.094,1.0000
1588.7416,-708.9604,504.3038,0.0000,0.000,6.405,6.014,1.0000
1593.6178,-705.7946,508.0126,0.0000,0.000,6.401,6.021,1.0000
1598.7795,-702.2102,511.7268,0.0000,0.000,6.293,6.265,1.0000
1603.8896,-698.1630,514.8466,0.0000,0.000,6.398,6.247,1.0000
1608.7247,-693.6026,516.4533,0.0000,0.000,6.656,6.010,1.0000
1613.5918,-688.7371,516.3317,0.0000,0.000,7.011,5.602,1.0000
1618.4998,-684.0220,514.9694,0.0000,0.000,6.530,6.276,1.0000
1623.4073,-679.6427,512.7546,0.0000,0.000,6.464,6.653,1.0000
1628.3996,-675.5130,509.9494,0.0000,0.000,6.838,6.696,1.0000
1633.4662,-671.5357,506.8107,0.0000,0.000,7.076,6.854,1.0000
1638.5380,-667.6133,503.5954,0.0000,0.000,7.222,7.087,1.0000
1643.5552,-663.6756,500.4863,0.0000,0.000,7.262,7.179,1.0000
1648.5317,-659.7280,497.4561,0.0000,0.000,7.259,7.214,1.0000
1653.4922,-655.7896,494.4402,0.0000,0.000,7.255,7.248,1.0000
1658.4612,-651.8795,491.3740,0.0000,0.000,7.252,7.283,1.0000
1663.4552,-648.0179,488.2072,0.0000,0.000,7.262,7.246,1.0000
1668.4653,-644.2288,484.9294,0.0000,0.000,7.312,6.988,1.0000
1673.4794,-640.5365,481.5371,0.0000,0.000,7.349,6.749,1.0000
1678.4866,-636.9655,478.0271,0.0000,0.000,7.112,6.880,1.0000
1683.4797,-633.5359,474.3982,0.0000,0.000,6.875,7.011,1.0000
1688.4648,-630.2256,470.6708,0.0000,0.000,6.795,6.975,1.0000
1693.4513,-626.9889,466.8775,0.0000,0.000,6.838,6.813,1.0000
1698.4454,-623.7796,463.0511,0.0000,0.000,6.880,6.650,1.0000
1703.4509,-620.5577,459.2203,0.0000,0.000,6.922,6.487,1.0000
1708.4634,-617.3415,455.3758,0.0000,0.000,6.844,6.439,1.0000
1713.4742,-614.1820,451.4866,0.0000,0.000,6.669,6.485,1.0000
1718.4774,-611.1308,447.5216,0.0000,0.000,6.493,6.532,1.0000
1723.4717,-608.2386,443.4498,0.0000,0.000,6.318,6.578,1.0000
1728.4631,-605.5207,439.2633,0.0000,0.000,6.341,6.354,1.0000
1733.4578,-602.9346,434.9902,0.0000,0.000,6.386,6.100,1.0000
1738.4568,-600.4327,430.6624,0.0000,0.000,6.410,5.960,1.0000
1743.4577,-597.9672,426.3114,0.0000,0.000,6.397,6.021,1.0000
1748.4584,-595.5080,421.9573,0.0000,0.000,6.385,6.082,1.0000
1753.4585,-593.0522,417.6018,0.0000,0.000,6.371,6.144,1.0000
1758.4582,-590.5996,413.2450,0.0000,0.000,6.357,6.206,1.0000
1763.4575,-588.1500,408.8870,0.0000,0.000,6.343,6.267,1.0000
1768.4564,-585.7031,404.5278,0.0000,0.000,6.329,6.329,1.0000
1773.4552,-583.2587,400.1675,0.0000,0.000,6.316,6.391,1.0000
1778.4537,-580.8166,395.8061,0.0000,0.000,6.302,6.453,1.0000
1783.4521,-578.3765,391.4438,0.0000,0.000,6.288,6.502,1.0000
1788.4505,-575.9382,387.0805,0.0000,0.000,6.272,6.496,1.0000
1793.4489,-573.5014,382.7164,0.0000,0.000,6.256,6.491,1.0000
1798.4473,-571.0659,378.3515,0.0000,0.000,6.241,6.485,1.0000
1803.4458,-568.6314,373.9858,0.0000,0.000,6.225,6.479,1.0000
1808.4446,-566.1978,369.6195,0.0000,0.000,6.209,6.474,1.0000
1813.4435,-563.7648,365.2525,0.0000,0.000,6.194,6.468,1.0000
1818.4428,-561.3321,360.8850,0.0000,0.000,6.178,6.462,1.0000
1823.4425,-558.8996,356.5170,0.0000,0.000,6.162,6.457,1.0000
1828.4426,-556.4669,352.1486,0.0000,0.000,6.147,6.451,1.0000
1833.4431,-554.0338,347.7800,0.0000,0.000,6.131,6.445,1.0000
1838.4440,-551.5999,343.4113,0.0000,0.000,6.115,6.440,1.0000
1843.4451,-549.1647,339.0431,0.0000,0.000,6.099,6.434,1.0000
1848.4464,-546.7278,334.6757,0.0000,0.000,6.084,6.429,1.0000
1853.4477,-544.2888,330.3095,0.0000,0.000,6.068,6.423,1.0000
1858.4489,-541.8472,325.9448,0.0000,0.000,6.052,6.417,1.0000
1863.4499,-539.4026,321.5820,0.0000,0.000,6.037,6.412,1.0000
1868.4506,-536.9545,317.2215,0.0000,0.000,6.021,6.406,1.0000
1873.4508,-534.5025,312.8637,0.0000,0.000,6.005,6.400,1.0000
1878.4506,-532.0462,308.5089,0.0000,0.000,5.990,6.395,1.0000
1883.4497,-529.5852,304.1575,0.0000,0.000,5.974,6.389,1.0000
1888.4481,-527.1189,299.8099,0.0000,0.000,5.958,6.383,1.0000
1893.4457,-524.6471,295.4665,0.0000,0.000,5.943,6.378,1.0000
1898.4423,-522.1691,291.1276,0.0000,0.000,5.927,6.372,1.0000
1903.4379,-519.6846,286.7936,0.0000,0.000,5.911,6.366,1.0000
1908.4324,-517.1932,282.4649,0.0000,0.000,5.896,6.361,1.0000
1913.4257,-514.6944,278.1418,0.0000,0.000,5.880,6.355,1.0000
1918.4174,-512.1815,273.8288,0.0000,0.000,6.152,6.226,1.0000
1923.4061,-509.6160,269.5503,0.0000,0.000,6.351,6.159,1.0000
1928.3918,-506.9496,265.3375,0.0000,0.000,6.058,6.409,1.0000
1933.3789,-504.1338,261.2214,0.0000,0.000,5.987,6.501,1.0000
1938.3773,-501.1214,257.2327,0.0000,0.000,6.427,6.229,1.0000
1943.3885,-497.8954,253.3980,0.0000,0.000,6.721,6.067,1.0000
1948.4023,-494.4671,249.7395,0.0000,0.000,6.414,6.364,1.0000
1953.4089,-490.8485,246.2795,0.0000,0.000,6.108,6.658,1.0000
1958.3996,-487.0520,243.0401,0.0000,0.000,6.076,6.573,1.0000
1963.3747,-483.0976,240.0210,0.0000,0.000,6.044,6.489,1.0000
1968.3499,-479.0274,237.1599,0.0000,0.000,6.147,6.359,1.0000
1973.3351,-474.8869,234.3836,0.0000,0.000,6.290,6.216,1.0000
1978.3342,-470.7218,231.6189,0.0000,0.000,6.338,6.181,1.0000
1983.3479,-466.5678,228.8115,0.0000,0.000,6.335,6.203,1.0000
1988.3577,-462.3653,226.0844,0.0000,0.000,6.268,6.321,1.0000
1993.3497,-458.0128,223.6399,0.0000,0.000,6.095,6.603,1.0000
1998.3349,-453.5063,221.5082,0.0000,0.000,6.030,6.743,1.0000
2003.3169,-448.8930,219.6273,0.0000,0.000,6.331,6.410,1.0000
2008.2985,-444.1972,217.9644,0.0000,0.000,6.610,6.096,1.0000
2013.2845,-439.4300,216.5034,0.0000,0.000,6.279,6.309,1.0000
2018.2778,-434.6023,215.2283,0.0000,0.000,6.147,6.432,1.0000
2023.2785,-429.7252,214.1233,0.0000,0.000,6.262,6.441,1.0000
2028.2853,-424.8095,213.1724,0.0000,0.000,6.282,6.417,1.0000
2033.2949,-419.8663,212.3597,0.0000,0.000,6.226,6.366,1.0000
2038.3024,-414.9066,211.6693,0.0000,0.000,6.167,6.303,1.0000
2043.3020,-409.9412,211.0856,0.0000,0.000,6.134,6.231,1.0000
2048.2900,-404.9758,210.6113,0.0000,0.000,6.257,6.123,1.0000
2053.2692,-400.0078,210.2782,0.0000,0.000,6.379,6.015,1.0000
2058.2457,-395.0338,210.1205,0.0000,0.000,6.112,6.345,1.0000
2063.2292,-390.0505,210.1725,0.0000,0.000,5.884,6.626,1.0000
2068.2304,-385.0577,210.4627,0.0000,0.000,6.050,6.426,1.0000
2073.2459,-380.0702,210.9911,0.0000,0.000,6.216,6.231,1.0000
2078.2664,-375.1072,211.7491,0.0000,0.000,6.382,6.038,1.0000
2083.2818,-370.1882,212.7279,0.0000,0.000,6.325,6.098,1.0000
2088.2834,-365.3306,213.9193,0.0000,0.000,6.179,6.259,1.0000
2093.2727,-360.5413,215.3177,0.0000,0.000,6.117,6.252,1.0000
2098.2539,-355.8241,216.9179,0.0000,0.000,6.063,6.229,1.0000
2103.2310,-351.1828,218.7150,0.0000,0.000,5.950,6.452,1.0000
2108.2073,-346.6212,220.7040,0.0000,0.000,5.828,6.722,1.0000
2113.1860,-342.1432,222.8798,0.0000,0.000,6.047,6.552,1.0000
2118.1697,-337.7524,225.2375,0.0000,0.000,6.309,6.328,1.0000
2123.1607,-333.4528,227.7720,0.0000,0.000,6.461,6.178,1.0000
2128.1611,-329.2481,230.4783,0.0000,0.000,6.316,6.233,1.0000
2133.1708,-325.1444,233.3518,0.0000,0.000,6.171,6.288,1.0000
2138.1856,-321.1538,236.3887,0.0000,0.000,6.060,6.383,1.0000
2143.2011,-317.2891,239.5854,0.0000,0.000,5.983,6.517,1.0000
2148.2133,-313.5636,242.9384,0.0000,0.000,5.905,6.650,1.0000
2153.2192,-309.9901,246.4441,0.0000,0.000,5.910,6.625,1.0000
2158.2165,-306.5818,250.0988,0.0000,0.000,6.059,6.329,1.0000
2163.2040,-303.3517,253.8990,0.0000,0.000,6.208,6.032,1.0000
2168.1814,-300.3129,257.8410,0.0000,0.000,6.299,5.855,1.0000
2173.1505,-297.4757,261.9205,0.0000,0.000,6.110,6.249,1.0000
2178.1190,-294.8270,266.1241,0.0000,0.000,5.966,6.558,1.0000
2183.0946,-292.3408,270.4341,0.0000,0.000,6.007,6.517,1.0000
2188.0813,-289.9913,274.8326,0.0000,0.000,6.047,6.476,1.0000
2193.0800,-287.7524,279.3018,0.0000,0.000,6.070,6.423,1.0000
2198.0889,-285.5981,283.8238,0.0000,0.000,6.088,6.368,1.0000
2203.1047,-283.5025,288.3808,0.0000,0.000,6.107,6.312,1.0000
2208.1225,-281.4395,292.9549,0.0000,0.000,6.125,6.257,1.0000
2213.1369,-279.3832,297.5284,0.0000,0.000,6.144,6.201,1.0000
2218.1449,-277.3169,302.0902,0.0000,0.000,6.162,6.146,1.0000
2223.1471,-275.2374,306.6397,0.0000,0.000,6.180,6.090,1.0000
2228.1445,-273.1426,311.1768,0.0000,0.000,6.199,6.035,1.0000
2233.1381,-271.0306,315.7019,0.0000,0.000,6.212,5.984,1.0000
2238.1291,-268.8995,320.2149,0.0000,0.000,6.187,5.972,1.0000
2243.1184,-266.7471,324.7161,0.0000,0.000,6.161,5.959,1.0000
2248.1072,-264.5716,329.2056,0.0000,0.000,6.136,5.946,1.0000
2253.0966,-262.3709,333.6834,0.0000,0.000,6.111,5.933,1.0000
2258.0874,-260.1387,338.1472,0.0000,0.000,6.085,5.920,1.0000
2263.0790,-257.8478,342.5820,0.0000,0.000,6.060,5.907,1.0000
2268.0717,-255.4644,346.9692,0.0000,0.000,6.185,5.852,1.0000
2273.0684,-252.9550,351.2900,0.0000,0.000,6.453,5.756,1.0000
2278.0745,-250.2867,355.5257,0.0000,0.000,6.410,5.865,1.0000
2283.0887,-247.4412,359.6543,0.0000,0.000,6.178,6.099,1.0000
2288.1031,-244.4135,363.6514,0.0000,0.000,5.968,6.317,1.0000
2293.1117,-241.1989,367.4923,0.0000,0.000,6.011,6.350,1.0000
2298.1113,-237.7928,371.1522,0.0000,0.000,6.054,6.383,1.0000
2303.1024,-234.1944,374.6109,0.0000,0.000,6.335,6.118,1.0000
2308.0873,-230.4135,377.8595,0.0000,0.000,6.643,5.818,1.0000
2313.0684,-226.4611,380.8910,0.0000,0.000,6.706,5.752,1.0000
2318.0477,-222.3487,383.6984,0.0000,0.000,6.538,5.904,1.0000
2323.0272,-218.0874,386.2746,0.0000,0.000,6.378,6.042,1.0000
2328.0088,-213.6885,388.6127,0.0000,0.000,6.277,6.077,1.0000
2332.9945,-209.1634,390.7057,0.0000,0.000,6.176,6.112,1.0000
2337.9865,-204.5232,392.5466,0.0000,0.000,6.149,6.200,1.0000
2342.9864,-199.7797,394.1271,0.0000,0.000,6.160,6.315,1.0000
2347.9897,-194.9486,395.4282,0.0000,0.000,6.276,6.307,1.0000
2352.9913,-190.0474,396.4255,0.0000,0.000,6.713,5.917,1.0000
2357.9896,-185.0941,397.0941,0.0000,0.000,6.599,6.049,1.0000
2362.9874,-180.1062,397.4098,0.0000,0.000,6.314,6.345,1.0000
2367.9882,-175.1056,397.3618,0.0000,0.000,6.280,6.358,1.0000
2372.9906,-170.1194,396.9598,0.0000,0.000,6.316,6.294,1.0000
2377.9903,-165.1755,396.2152,0.0000,0.000,6.466,6.112,1.0000
2382.9817,-160.3014,395.1393,0.0000,0.000,6.571,6.040,1.0000
2387.9635,-155.5190,393.7441,0.0000,0.000,6.588,6.179,1.0000
2392.9411,-150.8411,392.0427,0.0000,0.000,6.605,6.318,1.0000
2397.9192,-146.2802,390.0480,0.0000,0.000,6.630,6.337,1.0000
2402.9009,-141.8483,387.7729,0.0000,0.000,6.661,6.245,1.0000
2407.8880,-137.5579,385.2306,0.0000,0.000,6.693,6.153,1.0000
2412.8813,-133.4211,382.4341,0.0000,0.000,6.686,6.080,1.0000
2417.8809,-129.4503,379.3963,0.0000,0.000,6.653,6.019,1.0000
2422.8860,-125.6576,376.1303,0.0000,0.000,6.620,5.958,1.0000
2427.8948,-122.0562,372.6492,0.0000,0.000,6.376,6.173,1.0000
2432.9025,-118.6623,368.9671,0.0000,0.000,6.093,6.438,1.0000
2437.9037,-115.4934,365.0979,0.0000,0.000,6.020,6.511,1.0000
2442.8938,-112.5670,361.0560,0.0000,0.000,6.426,6.144,1.0000
2447.8701,-109.8982,356.8559,0.0000,0.000,6.832,5.777,1.0000
2452.8411,-107.4638,352.5217,0.0000,0.000,6.851,5.720,1.0000
2457.8183,-105.2071,348.0856,0.0000,0.000,6.797,5.721,1.0000
2462.8050,-103.0702,343.5799,0.0000,0.000,6.743,5.722,1.0000
2467.7993,-100.9952,339.0371,0.0000,0.000,6.689,5.723,1.0000
2472.7974,-98.9381,334.4820,0.0000,0.000,6.635,5.724,1.0000
2477.7980,-96.8893,329.9204,0.0000,0.000,6.581,5.725,1.0000
2482.8003,-94.8447,325.3549,0.0000,0.000,6.527,5.726,1.0000
2487.8036,-92.8002,320.7885,0.0000,0.000,6.474,5.727,1.0000
2492.8069,-90.7516,316.2237,0.0000,0.000,6.420,5.728,1.0000
2497.8096,-88.6948,311.6635,0.0000,0.000,6.366,5.729,1.0000
2502.8107,-86.6256,307.1104,0.0000,0.000,6.312,5.730,1.0000
2507.8096,-84.5400,302.5674,0.0000,0.000,6.258,5.731,1.0000
2512.8061,-82.4405,298.0334,0.0000,0.000,6.204,5.732,1.0000
2517.8054,-80.3863,293.4757,0.0000,0.000,6.150,5.733,1.0000
2522.8168,-78.4600,288.8493,0.0000,0.000,6.096,5.734,1.0000
2527.7884,-76.4629,284.2964,0.0000,0.000,5.849,6.385,1.0000
2532.6539,-73.7953,280.2274,0.0000,0.000,5.970,6.613,1.0000
2537.5762,-70.1945,276.8713,0.0000,0.000,6.474,6.223,1.0000
2542.6309,-65.9232,274.1682,0.0000,0.000,6.254,6.342,1.0000
2547.7363,-61.2842,272.0366,0.0000,0.000,6.374,6.635,1.0000
2552.7227,-56.5757,270.3952,0.0000,0.000,6.423,6.764,1.0000
2557.5634,-51.8868,269.1923,0.0000,0.000,6.393,6.790,1.0000
2562.4997,-47.0116,268.4181,0.0000,0.000,6.302,6.590,1.0000
2567.6815,-41.8377,268.1320,0.0000,0.000,6.186,6.292,1.0000
2572.7904,-36.7588,268.6846,0.0000,0.000,6.122,6.303,1.0000
2577.6530,-32.2065,270.3937,0.0000,0.000,5.908,6.377,1.0000
2582.5033,-28.1730,273.0876,0.0000,0.000,5.627,6.468,1.0000
2587.4677,-24.5314,276.4616,0.0000,0.000,6.073,6.425,1.0000
2592.5135,-21.1545,280.2108,0.0000,0.000,6.041,6.418,1.0000
2597.5469,-17.9277,284.0738,0.0000,0.000,6.009,6.410,1.0000
2602.5534,-14.7889,287.9743,0.0000,0.000,5.977,6.403,1.0000
2607.5434,-11.6900,291.8853,0.0000,0.000,5.945,6.395,1.0000
2612.5256,-8.5831,295.7801,0.0000,0.000,5.913,6.387,1.0000
2617.5093,-5.4226,299.6335,0.0000,0.000,5.881,6.380,1.0000
2622.5007,-2.2065,303.4506,0.0000,0.000,5.849,6.372,1.0000
2627.5015,1.0320,307.2612,0.0000,0.000,5.816,6.365,1.0000
2632.5129,4.2589,311.0954,0.0000,0.000,5.784,6.357,1.0000
2637.5367,7.4399,314.9838,0.0000,0.000,5.752,6.349,1.0000
2642.5616,10.5097,318.9621,0.0000,0.000,5.720,6.342,1.0000
2647.5515,13.3300,323.0784,0.0000,0.000,5.851,6.305,1.0000
2652.4906,15.7518,327.3830,0.0000,0.000,6.143,6.234,1.0000
2657.4050,17.6261,331.9260,0.0000,0.000,5.993,6.235,1.0000
2662.3674,18.8191,336.7429,0.0000,0.000,5.855,6.200,1.0000
2667.4039,19.3170,341.7547,0.0000,0.000,6.209,5.887,1.0000
2672.4802,19.1626,346.8286,0.0000,0.000,5.741,5.673,1.0000
2677.5408,18.3989,351.8313,0.0000,0.000,6.002,5.847,1.0000
2682.5327,17.0750,356.6444,0.0000,0.000,5.855,6.083,1.0000
2687.4862,15.2862,361.2636,0.0000,0.000,5.932,6.384,1.0000
2692.4445,13.1493,365.7379,0.0000,0.000,6.074,6.656,1.0000
2697.4224,10.7812,370.1163,0.0000,0.000,6.088,6.632,1.0000
2702.4152,8.2979,374.4477,0.0000,0.000,6.102,6.609,1.0000
2707.4147,5.7717,378.7621,0.0000,0.000,6.116,6.585,1.0000
2712.4185,3.2173,383.0648,0.0000,0.000,6.131,6.562,1.0000
2717.4243,0.6449,387.3591,0.0000,0.000,6.145,6.538,1.0000
2722.4297,-1.9349,391.6484,0.0000,0.000,6.159,6.514,1.0000
2727.4334,-4.5156,395.9353,0.0000,0.000,6.173,6.491,1.0000
2732.4357,-7.0958,400.2208,0.0000,0.000,6.187,6.467,1.0000
2737.4366,-9.6741,404.5058,0.0000,0.000,6.202,6.444,1.0000
2742.4365,-12.2495,408.7915,0.0000,0.000,6.216,6.420,1.0000
2747.4356,-14.8207,413.0786,0.0000,0.000,6.230,6.396,1.0000
2752.4342,-17.3865,417.3684,0.0000,0.000,6.244,6.373,1.0000
2757.4324,-19.9457,421.6617,0.0000,0.000,6.258,6.349,1.0000
2762.4305,-22.4972,425.9595,0.0000,0.000,6.273,6.325,1.0000
2767.4287,-25.0400,430.2626,0.0000,0.000,6.287,6.302,1.0000
2772.4272,-27.5749,434.5706,0.0000,0.000,6.301,6.278,1.0000
2777.4259,-30.1026,438.8831,0.0000,0.000,6.315,6.255,1.0000
2782.4248,-32.6242,443.1994,0.0000,0.000,6.319,6.238,1.0000
2787.4238,-35.1406,447.5189,0.0000,0.000,6.302,6.238,1.0000
2792.4230,-37.6527,451.8411,0.0000,0.000,6.285,6.238,1.0000
2797.4224,-40.1616,456.1654,0.0000,0.000,6.267,6.238,1.0000
2802.4219,-42.6680,460.4912,0.0000,0.000,6.250,6.237,1.0000
2807.4215,-45.1730,464.8180,0.0000,0.000,6.233,6.237,1.0000
2812.4212,-47.6775,469.1452,0.0000,0.000,6.215,6.237,1.0000
2817.4210,-50.1824,473.4722,0.0000,0.000,6.198,6.236,1.0000
2822.4208,-52.6888,477.7984,0.0000,0.000,6.181,6.236,1.0000
2827.4206,-55.1974,482.1233,0.0000,0.000,6.163,6.236,1.0000
2832.4205,-57.7094,486.4464,0.0000,0.000,6.146,6.235,1.0000
2837.4203,-60.2255,490.7669,0.0000,0.000,6.129,6.235,1.0000
2842.4200,-62.7468,495.0844,0.0000,0.000,6.111,6.235,1.0000
2847.4197,-65.2742,499.3982,0.0000,0.000,6.094,6.234,1.0000
2852.4194,-67.8085,503.7080,0.0000,0.000,6.077,6.234,1.0000
2857.4190,-70.3495,508.0138,0.0000,0.000,6.059,6.234,1.0000
2862.4186,-72.8966,512.3159,0.0000,0.000,6.020,6.172,1.0000
2867.4182,-75.4489,516.6149,0.0000,0.000,5.978,6.102,1.0000
2872.4178,-78.0060,520.9110,0.0000,0.000,5.936,6.032,1.0000
2877.4173,-80.5671,525.2048,0.0000,0.000,5.894,5.962,1.0000
2882.4169,-83.1315,529.4965,0.0000,0.000,5.852,5.891,1.0000
2887.4164,-85.6986,533.7867,0.0000,0.000,5.810,5.821,1.0000
2892.4159,-88.2677,538.0756,0.0000,0.000,5.769,5.751,1.0000
2897.4154,-90.8381,542.3637,0.0000,0.000,5.727,5.681,1.0000
2902.4149,-93.4092,546.6514,0.0000,0.000,5.685,5.611,1.0000
2907.4143,-95.9803,550.9391,0.0000,0.000,5.967,5.952,1.0000
2912.4138,-98.5506,555.2272,0.0000,0.000,6.014,5.976,1.0000
2917.4131,-101.1196,559.5160,0.0000,0.000,6.061,6.000,1.0000
2922.4125,-103.6866,563.8060,0.0000,0.000,6.108,6.023,1.0000
2927.4118,-106.2508,568.0976,0.0000,0.000,6.155,6.047,1.0000
2932.4111,-108.8117,572.3912,0.0000,0.000,6.202,6.071,1.0000
2937.4103,-111.3686,576.6871,0.0000,0.000,6.249,6.094,1.0000
2942.4095,-113.9214,580.9853,0.0000,0.000,6.295,6.118,1.0000
2947.4087,-116.4702,585.2860,0.0000,0.000,6.342,6.142,1.0000
2952.4079,-119.0150,589.5890,0.0000,0.000,6.389,6.166,1.0000
2957.4070,-121.5556,593.8944,0.0000,0.000,6.436,6.189,1.0000
2962.4062,-124.0922,598.2022,0.0000,0.000,6.483,6.213,1.0000
2967.4054,-126.6247,602.5124,0.0000,0.000,6.530,6.237,1.0000
2972.4046,-129.1532,606.8251,0.0000,0.000,6.577,6.260,1.0000
2977.4038,-131.6775,611.1401,0.0000,0.000,6.624,6.284,1.0000
2982.4030,-134.1978,615.4576,0.0000,0.000,6.671,6.308,1.0000
2987.4023,-136.7140,619.7775,0.0000,0.000,6.718,6.332,1.0000
2992.4016,-139.2262,624.0998,0.0000,0.000,6.694,6.342,1.0000
2997.4010,-141.7342,628.4246,0.0000,0.000,6.620,6.343,1.0000
3002.4004,-144.2382,632.7518,0.0000,0.000,6.545,6.345,1.0000
3007.3999,-146.7380,637.0814,0.0000,0.000,6.470,6.346,1.0000
3012.3995,-149.2338,641.4135,0.0000,0.000,6.395,6.347,1.0000
3017.3992,-151.7255,645.7481,0.0000,0.000,6.321,6.348,1.0000
3022.3990,-154.2131,650.0851,0.0000,0.000,6.246,6.349,1.0000
3027.3988,-156.6975,654.4240,0.0000,0.000,6.171,6.350,1.0000
3032.3987,-159.1797,658.7642,0.0000,0.000,6.096,6.351,1.0000
3037.3986,-161.6606,663.1052,0.0000,0.000,6.022,6.353,1.0000
3042.3985,-164.1414,667.4462,0.0000,0.000,6.075,6.380,1.0000
3047.3983,-166.6231,671.7867,0.0000,0.000,6.138,6.409,1.0000
3052.3980,-169.1066,676.1259,0.0000,0.000,6.202,6.438,1.0000
3057.3976,-171.5931,680.4633,0.0000,0.000,6.266,6.467,1.0000
3062.3970,-174.0836,684.7983,0.0000,0.000,6.330,6.496,1.0000
3067.3963,-176.5791,689.1301,0.0000,0.000,6.393,6.525,1.0000
3072.3953,-179.0806,693.4583,0.0000,0.000,6.457,6.555,1.0000
3077.3941,-181.5892,697.7820,0.0000,0.000,6.521,6.584,1.0000
3082.3927,-184.1060,702.1008,0.0000,0.000,6.585,6.613,1.0000
3087.3911,-186.6319,706.4140,0.0000,0.000,6.649,6.642,1.0000
3092.3892,-189.1680,710.7209,0.0000,0.000,6.712,6.671,1.0000
3097.3871,-191.7153,715.0209,0.0000,0.000,6.776,6.701,1.0000
3102.3848,-194.2749,719.3134,0.0000,0.000,6.840,6.730,1.0000
3107.3826,-196.8434,723.6007,0.0000,0.000,6.904,6.759,1.0000
3112.3819,-199.3995,727.8971,0.0000,0.000,6.968,6.788,1.0000
3117.3847,-201.9175,732.2200,0.0000,0.000,7.031,6.817,1.0000
3122.3937,-204.3716,736.5867,0.0000,0.000,7.095,6.846,1.0000
3127.4117,-206.7502,741.0051,0.0000,0.000,7.159,6.876,1.0000
3132.4198,-209.2562,745.3411,0.0000,0.000,7.223,6.905,1.0000
3137.4275,-212.2587,749.3489,0.0000,0.000,7.042,7.508,1.0000
3142.3646,-216.0012,752.5689,0.0000,0.000,6.735,7.644,1.0000
3147.0439,-220.4332,754.0697,0.0000,0.000,6.926,6.989,1.0000
3151.9685,-225.3093,753.3799,0.0000,0.000,6.605,6.331,1.0000
3157.2011,-230.0491,751.1629,0.0000,0.000,6.239,6.608,1.0000
3162.2510,-234.1141,748.1668,0.0000,0.000,6.286,6.564,1.0000
3167.1383,-237.5605,744.7016,0.0000,0.000,6.193,6.455,1.0000
3172.0613,-240.6776,740.8911,0.0000,0.000,6.225,6.388,1.0000
3177.0583,-243.6280,736.8580,0.0000,0.000,6.386,6.364,1.0000
3182.1033,-246.5202,732.7243,0.0000,0.000,6.342,6.284,1.0000
3187.1598,-249.4627,728.6122,0.0000,0.000,6.191,6.175,1.0000
3192.1938,-252.5598,724.6437,0.0000,0.000,6.039,6.067,1.0000
3197.1734,-255.8886,720.9403,0.0000,0.000,6.084,5.761,1.0000
3202.0877,-259.5147,717.6233,0.0000,0.000,6.343,5.739,1.0000
3206.9665,-263.5034,714.8139,0.0000,0.000,6.415,5.937,1.0000
3211.8904,-267.9173,712.6317,0.0000,0.000,6.203,6.123,1.0000
3216.9206,-272.7210,711.1395,0.0000,0.000,6.281,6.165,1.0000
3222.0250,-277.7610,710.3313,0.0000,0.000,6.042,6.207,1.0000
3227.1422,-282.8765,710.1972,0.0000,0.000,5.790,6.589,1.0000
3232.2002,-287.9067,710.7271,0.0000,0.000,6.007,6.100,1.0000
3237.1536,-292.7186,711.9027,0.0000,0.000,6.318,5.596,1.0000
3242.0471,-297.2801,713.6744,0.0000,0.000,6.514,5.328,1.0000
3246.9309,-301.5823,715.9859,0.0000,0.000,6.394,5.487,1.0000
3251.8385,-305.6163,718.7807,0.0000,0.000,6.270,5.647,1.0000
3256.7879,-309.3741,722.0018,0.0000,0.000,6.008,5.890,1.0000
3261.7858,-312.8597,725.5835,0.0000,0.000,5.790,6.103,1.0000
3266.8248,-316.0859,729.4544,0.0000,0.000,5.827,6.147,1.0000
3271.8836,-319.0654,733.5428,0.0000,0.000,5.947,6.119,1.0000
3276.9319,-321.8101,737.7797,0.0000,0.000,6.167,6.001,1.0000
3281.9566,-324.3215,742.1317,0.0000,0.000,6.295,5.954,1.0000
3286.9609,-326.5939,746.5904,0.0000,0.000,6.328,5.977,1.0000
3291.9486,-328.6213,751.1475,0.0000,0.000,6.410,5.908,1.0000
3296.9241,-330.3977,755.7949,0.0000,0.000,6.487,5.825,1.0000
3301.8920,-331.9173,760.5248,0.0000,0.000,6.295,5.804,1.0000
3306.8577,-333.1739,765.3288,0.0000,0.000,6.102,5.783,1.0000
3311.8271,-334.1619,770.1990,0.0000,0.000,5.910,5.762,1.0000
3316.8067,-334.8750,775.1273,0.0000,0.000,5.940,5.753,1.0000
3321.8022,-335.3076,780.1041,0.0000,0.000,6.053,5.748,1.0000
3326.8104,-335.4540,785.1101,0.0000,0.000,6.165,5.743,1.0000
3331.8246,-335.3092,790.1222,0.0000,0.000,6.214,5.764,1.0000
3336.8392,-334.8677,795.1173,0.0000,0.000,6.205,5.804,1.0000
3341.8495,-334.1243,800.0722,0.0000,0.000,6.037,5.895,1.0000
3346.8525,-333.0738,804.9637,0.0000,0.000,5.886,6.067,1.0000
3351.8471,-331.7108,809.7686,0.0000,0.000,5.870,6.111,1.0000
3356.8341,-330.0301,814.4639,0.0000,0.000,5.983,6.026,1.0000
3361.8172,-328.0270,819.0267,0.0000,0.000,6.266,5.895,1.0000
3366.8026,-325.7127,823.4424,0.0000,0.000,6.584,5.754,1.0000
3371.7944,-323.1172,827.7063,0.0000,0.000,6.631,5.969,1.0000
3376.7917,-320.2717,831.8144,0.0000,0.000,6.492,6.428,1.0000
3381.7894,-317.2071,835.7623,0.0000,0.000,6.369,6.867,1.0000
3386.7808,-313.9486,839.5433,0.0000,0.000,6.719,6.685,1.0000
3391.7646,-310.5004,843.1416,0.0000,0.000,7.070,6.503,1.0000
3396.7426,-306.8622,846.5393,0.0000,0.000,7.119,6.441,1.0000
3401.7189,-303.0338,849.7185,0.0000,0.000,7.131,6.393,1.0000
3406.6994,-299.0183,852.6647,0.0000,0.000,7.144,6.345,1.0000
3411.6874,-294.8311,855.3754,0.0000,0.000,7.059,6.531,1.0000
3416.6841,-290.4905,857.8505,0.0000,0.000,6.967,6.732,1.0000
3421.6891,-286.0145,860.0901,0.0000,0.000,6.875,6.933,1.0000
3426.7004,-281.4213,862.0941,0.0000,0.000,6.964,6.883,1.0000
3431.7149,-276.7290,863.8624,0.0000,0.000,7.104,6.762,1.0000
3436.7282,-271.9557,865.3950,0.0000,0.000,7.244,6.641,1.0000
3441.7353,-267.1195,866.6920,0.0000,0.000,7.273,6.607,1.0000
3446.7308,-262.2381,867.7535,0.0000,0.000,7.190,6.662,1.0000
3451.7154,-257.3228,868.5817,0.0000,0.000,7.108,6.717,1.0000
3456.6935,-252.3807,869.1803,0.0000,0.000,7.030,6.785,1.0000
3461.6693,-247.4190,869.5531,0.0000,0.000,6.981,6.924,1.0000
3466.6459,-242.4447,869.7037,0.0000,0.000,7.031,6.889,1.0000
3471.6263,-237.4647,869.6360,0.0000,0.000,7.086,6.827,1.0000
3476.6127,-232.4863,869.3535,0.0000,0.000,7.143,6.717,1.0000
3481.6070,-227.5165,868.8601,0.0000,0.000,7.200,6.606,1.0000
3486.6105,-222.5622,868.1595,0.0000,0.000,7.229,6.542,1.0000
3491.6234,-217.6318,867.2542,0.0000,0.000,7.109,6.722,1.0000
3496.6402,-212.7404,866.1394,0.0000,0.000,6.988,6.902,1.0000
3501.6547,-207.9059,864.8079,0.0000,0.000,6.868,7.081,1.0000
3506.6623,-203.1462,863.2520,0.0000,0.000,7.016,6.940,1.0000
3511.6600,-198.4792,861.4643,0.0000,0.000,7.199,6.758,1.0000
3516.6469,-193.9228,859.4372,0.0000,0.000,7.381,6.576,1.0000
3521.6244,-189.4950,857.1634,0.0000,0.000,7.406,6.647,1.0000
3526.5965,-185.2136,854.6353,0.0000,0.000,7.380,6.800,1.0000
3531.5699,-181.0956,851.8466,0.0000,0.000,7.353,6.953,1.0000
3536.5550,-177.1300,848.8257,0.0000,0.000,7.322,7.031,1.0000
3541.5564,-173.2749,845.6395,0.0000,0.000,7.290,7.073,1.0000
3546.5691,-169.4865,842.3570,0.0000,0.000,7.257,7.115,1.0000
3551.5822,-165.7213,839.0473,0.0000,0.000,7.261,7.112,1.0000
3556.5837,-161.9780,835.7302,0.0000,0.000,7.318,7.047,1.0000
3561.5687,-158.3993,832.2599,0.0000,0.000,7.375,6.981,1.0000
3566.5576,-155.1006,828.5172,0.0000,0.000,7.400,6.988,1.0000
3571.5593,-152.0044,824.5890,0.0000,0.000,7.375,7.108,1.0000
3576.5597,-149.0136,820.5817,0.0000,0.000,7.349,7.228,1.0000
3581.5571,-146.1020,816.5201,0.0000,0.000,7.269,7.205,1.0000
3586.5534,-143.2585,812.4118,0.0000,0.000,7.179,7.158,1.0000
3591.5500,-140.4718,808.2645,0.0000,0.000,7.089,7.111,1.0000
3596.5474,-137.7305,804.0860,0.0000,0.000,7.053,7.088,1.0000
3601.5459,-135.0234,799.8841,0.0000,0.000,7.054,7.080,1.0000
3606.5454,-132.3392,795.6663,0.0000,0.000,7.054,7.073,1.0000
3611.5454,-129.6666,791.4405,0.0000,0.000,7.054,7.066,1.0000
3616.5456,-126.9950,787.2139,0.0000,0.000,7.055,7.058,1.0000
3621.5456,-124.3200,782.9895,0.0000,0.000,7.055,7.051,1.0000
3626.5457,-121.6419,778.7672,0.0000,0.000,7.055,7.044,1.0000
3631.5457,-118.9608,774.5468,0.0000,0.000,7.056,7.037,1.0000
3636.5456,-116.2769,770.3282,0.0000,0.000,7.056,7.029,1.0000
3641.5455,-113.5904,766.1114,0.0000,0.000,7.057,7.022,1.0000
3646.5454,-110.9015,761.8961,0.0000,0.000,7.057,7.015,1.0000
3651.5452,-108.2103,757.6824,0.0000,0.000,7.057,7.007,1.0000
3656.5450,-105.5170,753.4700,0.0000,0.000,7.058,7.000,1.0000
3661.5448,-102.8219,749.2589,0.0000,0.000,7.058,6.993,1.0000
3666.5445,-100.1250,745.0488,0.0000,0.000,7.058,6.986,1.0000
3671.5442,-97.4266,740.8398,0.0000,0.000,7.059,6.978,1.0000
3676.5439,-94.7269,736.6317,0.0000,0.000,7.059,6.971,1.0000
3681.5436,-92.0260,732.4243,0.0000,0.000,7.059,6.964,1.0000
3686.5432,-89.3242,728.2176,0.0000,0.000,7.060,6.957,1.0000
3691.5428,-86.6216,724.0114,0.0000,0.000,7.060,6.949,1.0000
3696.5424,-83.9183,719.8057,0.0000,0.000,7.061,6.942,1.0000
3701.5420,-81.2147,715.6002,0.0000,0.000,7.061,6.935,1.0000
3706.5415,-78.5108,711.3949,0.0000,0.000,7.061,6.927,1.0000
3711.5411,-75.8069,707.1896,0.0000,0.000,7.062,6.920,1.0000
3716.5406,-73.1031,702.9843,0.0000,0.000,7.062,6.913,1.0000
3721.5401,-70.3996,698.7788,0.0000,0.000,7.062,6.906,1.0000
3726.5395,-67.6966,694.5731,0.0000,0.000,7.063,6.898,1.0000
3731.5390,-64.9943,690.3668,0.0000,0.000,7.063,6.891,1.0000
3736.5384,-62.2929,686.1601,0.0000,0.000,7.064,6.884,1.0000
3741.5379,-59.5925,681.9527,0.0000,0.000,7.064,6.877,1.0000
3746.5373,-56.8934,677.7445,0.0000,0.000,7.064,6.869,1.0000
3751.5367,-54.1957,673.5354,0.0000,0.000,7.065,6.862,1.0000
3756.5361,-51.4995,669.3253,0.0000,0.000,7.065,6.855,1.0000
3761.5355,-48.8052,665.1141,0.0000,0.000,7.065,6.847,1.0000
3766.5349,-46.1128,660.9017,0.0000,0.000,7.066,6.840,1.0000
3771.5342,-43.4226,656.6878,0.0000,0.000,7.066,6.833,1.0000
3776.5336,-40.7347,652.4725,0.0000,0.000,7.067,6.826,1.0000
3781.5330,-38.0493,648.2556,0.0000,0.000,7.067,6.818,1.0000
3786.5324,-35.3666,644.0369,0.0000,0.000,7.067,6.811,1.0000
3791.5318,-32.6866,639.8166,0.0000,0.000,7.068,6.804,1.0000
3796.5312,-30.0090,635.5946,0.0000,0.000,7.068,6.797,1.0000
3801.5306,-27.3338,631.3712,0.0000,0.000,7.068,6.789,1.0000
3806.5300,-24.6608,627.1464,0.0000,0.000,7.069,6.782,1.0000
3811.5294,-21.9897,622.9203,0.0000,0.000,7.069,6.775,1.0000
3816.5289,-19.3206,618.6930,0.0000,0.000,7.069,6.767,1.0000
3821.5283,-16.6531,614.4646,0.0000,0.000,7.070,6.760,1.0000
3826.5278,-13.9871,610.2353,0.0000,0.000,7.070,6.753,1.0000
3831.5273,-11.3226,606.0051,0.0000,0.000,7.071,6.746,1.0000
3836.5268,-8.6592,601.7741,0.0000,0.000,7.060,6.749,1.0000
3841.5263,-5.9969,597.5424,0.0000,0.000,7.042,6.760,1.0000
3846.5258,-3.3354,593.3102,0.0000,0.000,7.023,6.771,1.0000
3851.5253,-0.6747,589.0775,0.0000,0.000,7.005,6.783,1.0000
3856.5248,1.9855,584.8444,0.0000,0.000,6.986,6.794,1.0000
3861.5243,4.6452,580.6111,0.0000,0.000,6.968,6.805,1.0000
3866.5239,7.3047,576.3776,0.0000,0.000,6.949,6.816,1.0000
3871.5234,9.9641,572.1441,0.0000,0.000,6.931,6.827,1.0000
3876.5229,12.6237,567.9106,0.0000,0.000,6.912,6.839,1.0000
3881.5225,15.2834,563.6773,0.0000,0.000,6.894,6.850,1.0000
3886.5220,17.9436,559.4442,0.0000,0.000,6.875,6.861,1.0000
3891.5215,20.6043,555.2115,0.0000,0.000,6.857,6.872,1.0000
3896.5210,23.2657,550.9792,0.0000,0.000,6.838,6.883,1.0000
3901.5206,25.9280,546.7476,0.0000,0.000,6.820,6.895,1.0000
3906.5201,28.5914,542.5165,0.0000,0.000,6.801,6.906,1.0000
3911.5196,31.2560,538.2863,0.0000,0.000,6.783,6.917,1.0000
3916.5191,33.9219,534.0569,0.0000,0.000,6.764,6.928,1.0000
3921.5186,36.5894,529.8285,0.0000,0.000,6.746,6.940,1.0000
3926.5180,39.2586,525.6012,0.0000,0.000,6.727,6.951,1.0000
3931.5175,41.9296,521.3750,0.0000,0.000,6.709,6.962,1.0000
3936.5170,44.6026,517.1501,0.0000,0.000,6.690,6.973,1.0000
3941.5164,47.2778,512.9266,0.0000,0.000,6.672,6.984,1.0000
3946.5159,49.9554,508.7047,0.0000,0.000,6.653,6.996,1.0000
3951.5153,52.6354,504.4842,0.0000,0.000,6.644,6.997,1.0000
3956.5147,55.3181,500.2655,0.0000,0.000,6.657,6.976,1.0000
3961.5142,58.0035,496.0485,0.0000,0.000,6.669,6.955,1.0000
3966.5136,60.6913,491.8331,0.0000,0.000,6.681,6.933,1.0000
3971.5130,63.3812,487.6190,0.0000,0.000,6.694,6.912,1.0000
3976.5125,66.0731,483.4062,0.0000,0.000,6.706,6.891,1.0000
3981.5119,68.7666,479.1943,0.0000,0.000,6.718,6.870,1.0000
3986.5113,71.4615,474.9834,0.0000,0.000,6.730,6.849,1.0000
3991.5108,74.1574,470.7732,0.0000,0.000,6.743,6.828,1.0000
3996.5102,76.8542,466.5635,0.0000,0.000,6.755,6.807,1.0000
4001.5096,79.5516,462.3541,0.0000,0.000,6.767,6.785,1.0000
4006.5090,82.2492,458.1450,0.0000,0.000,6.780,6.764,1.0000
4011.5084,84.9469,453.9359,0.0000,0.000,6.792,6.743,1.0000
4016.5078,87.6443,449.7266,0.0000,0.000,6.804,6.722,1.0000
4021.5072,90.3412,445.5170,0.0000,0.000,6.817,6.701,1.0000
4026.5066,93.0374,441.3070,0.0000,0.000,6.829,6.680,1.0000
4031.5060,95.7325,437.0962,0.0000,0.000,6.841,6.659,1.0000
4036.5054,98.4263,432.8847,0.0000,0.000,6.854,6.637,1.0000
4041.5047,101.1185,428.6721,0.0000,0.000,6.866,6.616,1.0000
4046.5040,103.8089,424.4584,0.0000,0.000,6.860,6.610,1.0000
4051.5034,106.4972,420.2434,0.0000,0.000,6.832,6.623,1.0000
4056.5027,109.1833,416.0270,0.0000,0.000,6.804,6.635,1.0000
4061.5020,111.8669,411.8090,0.0000,0.000,6.776,6.647,1.0000
4066.5013,114.5478,407.5894,0.0000,0.000,6.748,6.660,1.0000
4071.5007,117.2259,403.3679,0.0000,0.000,6.719,6.672,1.0000
4076.5000,119.9010,399.1444,0.0000,0.000,6.691,6.684,1.0000
4081.4994,122.5727,394.9189,0.0000,0.000,6.663,6.696,1.0000
4086.4987,125.2410,390.6911,0.0000,0.000,6.680,6.736,1.0000
4091.4981,127.9056,386.4610,0.0000,0.000,6.755,6.811,1.0000
4096.4975,130.5664,382.2284,0.0000,0.000,6.829,6.887,1.0000
4101.4970,133.2230,377.9932,0.0000,0.000,6.904,6.962,1.0000
4106.4965,135.8753,373.7553,0.0000,0.000,6.979,7.037,1.0000
4111.4961,138.5232,369.5145,0.0000,0.000,7.053,7.112,1.0000
4116.4957,141.1664,365.2706,0.0000,0.000,7.128,7.188,1.0000
4121.4954,143.8046,361.0237,0.0000,0.000,7.203,7.263,1.0000
4126.4952,146.4378,356.7734,0.0000,0.000,7.277,7.338,1.0000
4131.4951,149.0660,352.5201,0.0000,0.000,7.352,7.413,1.0000
4136.4951,151.6903,348.2641,0.0000,0.000,7.427,7.489,1.0000
4141.4951,154.3116,344.0063,0.0000,0.000,7.501,7.564,1.0000
4146.4952,156.9309,339.7472,0.0000,0.000,7.576,7.639,1.0000
4151.4953,159.5493,335.4875,0.0000,0.000,7.651,7.714,1.0000
4156.4954,162.1676,331.2278,0.0000,0.000,7.725,7.790,1.0000
4161.4954,164.7870,326.9688,0.0000,0.000,7.800,7.865,1.0000
4166.4954,167.4085,322.7111,0.0000,0.000,7.875,7.940,1.0000
4171.4953,170.0329,318.4554,0.0000,0.000,7.949,8.015,1.0000
4176.4951,172.6614,314.2023,0.0000,0.000,8.024,8.091,1.0000
4181.4948,175.2950,309.9524,0.0000,0.000,8.099,8.166,1.0000
4186.4944,177.9346,305.7064,0.0000,0.000,8.173,8.241,1.0000
4191.4938,180.5812,301.4650,0.0000,0.000,8.248,8.316,1.0000
4196.4931,183.2359,297.2287,0.0000,0.000,8.323,8.392,1.0000
4201.4923,185.8997,292.9983,0.0000,0.000,8.397,8.467,1.0000
4206.4914,188.5735,288.7744,0.0000,0.000,8.472,8.542,1.0000
4211.4905,191.2583,284.5575,0.0000,0.000,8.547,8.617,1.0000
4216.4894,193.9548,280.3482,0.0000,0.000,8.621,8.693,1.0000
4221.4884,196.6624,276.1460,0.0000,0.000,8.546,8.686,1.0000
4226.4873,199.3800,271.9503,0.0000,0.000,8.410,8.645,1.0000
4231.4863,202.1069,267.7605,0.0000,0.000,8.274,8.605,1.0000
4236.4854,204.8421,263.5760,0.0000,0.000,8.138,8.564,1.0000
4241.4846,207.5846,259.3963,0.0000,0.000,8.078,8.468,1.0000
4246.4838,210.3336,255.2208,0.0000,0.000,8.024,8.366,1.0000
4251.4831,213.0882,251.0488,0.0000,0.000,7.970,8.265,1.0000
4256.4824,215.8474,246.8799,0.0000,0.000,7.916,8.163,1.0000
4261.4819,218.6104,242.7133,0.0000,0.000,7.861,8.062,1.0000
4266.4813,221.3763,238.5486,0.0000,0.000,7.807,7.960,1.0000
4271.4808,224.1440,234.3851,0.0000,0.000,7.753,7.859,1.0000
4276.4804,226.9129,230.2223,0.0000,0.000,7.699,7.758,1.0000
4281.4799,229.6818,226.0596,0.0000,0.000,7.645,7.656,1.0000
4286.4794,232.4499,221.8963,0.0000,0.000,7.591,7.555,1.0000
4291.4789,235.2163,217.7320,0.0000,0.000,7.537,7.453,1.0000
4296.4784,237.9802,213.5660,0.0000,0.000,7.483,7.352,1.0000
4301.4778,240.7408,209.3979,0.0000,0.000,7.429,7.250,1.0000
4306.4771,243.4979,205.2276,0.0000,0.000,7.375,7.149,1.0000
4311.4764,246.2516,201.0550,0.0000,0.000,7.321,7.048,1.0000
4316.4757,249.0016,196.8800,0.0000,0.000,7.267,6.946,1.0000
4321.4749,251.7479,192.7027,0.0000,0.000,7.213,6.845,1.0000
4326.4741,254.4903,188.5228,0.0000,0.000,7.159,6.743,1.0000
4331.4733,257.2287,184.3404,0.0000,0.000,7.105,6.642,1.0000
4336.4724,259.9631,180.1554,0.0000,0.000,7.051,6.540,1.0000
4341.4715,262.6933,175.9676,0.0000,0.000,6.997,6.439,1.0000
4346.4706,265.4191,171.7770,0.0000,0.000,6.969,6.412,1.0000
4351.4697,268.1406,167.5836,0.0000,0.000,6.957,6.427,1.0000
4356.4689,270.8575,163.3873,0.0000,0.000,6.945,6.442,1.0000
4361.4680,273.5697,159.1879,0.0000,0.000,6.933,6.456,1.0000
4366.4671,276.2773,154.9854,0.0000,0.000,6.920,6.471,1.0000
4371.4662,278.9799,150.7798,0.0000,0.000,6.908,6.486,1.0000
4376.4654,281.6776,146.5710,0.0000,0.000,6.896,6.501,1.0000
4381.4646,284.3701,142.3588,0.0000,0.000,6.884,6.516,1.0000
4386.4639,287.0576,138.1434,0.0000,0.000,6.872,6.530,1.0000
4391.4632,289.7405,133.9249,0.0000,0.000,6.859,6.545,1.0000
4396.4625,292.4192,129.7038,0.0000,0.000,6.847,6.560,1.0000
4401.4620,295.0943,125.4803,0.0000,0.000,6.835,6.575,1.0000
4406.4614,297.7662,121.2547,0.0000,0.000,6.823,6.590,1.0000
4411.4609,300.4356,117.0275,0.0000,0.000,6.810,6.604,1.0000
4416.4605,303.1029,112.7989,0.0000,0.000,6.798,6.619,1.0000
4421.4600,305.7685,108.5692,0.0000,0.000,6.786,6.634,1.0000
4426.4597,308.4331,104.3389,0.0000,0.000,6.774,6.649,1.0000
4431.4593,311.0972,100.1081,0.0000,0.000,6.762,6.663,1.0000
4436.4589,313.7612,95.8773,0.0000,0.000,6.749,6.678,1.0000
4441.4586,316.4256,91.6468,0.0000,0.000,6.737,6.693,1.0000
4446.4583,319.0911,87.4169,0.0000,0.000,6.725,6.708,1.0000
4451.4579,321.7580,83.1879,0.0000,0.000,6.713,6.723,1.0000
4456.4576,324.4269,78.9602,0.0000,0.000,6.701,6.737,1.0000
4461.4572,327.0982,74.7341,0.0000,0.000,6.688,6.752,1.0000
4466.4568,329.7727,70.5100,0.0000,0.000,6.676,6.767,1.0000
4471.4564,332.4504,66.2879,0.0000,0.000,6.666,6.779,1.0000
4476.4559,335.1312,62.0679,0.0000,0.000,6.667,6.776,1.0000
4481.4555,337.8152,57.8498,0.0000,0.000,6.668,6.774,1.0000
4486.4551,340.5020,53.6336,0.0000,0.000,6.669,6.771,1.0000
4491.4546,343.1915,49.4191,0.0000,0.000,6.669,6.769,1.0000
4496.4541,345.8836,45.2063,0.0000,0.000,6.670,6.766,1.0000
4501.4537,348.5781,40.9950,0.0000,0.000,6.671,6.763,1.0000
4506.4532,351.2749,36.7852,0.0000,0.000,6.672,6.761,1.0000
4511.4527,353.9739,32.5767,0.0000,0.000,6.672,6.758,1.0000
4516.4522,356.6747,28.3695,0.0000,0.000,6.673,6.756,1.0000
4521.4518,359.3774,24.1635,0.0000,0.000,6.674,6.753,1.0000
4526.4513,362.0817,19.9585,0.0000,0.000,6.675,6.751,1.0000
4531.4508,364.7876,15.7545,0.0000,0.000,6.676,6.748,1.0000
4536.4503,367.4948,11.5514,0.0000,0.000,6.676,6.746,1.0000
4541.4499,370.2031,7.3490,0.0000,0.000,6.677,6.743,1.0000
4546.4494,372.9126,3.1473,0.0000,0.000,6.678,6.741,1.0000
4551.4489,375.6229,-1.0538,0.0000,0.000,6.679,6.738,1.0000
4556.4484,378.3339,-5.2545,0.0000,0.000,6.680,6.735,1.0000
4561.4480,381.0456,-9.4548,0.0000,0.000,6.680,6.733,1.0000
4566.4475,383.7576,-13.6548,0.0000,0.000,6.681,6.730,1.0000
4571.4470,386.4700,-17.8546,0.0000,0.000,6.682,6.728,1.0000
4576.4465,389.1824,-22.0543,0.0000,0.000,6.683,6.725,1.0000
4581.4460,391.8949,-26.2540,0.0000,0.000,6.684,6.723,1.0000
4586.4456,394.6071,-30.4539,0.0000,0.000,6.684,6.720,1.0000
4591.4451,397.3190,-34.6540,0.0000,0.000,6.685,6.718,1.0000
4596.4445,400.0304,-38.8543,0.0000,0.000,6.686,6.715,1.0000
4601.4440,402.7412,-43.0551,0.0000,0.000,6.687,6.713,1.0000
4606.4435,405.4512,-47.2564,0.0000,0.000,6.687,6.710,1.0000
4611.4430,408.1602,-51.4583,0.0000,0.000,6.688,6.707,1.0000
4616.4424,410.8682,-55.6609,0.0000,0.000,6.689,6.705,1.0000
4621.4419,413.5748,-59.8643,0.0000,0.000,6.690,6.702,1.0000
4626.4413,416.2801,-64.0686,0.0000,0.000,6.691,6.700,1.0000
4631.4408,418.9838,-68.2738,0.0000,0.000,6.691,6.697,1.0000
4636.4402,421.6858,-72.4802,0.0000,0.000,6.692,6.695,1.0000
4641.4396,424.3859,-76.6877,0.0000,0.000,6.693,6.692,1.0000
4646.4390,427.0845,-80.8963,0.0000,0.000,6.694,6.690,1.0000
4651.4384,429.7817,-85.1057,0.0000,0.000,6.695,6.687,1.0000
4656.4379,432.4780,-89.3157,0.0000,0.000,6.695,6.685,1.0000
4661.4373,435.1735,-93.5262,0.0000,0.000,6.696,6.682,1.0000
4666.4367,437.8687,-97.7370,0.0000,0.000,6.697,6.679,1.0000
4671.4362,440.5638,-101.9478,0.0000,0.000,6.698,6.677,1.0000
4676.4357,443.2591,-106.1585,0.0000,0.000,6.699,6.674,1.0000
4681.4352,445.9550,-110.3690,0.0000,0.000,6.699,6.672,1.0000
4686.4348,448.6517,-114.5789,0.0000,0.000,6.700,6.669,1.0000
4691.4344,451.3495,-118.7881,0.0000,0.000,6.701,6.667,1.0000
4696.4340,454.0489,-122.9964,0.0000,0.000,6.702,6.664,1.0000
4701.4337,456.7500,-127.2036,0.0000,0.000,6.702,6.662,1.0000
4706.4334,459.4532,-131.4096,0.0000,0.000,6.703,6.659,1.0000
4711.4332,462.1587,-135.6140,0.0000,0.000,6.704,6.656,1.0000
4716.4330,464.8670,-139.8169,0.0000,0.000,6.705,6.654,1.0000
4721.4330,467.5783,-144.0178,0.0000,0.000,6.706,6.651,1.0000
4726.4330,470.2928,-148.2169,0.0000,0.000,6.706,6.649,1.0000
4731.4330,473.0094,-152.4145,0.0000,0.000,6.707,6.646,1.0000
4736.4329,475.7261,-156.6120,0.0000,0.000,6.708,6.644,1.0000
4741.4327,478.4411,-160.8104,0.0000,0.000,6.709,6.641,1.0000
4746.4322,481.1524,-165.0108,0.0000,0.000,6.710,6.639,1.0000
4751.4313,483.8582,-169.2143,0.0000,0.000,6.710,6.636,1.0000
4756.4299,486.5563,-173.4222,0.0000,0.000,6.711,6.634,1.0000
4761.4280,489.2450,-177.6355,0.0000,0.000,6.712,6.631,1.0000
4766.4255,491.9223,-181.8555,0.0000,0.000,6.713,6.628,1.0000
4771.4222,494.5761,-186.0891,0.0000,0.000,6.685,6.561,1.0000
4776.4180,497.1769,-190.3545,0.0000,0.000,6.626,6.420,1.0000
4781.4140,499.6934,-194.6704,0.0000,0.000,6.568,6.280,1.0000
4786.4135,502.0941,-199.0559,0.0000,0.000,6.759,6.284,1.0000
4791.4347,504.3411,-203.5462,0.0000,0.000,7.213,6.440,1.0000
4796.4825,506.1651,-208.2530,0.0000,0.000,7.667,6.597,1.0000
4801.1950,505.5469,-212.9247,0.0000,0.000,7.622,6.467,1.0000
4806.0478,501.7843,-215.9896,0.0000,0.000,7.508,6.277,1.0000
4810.6470,497.1860,-216.0808,0.0000,0.000,7.505,6.178,1.0000
4815.5934,492.6742,-214.0534,0.0000,0.000,7.469,6.699,1.0000
4820.7290,488.3216,-211.3277,0.0000,0.000,7.433,7.220,1.0000
4825.7602,484.1103,-208.5751,0.0000,0.000,7.633,7.710,1.0000
4830.7359,479.9494,-205.8465,0.0000,0.000,8.074,8.170,1.0000
4835.6916,475.7844,-203.1610,0.0000,0.000,8.515,8.630,1.0000
4840.6420,471.5929,-200.5270,0.0000,0.000,8.843,8.973,1.0000
4845.6023,467.3531,-197.9523,0.0000,0.000,8.616,8.737,1.0000
4850.5882,463.0437,-195.4449,0.0000,0.000,8.389,8.501,1.0000
4855.6084,458.6588,-193.0004,0.0000,0.000,8.162,8.265,1.0000
4860.6524,454.2311,-190.5843,0.0000,0.000,7.935,8.029,1.0000
4865.7054,449.7989,-188.1578,0.0000,0.000,7.708,7.793,1.0000
4870.7528,445.4004,-185.6820,0.0000,0.000,7.482,7.557,1.0000
4875.7819,441.0739,-183.1181,0.0000,0.000,7.255,7.321,1.0000
4880.7836,436.8577,-180.4273,0.0000,0.000,7.136,6.948,1.0000
4885.7541,432.7900,-177.5707,0.0000,0.000,7.127,6.436,1.0000
4890.6970,428.9091,-174.5096,0.0000,0.000,7.047,6.431,1.0000
4895.6252,425.2480,-171.2106,0.0000,0.000,6.960,6.472,1.0000
4900.5582,421.7973,-167.6853,0.0000,0.000,6.855,6.427,1.0000
4905.5098,418.5275,-163.9669,0.0000,0.000,6.746,6.366,1.0000
4910.4866,415.4087,-160.0886,0.0000,0.000,6.708,6.345,1.0000
4915.4890,412.4111,-156.0837,0.0000,0.000,6.690,6.334,1.0000
4920.5130,409.5050,-151.9856,0.0000,0.000,6.671,6.324,1.0000
4925.5509,406.6605,-147.8275,0.0000,0.000,6.652,6.314,1.0000
4930.5931,403.8480,-143.6426,0.0000,0.000,6.633,6.304,1.0000
4935.6288,401.0378,-139.4639,0.0000,0.000,6.615,6.294,1.0000
4940.6523,398.2132,-135.3097,0.0000,0.000,6.596,6.284,1.0000
4945.6651,395.3751,-131.1778,0.0000,0.000,6.577,6.274,1.0000
4950.6690,392.5255,-127.0645,0.0000,0.000,6.558,6.263,1.0000
4955.6660,389.6666,-122.9662,0.0000,0.000,6.540,6.253,1.0000
4960.6578,386.8006,-118.8791,0.0000,0.000,6.521,6.243,1.0000
4965.6462,383.9294,-114.7998,0.0000,0.000,6.502,6.233,1.0000
4970.6331,381.0554,-110.7244,0.0000,0.000,6.483,6.223,1.0000
4975.6201,378.1805,-106.6494,0.0000,0.000,6.464,6.213,1.0000
4980.6088,375.3066,-102.5717,0.0000,0.000,6.446,6.202,1.0000
4985.5993,372.4339,-98.4909,0.0000,0.000,6.427,6.192,1.0000
4990.5916,369.5625,-94.4070,0.0000,0.000,6.408,6.182,1.0000
4995.5856,366.6922,-90.3204,0.0000,0.000,6.389,6.172,1.0000
5000.5810,363.8229,-86.2312,0.0000,0.000,6.371,6.162,1.0000
5005.5777,360.9546,-82.1397,0.0000,0.000,6.352,6.152,1.0000
5010.5758,358.0873,-78.0459,0.0000,0.000,6.333,6.142,1.0000
5015.5749,355.2208,-73.9502,0.0000,0.000,6.314,6.131,1.0000
5020.5751,352.3550,-69.8528,0.0000,0.000,6.296,6.121,1.0000
5025.5762,349.4900,-65.7538,0.0000,0.000,6.277,6.111,1.0000
5030.5780,346.6255,-61.6534,0.0000,0.000,6.258,6.101,1.0000
5035.5804,343.7617,-57.5518,0.0000,0.000,6.239,6.091,1.0000
5040.5833,340.8982,-53.4494,0.0000,0.000,6.221,6.081,1.0000
5045.5867,338.0352,-49.3461,0.0000,0.000,6.202,6.071,1.0000
5050.5903,335.1725,-45.2424,0.0000,0.000,6.183,6.060,1.0000
5055.5940,332.3101,-41.1382,0.0000,0.000,6.164,6.050,1.0000
5060.5978,329.4478,-37.0340,0.0000,0.000,6.146,6.040,1.0000
5065.6014,326.5857,-32.9298,0.0000,0.000,6.127,6.030,1.0000
5070.6048,323.7236,-28.8258,0.0000,0.000,6.108,6.020,1.0000
5075.6078,320.8614,-24.7224,0.0000,0.000,6.089,6.010,1.0000
5080.6104,317.9991,-20.6196,0.0000,0.000,6.071,6.000,1.0000
5085.6123,315.1367,-16.5177,0.0000,0.000,6.052,5.989,1.0000
5090.6136,312.2739,-12.4168,0.0000,0.000,6.033,5.979,1.0000
5095.6139,309.4109,-8.3172,0.0000,0.000,6.014,5.969,1.0000
5100.6133,306.5474,-4.2191,0.0000,0.000,5.996,5.959,1.0000
5105.6116,303.6835,-0.1227,0.0000,0.000,5.977,5.949,1.0000
5110.6086,300.8189,3.9718,0.0000,0.000,5.958,5.939,1.0000
5115.6043,297.9538,8.0642,0.0000,0.000,5.939,5.929,1.0000
5120.5986,295.0880,12.1544,0.0000,0.000,5.921,5.918,1.0000
5125.5912,292.2214,16.2421,0.0000,0.000,5.902,5.908,1.0000
5130.5821,289.3539,20.3270,0.0000,0.000,5.883,5.898,1.0000
5135.5712,286.4855,24.4091,0.0000,0.000,5.827,5.842,1.0000
5140.5583,283.6161,28.4880,0.0000,0.000,5.754,5.765,1.0000
5145.5433,280.7457,32.5637,0.0000,0.000,5.682,5.689,1.0000
5150.5290,277.8726,36.6382,0.0000,0.000,5.610,5.612,1.0000
5155.5300,274.9885,40.7238,0.0000,0.000,5.537,5.536,1.0000
5160.5642,272.0836,44.8354,0.0000,0.000,5.465,5.459,1.0000
5165.6496,269.1479,48.9879,0.0000,0.000,5.392,5.383,1.0000
5170.7798,266.1567,53.1558,0.0000,0.000,4.967,5.066,1.0000
5175.6022,262.8449,56.6611,0.0000,0.000,4.813,5.780,1.0000
5180.0087,258.7547,58.3005,0.0000,0.000,5.241,5.524,1.0000
5185.0330,253.7706,57.6662,0.0000,0.000,5.576,5.315,1.0000
5190.4201,248.5807,56.2220,0.0000,0.000,5.603,5.631,1.0000
5195.4276,243.6966,55.1173,0.0000,0.000,5.654,5.695,1.0000
5200.2547,238.9632,54.1708,0.0000,0.000,5.705,5.760,1.0000
5205.1853,234.1589,53.0616,0.0000,0.000,5.756,5.824,1.0000
5210.2307,229.2669,51.8271,0.0000,0.000,5.807,5.888,1.0000
5215.2782,224.3584,50.6507,0.0000,0.000,5.858,5.953,1.0000
5220.2993,219.4560,49.5654,0.0000,0.000,5.909,6.017,1.0000
5225.3032,214.5595,48.5343,0.0000,0.000,5.960,6.082,1.0000
5230.2981,209.6686,47.5202,0.0000,0.000,6.011,6.146,1.0000
5235.2914,204.7829,46.4891,0.0000,0.000,6.062,6.210,1.0000
5240.2854,199.9021,45.4317,0.0000,0.000,6.113,6.275,1.0000
5245.2803,195.0257,44.3505,0.0000,0.000,6.164,6.339,1.0000
5250.2759,190.1533,43.2476,0.0000,0.000,6.215,6.404,1.0000
5255.2725,185.2845,42.1253,0.0000,0.000,6.267,6.468,1.0000
5260.2698,180.4187,40.9860,0.0000,0.000,6.318,6.532,1.0000
5265.2680,175.5556,39.8319,0.0000,0.000,6.369,6.597,1.0000
5270.2669,170.6948,38.6653,0.0000,0.000,6.420,6.661,1.0000
5275.2664,165.8357,37.4886,0.0000,0.000,6.471,6.725,1.0000
5280.2664,160.9780,36.3039,0.0000,0.000,6.511,6.735,1.0000
5285.2669,156.1212,35.1138,0.0000,0.000,6.545,6.715,1.0000
5290.2677,151.2649,33.9203,0.0000,0.000,6.580,6.696,1.0000
5295.2687,146.4086,32.7258,0.0000,0.000,6.614,6.676,1.0000
5300.2698,141.5520,31.5327,0.0000,0.000,6.648,6.657,1.0000
5305.2708,136.6945,30.3432,0.0000,0.000,6.683,6.637,1.0000
5310.2716,131.8358,29.1596,0.0000,0.000,6.717,6.617,1.0000
5315.2722,126.9753,27.9842,0.0000,0.000,6.752,6.598,1.0000
5320.2724,122.1128,26.8188,0.0000,0.000,6.786,6.578,1.0000
5325.2723,117.2482,25.6636,0.0000,0.000,6.820,6.559,1.0000
5330.2719,112.3816,24.5182,0.0000,0.000,6.855,6.539,1.0000
5335.2712,107.5131,23.3821,0.0000,0.000,6.889,6.519,1.0000
5340.2703,102.6426,22.2551,0.0000,0.000,6.924,6.500,1.0000
5345.2693,97.7704,21.1366,0.0000,0.000,6.958,6.480,1.0000
5350.2681,92.8965,20.0264,0.0000,0.000,6.992,6.461,1.0000
5355.2668,88.0208,18.9240,0.0000,0.000,6.996,6.486,1.0000
5360.2654,83.1436,17.8291,0.0000,0.000,6.995,6.516,1.0000
5365.2639,78.2649,16.7413,0.0000,0.000,6.994,6.547,1.0000
5370.2625,73.3846,15.6602,0.0000,0.000,6.993,6.577,1.0000
5375.2610,68.5030,14.5854,0.0000,0.000,6.993,6.608,1.0000
5380.2596,63.6201,13.5165,0.0000,0.000,6.992,6.638,1.0000
5385.2582,58.7359,12.4532,0.0000,0.000,6.991,6.669,1.0000
5390.2569,53.8505,11.3950,0.0000,0.000,6.991,6.700,1.0000
5395.2556,48.9640,10.3416,0.0000,0.000,6.990,6.730,1.0000
5400.2545,44.0764,9.2927,0.0000,0.000,6.989,6.761,1.0000
5405.2535,39.1878,8.2477,0.0000,0.000,6.988,6.791,1.0000
5410.2526,34.2984,7.2063,0.0000,0.000,6.988,6.822,1.0000
5415.2518,29.4082,6.1680,0.0000,0.000,6.987,6.853,1.0000
5420.2512,24.5173,5.1323,0.0000,0.000,6.986,6.883,1.0000
5425.2506,19.6259,4.0986,0.0000,0.000,6.985,6.914,1.0000
5430.2501,14.7341,3.0666,0.0000,0.000,6.985,6.944,1.0000
5435.2497,9.8420,2.0357,0.0000,0.000,6.914,6.936,1.0000
5440.2493,4.9496,1.0054,0.0000,0.000,6.840,6.926,1.0000
