# Circuit of the Americas — TUMFTM racetrack-database (LGPL-3.0), flat 2-D centre line + measured widths; upstream commit e59595d.
s_m,x_m,y_m,z_m,banking_deg,width_left_m,width_right_m,grip_scale
0.0000,0.9610,4.0223,0.0000,0.000,7.361,7.565,1.0000
5.0013,4.9352,0.9860,0.0000,0.000,7.382,7.584,1.0000
10.0027,8.9093,-2.0504,0.0000,0.000,7.403,7.603,1.0000
15.0040,12.8834,-5.0868,0.0000,0.000,7.424,7.622,1.0000
20.0053,16.8575,-8.1232,0.0000,0.000,7.444,7.641,1.0000
25.0066,20.8317,-11.1595,0.0000,0.000,7.465,7.659,1.0000
30.0079,24.8059,-14.1957,0.0000,0.000,7.486,7.678,1.0000
35.0092,28.7802,-17.2318,0.0000,0.000,7.507,7.697,1.0000
40.0106,32.7547,-20.2678,0.0000,0.000,7.528,7.716,1.0000
45.0119,36.7292,-23.3037,0.0000,0.000,7.549,7.735,1.0000
50.0133,40.7037,-26.3395,0.0000,0.000,7.569,7.754,1.0000
55.0146,44.6783,-29.3753,0.0000,0.000,7.590,7.773,1.0000
60.0160,48.6530,-32.4110,0.0000,0.000,7.611,7.792,1.0000
65.0173,52.6278,-35.4466,0.0000,0.000,7.632,7.810,1.0000
70.0187,56.6026,-38.4821,0.0000,0.000,7.653,7.829,1.0000
75.0201,60.5775,-41.5176,0.0000,0.000,7.673,7.848,1.0000
80.0214,64.5524,-44.5530,0.0000,0.000,7.694,7.867,1.0000
85.0228,68.5274,-47.5883,0.0000,0.000,7.715,7.886,1.0000
90.0242,72.5025,-50.6236,0.0000,0.000,7.736,7.905,1.0000
95.0256,76.4775,-53.6589,0.0000,0.000,7.757,7.924,1.0000
100.0270,80.4527,-56.6941,0.0000,0.000,7.778,7.942,1.0000
105.0284,84.4278,-59.7292,0.0000,0.000,7.798,7.961,1.0000
110.0298,88.4030,-62.7643,0.0000,0.000,7.819,7.980,1.0000
115.0312,92.3782,-65.7994,0.0000,0.000,7.840,7.999,1.0000
120.0326,96.3535,-68.8345,0.0000,0.000,7.861,8.018,1.0000
125.0341,100.3287,-71.8695,0.0000,0.000,7.882,8.037,1.0000
130.0355,104.3040,-74.9045,0.0000,0.000,7.903,8.056,1.0000
135.0369,108.2793,-77.9395,0.0000,0.000,7.923,8.075,1.0000
140.0383,112.2547,-80.9745,0.0000,0.000,7.944,8.093,1.0000
145.0397,116.2300,-84.0094,0.0000,0.000,7.965,8.112,1.0000
150.0412,120.2053,-87.0444,0.0000,0.000,7.986,8.131,1.0000
155.0426,124.1807,-90.0794,0.0000,0.000,8.007,8.150,1.0000
160.0440,128.1560,-93.1143,0.0000,0.000,8.028,8.169,1.0000
165.0455,132.1314,-96.1493,0.0000,0.000,8.048,8.188,1.0000
170.0469,136.1067,-99.1842,0.0000,0.000,8.069,8.207,1.0000
175.0484,140.0821,-102.2192,0.0000,0.000,8.090,8.226,1.0000
180.0498,144.0574,-105.2542,0.0000,0.000,8.111,8.244,1.0000
185.0512,148.0327,-108.2893,0.0000,0.000,8.132,8.263,1.0000
190.0527,152.0080,-111.3243,0.0000,0.000,8.153,8.282,1.0000
195.0541,155.9832,-114.3594,0.0000,0.000,8.173,8.301,1.0000
200.0556,159.9585,-117.3945,0.0000,0.000,8.194,8.320,1.0000
205.0570,163.9337,-120.4296,0.0000,0.000,8.215,8.339,1.0000
210.0585,167.9089,-123.4648,0.0000,0.000,8.236,8.358,1.0000
215.0599,171.8841,-126.5000,0.0000,0.000,8.257,8.377,1.0000
220.0614,175.8592,-129.5352,0.0000,0.000,8.278,8.395,1.0000
225.0628,179.8344,-132.5705,0.0000,0.000,8.298,8.414,1.0000
230.0643,183.8095,-135.6058,0.0000,0.000,8.319,8.433,1.0000
235.0657,187.7846,-138.6411,0.0000,0.000,8.340,8.452,1.0000
240.0672,191.7597,-141.6764,0.0000,0.000,8.361,8.471,1.0000
245.0686,195.7347,-144.7118,0.0000,0.000,8.382,8.490,1.0000
250.0701,199.7098,-147.7471,0.0000,0.000,8.403,8.509,1.0000
255.0715,203.6848,-150.7825,0.0000,0.000,8.423,8.527,1.0000
260.0730,207.6598,-153.8179,0.0000,0.000,8.444,8.546,1.0000
265.0744,211.6348,-156.8533,0.0000,0.000,8.465,8.565,1.0000
270.0758,215.6098,-159.8888,0.0000,0.000,8.486,8.584,1.0000
275.0773,219.5848,-162.9242,0.0000,0.000,8.507,8.603,1.0000
280.0787,223.5598,-165.9597,0.0000,0.000,8.528,8.622,1.0000
285.0802,227.5348,-168.9952,0.0000,0.000,8.548,8.641,1.0000
290.0816,231.5097,-172.0306,0.0000,0.000,8.569,8.660,1.0000
295.0831,235.4847,-175.0661,0.0000,0.000,8.590,8.678,1.0000
300.0845,239.4596,-178.1016,0.0000,0.000,8.611,8.697,1.0000
305.0860,243.4345,-181.1371,0.0000,0.000,8.632,8.716,1.0000
310.0874,247.4095,-184.1726,0.0000,0.000,8.652,8.735,1.0000
315.0888,251.3844,-187.2081,0.0000,0.000,8.673,8.754,1.0000
320.0903,255.3593,-190.2437,0.0000,0.000,8.694,8.773,1.0000
325.0917,259.3343,-193.2792,0.0000,0.000,8.715,8.792,1.0000
330.0931,263.3092,-196.3147,0.0000,0.000,8.736,8.811,1.0000
335.0946,267.2841,-199.3502,0.0000,0.000,8.757,8.829,1.0000
340.0960,271.2590,-202.3857,0.0000,0.000,8.777,8.848,1.0000
345.0974,275.2340,-205.4212,0.0000,0.000,8.798,8.867,1.0000
350.0989,279.2089,-208.4567,0.0000,0.000,8.819,8.886,1.0000
355.1003,283.1838,-211.4922,0.0000,0.000,8.840,8.905,1.0000
360.1017,287.1588,-214.5276,0.0000,0.000,8.861,8.924,1.0000
365.1031,291.1337,-217.5631,0.0000,0.000,8.882,8.943,1.0000
370.1046,295.1087,-220.5986,0.0000,0.000,8.902,8.962,1.0000
375.1060,299.0836,-223.6340,0.0000,0.000,8.923,8.980,1.0000
380.1074,303.0586,-226.6694,0.0000,0.000,8.944,8.999,1.0000
385.1088,307.0336,-229.7048,0.0000,0.000,8.965,9.018,1.0000
390.1102,311.0085,-232.7402,0.0000,0.000,8.986,9.037,1.0000
395.1116,314.9835,-235.7756,0.0000,0.000,9.007,9.056,1.0000
400.1130,318.9585,-238.8110,0.0000,0.000,9.027,9.075,1.0000
405.1144,322.9336,-241.8463,0.0000,0.000,9.048,9.094,1.0000
410.1158,326.9086,-244.8816,0.0000,0.000,9.069,9.112,1.0000
415.1172,330.8836,-247.9169,0.0000,0.000,9.090,9.131,1.0000
420.1186,334.8587,-250.9522,0.0000,0.000,9.111,9.150,1.0000
425.1200,338.8338,-253.9874,0.0000,0.000,9.132,9.169,1.0000
430.1214,342.8089,-257.0226,0.0000,0.000,9.152,9.188,1.0000
435.1228,346.7840,-260.0578,0.0000,0.000,9.173,9.207,1.0000
440.1242,350.7591,-263.0929,0.0000,0.000,9.194,9.226,1.0000
445.1255,354.7343,-266.1281,0.0000,0.000,9.215,9.245,1.0000
450.1269,358.7094,-269.1631,0.0000,0.000,9.236,9.263,1.0000
455.1283,362.6846,-272.1982,0.0000,0.000,9.257,9.282,1.0000
460.1296,366.6598,-275.2332,0.0000,0.000,9.277,9.301,1.0000
465.1310,370.6351,-278.2682,0.0000,0.000,9.298,9.320,1.0000
470.1324,374.6103,-281.3031,0.0000,0.000,9.319,9.339,1.0000
475.1337,378.5856,-284.3381,0.0000,0.000,9.340,9.358,1.0000
480.1351,382.5609,-287.3729,0.0000,0.000,9.361,9.377,1.0000
485.1364,386.5363,-290.4077,0.0000,0.000,9.382,9.396,1.0000
490.1378,390.5116,-293.4425,0.0000,0.000,9.402,9.414,1.0000
495.1391,394.4870,-296.4773,0.0000,0.000,9.423,9.433,1.0000
500.1404,398.4625,-299.5119,0.0000,0.000,9.444,9.452,1.0000
505.1418,402.4379,-302.5466,0.0000,0.000,9.465,9.471,1.0000
510.1431,406.4134,-305.5812,0.0000,0.000,9.486,9.490,1.0000
515.1444,410.3889,-308.6157,0.0000,0.000,9.507,9.509,1.0000
520.1457,414.3645,-311.6502,0.0000,0.000,9.527,9.528,1.0000
525.1470,418.3401,-314.6847,0.0000,0.000,9.548,9.547,1.0000
530.1484,422.3157,-317.7190,0.0000,0.000,9.569,9.565,1.0000
535.1497,426.2914,-320.7534,0.0000,0.000,9.590,9.584,1.0000
540.1510,430.2670,-323.7877,0.0000,0.000,9.611,9.603,1.0000
545.1523,434.2426,-326.8221,0.0000,0.000,9.631,9.622,1.0000
550.1537,438.2177,-329.8575,0.0000,0.000,9.652,9.641,1.0000
555.1554,442.1919,-332.8943,0.0000,0.000,9.673,9.660,1.0000
560.1574,446.1649,-335.9333,0.0000,0.000,9.694,9.679,1.0000
565.1598,450.1361,-338.9752,0.0000,0.000,9.715,9.697,1.0000
570.1628,454.1054,-342.0207,0.0000,0.000,9.817,9.834,1.0000
575.1663,458.0721,-345.0703,0.0000,0.000,10.063,10.174,1.0000
580.1706,462.0360,-348.1249,0.0000,0.000,10.308,10.514,1.0000
585.1752,465.9993,-351.1807,0.0000,0.000,10.553,10.855,1.0000
590.1704,470.0168,-354.1493,0.0000,0.000,10.799,11.195,1.0000
595.1500,474.1913,-356.8639,0.0000,0.000,11.118,11.549,1.0000
600.1368,478.5710,-359.2485,0.0000,0.000,11.577,11.930,1.0000
605.1415,483.0517,-361.4781,0.0000,0.000,12.037,12.310,1.0000
610.1519,487.5362,-363.7125,0.0000,0.000,12.496,12.690,1.0000
615.1624,492.0155,-365.9578,0.0000,0.000,12.956,13.070,1.0000
620.1693,496.4949,-368.1949,0.0000,0.000,13.207,13.354,1.0000
625.1689,500.9797,-370.4044,0.0000,0.000,13.332,13.579,1.0000
630.1574,505.4850,-372.5462,0.0000,0.000,13.457,13.805,1.0000
635.1342,510.0516,-374.5246,0.0000,0.000,13.581,14.031,1.0000
640.1102,514.7246,-376.2348,0.0000,0.000,13.499,13.864,1.0000
645.1164,519.5490,-377.5718,0.0000,0.000,13.365,13.601,1.0000
650.1821,524.5466,-378.3988,0.0000,0.000,12.962,13.230,1.0000
655.1672,529.5306,-378.2919,0.0000,0.000,12.048,12.393,1.0000
660.1049,534.1989,-376.6832,0.0000,0.000,11.019,11.418,1.0000
665.0867,537.9886,-373.4496,0.0000,0.000,10.486,11.340,1.0000
669.8297,539.9616,-369.1364,0.0000,0.000,8.533,8.944,1.0000
674.7012,539.9205,-364.2650,0.0000,0.000,8.241,8.729,1.0000
679.8522,538.7728,-359.2435,0.0000,0.000,8.130,8.409,1.0000
684.9060,537.3643,-354.3900,0.0000,0.000,8.079,7.870,1.0000
689.8570,535.8902,-349.6635,0.0000,0.000,7.801,7.733,1.0000
694.8159,534.3642,-344.9452,0.0000,0.000,7.524,7.596,1.0000
699.7999,532.7965,-340.2142,0.0000,0.000,7.246,7.459,1.0000
704.8002,531.1966,-335.4768,0.0000,0.000,7.205,7.380,1.0000
709.8082,529.5737,-330.7391,0.0000,0.000,7.171,7.302,1.0000
714.8163,527.9360,-326.0063,0.0000,0.000,7.136,7.225,1.0000
719.8231,526.2862,-321.2791,0.0000,0.000,7.102,7.148,1.0000
724.8287,524.6258,-316.5569,0.0000,0.000,7.057,7.091,1.0000
729.8333,522.9559,-311.8391,0.0000,0.000,7.011,7.039,1.0000
734.8369,521.2781,-307.1252,0.0000,0.000,6.964,6.987,1.0000
739.8397,519.5936,-302.4146,0.0000,0.000,6.918,6.935,1.0000
744.8417,517.9038,-297.7066,0.0000,0.000,6.871,6.883,1.0000
749.8431,516.2100,-293.0008,0.0000,0.000,6.825,6.831,1.0000
754.8439,514.5136,-288.2965,0.0000,0.000,6.779,6.779,1.0000
759.8442,512.8159,-283.5932,0.0000,0.000,6.732,6.727,1.0000
764.8442,511.1182,-278.8903,0.0000,0.000,6.686,6.675,1.0000
769.8438,509.4220,-274.1872,0.0000,0.000,6.639,6.623,1.0000
774.8433,507.7285,-269.4833,0.0000,0.000,6.593,6.571,1.0000
779.8426,506.0390,-264.7780,0.0000,0.000,6.547,6.519,1.0000
784.8419,504.3550,-260.0709,0.0000,0.000,6.500,6.467,1.0000
789.8413,502.6778,-255.3612,0.0000,0.000,6.454,6.415,1.0000
794.8409,501.0087,-250.6485,0.0000,0.000,6.407,6.363,1.0000
799.8409,499.3481,-245.9324,0.0000,0.000,6.361,6.311,1.0000
804.8418,497.6885,-241.2148,0.0000,0.000,6.314,6.259,1.0000
809.8446,496.0188,-236.4989,0.0000,0.000,6.268,6.207,1.0000
814.8502,494.3277,-231.7876,0.0000,0.000,6.222,6.156,1.0000
819.8597,492.6046,-227.0838,0.0000,0.000,6.170,6.104,1.0000
824.8713,490.8671,-222.3830,0.0000,0.000,6.085,6.059,1.0000
829.8797,489.1718,-217.6702,0.0000,0.000,6.001,6.013,1.0000
834.8808,487.5779,-212.9300,0.0000,0.000,5.917,5.967,1.0000
839.8742,486.1446,-208.1467,0.0000,0.000,5.930,5.859,1.0000
844.8639,484.9246,-203.3084,0.0000,0.000,5.982,5.733,1.0000
849.8512,483.9426,-198.4187,0.0000,0.000,6.087,5.715,1.0000
854.8376,483.2157,-193.4856,0.0000,0.000,6.099,5.799,1.0000
859.8270,482.7609,-188.5169,0.0000,0.000,6.023,5.958,1.0000
864.8259,482.5941,-183.5208,0.0000,0.000,5.873,5.910,1.0000
869.8372,482.7094,-178.5109,0.0000,0.000,5.860,5.897,1.0000
874.8567,483.0835,-173.5054,0.0000,0.000,5.904,5.899,1.0000
879.8768,483.6925,-168.5224,0.0000,0.000,5.935,5.924,1.0000
884.8872,484.5132,-163.5796,0.0000,0.000,5.977,5.912,1.0000
889.8853,485.5328,-158.6866,0.0000,0.000,6.035,5.849,1.0000
894.8752,486.7466,-153.8466,0.0000,0.000,6.025,5.846,1.0000
899.8609,488.1501,-149.0625,0.0000,0.000,5.991,5.863,1.0000
904.8461,489.7389,-144.3373,0.0000,0.000,6.033,5.829,1.0000
909.8340,491.5085,-139.6739,0.0000,0.000,6.049,5.830,1.0000
914.8275,493.4545,-135.0752,0.0000,0.000,5.984,5.941,1.0000
919.8290,495.5725,-130.5442,0.0000,0.000,5.970,5.938,1.0000
924.8408,497.8581,-126.0839,0.0000,0.000,6.005,5.828,1.0000
929.8631,500.3089,-121.7002,0.0000,0.000,5.889,5.879,1.0000
934.8850,502.9400,-117.4227,0.0000,0.000,5.804,5.937,1.0000
939.8947,505.7742,-113.2918,0.0000,0.000,6.057,5.867,1.0000
944.8867,508.8345,-109.3478,0.0000,0.000,6.112,5.914,1.0000
949.8632,512.1430,-105.6304,0.0000,0.000,5.928,6.105,1.0000
954.8373,515.6929,-102.1462,0.0000,0.000,6.089,5.913,1.0000
959.8214,519.4392,-98.8588,0.0000,0.000,6.347,5.611,1.0000
964.8182,523.3340,-95.7286,0.0000,0.000,6.095,5.860,1.0000
969.8223,527.3297,-92.7161,0.0000,0.000,5.929,6.040,1.0000
974.8253,531.3854,-89.7868,0.0000,0.000,6.047,6.000,1.0000
979.8265,535.4876,-86.9259,0.0000,0.000,6.121,5.993,1.0000
984.8273,539.6296,-84.1239,0.0000,0.000,6.063,6.084,1.0000
989.8283,543.8049,-81.3711,0.0000,0.000,6.005,6.176,1.0000
994.8299,548.0067,-78.6581,0.0000,0.000,6.041,6.138,1.0000
999.8322,552.2286,-75.9751,0.0000,0.000,6.083,6.091,1.0000
1004.8348,556.4638,-73.3126,0.0000,0.000,6.125,6.044,1.0000
1009.8374,560.7058,-70.6610,0.0000,0.000,6.167,5.997,1.0000
1014.8394,564.9480,-68.0106,0.0000,0.000,6.178,5.981,1.0000
1019.8406,569.1860,-65.3552,0.0000,0.000,6.171,5.984,1.0000
1024.8411,573.4205,-62.6956,0.0000,0.000,6.164,5.987,1.0000
1029.8411,577.6530,-60.0335,0.0000,0.000,6.157,5.990,1.0000
1034.8408,581.8847,-57.3709,0.0000,0.000,6.150,5.994,1.0000
1039.8404,586.1171,-54.7095,0.0000,0.000,6.143,5.997,1.0000
1044.8402,590.3515,-52.0511,0.0000,0.000,6.136,6.000,1.0000
1049.8403,594.5894,-49.3975,0.0000,0.000,6.129,6.003,1.0000
1054.8409,598.8321,-46.7506,0.0000,0.000,6.122,6.007,1.0000
1059.8423,603.0807,-44.1119,0.0000,0.000,6.115,6.010,1.0000
1064.8444,607.3348,-41.4805,0.0000,0.000,6.108,6.013,1.0000
1069.8471,611.5930,-38.8548,0.0000,0.000,6.101,6.016,1.0000
1074.8503,615.8541,-36.2328,0.0000,0.000,6.094,6.020,1.0000
1079.8537,620.1168,-33.6129,0.0000,0.000,6.087,6.023,1.0000
1084.8573,624.3798,-30.9933,0.0000,0.000,6.080,6.026,1.0000
1089.8608,628.6419,-28.3721,0.0000,0.000,6.074,6.029,1.0000
1094.8642,632.9017,-25.7477,0.0000,0.000,6.067,6.033,1.0000
1099.8673,637.1579,-23.1181,0.0000,0.000,6.060,6.036,1.0000
1104.8698,641.4094,-20.4816,0.0000,0.000,6.053,6.039,1.0000
1109.8718,645.6548,-17.8365,0.0000,0.000,6.046,6.042,1.0000
1114.8731,649.8928,-15.1810,0.0000,0.000,6.039,6.046,1.0000
1119.8735,654.1221,-12.5132,0.0000,0.000,6.032,6.049,1.0000
1124.8731,658.3415,-9.8314,0.0000,0.000,6.025,6.052,1.0000
1129.8717,662.5498,-7.1339,0.0000,0.000,5.897,6.092,1.0000
1134.8693,666.7455,-4.4187,0.0000,0.000,5.760,6.135,1.0000
1139.8659,670.9275,-1.6842,0.0000,0.000,5.624,6.177,1.0000
1144.8612,675.0922,1.0740,0.0000,0.000,5.631,6.173,1.0000
1149.8504,679.2056,3.8974,0.0000,0.000,5.761,6.129,1.0000
1154.8290,683.2106,6.8549,0.0000,0.000,5.892,6.086,1.0000
1159.8020,687.0496,10.0162,0.0000,0.000,6.016,6.045,1.0000
1164.7888,690.6652,13.4505,0.0000,0.000,5.866,6.164,1.0000
1169.8115,694.0191,17.1894,0.0000,0.000,5.854,6.129,1.0000
1174.8643,697.1140,21.1834,0.0000,0.000,6.073,5.838,1.0000
1179.9275,699.9576,25.3726,0.0000,0.000,6.000,5.847,1.0000
1184.9737,702.5581,29.6972,0.0000,0.000,5.780,6.012,1.0000
1189.9747,704.9258,34.1022,0.0000,0.000,5.795,6.000,1.0000
1194.9368,707.0904,38.5673,0.0000,0.000,5.803,5.952,1.0000
1199.8785,709.0895,43.0866,0.0000,0.000,5.803,5.862,1.0000
1204.8147,710.9606,47.6543,0.0000,0.000,5.759,5.804,1.0000
1209.7572,712.7414,52.2649,0.0000,0.000,5.645,5.796,1.0000
1214.7156,714.4694,56.9125,0.0000,0.000,5.597,5.783,1.0000
1219.6982,716.1822,61.5914,0.0000,0.000,5.718,5.758,1.0000
1224.7125,717.9175,66.2959,0.0000,0.000,5.780,5.818,1.0000
1229.7660,719.7127,71.0198,0.0000,0.000,5.738,6.024,1.0000
1234.8512,721.6016,75.7412,0.0000,0.000,5.838,6.022,1.0000
1239.9434,723.6136,80.4191,0.0000,0.000,5.995,5.932,1.0000
1245.0200,725.7777,85.0112,0.0000,0.000,6.202,5.714,1.0000
1250.0627,728.1229,89.4754,0.0000,0.000,6.358,5.562,1.0000
1255.0596,730.6783,93.7695,0.0000,0.000,6.212,5.827,1.0000
1260.0064,733.4728,97.8513,0.0000,0.000,6.096,6.052,1.0000
1264.9083,736.5357,101.6785,0.0000,0.000,6.004,6.245,1.0000
1269.7822,739.8958,105.2090,0.0000,0.000,6.120,5.981,1.0000
1274.6580,743.5790,108.4040,0.0000,0.000,6.309,5.556,1.0000
1279.5698,747.5675,111.2705,0.0000,0.000,6.262,5.705,1.0000
1284.5361,751.8125,113.8481,0.0000,0.000,6.161,5.986,1.0000
1289.5606,756.2646,116.1772,0.0000,0.000,6.148,6.015,1.0000
1294.6347,760.8742,118.2981,0.0000,0.000,6.138,6.038,1.0000
1299.7408,765.5920,120.2512,0.0000,0.000,6.165,6.113,1.0000
1304.8542,770.3684,122.0767,0.0000,0.000,6.194,6.190,1.0000
1309.9457,775.1541,123.8150,0.0000,0.000,6.189,6.229,1.0000
1314.9837,779.8995,125.5066,0.0000,0.000,6.094,6.166,1.0000
1319.9481,784.5599,127.2172,0.0000,0.000,5.999,6.104,1.0000
1324.8490,789.1000,129.0631,0.0000,0.000,5.915,6.056,1.0000
1329.7130,793.4854,131.1669,0.0000,0.000,5.837,6.018,1.0000
1334.5900,797.6821,133.6512,0.0000,0.000,5.757,6.065,1.0000
1339.5535,801.6695,136.6072,0.0000,0.000,5.802,6.032,1.0000
1344.6297,805.5163,139.9193,0.0000,0.000,6.012,5.881,1.0000
1349.7825,809.3220,143.3932,0.0000,0.000,5.951,5.902,1.0000
1354.9252,813.0120,146.9754,0.0000,0.000,5.862,5.932,1.0000
1359.9587,816.3118,150.7763,0.0000,0.000,5.774,5.954,1.0000
1364.8863,819.0891,154.8467,0.0000,0.000,5.713,6.128,1.0000
1369.7722,821.3902,159.1567,0.0000,0.000,5.775,6.003,1.0000
1374.6639,823.2719,163.6720,0.0000,0.000,5.826,5.841,1.0000
1379.5899,824.7908,168.3581,0.0000,0.000,5.705,5.864,1.0000
1384.5625,826.0037,173.1805,0.0000,0.000,5.655,5.954,1.0000
1389.5802,826.9672,178.1048,0.0000,0.000,5.685,6.029,1.0000
1394.6312,827.7381,183.0966,0.0000,0.000,5.861,5.969,1.0000
1399.6960,828.3731,188.1214,0.0000,0.000,6.015,5.943,1.0000
1404.7547,828.9263,193.1498,0.0000,0.000,6.098,6.026,1.0000
1409.8011,829.4430,198.1697,0.0000,0.000,6.181,6.109,1.0000
1414.8313,829.9668,203.1725,0.0000,0.000,6.260,6.157,1.0000
1419.8416,830.5411,208.1498,0.0000,0.000,6.333,6.142,1.0000
1424.8301,831.2093,213.0933,0.0000,0.000,6.406,6.128,1.0000
1429.7970,832.0148,217.9944,0.0000,0.000,6.359,6.114,1.0000
1434.7466,833.0013,222.8448,0.0000,0.000,6.151,6.100,1.0000
1439.6884,834.2120,227.6360,0.0000,0.000,5.968,6.074,1.0000
1444.6379,835.6902,232.3596,0.0000,0.000,6.113,5.884,1.0000
1449.6096,837.4599,237.0057,0.0000,0.000,6.232,5.749,1.0000
1454.6050,839.5072,241.5622,0.0000,0.000,6.245,5.844,1.0000
1459.6211,841.8140,246.0165,0.0000,0.000,6.203,5.940,1.0000
1464.6535,844.3623,250.3560,0.0000,0.000,6.060,6.038,1.0000
1469.6957,847.1339,254.5681,0.0000,0.000,6.017,6.098,1.0000
1474.7400,850.1107,258.6403,0.0000,0.000,6.110,6.103,1.0000
1479.7774,853.2747,262.5601,0.0000,0.000,6.195,6.109,1.0000
1484.7981,856.6078,266.3148,0.0000,0.000,6.237,6.121,1.0000
1489.7938,860.0929,269.8941,0.0000,0.000,6.279,6.133,1.0000
1494.7693,863.7197,273.3002,0.0000,0.000,6.422,6.027,1.0000
1499.7335,867.4806,276.5406,0.0000,0.000,6.525,5.939,1.0000
1504.6941,871.3677,279.6224,0.0000,0.000,6.232,6.071,1.0000
1509.6574,875.3733,282.5532,0.0000,0.000,5.940,6.202,1.0000
1514.6284,879.4896,285.3401,0.0000,0.000,6.019,6.164,1.0000
1519.6112,883.7090,287.9905,0.0000,0.000,6.120,6.109,1.0000
1524.6084,888.0236,290.5117,0.0000,0.000,6.363,5.948,1.0000
1529.6219,892.4257,292.9110,0.0000,0.000,6.388,5.975,1.0000
1534.6504,896.9080,295.1901,0.0000,0.000,6.160,6.221,1.0000
1539.6856,901.4653,297.3313,0.0000,0.000,6.106,6.243,1.0000
1544.7192,906.0923,299.3131,0.0000,0.000,6.226,6.038,1.0000
1549.7447,910.7840,301.1141,0.0000,0.000,6.280,5.885,1.0000
1554.7578,915.5354,302.7127,0.0000,0.000,6.103,5.911,1.0000
1559.7565,920.3413,304.0875,0.0000,0.000,5.892,5.909,1.0000
1564.7416,925.1968,305.2169,0.0000,0.000,5.596,5.838,1.0000
1569.7168,930.0967,306.0794,0.0000,0.000,5.456,5.753,1.0000
1574.6890,935.0355,306.6550,0.0000,0.000,5.475,5.652,1.0000
1579.6636,940.0019,306.9390,0.0000,0.000,5.795,5.444,1.0000
1584.6428,944.9812,306.9373,0.0000,0.000,5.946,5.531,1.0000
1589.6279,949.9582,306.6556,0.0000,0.000,6.022,5.760,1.0000
1594.6189,954.9182,306.0998,0.0000,0.000,6.219,5.899,1.0000
1599.6153,959.8462,305.2756,0.0000,0.000,6.551,5.854,1.0000
1604.6158,964.7272,304.1891,0.0000,0.000,6.377,5.781,1.0000
1609.6186,969.5463,302.8459,0.0000,0.000,6.126,6.045,1.0000
1614.6216,974.2886,301.2520,0.0000,0.000,6.067,6.092,1.0000
1619.6240,978.9435,299.4198,0.0000,0.000,6.107,6.025,1.0000
1624.6311,983.5257,297.4014,0.0000,0.000,6.147,5.959,1.0000
1629.6435,988.0592,295.2632,0.0000,0.000,6.187,5.893,1.0000
1634.6568,992.5681,293.0716,0.0000,0.000,6.227,5.827,1.0000
1639.6642,997.0760,290.8916,0.0000,0.000,6.219,5.835,1.0000
1644.6635,1001.5949,288.7531,0.0000,0.000,6.162,5.916,1.0000
1649.6584,1006.1248,286.6486,0.0000,0.000,6.105,5.998,1.0000
1654.6523,1010.6649,284.5687,0.0000,0.000,6.047,6.079,1.0000
1659.6484,1015.2146,282.5043,0.0000,0.000,5.990,6.161,1.0000
1664.6481,1019.7730,280.4508,0.0000,0.000,5.933,6.242,1.0000
1669.6502,1024.3395,278.4091,0.0000,0.000,5.876,6.324,1.0000
1674.6536,1028.9130,276.3800,0.0000,0.000,5.889,6.295,1.0000
1679.6575,1033.4930,274.3644,0.0000,0.000,5.929,6.221,1.0000
1684.6605,1038.0784,272.3634,0.0000,0.000,5.970,6.147,1.0000
1689.6618,1042.6686,270.3777,0.0000,0.000,6.011,6.073,1.0000
1694.6601,1047.2627,268.4085,0.0000,0.000,6.052,5.999,1.0000
1699.6546,1051.8599,266.4565,0.0000,0.000,6.092,5.926,1.0000
1704.6450,1056.4624,264.5273,0.0000,0.000,6.096,5.868,1.0000
1709.6436,1061.1056,262.6764,0.0000,0.000,5.752,5.967,1.0000
1714.6734,1065.8451,260.9924,0.0000,0.000,5.565,6.025,1.0000
1719.6832,1070.6942,259.7333,0.0000,0.000,6.049,5.592,1.0000
1724.5869,1075.5899,259.4531,0.0000,0.000,5.675,5.903,1.0000
1729.5394,1080.4588,260.3585,0.0000,0.000,5.596,5.771,1.0000
1734.5786,1085.2231,262.0002,0.0000,0.000,5.844,5.984,1.0000
1739.6090,1089.8299,264.0210,0.0000,0.000,6.039,6.048,1.0000
1744.6179,1094.2708,266.3375,0.0000,0.000,6.052,6.136,1.0000
1749.6068,1098.5515,268.8998,0.0000,0.000,5.902,6.303,1.0000
1754.5888,1102.6934,271.6684,0.0000,0.000,5.753,6.470,1.0000
1759.5722,1106.7197,274.6048,0.0000,0.000,5.603,6.638,1.0000
1764.5596,1110.6536,277.6706,0.0000,0.000,5.879,6.347,1.0000
1769.5502,1114.5161,280.8308,0.0000,0.000,6.156,6.056,1.0000
1774.5441,1118.3175,284.0695,0.0000,0.000,6.414,5.785,1.0000
1779.5418,1122.0642,287.3769,0.0000,0.000,6.250,5.967,1.0000
1784.5431,1125.7626,290.7436,0.0000,0.000,6.085,6.148,1.0000
1789.5472,1129.4187,294.1603,0.0000,0.000,5.965,6.278,1.0000
1794.5522,1133.0282,297.6275,0.0000,0.000,5.895,6.349,1.0000
1799.5556,1136.5764,301.1552,0.0000,0.000,5.847,6.387,1.0000
1804.5558,1140.0482,304.7535,0.0000,0.000,5.922,6.255,1.0000
1809.5522,1143.4284,308.4329,0.0000,0.000,5.996,6.123,1.0000
1814.5457,1146.7019,312.2038,0.0000,0.000,6.071,5.991,1.0000
1819.5387,1149.8536,316.0764,0.0000,0.000,6.076,5.853,1.0000
1824.5353,1152.8683,320.0611,0.0000,0.000,6.049,5.727,1.0000
1829.5416,1155.7309,324.1681,0.0000,0.000,5.738,5.913,1.0000
1834.5613,1158.4581,328.3824,0.0000,0.000,5.579,5.995,1.0000
1839.5812,1161.1597,332.6133,0.0000,0.000,5.701,5.888,1.0000
1844.5836,1163.9626,336.7568,0.0000,0.000,5.788,5.953,1.0000
1849.5640,1166.9937,340.7086,0.0000,0.000,5.945,5.965,1.0000
1854.5431,1170.3698,344.3682,0.0000,0.000,6.378,5.667,1.0000
1859.5311,1174.1059,347.6731,0.0000,0.000,6.250,5.776,1.0000
1864.5193,1178.1576,350.5826,0.0000,0.000,6.073,5.809,1.0000
1869.4994,1182.4800,353.0562,0.0000,0.000,5.928,5.709,1.0000
1874.4669,1187.0281,355.0539,0.0000,0.000,5.908,6.001,1.0000
1879.4335,1191.7582,356.5684,0.0000,0.000,5.947,6.004,1.0000
1884.4216,1196.6284,357.6461,0.0000,0.000,5.990,5.918,1.0000
1889.4384,1201.5972,358.3385,0.0000,0.000,6.016,5.785,1.0000
1894.4770,1206.6230,358.6972,0.0000,0.000,6.101,5.744,1.0000
1899.5190,1211.6647,358.7609,0.0000,0.000,6.119,5.780,1.0000
1904.5450,1216.6840,358.5015,0.0000,0.000,5.900,5.888,1.0000
1909.5447,1221.6435,357.8692,0.0000,0.000,5.748,5.953,1.0000
1914.5203,1226.5059,356.8141,0.0000,0.000,5.717,5.920,1.0000
1919.4867,1231.2349,355.2967,0.0000,0.000,5.942,5.665,1.0000
1924.4569,1235.7992,353.3296,0.0000,0.000,6.222,5.645,1.0000
1929.4366,1240.1694,350.9423,0.0000,0.000,5.965,5.736,1.0000
1934.4278,1244.3161,348.1644,0.0000,0.000,5.855,5.799,1.0000
1939.4292,1248.2097,345.0253,0.0000,0.000,5.976,5.835,1.0000
1944.4378,1251.8209,341.5547,0.0000,0.000,5.910,5.862,1.0000
1949.4496,1255.1201,337.7820,0.0000,0.000,5.651,6.165,1.0000
1954.4608,1258.0780,333.7368,0.0000,0.000,5.876,5.651,1.0000
1959.4689,1260.6651,329.4487,0.0000,0.000,5.854,5.469,1.0000
1964.4673,1262.9875,325.0226,0.0000,0.000,5.556,5.509,1.0000
1969.4181,1265.5263,320.7724,0.0000,0.000,5.501,5.947,1.0000
1974.3729,1268.7761,317.0322,0.0000,0.000,5.716,5.726,1.0000
1979.3810,1272.7551,313.9911,0.0000,0.000,5.664,5.681,1.0000
1984.3843,1277.2273,311.7476,0.0000,0.000,5.621,6.051,1.0000
1989.3810,1282.0087,310.2969,0.0000,0.000,5.836,5.507,1.0000
1994.3741,1286.9496,309.5761,0.0000,0.000,5.777,5.855,1.0000
1999.3622,1291.9371,309.5014,0.0000,0.000,5.678,6.102,1.0000
2004.3338,1296.8861,309.9750,0.0000,0.000,5.850,6.026,1.0000
2009.3085,1301.7799,310.8684,0.0000,0.000,5.934,6.073,1.0000
2014.3056,1306.6385,312.0366,0.0000,0.000,6.051,5.999,1.0000
2019.3201,1311.4822,313.3345,0.0000,0.000,6.168,5.925,1.0000
2024.3360,1316.3310,314.6184,0.0000,0.000,6.186,5.916,1.0000
2029.3442,1321.1955,315.8093,0.0000,0.000,6.181,5.922,1.0000
2034.3473,1326.0719,316.9280,0.0000,0.000,6.177,5.928,1.0000
2039.3474,1330.9550,318.0037,0.0000,0.000,6.173,5.934,1.0000
2044.3461,1335.8396,319.0654,0.0000,0.000,6.169,5.940,1.0000
2049.3444,1340.7215,320.1379,0.0000,0.000,6.164,5.946,1.0000
2054.3427,1345.6001,321.2250,0.0000,0.000,6.160,5.952,1.0000
2059.3412,1350.4764,322.3239,0.0000,0.000,6.156,5.958,1.0000
2064.3402,1355.3509,323.4322,0.0000,0.000,6.152,5.964,1.0000
2069.3398,1360.2246,324.5474,0.0000,0.000,6.148,5.970,1.0000
2074.3403,1365.0982,325.6668,0.0000,0.000,6.143,5.976,1.0000
2079.3417,1369.9723,326.7878,0.0000,0.000,6.139,5.982,1.0000
2084.3443,1374.8479,327.9081,0.0000,0.000,6.135,5.988,1.0000
2089.3483,1379.7256,329.0249,0.0000,0.000,6.131,5.994,1.0000
2094.3533,1384.6054,330.1375,0.0000,0.000,6.126,6.000,1.0000
2099.3589,1389.4866,331.2465,0.0000,0.000,6.122,6.006,1.0000
2104.3644,1394.3684,332.3524,0.0000,0.000,6.118,6.012,1.0000
2109.3694,1399.2502,333.4558,0.0000,0.000,6.114,6.018,1.0000
2114.3732,1404.1313,334.5574,0.0000,0.000,6.109,6.024,1.0000
2119.3752,1409.0108,335.6577,0.0000,0.000,6.105,6.030,1.0000
2124.3750,1413.8882,336.7573,0.0000,0.000,6.101,6.036,1.0000
2129.3719,1418.7626,337.8570,0.0000,0.000,6.097,6.042,1.0000
2134.3656,1423.6336,338.9572,0.0000,0.000,6.093,6.048,1.0000
2139.3574,1428.5022,340.0592,0.0000,0.000,6.088,6.054,1.0000
2144.3496,1433.3705,341.1645,0.0000,0.000,6.084,6.060,1.0000
2149.3445,1438.2405,342.2744,0.0000,0.000,6.080,6.066,1.0000
2154.3443,1443.1142,343.3904,0.0000,0.000,6.076,6.071,1.0000
2159.3514,1447.9936,344.5139,0.0000,0.000,6.047,6.086,1.0000
2164.3679,1452.8807,345.6464,0.0000,0.000,5.986,6.110,1.0000
2169.3963,1457.7774,346.7893,0.0000,0.000,5.926,6.135,1.0000
2174.4379,1462.6843,347.9468,0.0000,0.000,6.080,5.999,1.0000
2179.4533,1467.5212,349.2731,0.0000,0.000,6.080,5.841,1.0000
2184.3888,1472.0891,351.1422,0.0000,0.000,5.823,6.012,1.0000
2189.3259,1476.2263,353.8363,0.0000,0.000,5.735,6.096,1.0000
2194.3273,1479.9854,357.1353,0.0000,0.000,5.875,6.042,1.0000
2199.3287,1483.4728,360.7203,0.0000,0.000,5.723,6.362,1.0000
2204.3225,1486.7616,364.4782,0.0000,0.000,5.947,6.150,1.0000
2209.3194,1489.9153,368.3541,0.0000,0.000,6.170,5.937,1.0000
2214.3207,1492.9973,372.2929,0.0000,0.000,6.307,5.839,1.0000
2219.3233,1496.0693,376.2413,0.0000,0.000,6.337,5.880,1.0000
2224.3255,1499.1586,380.1754,0.0000,0.000,6.367,5.921,1.0000
2229.3272,1502.2638,384.0965,0.0000,0.000,6.397,5.962,1.0000
2234.3286,1505.3825,388.0065,0.0000,0.000,6.428,6.003,1.0000
2239.3299,1508.5123,391.9074,0.0000,0.000,6.458,6.043,1.0000
2244.3311,1511.6507,395.8013,0.0000,0.000,6.488,6.084,1.0000
2249.3322,1514.7953,399.6901,0.0000,0.000,6.518,6.125,1.0000
2254.3333,1517.9438,403.5757,0.0000,0.000,6.549,6.166,1.0000
2259.3345,1521.0937,407.4603,0.0000,0.000,6.579,6.207,1.0000
2264.3357,1524.2432,411.3452,0.0000,0.000,6.609,6.248,1.0000
2269.3369,1527.3922,415.2306,0.0000,0.000,6.639,6.289,1.0000
2274.3383,1530.5406,419.1166,0.0000,0.000,6.670,6.330,1.0000
2279.3396,1533.6885,423.0030,0.0000,0.000,6.700,6.370,1.0000
2284.3410,1536.8359,426.8899,0.0000,0.000,6.730,6.411,1.0000
2289.3425,1539.9828,430.7773,0.0000,0.000,6.760,6.452,1.0000
2294.3440,1543.1292,434.6651,0.0000,0.000,6.791,6.493,1.0000
2299.3455,1546.2752,438.5532,0.0000,0.000,6.821,6.534,1.0000
2304.3470,1549.4207,442.4418,0.0000,0.000,6.851,6.575,1.0000
2309.3486,1552.5658,446.3308,0.0000,0.000,6.881,6.616,1.0000
2314.3502,1555.7105,450.2201,0.0000,0.000,6.912,6.656,1.0000
2319.3518,1558.8548,454.1097,0.0000,0.000,6.942,6.697,1.0000
2324.3534,1561.9988,457.9997,0.0000,0.000,6.972,6.738,1.0000
2329.3550,1565.1424,461.8899,0.0000,0.000,7.002,6.779,1.0000
2334.3566,1568.2857,465.7804,0.0000,0.000,7.033,6.820,1.0000
2339.3582,1571.4286,469.6712,0.0000,0.000,7.063,6.861,1.0000
2344.3599,1574.5713,473.5622,0.0000,0.000,7.093,6.902,1.0000
2349.3615,1577.7137,477.4534,0.0000,0.000,7.123,6.943,1.0000
2354.3631,1580.8559,481.3447,0.0000,0.000,7.154,6.983,1.0000
2359.3647,1583.9978,485.2363,0.0000,0.000,7.184,7.024,1.0000
2364.3663,1587.1395,489.1280,0.0000,0.000,7.214,7.065,1.0000
2369.3678,1590.2810,493.0199,0.0000,0.000,7.244,7.106,1.0000
2374.3693,1593.4223,496.9119,0.0000,0.000,7.274,7.147,1.0000
2379.3708,1596.5635,500.8039,0.0000,0.000,7.305,7.188,1.0000
2384.3723,1599.7045,504.6961,0.0000,0.000,7.335,7.229,1.0000
2389.3737,1602.8454,508.5883,0.0000,0.000,7.365,7.269,1.0000
2394.3751,1605.9861,512.4805,0.0000,0.000,7.395,7.310,1.0000
2399.3765,1609.1268,516.3727,0.0000,0.000,7.426,7.351,1.0000
2404.3778,1612.2674,520.2649,0.0000,0.000,7.456,7.392,1.0000
2409.3790,1615.4080,524.1572,0.0000,0.000,7.486,7.433,1.0000
2414.3802,1618.5485,528.0493,0.0000,0.000,7.516,7.474,1.0000
2419.3813,1621.6890,531.9414,0.0000,0.000,7.547,7.515,1.0000
2424.3824,1624.8295,535.8334,0.0000,0.000,7.577,7.556,1.0000
2429.3834,1627.9701,539.7254,0.0000,0.000,7.607,7.596,1.0000
2434.3843,1631.1106,543.6172,0.0000,0.000,7.637,7.637,1.0000
2439.3852,1634.2512,547.5089,0.0000,0.000,7.668,7.678,1.0000
2444.3860,1637.3918,551.4006,0.0000,0.000,7.698,7.719,1.0000
2449.3868,1640.5321,555.2924,0.0000,0.000,7.728,7.760,1.0000
2454.3877,1643.6723,559.1845,0.0000,0.000,7.758,7.801,1.0000
2459.3887,1646.8122,563.0769,0.0000,0.000,7.789,7.842,1.0000
2464.3897,1649.9517,566.9697,0.0000,0.000,7.819,7.883,1.0000
2469.3909,1653.0908,570.8631,0.0000,0.000,7.849,7.923,1.0000
2474.3923,1656.2293,574.7571,0.0000,0.000,7.879,7.964,1.0000
2479.3939,1659.3672,578.6519,0.0000,0.000,7.910,8.005,1.0000
2484.3958,1662.5044,582.5476,0.0000,0.000,8.030,8.150,1.0000
2489.3979,1665.6409,586.4442,0.0000,0.000,8.213,8.369,1.0000
2494.4003,1668.7765,590.3419,0.0000,0.000,8.397,8.589,1.0000
2499.4031,1671.9112,594.2408,0.0000,0.000,8.580,8.808,1.0000
2504.4062,1675.0449,598.1410,0.0000,0.000,8.764,9.027,1.0000
2509.4098,1678.1775,602.0426,0.0000,0.000,8.947,9.246,1.0000
2514.4138,1681.3089,605.9457,0.0000,0.000,9.131,9.465,1.0000
2519.4183,1684.4391,609.8505,0.0000,0.000,9.314,9.685,1.0000
2524.4225,1687.5620,613.7607,0.0000,0.000,9.498,9.904,1.0000
2529.4242,1690.6580,617.6889,0.0000,0.000,9.681,10.123,1.0000
2534.4210,1693.7057,621.6488,0.0000,0.000,9.865,10.342,1.0000
2539.4119,1696.6835,625.6540,0.0000,0.000,10.048,10.561,1.0000
2544.3975,1699.5733,629.7166,0.0000,0.000,10.387,10.814,1.0000
2549.3846,1702.3818,633.8377,0.0000,0.000,10.798,11.082,1.0000
2554.3815,1705.1268,638.0132,0.0000,0.000,11.210,11.350,1.0000
2559.3959,1707.8263,642.2388,0.0000,0.000,11.668,11.620,1.0000
2564.4329,1710.4933,646.5118,0.0000,0.000,12.334,11.898,1.0000
2569.4366,1712.9379,650.8777,0.0000,0.000,12.441,12.985,1.0000
2574.3345,1714.7032,655.4465,0.0000,0.000,12.237,12.876,1.0000
2579.2089,1715.3565,660.2768,0.0000,0.000,11.784,12.235,1.0000
2584.1917,1714.6318,665.2067,0.0000,0.000,10.068,10.100,1.0000
2589.3744,1712.3920,669.8804,0.0000,0.000,8.342,8.847,1.0000
2594.3723,1708.8410,673.3974,0.0000,0.000,7.896,8.196,1.0000
2599.1933,1704.3133,675.0530,0.0000,0.000,7.793,8.231,1.0000
2604.1978,1699.3220,675.4170,0.0000,0.000,7.964,8.375,1.0000
2609.2023,1694.3214,675.2187,0.0000,0.000,7.986,8.490,1.0000
2614.1688,1689.3888,674.6395,0.0000,0.000,7.727,8.496,1.0000
2619.1264,1684.5145,673.7346,0.0000,0.000,7.726,8.094,1.0000
2624.0934,1679.6886,672.5593,0.0000,0.000,7.647,7.845,1.0000
2629.0783,1674.9014,671.1688,0.0000,0.000,7.519,7.690,1.0000
2634.0826,1670.1434,669.6184,0.0000,0.000,7.391,7.536,1.0000
2639.1021,1665.4046,667.9634,0.0000,0.000,7.263,7.382,1.0000
2644.1291,1660.6754,666.2589,0.0000,0.000,7.135,7.228,1.0000
2649.1542,1655.9461,664.5602,0.0000,0.000,7.007,7.073,1.0000
2654.1715,1651.2103,662.9033,0.0000,0.000,6.976,7.023,1.0000
2659.1818,1646.4682,661.2860,0.0000,0.000,6.951,6.978,1.0000
2664.1864,1641.7212,659.7012,0.0000,0.000,6.926,6.933,1.0000
2669.1867,1636.9701,658.1420,0.0000,0.000,6.901,6.889,1.0000
2674.1840,1632.2163,656.6014,0.0000,0.000,6.876,6.844,1.0000
2679.1792,1627.4608,655.0724,0.0000,0.000,6.851,6.799,1.0000
2684.1736,1622.7048,653.5479,0.0000,0.000,6.826,6.755,1.0000
2689.1681,1617.9494,652.0210,0.0000,0.000,6.801,6.710,1.0000
2694.1638,1613.1956,650.4855,0.0000,0.000,6.776,6.665,1.0000
2699.1607,1608.4434,648.9406,0.0000,0.000,6.751,6.620,1.0000
2704.1589,1603.6927,647.3875,0.0000,0.000,6.726,6.576,1.0000
2709.1582,1598.9429,645.8277,0.0000,0.000,6.701,6.531,1.0000
2714.1585,1594.1939,644.2625,0.0000,0.000,6.676,6.486,1.0000
2719.1597,1589.4454,642.6932,0.0000,0.000,6.651,6.442,1.0000
2724.1616,1584.6969,641.1211,0.0000,0.000,6.634,6.406,1.0000
2729.1641,1579.9483,639.5476,0.0000,0.000,6.642,6.401,1.0000
2734.1671,1575.1992,637.9740,0.0000,0.000,6.651,6.397,1.0000
2739.1705,1570.4493,636.4017,0.0000,0.000,6.660,6.393,1.0000
2744.1742,1565.6982,634.8320,0.0000,0.000,6.668,6.388,1.0000
2749.1779,1560.9458,633.2662,0.0000,0.000,6.677,6.384,1.0000
2754.1816,1556.1916,631.7057,0.0000,0.000,6.685,6.379,1.0000
2759.1852,1551.4354,630.1518,0.0000,0.000,6.694,6.375,1.0000
2764.1886,1546.6769,628.6059,0.0000,0.000,6.703,6.370,1.0000
2769.1916,1541.9157,627.0692,0.0000,0.000,6.711,6.366,1.0000
2774.1942,1537.1515,625.5432,0.0000,0.000,6.720,6.362,1.0000
2779.1963,1532.3841,624.0290,0.0000,0.000,6.728,6.357,1.0000
2784.1979,1527.6134,622.5269,0.0000,0.000,6.737,6.353,1.0000
2789.1990,1522.8397,621.0361,0.0000,0.000,6.746,6.348,1.0000
2794.1998,1518.0629,619.5559,0.0000,0.000,6.754,6.344,1.0000
2799.2004,1513.2834,618.0858,0.0000,0.000,6.763,6.339,1.0000
2804.2007,1508.5012,616.6250,0.0000,0.000,6.771,6.335,1.0000
2809.2008,1503.7165,615.1729,0.0000,0.000,6.771,6.332,1.0000
2814.2009,1498.9296,613.7289,0.0000,0.000,6.767,6.330,1.0000
2819.2009,1494.1404,612.2922,0.0000,0.000,6.763,6.328,1.0000
2824.2009,1489.3493,610.8622,0.0000,0.000,6.759,6.325,1.0000
2829.2009,1484.5563,609.4383,0.0000,0.000,6.755,6.323,1.0000
2834.2010,1479.7616,608.0197,0.0000,0.000,6.750,6.321,1.0000
2839.2013,1474.9654,606.6059,0.0000,0.000,6.746,6.319,1.0000
2844.2017,1470.1678,605.1961,0.0000,0.000,6.742,6.317,1.0000
2849.2023,1465.3690,603.7897,0.0000,0.000,6.738,6.315,1.0000
2854.2032,1460.5692,602.3860,0.0000,0.000,6.734,6.312,1.0000
2859.2044,1455.7685,600.9843,0.0000,0.000,6.729,6.310,1.0000
2864.2058,1450.9670,599.5841,0.0000,0.000,6.725,6.308,1.0000
2869.2076,1446.1649,598.1851,0.0000,0.000,6.721,6.306,1.0000
2874.2096,1441.3621,596.7876,0.0000,0.000,6.717,6.304,1.0000
2879.2117,1436.5586,595.3918,0.0000,0.000,6.713,6.301,1.0000
2884.2140,1431.7544,593.9982,0.0000,0.000,6.708,6.299,1.0000
2889.2164,1426.9494,592.6069,0.0000,0.000,6.704,6.297,1.0000
2894.2187,1422.1437,591.2183,0.0000,0.000,6.700,6.295,1.0000
2899.2209,1417.3372,589.8327,0.0000,0.000,6.696,6.293,1.0000
2904.2231,1412.5298,588.4505,0.0000,0.000,6.692,6.290,1.0000
2909.2250,1407.7216,587.0719,0.0000,0.000,6.687,6.288,1.0000
2914.2267,1402.9124,585.6978,0.0000,0.000,6.683,6.286,1.0000
2919.2282,1398.1017,584.3296,0.0000,0.000,6.679,6.284,1.0000
2924.2295,1393.2892,582.9684,0.0000,0.000,6.675,6.282,1.0000
2929.2306,1388.4745,581.6157,0.0000,0.000,6.670,6.280,1.0000
2934.2315,1383.6573,580.2725,0.0000,0.000,6.666,6.278,1.0000
2939.2322,1378.8373,578.9403,0.0000,0.000,6.661,6.278,1.0000
2944.2329,1374.0140,577.6202,0.0000,0.000,6.656,6.279,1.0000
2949.2335,1369.1872,576.3135,0.0000,0.000,6.651,6.280,1.0000
2954.2340,1364.3566,575.0208,0.0000,0.000,6.647,6.280,1.0000
2959.2346,1359.5226,573.7412,0.0000,0.000,6.642,6.281,1.0000
2964.2352,1354.6852,572.4736,0.0000,0.000,6.637,6.282,1.0000
2969.2359,1349.8449,571.2171,0.0000,0.000,6.632,6.282,1.0000
2974.2368,1345.0019,569.9707,0.0000,0.000,6.627,6.283,1.0000
2979.2377,1340.1565,568.7332,0.0000,0.000,6.622,6.284,1.0000
2984.2388,1335.3089,567.5038,0.0000,0.000,6.617,6.284,1.0000
2989.2400,1330.4594,566.2813,0.0000,0.000,6.612,6.285,1.0000
2994.2413,1325.6083,565.0648,0.0000,0.000,6.607,6.286,1.0000
2999.2428,1320.7558,563.8532,0.0000,0.000,6.602,6.286,1.0000
3004.2443,1315.9023,562.6455,0.0000,0.000,6.597,6.287,1.0000
3009.2460,1311.0479,561.4407,0.0000,0.000,6.592,6.288,1.0000
3014.2477,1306.1929,560.2378,0.0000,0.000,6.590,6.288,1.0000
3019.2495,1301.3377,559.0358,0.0000,0.000,6.596,6.288,1.0000
3024.2514,1296.4825,557.8336,0.0000,0.000,6.602,6.288,1.0000
3029.2533,1291.6275,556.6303,0.0000,0.000,6.607,6.288,1.0000
3034.2552,1286.7730,555.4247,0.0000,0.000,6.613,6.288,1.0000
3039.2572,1281.9193,554.2160,0.0000,0.000,6.618,6.288,1.0000
3044.2591,1277.0662,553.0046,0.0000,0.000,6.624,6.288,1.0000
3049.2610,1272.2136,551.7916,0.0000,0.000,6.630,6.288,1.0000
3054.2629,1267.3612,550.5782,0.0000,0.000,6.635,6.288,1.0000
3059.2647,1262.5086,549.3655,0.0000,0.000,6.641,6.288,1.0000
3064.2664,1257.6556,548.1548,0.0000,0.000,6.647,6.288,1.0000
3069.2681,1252.8020,546.9471,0.0000,0.000,6.652,6.288,1.0000
3074.2696,1247.9474,545.7438,0.0000,0.000,6.658,6.288,1.0000
3079.2710,1243.0916,544.5459,0.0000,0.000,6.664,6.288,1.0000
3084.2722,1238.2343,543.3546,0.0000,0.000,6.669,6.288,1.0000
3089.2733,1233.3752,542.1711,0.0000,0.000,6.675,6.288,1.0000
3094.2743,1228.5141,540.9966,0.0000,0.000,6.680,6.287,1.0000
3099.2752,1223.6507,539.8323,0.0000,0.000,6.686,6.287,1.0000
3104.2759,1218.7847,538.6792,0.0000,0.000,6.692,6.287,1.0000
3109.2765,1213.9159,537.5387,0.0000,0.000,6.697,6.287,1.0000
3114.2771,1209.0439,536.4119,0.0000,0.000,6.703,6.287,1.0000
3119.2777,1204.1685,535.2998,0.0000,0.000,6.709,6.287,1.0000
3124.2784,1199.2895,534.2038,0.0000,0.000,6.714,6.287,1.0000
3129.2791,1194.4069,533.1231,0.0000,0.000,6.714,6.281,1.0000
3134.2800,1189.5213,532.0554,0.0000,0.000,6.715,6.275,1.0000
3139.2810,1184.6333,530.9982,0.0000,0.000,6.715,6.270,1.0000
3144.2822,1179.7434,529.9491,0.0000,0.000,6.716,6.264,1.0000
3149.2836,1174.8521,528.9056,0.0000,0.000,6.716,6.258,1.0000
3154.2850,1169.9601,527.8651,0.0000,0.000,6.717,6.253,1.0000
3159.2865,1165.0679,526.8254,0.0000,0.000,6.717,6.247,1.0000
3164.2881,1160.1759,525.7838,0.0000,0.000,6.718,6.241,1.0000
3169.2897,1155.2849,524.7381,0.0000,0.000,6.718,6.235,1.0000
3174.2913,1150.3946,523.6887,0.0000,0.000,6.719,6.230,1.0000
3179.2929,1145.5047,522.6373,0.0000,0.000,6.719,6.224,1.0000
3184.2945,1140.6149,521.5858,0.0000,0.000,6.720,6.218,1.0000
3189.2961,1135.7248,520.5361,0.0000,0.000,6.721,6.213,1.0000
3194.2976,1130.8339,519.4900,0.0000,0.000,6.721,6.207,1.0000
3199.2990,1125.9419,518.4493,0.0000,0.000,6.722,6.201,1.0000
3204.3004,1121.0484,517.4161,0.0000,0.000,6.722,6.196,1.0000
3209.3017,1116.1531,516.3920,0.0000,0.000,6.723,6.190,1.0000
3214.3029,1111.2557,515.3782,0.0000,0.000,6.723,6.184,1.0000
3219.3042,1106.3562,514.3745,0.0000,0.000,6.724,6.179,1.0000
3224.3054,1101.4547,513.3808,0.0000,0.000,6.724,6.173,1.0000
3229.3065,1096.5513,512.3966,0.0000,0.000,6.725,6.167,1.0000
3234.3077,1091.6461,511.4218,0.0000,0.000,6.725,6.161,1.0000
3239.3089,1086.7391,510.4560,0.0000,0.000,6.726,6.156,1.0000
3244.3100,1081.8303,509.4989,0.0000,0.000,6.726,6.150,1.0000
3249.3112,1076.9199,508.5503,0.0000,0.000,6.727,6.144,1.0000
3254.3124,1072.0080,507.6100,0.0000,0.000,6.741,6.152,1.0000
3259.3136,1067.0945,506.6775,0.0000,0.000,6.758,6.163,1.0000
3264.3148,1062.1795,505.7527,0.0000,0.000,6.775,6.174,1.0000
3269.3160,1057.2632,504.8353,0.0000,0.000,6.793,6.185,1.0000
3274.3171,1052.3456,503.9249,0.0000,0.000,6.810,6.196,1.0000
3279.3183,1047.4267,503.0213,0.0000,0.000,6.827,6.207,1.0000
3284.3195,1042.5066,502.1243,0.0000,0.000,6.845,6.218,1.0000
3289.3207,1037.5854,501.2334,0.0000,0.000,6.862,6.229,1.0000
3294.3218,1032.6632,500.3486,0.0000,0.000,6.879,6.240,1.0000
3299.3229,1027.7400,499.4695,0.0000,0.000,6.897,6.251,1.0000
3304.3239,1022.8158,498.5961,0.0000,0.000,6.914,6.262,1.0000
3309.3250,1017.8906,497.7285,0.0000,0.000,6.931,6.273,1.0000
3314.3260,1012.9644,496.8667,0.0000,0.000,6.949,6.284,1.0000
3319.3270,1008.0372,496.0107,0.0000,0.000,6.966,6.295,1.0000
3324.3279,1003.1090,495.1606,0.0000,0.000,6.983,6.306,1.0000
3329.3289,998.1798,494.3165,0.0000,0.000,7.001,6.317,1.0000
3334.3298,993.2496,493.4782,0.0000,0.000,7.018,6.328,1.0000
3339.3308,988.3184,492.6460,0.0000,0.000,7.035,6.339,1.0000
3344.3317,983.3862,491.8197,0.0000,0.000,7.053,6.350,1.0000
3349.3327,978.4529,490.9995,0.0000,0.000,7.070,6.361,1.0000
3354.3337,973.5187,490.1854,0.0000,0.000,7.087,6.372,1.0000
3359.3347,968.5834,489.3774,0.0000,0.000,7.105,6.383,1.0000
3364.3357,963.6471,488.5755,0.0000,0.000,7.122,6.394,1.0000
3369.3368,958.7097,487.7798,0.0000,0.000,7.139,6.405,1.0000
3374.3379,953.7713,486.9903,0.0000,0.000,7.142,6.433,1.0000
3379.3390,948.8319,486.2071,0.0000,0.000,7.066,6.554,1.0000
3384.3402,943.8914,485.4301,0.0000,0.000,6.990,6.676,1.0000
3389.3414,938.9499,484.6595,0.0000,0.000,6.914,6.797,1.0000
3394.3427,934.0074,483.8954,0.0000,0.000,6.838,6.918,1.0000
3399.3440,929.0638,483.1379,0.0000,0.000,6.762,7.040,1.0000
3404.3453,924.1192,482.3870,0.0000,0.000,6.686,7.161,1.0000
3409.3466,919.1735,481.6430,0.0000,0.000,6.717,7.155,1.0000
3414.3479,914.2268,480.9058,0.0000,0.000,6.769,7.124,1.0000
3419.3493,909.2791,480.1756,0.0000,0.000,6.821,7.093,1.0000
3424.3506,904.3303,479.4525,0.0000,0.000,6.873,7.062,1.0000
3429.3519,899.3805,478.7367,0.0000,0.000,6.925,7.031,1.0000
3434.3532,894.4297,478.0281,0.0000,0.000,6.977,7.000,1.0000
3439.3544,889.4778,477.3269,0.0000,0.000,7.029,6.969,1.0000
3444.3557,884.5249,476.6333,0.0000,0.000,7.086,6.990,1.0000
3449.3569,879.5709,475.9472,0.0000,0.000,7.142,7.013,1.0000
3454.3581,874.6160,475.2689,0.0000,0.000,7.199,7.037,1.0000
3459.3592,869.6600,474.5984,0.0000,0.000,7.255,7.061,1.0000
3464.3604,864.7029,473.9358,0.0000,0.000,7.312,7.085,1.0000
3469.3614,859.7449,473.2812,0.0000,0.000,7.368,7.109,1.0000
3474.3625,854.7858,472.6342,0.0000,0.000,7.425,7.133,1.0000
3479.3636,849.8259,471.9940,0.0000,0.000,7.481,7.156,1.0000
3484.3646,844.8652,471.3601,0.0000,0.000,7.538,7.180,1.0000
3489.3656,839.9038,470.7317,0.0000,0.000,7.594,7.204,1.0000
3494.3667,834.9418,470.1081,0.0000,0.000,7.651,7.228,1.0000
3499.3678,829.9792,469.4887,0.0000,0.000,7.708,7.252,1.0000
3504.3689,825.0162,468.8727,0.0000,0.000,7.764,7.276,1.0000
3509.3700,820.0528,468.2595,0.0000,0.000,7.821,7.300,1.0000
3514.3712,815.0891,467.6485,0.0000,0.000,7.852,7.330,1.0000
3519.3723,810.1252,467.0388,0.0000,0.000,7.769,7.387,1.0000
3524.3735,805.1613,466.4299,0.0000,0.000,7.687,7.445,1.0000
3529.3747,800.1973,465.8210,0.0000,0.000,7.605,7.502,1.0000
3534.3760,795.2333,465.2115,0.0000,0.000,7.522,7.560,1.0000
3539.3772,790.2695,464.6006,0.0000,0.000,7.440,7.617,1.0000
3544.3784,785.3060,463.9878,0.0000,0.000,7.357,7.675,1.0000
3549.3797,780.3428,463.3723,0.0000,0.000,7.338,7.681,1.0000
3554.3809,775.3800,462.7534,0.0000,0.000,7.353,7.661,1.0000
3559.3822,770.4175,462.1311,0.0000,0.000,7.368,7.641,1.0000
3564.3835,765.4555,461.5059,0.0000,0.000,7.383,7.620,1.0000
3569.3848,760.4937,460.8784,0.0000,0.000,7.398,7.600,1.0000
3574.3861,755.5322,460.2491,0.0000,0.000,7.412,7.579,1.0000
3579.3874,750.5707,459.6186,0.0000,0.000,7.427,7.559,1.0000
3584.3887,745.6094,458.9873,0.0000,0.000,7.442,7.538,1.0000
3589.3901,740.6481,458.3558,0.0000,0.000,7.457,7.518,1.0000
3594.3914,735.6868,457.7247,0.0000,0.000,7.472,7.498,1.0000
3599.3927,730.7253,457.0945,0.0000,0.000,7.487,7.477,1.0000
3604.3940,725.7637,456.4658,0.0000,0.000,7.501,7.457,1.0000
3609.3954,720.8018,455.8390,0.0000,0.000,7.516,7.436,1.0000
3614.3967,715.8396,455.2147,0.0000,0.000,7.531,7.416,1.0000
3619.3980,710.8770,454.5935,0.0000,0.000,7.546,7.396,1.0000
3624.3993,705.9140,453.9760,0.0000,0.000,7.563,7.379,1.0000
3629.4005,700.9505,453.3625,0.0000,0.000,7.622,7.433,1.0000
3634.4018,695.9864,452.7538,0.0000,0.000,7.681,7.488,1.0000
3639.4031,691.0216,452.1502,0.0000,0.000,7.740,7.543,1.0000
3644.4044,686.0562,451.5520,0.0000,0.000,7.800,7.597,1.0000
3649.4057,681.0903,450.9585,0.0000,0.000,7.859,7.652,1.0000
3654.4071,676.1238,450.3690,0.0000,0.000,7.918,7.707,1.0000
3659.4084,671.1569,449.7828,0.0000,0.000,7.977,7.761,1.0000
3664.4098,666.1897,449.1992,0.0000,0.000,8.036,7.816,1.0000
3669.4112,661.2222,448.6177,0.0000,0.000,8.095,7.871,1.0000
3674.4127,656.2545,448.0374,0.0000,0.000,8.154,7.925,1.0000
3679.4141,651.2868,447.4578,0.0000,0.000,8.214,7.980,1.0000
3684.4156,646.3190,446.8782,0.0000,0.000,8.273,8.035,1.0000
3689.4171,641.3513,446.2977,0.0000,0.000,8.332,8.089,1.0000
3694.4186,636.3837,445.7159,0.0000,0.000,8.391,8.144,1.0000
3699.4201,631.4164,445.1320,0.0000,0.000,8.450,8.199,1.0000
3704.4217,626.4494,444.5454,0.0000,0.000,8.509,8.253,1.0000
3709.4233,621.4828,443.9552,0.0000,0.000,8.569,8.308,1.0000
3714.4248,616.5166,443.3610,0.0000,0.000,8.628,8.363,1.0000
3719.4265,611.5510,442.7620,0.0000,0.000,8.687,8.417,1.0000
3724.4281,606.5860,442.1575,0.0000,0.000,8.746,8.472,1.0000
3729.4298,601.6216,441.5479,0.0000,0.000,8.805,8.527,1.0000
3734.4314,596.6565,440.9446,0.0000,0.000,8.864,8.581,1.0000
3739.4327,591.6889,440.3644,0.0000,0.000,8.924,8.636,1.0000
3744.4340,586.7170,439.8242,0.0000,0.000,8.983,8.691,1.0000
3749.4355,581.7388,439.3404,0.0000,0.000,9.042,8.745,1.0000
3754.4370,576.7580,438.8873,0.0000,0.000,9.032,8.904,1.0000
3759.4355,571.7858,438.3747,0.0000,0.000,8.933,9.199,1.0000
3764.4318,566.8344,437.7070,0.0000,0.000,8.833,9.494,1.0000
3769.4353,561.9159,436.7884,0.0000,0.000,8.733,9.789,1.0000
3774.4156,557.1254,435.4264,0.0000,0.000,8.805,10.151,1.0000
3779.2370,552.9557,433.0057,0.0000,0.000,8.924,10.532,1.0000
3784.0750,549.9863,429.1862,0.0000,0.000,8.707,10.504,1.0000
3789.1367,548.4164,424.3742,0.0000,0.000,8.004,9.886,1.0000
3794.0804,548.1385,419.4382,0.0000,0.000,7.301,9.267,1.0000
3798.7830,549.3856,414.9040,0.0000,0.000,7.061,8.846,1.0000
3803.6423,551.8261,410.7021,0.0000,0.000,7.168,8.573,1.0000
3808.6441,554.7020,406.6097,0.0000,0.000,7.275,8.300,1.0000
3813.6851,557.7306,402.5799,0.0000,0.000,7.383,8.027,1.0000
3818.7138,560.7928,398.5910,0.0000,0.000,7.489,7.758,1.0000
3823.7313,563.8808,394.6364,0.0000,0.000,7.493,7.735,1.0000
3828.7399,566.9899,390.7095,0.0000,0.000,7.497,7.712,1.0000
3833.7417,570.1150,386.8042,0.0000,0.000,7.501,7.689,1.0000
3838.7387,573.2513,382.9141,0.0000,0.000,7.505,7.666,1.0000
3843.7326,576.3939,379.0329,0.0000,0.000,7.509,7.643,1.0000
3848.7255,579.5378,375.1542,0.0000,0.000,7.513,7.620,1.0000
3853.7190,582.6781,371.2717,0.0000,0.000,7.517,7.597,1.0000
3858.7149,585.8102,367.3796,0.0000,0.000,7.548,7.561,1.0000
3863.7132,588.9308,363.4750,0.0000,0.000,7.593,7.517,1.0000
3868.7134,592.0372,359.5568,0.0000,0.000,7.638,7.472,1.0000
3873.7152,595.1269,355.6235,0.0000,0.000,7.683,7.428,1.0000
3878.7180,598.1973,351.6737,0.0000,0.000,7.727,7.384,1.0000
3883.7215,601.2457,347.7061,0.0000,0.000,7.756,7.354,1.0000
3888.7252,604.2696,343.7194,0.0000,0.000,7.755,7.347,1.0000
3893.7291,607.2663,339.7121,0.0000,0.000,7.754,7.341,1.0000
3898.7328,610.2334,335.6830,0.0000,0.000,7.752,7.334,1.0000
3903.7361,613.1698,331.6320,0.0000,0.000,7.751,7.328,1.0000
3908.7392,616.0769,327.5603,0.0000,0.000,7.750,7.322,1.0000
3913.7417,618.9560,323.4693,0.0000,0.000,7.749,7.315,1.0000
3918.7436,621.8085,319.3605,0.0000,0.000,7.748,7.309,1.0000
3923.7447,624.6357,315.2352,0.0000,0.000,7.747,7.302,1.0000
3928.7447,627.4389,311.0949,0.0000,0.000,7.739,7.302,1.0000
3933.7434,630.2196,306.9410,0.0000,0.000,7.724,7.311,1.0000
3938.7405,632.9790,302.7748,0.0000,0.000,7.708,7.319,1.0000
3943.7359,635.7185,298.5977,0.0000,0.000,7.693,7.327,1.0000
3948.7302,638.4387,294.4092,0.0000,0.000,7.677,7.335,1.0000
3953.7251,641.1399,290.2077,0.0000,0.000,7.662,7.344,1.0000
3958.7221,643.8221,285.9915,0.0000,0.000,7.646,7.352,1.0000
3963.7230,646.4855,281.7589,0.0000,0.000,7.630,7.360,1.0000
3968.7292,649.1304,277.5084,0.0000,0.000,7.615,7.368,1.0000
3973.7426,651.7569,273.2381,0.0000,0.000,7.582,7.363,1.0000
3978.7646,654.3652,268.9466,0.0000,0.000,7.454,7.288,1.0000
3983.7967,656.9545,264.6317,0.0000,0.000,7.326,7.212,1.0000
3988.8021,659.3746,260.2503,0.0000,0.000,7.187,7.123,1.0000
3993.7175,661.1695,255.6742,0.0000,0.000,7.175,7.029,1.0000
3998.6451,661.9104,250.8027,0.0000,0.000,7.195,7.068,1.0000
4003.6705,661.6037,245.7867,0.0000,0.000,7.070,7.027,1.0000
4008.7170,660.4055,240.8845,0.0000,0.000,6.997,7.088,1.0000
4013.6921,658.2872,236.3829,0.0000,0.000,7.183,6.813,1.0000
4018.6221,655.1524,232.5779,0.0000,0.000,7.236,6.947,1.0000
4023.5694,651.1286,229.6995,0.0000,0.000,7.519,6.792,1.0000
4028.4497,646.5940,227.8956,0.0000,0.000,7.288,6.696,1.0000
4033.3094,641.7984,227.1092,0.0000,0.000,7.195,7.338,1.0000
4038.2783,636.8298,227.0557,0.0000,0.000,7.364,7.860,1.0000
4043.3548,631.7677,227.4383,0.0000,0.000,7.472,7.817,1.0000
4048.4576,626.6916,227.9601,0.0000,0.000,7.573,7.731,1.0000
4053.5055,621.6618,228.3870,0.0000,0.000,7.674,7.644,1.0000
4058.5029,616.6741,228.6971,0.0000,0.000,7.776,7.557,1.0000
4063.4713,611.7104,228.9138,0.0000,0.000,7.678,7.517,1.0000
4068.4311,606.7528,229.0602,0.0000,0.000,7.500,7.497,1.0000
4073.3984,601.7867,229.1745,0.0000,0.000,7.321,7.476,1.0000
4078.3785,596.8095,229.3452,0.0000,0.000,7.202,7.451,1.0000
4083.3778,591.8209,229.6717,0.0000,0.000,7.123,7.423,1.0000
4088.4118,586.8206,230.2531,0.0000,0.000,7.119,7.143,1.0000
4093.5021,581.8170,231.1883,0.0000,0.000,7.094,6.919,1.0000
4098.5885,576.9224,232.5721,0.0000,0.000,7.292,6.749,1.0000
4103.5797,572.3172,234.4968,0.0000,0.000,7.234,7.063,1.0000
4108.4409,568.1832,237.0543,0.0000,0.000,7.295,6.855,1.0000
4113.2258,564.7008,240.3358,0.0000,0.000,7.055,6.664,1.0000
4118.0874,561.9313,244.3314,0.0000,0.000,6.812,6.644,1.0000
4123.1143,559.7144,248.8431,0.0000,0.000,6.481,6.791,1.0000
4128.2670,557.8660,253.6528,0.0000,0.000,6.478,6.861,1.0000
4133.4319,556.2017,258.5422,0.0000,0.000,6.590,6.667,1.0000
4138.4880,554.5548,263.3226,0.0000,0.000,6.701,6.474,1.0000
4143.4433,552.8604,267.9792,0.0000,0.000,6.716,6.426,1.0000
4148.3546,551.0910,272.5607,0.0000,0.000,6.639,6.518,1.0000
4153.2796,549.2194,277.1162,0.0000,0.000,6.571,6.644,1.0000
4158.2648,547.2158,281.6811,0.0000,0.000,6.513,6.802,1.0000
4163.2908,545.0353,286.2095,0.0000,0.000,6.432,6.729,1.0000
4168.3211,542.6278,290.6262,0.0000,0.000,6.316,6.579,1.0000
4173.3310,539.9430,294.8559,0.0000,0.000,6.051,6.542,1.0000
4178.3131,536.9337,298.8265,0.0000,0.000,6.272,6.111,1.0000
4183.2902,533.6290,302.5482,0.0000,0.000,6.324,5.955,1.0000
4188.2825,530.1394,306.1183,0.0000,0.000,6.145,6.078,1.0000
4193.2893,526.5788,309.6383,0.0000,0.000,5.991,6.174,1.0000
4198.3020,523.0616,313.2098,0.0000,0.000,6.014,6.094,1.0000
4203.3172,519.6609,316.8960,0.0000,0.000,6.038,6.014,1.0000
4208.3336,516.3203,320.6383,0.0000,0.000,6.061,5.934,1.0000
4213.3450,512.9579,324.3543,0.0000,0.000,6.084,5.854,1.0000
4218.3478,509.4919,327.9618,0.0000,0.000,6.086,5.791,1.0000
4223.3457,505.8437,331.3780,0.0000,0.000,5.842,5.940,1.0000
4228.3289,501.9729,334.5163,0.0000,0.000,5.765,6.078,1.0000
4233.2865,497.8622,337.2874,0.0000,0.000,5.914,6.441,1.0000
4238.2294,493.4948,339.6024,0.0000,0.000,6.425,6.981,1.0000
4243.1950,488.8599,341.3841,0.0000,0.000,7.525,7.415,1.0000
4248.2178,484.0088,342.6861,0.0000,0.000,8.268,7.827,1.0000
4253.2863,479.0313,343.6425,0.0000,0.000,8.552,8.194,1.0000
4258.3548,474.0179,344.3879,0.0000,0.000,8.449,8.509,1.0000
4263.3595,469.0581,345.0565,0.0000,0.000,8.201,8.786,1.0000
4268.2787,464.1820,345.7065,0.0000,0.000,8.120,8.656,1.0000
4273.1772,459.3153,346.2631,0.0000,0.000,8.134,8.291,1.0000
4278.1336,454.3730,346.6382,0.0000,0.000,8.149,7.926,1.0000
4283.2373,449.2704,346.7437,0.0000,0.000,7.745,7.877,1.0000
4288.4855,444.0328,346.4116,0.0000,0.000,7.214,7.778,1.0000
4293.4187,439.2971,345.0295,0.0000,0.000,6.614,7.148,1.0000
4298.0622,435.8889,341.8758,0.0000,0.000,6.333,6.594,1.0000
4303.0521,434.1276,337.2070,0.0000,0.000,5.894,6.288,1.0000
4308.0656,433.8371,332.2020,0.0000,0.000,5.659,6.212,1.0000
4312.9179,434.7480,327.4359,0.0000,0.000,5.719,5.869,1.0000
4317.8222,436.5209,322.8634,0.0000,0.000,6.018,5.905,1.0000
4322.8278,438.8135,318.4136,0.0000,0.000,6.078,5.974,1.0000
4327.8740,441.2915,314.0177,0.0000,0.000,6.055,6.023,1.0000
4332.9133,443.7881,309.6404,0.0000,0.000,6.033,6.073,1.0000
4337.9442,446.2958,305.2790,0.0000,0.000,6.011,6.123,1.0000
4342.9678,448.8138,300.9321,0.0000,0.000,5.988,6.172,1.0000
4347.9846,451.3410,296.5982,0.0000,0.000,5.968,6.218,1.0000
4352.9957,453.8765,292.2759,0.0000,0.000,5.966,6.216,1.0000
4358.0017,456.4193,287.9638,0.0000,0.000,5.965,6.214,1.0000
4363.0033,458.9683,283.6604,0.0000,0.000,5.963,6.212,1.0000
4368.0015,461.5226,279.3643,0.0000,0.000,5.962,6.210,1.0000
4372.9967,464.0812,275.0740,0.0000,0.000,5.960,6.208,1.0000
4377.9900,466.6432,270.7882,0.0000,0.000,5.959,6.206,1.0000
4382.9818,469.2075,266.5053,0.0000,0.000,5.957,6.204,1.0000
4387.9731,471.7731,262.2239,0.0000,0.000,5.956,6.202,1.0000
4392.9645,474.3391,257.9426,0.0000,0.000,5.954,6.200,1.0000
4397.9567,476.9045,253.6599,0.0000,0.000,5.953,6.198,1.0000
4402.9505,479.4682,249.3744,0.0000,0.000,5.952,6.196,1.0000
4407.9467,482.0294,245.0847,0.0000,0.000,5.950,6.195,1.0000
4412.9458,484.5870,240.7893,0.0000,0.000,5.949,6.193,1.0000
4417.9483,487.1413,236.4882,0.0000,0.000,5.947,6.191,1.0000
4422.9534,489.6948,232.1834,0.0000,0.000,5.946,6.189,1.0000
4427.9605,492.2498,227.8772,0.0000,0.000,5.944,6.187,1.0000
4432.9691,494.8090,223.5719,0.0000,0.000,5.943,6.185,1.0000
4437.9784,497.3748,219.2696,0.0000,0.000,5.941,6.183,1.0000
4442.9878,499.9498,214.9726,0.0000,0.000,5.940,6.181,1.0000
4447.9967,502.5365,210.6833,0.0000,0.000,5.938,6.179,1.0000
4453.0046,505.1374,206.4038,0.0000,0.000,5.937,6.177,1.0000
4458.0109,507.7542,202.1359,0.0000,0.000,5.935,6.175,1.0000
4463.0145,510.3750,197.8735,0.0000,0.000,5.934,6.173,1.0000
4468.0142,512.9745,193.6028,0.0000,0.000,6.007,6.133,1.0000
4473.0089,515.5272,189.3097,0.0000,0.000,6.121,6.072,1.0000
4477.9985,518.0075,184.9802,0.0000,0.000,6.236,6.010,1.0000
4482.9844,520.3900,180.6003,0.0000,0.000,6.351,5.949,1.0000
4487.9698,522.6489,176.1561,0.0000,0.000,6.527,6.077,1.0000
4492.9605,524.7588,171.6333,0.0000,0.000,6.759,6.378,1.0000
4497.9650,526.6941,167.0182,0.0000,0.000,6.992,6.680,1.0000
4502.9854,528.4200,162.3038,0.0000,0.000,7.064,6.959,1.0000
4508.0025,529.8766,157.5027,0.0000,0.000,7.222,7.214,1.0000
4513.0022,531.0000,152.6309,0.0000,0.000,7.613,7.423,1.0000
4517.9821,531.7265,147.7042,0.0000,0.000,7.621,7.541,1.0000
4522.9550,532.0003,142.7389,0.0000,0.000,7.607,7.482,1.0000
4527.9407,531.8414,137.7558,0.0000,0.000,7.541,7.308,1.0000
4532.9470,531.3098,132.7778,0.0000,0.000,7.184,7.152,1.0000
4537.9682,530.4658,127.8280,0.0000,0.000,6.915,6.865,1.0000
4542.9880,529.3697,122.9294,0.0000,0.000,6.674,6.552,1.0000
4547.9959,528.0760,118.0914,0.0000,0.000,6.431,6.304,1.0000
4552.9970,526.6311,113.3036,0.0000,0.000,6.211,6.080,1.0000
4557.9934,525.0804,108.5539,0.0000,0.000,6.144,6.027,1.0000
4562.9844,523.4694,103.8301,0.0000,0.000,6.077,5.975,1.0000
4567.9687,521.8335,99.1218,0.0000,0.000,6.024,5.936,1.0000
4572.9522,520.1611,94.4273,0.0000,0.000,5.980,5.905,1.0000
4577.9434,518.4266,89.7473,0.0000,0.000,5.936,5.874,1.0000
4582.9516,516.6042,85.0824,0.0000,0.000,5.905,5.837,1.0000
4587.9815,514.6637,80.4418,0.0000,0.000,6.003,5.738,1.0000
4593.0132,512.5529,75.8743,0.0000,0.000,6.057,5.751,1.0000
4598.0267,510.2136,71.4400,0.0000,0.000,6.058,5.891,1.0000
4603.0147,507.5872,67.1995,0.0000,0.000,5.736,6.180,1.0000
4607.9865,504.6178,63.2118,0.0000,0.000,5.890,6.030,1.0000
4612.9557,501.2964,59.5157,0.0000,0.000,6.227,5.689,1.0000
4617.9264,497.6556,56.1316,0.0000,0.000,6.063,5.749,1.0000
4622.8998,493.7290,53.0793,0.0000,0.000,6.358,5.651,1.0000
4627.8750,489.5505,50.3787,0.0000,0.000,6.369,5.862,1.0000
4632.8582,485.1612,48.0193,0.0000,0.000,6.339,5.875,1.0000
4637.8632,480.6206,45.9140,0.0000,0.000,6.310,5.887,1.0000
4642.8867,475.9910,43.9641,0.0000,0.000,6.280,5.900,1.0000
4647.9133,471.3346,42.0706,0.0000,0.000,6.250,5.913,1.0000
4652.9251,466.7090,40.1414,0.0000,0.000,6.220,5.925,1.0000
4657.9217,462.1303,38.1412,0.0000,0.000,6.190,5.938,1.0000
4662.9113,457.5940,36.0631,0.0000,0.000,6.161,5.951,1.0000
4667.9025,453.0956,33.9007,0.0000,0.000,6.126,5.968,1.0000
4672.9033,448.6288,31.6521,0.0000,0.000,5.966,6.103,1.0000
4677.9129,444.1761,29.3566,0.0000,0.000,5.806,6.239,1.0000
4682.9250,439.7140,27.0740,0.0000,0.000,5.646,6.375,1.0000
4687.9339,435.2188,24.8641,0.0000,0.000,5.823,6.054,1.0000
4692.9369,430.6674,22.7871,0.0000,0.000,6.017,5.709,1.0000
4697.9282,426.0437,20.9071,0.0000,0.000,6.029,5.555,1.0000
4702.8980,421.3427,19.2947,0.0000,0.000,6.196,5.380,1.0000
4707.8472,416.5603,18.0208,0.0000,0.000,6.147,5.533,1.0000
4712.7915,411.6921,17.1562,0.0000,0.000,5.790,5.950,1.0000
4717.7617,406.7391,16.7440,0.0000,0.000,5.611,6.175,1.0000
4722.7763,401.7246,16.7030,0.0000,0.000,5.749,6.086,1.0000
4727.8271,396.6784,16.9178,0.0000,0.000,6.005,5.911,1.0000
4732.8879,391.6301,17.2731,0.0000,0.000,6.102,5.872,1.0000
4737.9244,386.6085,17.6597,0.0000,0.000,6.110,5.911,1.0000
4742.9228,381.6273,18.0749,0.0000,0.000,6.128,5.915,1.0000
4747.8906,376.6879,18.6049,0.0000,0.000,6.170,5.839,1.0000
4752.8420,371.7911,19.3389,0.0000,0.000,6.212,5.762,1.0000
4757.8020,366.9375,20.3601,0.0000,0.000,6.046,5.926,1.0000
4762.7903,362.1208,21.6572,0.0000,0.000,5.797,6.186,1.0000
4767.8059,357.3294,23.1403,0.0000,0.000,5.926,6.065,1.0000
4772.8372,352.5516,24.7172,0.0000,0.000,6.118,5.881,1.0000
4777.8673,347.7756,26.2957,0.0000,0.000,6.216,5.763,1.0000
4782.8836,342.9993,27.8284,0.0000,0.000,6.046,5.836,1.0000
4787.8844,338.2433,29.3740,0.0000,0.000,5.877,5.909,1.0000
4792.8708,333.5320,31.0076,0.0000,0.000,5.910,5.821,1.0000
4797.8486,328.8895,32.8036,0.0000,0.000,6.027,5.667,1.0000
4802.8300,324.3391,34.8303,0.0000,0.000,6.144,5.513,1.0000
4807.8200,319.8965,37.1026,0.0000,0.000,6.261,5.359,1.0000
4812.8172,315.5738,39.6100,0.0000,0.000,6.092,5.667,1.0000
4817.8197,311.3831,42.3418,0.0000,0.000,5.994,5.880,1.0000
4822.8249,307.3364,45.2873,0.0000,0.000,6.026,5.906,1.0000
4827.8299,303.4459,48.4360,0.0000,0.000,5.928,6.014,1.0000
4832.8317,299.7237,51.7772,0.0000,0.000,5.774,6.155,1.0000
4837.8273,296.1818,55.3001,0.0000,0.000,6.014,5.841,1.0000
4842.8139,292.8320,58.9940,0.0000,0.000,6.125,5.716,1.0000
4847.7956,289.6667,62.8408,0.0000,0.000,6.091,5.809,1.0000
4852.7815,286.6527,66.8125,0.0000,0.000,6.058,5.956,1.0000
4857.7762,283.7547,70.8805,0.0000,0.000,6.032,6.079,1.0000
4862.7801,280.9376,75.0162,0.0000,0.000,6.032,6.110,1.0000
4867.7909,278.1664,79.1908,0.0000,0.000,6.032,6.140,1.0000
4872.8044,275.4057,83.3758,0.0000,0.000,6.032,6.171,1.0000
4877.8163,272.6204,87.5425,0.0000,0.000,6.032,6.202,1.0000
4882.8229,269.7754,91.6622,0.0000,0.000,6.032,6.232,1.0000
4887.8229,266.8378,95.7083,0.0000,0.000,6.055,6.197,1.0000
4892.8191,263.8125,99.6844,0.0000,0.000,6.090,6.125,1.0000
4897.8145,260.7340,103.6184,0.0000,0.000,6.125,6.054,1.0000
4902.8103,257.6377,107.5390,0.0000,0.000,6.159,5.984,1.0000
4907.8071,254.5588,111.4745,0.0000,0.000,6.137,6.017,1.0000
4912.8056,251.5193,115.4427,0.0000,0.000,6.114,6.051,1.0000
4917.8059,248.5105,119.4365,0.0000,0.000,6.092,6.085,1.0000
4922.8076,245.5191,123.4451,0.0000,0.000,6.039,6.115,1.0000
4927.8100,242.5323,127.4579,0.0000,0.000,5.963,6.141,1.0000
4932.8127,239.5401,131.4671,0.0000,0.000,5.887,6.168,1.0000
4937.8153,236.5409,135.4710,0.0000,0.000,5.834,6.174,1.0000
4942.8180,233.5336,139.4689,0.0000,0.000,5.914,6.059,1.0000
4947.8205,230.5176,143.4600,0.0000,0.000,5.993,5.943,1.0000
4952.8229,227.4918,147.4435,0.0000,0.000,6.073,5.827,1.0000
4957.8250,224.4556,151.4187,0.0000,0.000,6.135,5.736,1.0000
4962.8268,221.4081,155.3849,0.0000,0.000,6.069,5.828,1.0000
4967.8283,218.3484,159.3413,0.0000,0.000,6.003,5.921,1.0000
4972.8294,215.2757,163.2871,0.0000,0.000,5.936,6.013,1.0000
4977.8300,212.1891,167.2216,0.0000,0.000,5.870,6.105,1.0000
4982.8303,209.0879,171.1440,0.0000,0.000,5.867,6.153,1.0000
4987.8302,205.9711,175.0535,0.0000,0.000,5.901,6.174,1.0000
4992.8297,202.8380,178.9495,0.0000,0.000,5.934,6.195,1.0000
4997.8289,199.6878,182.8312,0.0000,0.000,5.968,6.217,1.0000
5002.8277,196.5194,186.6977,0.0000,0.000,6.001,6.238,1.0000
5007.8263,193.3323,190.5484,0.0000,0.000,6.035,6.259,1.0000
5012.8247,190.1254,194.3825,0.0000,0.000,6.068,6.281,1.0000
5017.8232,186.8936,198.1957,0.0000,0.000,6.033,6.238,1.0000
5022.8233,183.6143,201.9703,0.0000,0.000,5.997,6.194,1.0000
5027.8278,180.2605,205.6847,0.0000,0.000,5.961,6.151,1.0000
5032.8416,176.8051,209.3177,0.0000,0.000,5.926,6.108,1.0000
5037.8678,173.2167,212.8369,0.0000,0.000,5.879,5.977,1.0000
5042.8592,169.3959,216.0488,0.0000,0.000,5.660,5.937,1.0000
5047.7956,165.1924,218.6368,0.0000,0.000,5.798,5.734,1.0000
5052.7637,160.5575,220.4258,0.0000,0.000,5.785,5.812,1.0000
5057.7806,155.6701,221.5583,0.0000,0.000,5.962,6.132,1.0000
5062.7974,150.6913,222.1748,0.0000,0.000,6.219,6.287,1.0000
5067.8128,145.6780,222.3180,0.0000,0.000,6.412,6.470,1.0000
5072.8266,140.6731,222.0179,0.0000,0.000,6.479,6.599,1.0000
5077.8310,135.7198,221.3046,0.0000,0.000,6.490,6.560,1.0000
5082.8165,130.8556,220.2117,0.0000,0.000,6.644,6.257,1.0000
5087.7967,126.0795,218.8006,0.0000,0.000,6.476,6.438,1.0000
5092.7850,121.3740,217.1448,0.0000,0.000,6.319,6.605,1.0000
5097.7837,116.7213,215.3174,0.0000,0.000,6.179,6.750,1.0000
5102.7868,112.1039,213.3912,0.0000,0.000,6.188,6.785,1.0000
5107.7891,107.5102,211.4111,0.0000,0.000,6.457,6.630,1.0000
5112.7909,102.9361,209.3874,0.0000,0.000,6.612,6.523,1.0000
5117.7925,98.3780,207.3283,0.0000,0.000,6.628,6.474,1.0000
5122.7941,93.8322,205.2421,0.0000,0.000,6.644,6.426,1.0000
5127.7958,89.2952,203.1367,0.0000,0.000,6.661,6.377,1.0000
5132.7974,84.7634,201.0205,0.0000,0.000,6.670,6.351,1.0000
5137.7988,80.2331,198.9016,0.0000,0.000,6.669,6.354,1.0000
5142.7997,75.7007,196.7880,0.0000,0.000,6.669,6.357,1.0000
5147.8002,71.1627,194.6877,0.0000,0.000,6.668,6.360,1.0000
5152.8002,66.6183,192.6025,0.0000,0.000,6.668,6.363,1.0000
5157.7999,62.0682,190.5303,0.0000,0.000,6.667,6.366,1.0000
5162.7996,57.5134,188.4687,0.0000,0.000,6.667,6.369,1.0000
5167.7993,52.9547,186.4154,0.0000,0.000,6.666,6.372,1.0000
5172.7993,48.3931,184.3681,0.0000,0.000,6.666,6.375,1.0000
5177.7996,43.8295,182.3244,0.0000,0.000,6.665,6.377,1.0000
5182.8004,39.2647,180.2821,0.0000,0.000,6.665,6.380,1.0000
5187.8019,34.6997,178.2388,0.0000,0.000,6.664,6.383,1.0000
5192.8040,30.1350,176.1930,0.0000,0.000,6.664,6.386,1.0000
5197.8068,25.5709,174.1445,0.0000,0.000,6.663,6.389,1.0000
5202.8099,21.0074,172.0936,0.0000,0.000,6.663,6.392,1.0000
5207.8134,16.4446,170.0404,0.0000,0.000,6.662,6.395,1.0000
5212.8171,11.8826,167.9850,0.0000,0.000,6.662,6.398,1.0000
5217.8208,7.3214,165.9276,0.0000,0.000,6.661,6.401,1.0000
5222.8244,2.7612,163.8683,0.0000,0.000,6.661,6.404,1.0000
5227.8279,-1.7981,161.8074,0.0000,0.000,6.660,6.407,1.0000
5232.8311,-6.3564,159.7449,0.0000,0.000,6.660,6.410,1.0000
5237.8338,-10.9135,157.6809,0.0000,0.000,6.659,6.413,1.0000
5242.8359,-15.4694,155.6158,0.0000,0.000,6.659,6.416,1.0000
5247.8373,-20.0240,153.5495,0.0000,0.000,6.658,6.419,1.0000
5252.8378,-24.5772,151.4822,0.0000,0.000,6.658,6.422,1.0000
5257.8374,-29.1290,149.4141,0.0000,0.000,6.657,6.425,1.0000
5262.8359,-33.6794,147.3454,0.0000,0.000,6.657,6.428,1.0000
5267.8332,-38.2281,145.2762,0.0000,0.000,6.656,6.431,1.0000
5272.8292,-42.7752,143.2066,0.0000,0.000,6.656,6.434,1.0000
5277.8239,-47.3210,141.1371,0.0000,0.000,6.655,6.437,1.0000
5282.8185,-51.8677,139.0698,0.0000,0.000,6.655,6.440,1.0000
5287.8144,-56.4178,137.0068,0.0000,0.000,6.654,6.443,1.0000
5292.8130,-60.9737,134.9503,0.0000,0.000,6.654,6.446,1.0000
5297.8156,-65.5380,132.9025,0.0000,0.000,6.653,6.449,1.0000
5302.8236,-70.1132,130.8658,0.0000,0.000,6.653,6.452,1.0000
5307.8385,-74.7017,128.8422,0.0000,0.000,6.652,6.455,1.0000
5312.8618,-79.3061,126.8342,0.0000,0.000,6.652,6.457,1.0000
5317.8948,-83.9287,124.8434,0.0000,0.000,6.468,6.522,1.0000
5322.9235,-88.5348,122.8254,0.0000,0.000,6.256,6.597,1.0000
5327.9079,-93.0150,120.6410,0.0000,0.000,6.044,6.671,1.0000
5332.8273,-97.2508,118.1393,0.0000,0.000,5.905,6.763,1.0000
5337.7075,-101.1236,115.1699,0.0000,0.000,6.743,7.149,1.0000
5342.6410,-104.5449,111.6155,0.0000,0.000,7.803,7.726,1.0000
5347.7172,-107.6215,107.5779,0.0000,0.000,8.818,8.728,1.0000
5352.8904,-110.4225,103.2285,0.0000,0.000,9.407,9.583,1.0000
5357.8535,-112.2516,98.6148,0.0000,0.000,9.566,9.892,1.0000
5362.6319,-112.1853,93.8368,0.0000,0.000,9.399,10.056,1.0000
5367.4491,-109.9067,89.5926,0.0000,0.000,8.558,9.280,1.0000
5372.4758,-106.3191,86.0717,0.0000,0.000,7.893,7.858,1.0000
5377.4931,-102.3776,82.9671,0.0000,0.000,7.560,7.134,1.0000
5382.5059,-98.3508,79.9817,0.0000,0.000,7.314,7.131,1.0000
5387.5117,-94.3577,76.9629,0.0000,0.000,7.068,7.129,1.0000
5392.5129,-90.3922,73.9156,0.0000,0.000,6.882,7.131,1.0000
5397.5114,-86.4422,70.8524,0.0000,0.000,6.903,7.150,1.0000
5402.5093,-82.4954,67.7862,0.0000,0.000,6.924,7.169,1.0000
5407.5079,-78.5424,64.7269,0.0000,0.000,6.944,7.188,1.0000
5412.5073,-74.5823,61.6753,0.0000,0.000,6.965,7.206,1.0000
5417.5076,-70.6162,58.6302,0.0000,0.000,6.986,7.225,1.0000
5422.5084,-66.6452,55.5905,0.0000,0.000,7.007,7.244,1.0000
5427.5098,-62.6704,52.5549,0.0000,0.000,7.028,7.263,1.0000
5432.5116,-58.6927,49.5224,0.0000,0.000,7.049,7.282,1.0000
5437.5136,-54.7133,46.4917,0.0000,0.000,7.069,7.301,1.0000
5442.5158,-50.7333,43.4618,0.0000,0.000,7.090,7.320,1.0000
5447.5178,-46.7536,40.4315,0.0000,0.000,7.111,7.339,1.0000
5452.5198,-42.7746,37.4004,0.0000,0.000,7.132,7.357,1.0000
5457.5217,-38.7963,34.3686,0.0000,0.000,7.153,7.376,1.0000
5462.5235,-34.8186,31.3361,0.0000,0.000,7.174,7.395,1.0000
5467.5252,-30.8415,28.3030,0.0000,0.000,7.194,7.414,1.0000
5472.5269,-26.8649,25.2694,0.0000,0.000,7.215,7.433,1.0000
5477.5285,-22.8887,22.2352,0.0000,0.000,7.236,7.452,1.0000
5482.5300,-18.9130,19.2005,0.0000,0.000,7.257,7.471,1.0000
5487.5315,-14.9376,16.1655,0.0000,0.000,7.278,7.490,1.0000
5492.5330,-10.9626,13.1301,0.0000,0.000,7.299,7.508,1.0000
5497.5344,-6.9879,10.0944,0.0000,0.000,7.319,7.527,1.0000
5502.5358,-3.0134,7.0584,0.0000,0.000,7.340,7.546,1.0000
