# Sepang International Circuit — TUMFTM racetrack-database (LGPL-3.0), flat 2-D centre line + measured widths; upstream commit e59595d.
s_m,x_m,y_m,z_m,banking_deg,width_left_m,width_right_m,grip_scale
0.0000,1.2238,-3.4569,0.0000,0.000,7.143,7.128,1.0000
5.0017,-3.7599,-3.8799,0.0000,0.000,7.149,7.137,1.0000
10.0033,-8.7437,-4.3024,0.0000,0.000,7.158,7.143,1.0000
15.0050,-13.7276,-4.7245,0.0000,0.000,7.167,7.149,1.0000
20.0067,-18.7114,-5.1460,0.0000,0.000,7.176,7.156,1.0000
25.0083,-23.6953,-5.5671,0.0000,0.000,7.185,7.162,1.0000
30.0100,-28.6793,-5.9878,0.0000,0.000,7.193,7.169,1.0000
35.0117,-33.6633,-6.4081,0.0000,0.000,7.202,7.175,1.0000
40.0133,-38.6473,-6.8279,0.0000,0.000,7.211,7.181,1.0000
45.0150,-43.6313,-7.2474,0.0000,0.000,7.220,7.188,1.0000
50.0166,-48.6154,-7.6664,0.0000,0.000,7.229,7.194,1.0000
55.0183,-53.5995,-8.0851,0.0000,0.000,7.238,7.201,1.0000
60.0199,-58.5836,-8.5035,0.0000,0.000,7.247,7.207,1.0000
65.0216,-63.5677,-8.9215,0.0000,0.000,7.256,7.214,1.0000
70.0232,-68.5519,-9.3392,0.0000,0.000,7.265,7.220,1.0000
75.0248,-73.5361,-9.7566,0.0000,0.000,7.274,7.226,1.0000
80.0265,-78.5203,-10.1738,0.0000,0.000,7.283,7.233,1.0000
85.0281,-83.5045,-10.5906,0.0000,0.000,7.292,7.239,1.0000
90.0297,-88.4888,-11.0072,0.0000,0.000,7.300,7.246,1.0000
95.0314,-93.4730,-11.4235,0.0000,0.000,7.309,7.252,1.0000
100.0330,-98.4573,-11.8396,0.0000,0.000,7.318,7.259,1.0000
105.0346,-103.4416,-12.2555,0.0000,0.000,7.327,7.265,1.0000
110.0362,-108.4259,-12.6712,0.0000,0.000,7.336,7.271,1.0000
115.0378,-113.4102,-13.0867,0.0000,0.000,7.345,7.278,1.0000
120.0394,-118.3945,-13.5020,0.0000,0.000,7.354,7.284,1.0000
125.0410,-123.3789,-13.9171,0.0000,0.000,7.363,7.291,1.0000
130.0425,-128.3632,-14.3321,0.0000,0.000,7.372,7.297,1.0000
135.0441,-133.3475,-14.7470,0.0000,0.000,7.381,7.304,1.0000
140.0457,-138.3319,-15.1618,0.0000,0.000,7.390,7.310,1.0000
145.0473,-143.3162,-15.5764,0.0000,0.000,7.399,7.316,1.0000
150.0488,-148.3006,-15.9910,0.0000,0.000,7.407,7.323,1.0000
155.0504,-153.2849,-16.4055,0.0000,0.000,7.416,7.329,1.0000
160.0519,-158.2692,-16.8200,0.0000,0.000,7.425,7.336,1.0000
165.0534,-163.2536,-17.2344,0.0000,0.000,7.434,7.342,1.0000
170.0550,-168.2379,-17.6488,0.0000,0.000,7.443,7.349,1.0000
175.0565,-173.2222,-18.0631,0.0000,0.000,7.452,7.355,1.0000
180.0580,-178.2066,-18.4775,0.0000,0.000,7.461,7.361,1.0000
185.0595,-183.1909,-18.8918,0.0000,0.000,7.470,7.368,1.0000
190.0610,-188.1752,-19.3063,0.0000,0.000,7.479,7.374,1.0000
195.0625,-193.1594,-19.7207,0.0000,0.000,7.488,7.381,1.0000
200.0639,-198.1437,-20.1352,0.0000,0.000,7.497,7.387,1.0000
205.0654,-203.1280,-20.5498,0.0000,0.000,7.506,7.393,1.0000
210.0669,-208.1122,-20.9645,0.0000,0.000,7.514,7.400,1.0000
215.0683,-213.0964,-21.3792,0.0000,0.000,7.523,7.406,1.0000
220.0697,-218.0806,-21.7941,0.0000,0.000,7.532,7.413,1.0000
225.0712,-223.0648,-22.2091,0.0000,0.000,7.541,7.419,1.0000
230.0726,-228.0489,-22.6243,0.0000,0.000,7.550,7.426,1.0000
235.0740,-233.0331,-23.0396,0.0000,0.000,7.559,7.432,1.0000
240.0754,-238.0172,-23.4551,0.0000,0.000,7.568,7.438,1.0000
245.0768,-243.0013,-23.8707,0.0000,0.000,7.577,7.445,1.0000
250.0781,-247.9853,-24.2865,0.0000,0.000,7.586,7.451,1.0000
255.0795,-252.9694,-24.7024,0.0000,0.000,7.595,7.458,1.0000
260.0809,-257.9534,-25.1184,0.0000,0.000,7.604,7.464,1.0000
265.0822,-262.9374,-25.5346,0.0000,0.000,7.613,7.471,1.0000
270.0836,-267.9214,-25.9509,0.0000,0.000,7.621,7.477,1.0000
275.0849,-272.9054,-26.3673,0.0000,0.000,7.630,7.483,1.0000
280.0863,-277.8894,-26.7839,0.0000,0.000,7.639,7.490,1.0000
285.0876,-282.8733,-27.2006,0.0000,0.000,7.648,7.496,1.0000
290.0890,-287.8573,-27.6173,0.0000,0.000,7.657,7.503,1.0000
295.0903,-292.8412,-28.0342,0.0000,0.000,7.666,7.509,1.0000
300.0917,-297.8252,-28.4512,0.0000,0.000,7.675,7.516,1.0000
305.0931,-302.8091,-28.8683,0.0000,0.000,7.684,7.522,1.0000
310.0944,-307.7930,-29.2855,0.0000,0.000,7.693,7.528,1.0000
315.0958,-312.7770,-29.7028,0.0000,0.000,7.702,7.535,1.0000
320.0971,-317.7609,-30.1202,0.0000,0.000,7.711,7.541,1.0000
325.0985,-322.7448,-30.5377,0.0000,0.000,7.720,7.548,1.0000
330.0999,-327.7287,-30.9552,0.0000,0.000,7.728,7.554,1.0000
335.1013,-332.7126,-31.3729,0.0000,0.000,7.737,7.560,1.0000
340.1027,-337.6966,-31.7906,0.0000,0.000,7.746,7.567,1.0000
345.1041,-342.6805,-32.2084,0.0000,0.000,7.755,7.573,1.0000
350.1055,-347.6644,-32.6262,0.0000,0.000,7.764,7.580,1.0000
355.1070,-352.6484,-33.0441,0.0000,0.000,7.773,7.586,1.0000
360.1084,-357.6323,-33.4621,0.0000,0.000,7.782,7.593,1.0000
365.1099,-362.6163,-33.8801,0.0000,0.000,7.791,7.599,1.0000
370.1114,-367.6003,-34.2982,0.0000,0.000,7.800,7.605,1.0000
375.1128,-372.5843,-34.7164,0.0000,0.000,7.809,7.612,1.0000
380.1144,-377.5683,-35.1345,0.0000,0.000,7.818,7.618,1.0000
385.1159,-382.5523,-35.5528,0.0000,0.000,7.827,7.625,1.0000
390.1174,-387.5363,-35.9710,0.0000,0.000,7.835,7.631,1.0000
395.1190,-392.5203,-36.3893,0.0000,0.000,7.844,7.638,1.0000
400.1206,-397.5044,-36.8077,0.0000,0.000,7.853,7.644,1.0000
405.1222,-402.4885,-37.2260,0.0000,0.000,7.862,7.650,1.0000
410.1238,-407.4726,-37.6444,0.0000,0.000,7.871,7.657,1.0000
415.1255,-412.4567,-38.0628,0.0000,0.000,7.880,7.663,1.0000
420.1272,-417.4409,-38.4812,0.0000,0.000,7.889,7.670,1.0000
425.1289,-422.4250,-38.8996,0.0000,0.000,7.898,7.676,1.0000
430.1306,-427.4092,-39.3181,0.0000,0.000,7.907,7.683,1.0000
435.1323,-432.3934,-39.7365,0.0000,0.000,7.916,7.689,1.0000
440.1341,-437.3777,-40.1550,0.0000,0.000,7.925,7.695,1.0000
445.1360,-442.3620,-40.5734,0.0000,0.000,7.933,7.702,1.0000
450.1378,-447.3463,-40.9918,0.0000,0.000,7.942,7.708,1.0000
455.1397,-452.3306,-41.4102,0.0000,0.000,7.951,7.715,1.0000
460.1416,-457.3150,-41.8286,0.0000,0.000,7.960,7.721,1.0000
465.1435,-462.2994,-42.2470,0.0000,0.000,7.969,7.727,1.0000
470.1455,-467.2839,-42.6654,0.0000,0.000,7.978,7.734,1.0000
475.1475,-472.2684,-43.0837,0.0000,0.000,7.987,7.740,1.0000
480.1496,-477.2529,-43.5020,0.0000,0.000,7.996,7.747,1.0000
485.1516,-482.2375,-43.9203,0.0000,0.000,8.005,7.753,1.0000
490.1538,-487.2221,-44.3386,0.0000,0.000,8.014,7.760,1.0000
495.1559,-492.2067,-44.7568,0.0000,0.000,8.023,7.766,1.0000
500.1581,-497.1914,-45.1749,0.0000,0.000,8.032,7.772,1.0000
505.1604,-502.1761,-45.5930,0.0000,0.000,8.040,7.779,1.0000
510.1626,-507.1609,-46.0111,0.0000,0.000,8.049,7.785,1.0000
515.1650,-512.1457,-46.4291,0.0000,0.000,8.058,7.792,1.0000
520.1673,-517.1306,-46.8470,0.0000,0.000,8.067,7.798,1.0000
525.1697,-522.1155,-47.2649,0.0000,0.000,8.076,7.805,1.0000
530.1722,-527.1005,-47.6827,0.0000,0.000,8.085,7.811,1.0000
535.1747,-532.0855,-48.1004,0.0000,0.000,8.094,7.817,1.0000
540.1772,-537.0706,-48.5181,0.0000,0.000,8.103,7.824,1.0000
545.1798,-542.0558,-48.9356,0.0000,0.000,8.112,7.830,1.0000
550.1825,-547.0410,-49.3531,0.0000,0.000,8.121,7.837,1.0000
555.1852,-552.0262,-49.7705,0.0000,0.000,8.130,7.843,1.0000
560.1879,-557.0115,-50.1879,0.0000,0.000,8.139,7.850,1.0000
565.1907,-561.9969,-50.6051,0.0000,0.000,8.147,7.856,1.0000
570.1936,-566.9823,-51.0222,0.0000,0.000,8.156,7.862,1.0000
575.1965,-571.9678,-51.4392,0.0000,0.000,8.165,7.869,1.0000
580.1990,-576.9534,-51.8508,0.0000,0.000,8.174,7.875,1.0000
585.1994,-581.9389,-52.2364,0.0000,0.000,8.183,7.882,1.0000
590.1963,-586.9245,-52.5728,0.0000,0.000,8.192,7.888,1.0000
595.1887,-591.9099,-52.8368,0.0000,0.000,8.195,7.881,1.0000
600.1769,-596.8952,-53.0051,0.0000,0.000,8.191,7.859,1.0000
605.1623,-601.8804,-53.0545,0.0000,0.000,8.187,7.838,1.0000
610.1481,-606.8654,-52.9619,0.0000,0.000,8.183,7.816,1.0000
615.1395,-611.8501,-52.7039,0.0000,0.000,8.024,7.837,1.0000
620.1424,-616.8327,-52.2540,0.0000,0.000,8.016,7.766,1.0000
625.0825,-621.6914,-51.3606,0.0000,0.000,8.493,7.402,1.0000
629.9136,-626.1110,-49.4097,0.0000,0.000,8.095,7.679,1.0000
634.9589,-629.8555,-46.0284,0.0000,0.000,7.599,7.993,1.0000
640.0735,-633.1021,-42.0762,0.0000,0.000,7.847,7.563,1.0000
645.0576,-635.6924,-37.8181,0.0000,0.000,7.777,7.329,1.0000
650.0074,-637.5974,-33.2496,0.0000,0.000,7.663,7.220,1.0000
654.9798,-638.9190,-28.4561,0.0000,0.000,7.539,7.332,1.0000
659.9842,-639.7592,-23.5227,0.0000,0.000,7.262,7.183,1.0000
664.9939,-640.2152,-18.5338,0.0000,0.000,6.998,6.962,1.0000
669.9788,-640.2912,-13.5495,0.0000,0.000,7.260,6.962,1.0000
674.9352,-639.9067,-8.6080,0.0000,0.000,7.476,6.971,1.0000
679.8842,-638.9780,-3.7469,0.0000,0.000,7.441,7.035,1.0000
684.8760,-637.4216,0.9960,0.0000,0.000,7.349,7.094,1.0000
689.9435,-635.1863,5.5439,0.0000,0.000,7.169,7.146,1.0000
695.0127,-632.3068,9.7158,0.0000,0.000,7.384,7.191,1.0000
700.0152,-628.8313,13.3139,0.0000,0.000,7.259,7.304,1.0000
704.9319,-624.8083,16.1404,0.0000,0.000,7.430,7.138,1.0000
709.8187,-620.2968,18.0185,0.0000,0.000,8.011,6.663,1.0000
714.7544,-615.4508,18.9553,0.0000,0.000,7.394,7.195,1.0000
719.7340,-610.4722,19.0551,0.0000,0.000,7.240,7.315,1.0000
724.7416,-605.4967,18.4890,0.0000,0.000,7.455,7.107,1.0000
729.7690,-600.5634,17.5212,0.0000,0.000,7.624,7.309,1.0000
734.7864,-595.6895,16.3295,0.0000,0.000,7.793,7.512,1.0000
739.7959,-590.8715,14.9578,0.0000,0.000,7.918,7.703,1.0000
744.7990,-586.1042,13.4398,0.0000,0.000,7.895,7.858,1.0000
749.7942,-581.3822,11.8104,0.0000,0.000,7.872,8.013,1.0000
754.7754,-576.6816,10.1622,0.0000,0.000,7.850,8.168,1.0000
759.7343,-571.9526,8.6697,0.0000,0.000,7.827,8.323,1.0000
764.6807,-567.1433,7.5136,0.0000,0.000,7.807,8.316,1.0000
769.6633,-562.2018,6.8746,0.0000,0.000,7.791,8.035,1.0000
774.7436,-557.1217,6.9150,0.0000,0.000,7.701,7.932,1.0000
779.8357,-552.0931,7.7170,0.0000,0.000,7.533,8.019,1.0000
784.8397,-547.3601,9.3411,0.0000,0.000,7.240,8.057,1.0000
789.7252,-543.1666,11.8478,0.0000,0.000,6.924,8.085,1.0000
794.5725,-539.7497,15.2860,0.0000,0.000,7.145,7.970,1.0000
799.4991,-537.2355,19.5227,0.0000,0.000,7.845,7.764,1.0000
804.5075,-535.6603,24.2770,0.0000,0.000,7.801,8.302,1.0000
809.5307,-535.0577,29.2639,0.0000,0.000,7.832,8.634,1.0000
814.4823,-535.4613,34.1990,0.0000,0.000,7.982,8.631,1.0000
819.3693,-536.8269,38.8914,0.0000,0.000,8.260,8.220,1.0000
824.3123,-538.9366,43.3616,0.0000,0.000,8.350,8.005,1.0000
829.3412,-541.5484,47.6590,0.0000,0.000,7.989,8.264,1.0000
834.4080,-544.4207,51.8330,0.0000,0.000,7.682,8.432,1.0000
839.4547,-547.3744,55.9251,0.0000,0.000,7.636,8.162,1.0000
844.4782,-550.3674,59.9596,0.0000,0.000,7.591,7.891,1.0000
849.4827,-553.3760,63.9587,0.0000,0.000,7.545,7.620,1.0000
854.4716,-556.3765,67.9445,0.0000,0.000,7.499,7.350,1.0000
859.4485,-559.3452,71.9390,0.0000,0.000,7.454,7.079,1.0000
864.4173,-562.2584,75.9643,0.0000,0.000,7.412,6.981,1.0000
869.3835,-565.0923,80.0425,0.0000,0.000,7.371,6.959,1.0000
874.3541,-567.8232,84.1957,0.0000,0.000,7.331,6.937,1.0000
879.3386,-570.4276,88.4457,0.0000,0.000,7.314,6.980,1.0000
884.3412,-572.8889,92.8009,0.0000,0.000,7.320,7.085,1.0000
889.3575,-575.1995,97.2533,0.0000,0.000,7.326,7.191,1.0000
894.3823,-577.3521,101.7937,0.0000,0.000,7.328,7.242,1.0000
899.4110,-579.3397,106.4130,0.0000,0.000,7.329,7.270,1.0000
904.4390,-581.1550,111.1018,0.0000,0.000,7.330,7.297,1.0000
909.4622,-582.7911,115.8512,0.0000,0.000,7.315,7.245,1.0000
914.4769,-584.2406,120.6518,0.0000,0.000,7.289,7.133,1.0000
919.4799,-585.4965,125.4946,0.0000,0.000,7.263,7.020,1.0000
924.4701,-586.5549,130.3712,0.0000,0.000,7.283,6.955,1.0000
929.4522,-587.4240,135.2769,0.0000,0.000,7.391,6.981,1.0000
934.4313,-588.1153,140.2078,0.0000,0.000,7.499,7.007,1.0000
939.4111,-588.6400,145.1599,0.0000,0.000,7.511,6.961,1.0000
944.3941,-589.0094,150.1292,0.0000,0.000,7.450,6.861,1.0000
949.3819,-589.2347,155.1119,0.0000,0.000,7.389,6.761,1.0000
954.3747,-589.3274,160.1039,0.0000,0.000,7.328,6.661,1.0000
959.3723,-589.2987,165.1013,0.0000,0.000,7.248,6.748,1.0000
964.3731,-589.1598,170.1002,0.0000,0.000,7.161,6.903,1.0000
969.3761,-588.9220,175.0976,0.0000,0.000,7.074,7.057,1.0000
974.3816,-588.5959,180.0925,0.0000,0.000,6.987,7.212,1.0000
979.3894,-588.1924,185.0840,0.0000,0.000,7.013,7.220,1.0000
984.3989,-587.7222,190.0714,0.0000,0.000,7.102,7.147,1.0000
989.4092,-587.1959,195.0539,0.0000,0.000,7.191,7.074,1.0000
994.4187,-586.6245,200.0308,0.0000,0.000,7.280,7.001,1.0000
999.4260,-586.0185,205.0012,0.0000,0.000,7.369,6.928,1.0000
1004.4290,-585.3887,209.9644,0.0000,0.000,7.458,6.854,1.0000
1009.4257,-584.7451,214.9195,0.0000,0.000,7.547,6.781,1.0000
1014.4149,-584.0684,219.8626,0.0000,0.000,7.504,6.880,1.0000
1019.3974,-583.3042,224.7862,0.0000,0.000,7.455,6.988,1.0000
1024.3772,-582.3960,229.6824,0.0000,0.000,7.406,7.096,1.0000
1029.3632,-581.2872,234.5436,0.0000,0.000,7.365,7.178,1.0000
1034.3670,-579.9382,239.3621,0.0000,0.000,7.363,7.124,1.0000
1039.3871,-578.3711,244.1313,0.0000,0.000,7.361,7.069,1.0000
1044.4145,-576.6223,248.8448,0.0000,0.000,7.359,7.015,1.0000
1049.4368,-574.7282,253.4962,0.0000,0.000,7.371,6.981,1.0000
1054.4395,-572.7234,258.0796,0.0000,0.000,7.409,6.982,1.0000
1059.4227,-570.6210,262.5976,0.0000,0.000,7.447,6.984,1.0000
1064.3977,-568.4184,267.0584,0.0000,0.000,7.485,6.985,1.0000
1069.3759,-566.1128,271.4705,0.0000,0.000,7.502,7.001,1.0000
1074.3686,-563.7015,275.8424,0.0000,0.000,7.456,7.059,1.0000
1079.3800,-561.1810,280.1738,0.0000,0.000,7.410,7.118,1.0000
1084.4005,-558.5464,284.4474,0.0000,0.000,7.365,7.176,1.0000
1089.4200,-555.7924,288.6439,0.0000,0.000,7.319,7.234,1.0000
1094.4294,-552.9140,292.7439,0.0000,0.000,7.433,7.119,1.0000
1099.4239,-549.9038,296.7293,0.0000,0.000,7.562,6.988,1.0000
1104.4054,-546.7502,300.5855,0.0000,0.000,7.690,6.858,1.0000
1109.3786,-543.4409,304.2979,0.0000,0.000,7.779,6.774,1.0000
1114.3509,-539.9637,307.8520,0.0000,0.000,7.666,6.929,1.0000
1119.3312,-536.3103,311.2369,0.0000,0.000,7.553,7.084,1.0000
1124.3248,-532.4988,314.4631,0.0000,0.000,7.440,7.239,1.0000
1129.3312,-528.5575,317.5500,0.0000,0.000,7.376,7.309,1.0000
1134.3459,-524.5149,320.5172,0.0000,0.000,7.414,7.199,1.0000
1139.3616,-520.3989,323.3837,0.0000,0.000,7.452,7.089,1.0000
1144.3735,-516.2253,326.1585,0.0000,0.000,7.490,6.978,1.0000
1149.3811,-511.9957,328.8393,0.0000,0.000,7.528,6.868,1.0000
1154.3844,-507.7110,331.4227,0.0000,0.000,7.508,6.854,1.0000
1159.3837,-503.3718,333.9057,0.0000,0.000,7.425,6.944,1.0000
1164.3794,-498.9792,336.2850,0.0000,0.000,7.343,7.035,1.0000
1169.3720,-494.5337,338.5575,0.0000,0.000,7.260,7.125,1.0000
1174.3623,-490.0363,340.7201,0.0000,0.000,7.250,7.079,1.0000
1179.3513,-485.4877,342.7695,0.0000,0.000,7.263,6.988,1.0000
1184.3401,-480.8891,344.7034,0.0000,0.000,7.276,6.898,1.0000
1189.3307,-476.2444,346.5293,0.0000,0.000,7.289,6.807,1.0000
1194.3249,-471.5601,348.2612,0.0000,0.000,7.282,6.802,1.0000
1199.3235,-466.8425,349.9134,0.0000,0.000,7.266,6.842,1.0000
1204.3265,-462.0977,351.5001,0.0000,0.000,7.249,6.881,1.0000
1209.3333,-457.3322,353.0356,0.0000,0.000,7.233,6.921,1.0000
1214.3426,-452.5523,354.5340,0.0000,0.000,7.216,6.961,1.0000
1219.3530,-447.7642,356.0097,0.0000,0.000,7.200,7.000,1.0000
1224.3626,-442.9742,357.4768,0.0000,0.000,7.183,7.040,1.0000
1229.3698,-438.1880,358.9482,0.0000,0.000,7.167,7.079,1.0000
1234.3745,-433.4071,360.4282,0.0000,0.000,7.151,7.119,1.0000
1239.3771,-428.6315,361.9178,0.0000,0.000,7.134,7.159,1.0000
1244.3779,-423.8609,363.4178,0.0000,0.000,7.118,7.198,1.0000
1249.3774,-419.0954,364.9293,0.0000,0.000,7.101,7.238,1.0000
1254.3759,-414.3349,366.4533,0.0000,0.000,7.085,7.277,1.0000
1259.3739,-409.5792,367.9906,0.0000,0.000,7.068,7.317,1.0000
1264.3718,-404.8283,369.5422,0.0000,0.000,7.052,7.356,1.0000
1269.3700,-400.0820,371.1091,0.0000,0.000,7.035,7.396,1.0000
1274.3687,-395.3404,372.6916,0.0000,0.000,7.019,7.436,1.0000
1279.3680,-390.6033,374.2893,0.0000,0.000,7.002,7.475,1.0000
1284.3677,-385.8708,375.9020,0.0000,0.000,6.992,7.495,1.0000
1289.3679,-381.1428,377.5291,0.0000,0.000,6.990,7.491,1.0000
1294.3685,-376.4192,379.1705,0.0000,0.000,6.988,7.487,1.0000
1299.3696,-371.7000,380.8256,0.0000,0.000,6.986,7.482,1.0000
1304.3710,-366.9851,382.4942,0.0000,0.000,6.984,7.478,1.0000
1309.3727,-362.2746,384.1759,0.0000,0.000,6.982,7.474,1.0000
1314.3746,-357.5684,385.8702,0.0000,0.000,6.980,7.470,1.0000
1319.3768,-352.8663,387.5769,0.0000,0.000,6.977,7.466,1.0000
1324.3791,-348.1685,389.2955,0.0000,0.000,6.975,7.461,1.0000
1329.3816,-343.4748,391.0257,0.0000,0.000,6.973,7.457,1.0000
1334.3841,-338.7852,392.7671,0.0000,0.000,6.971,7.453,1.0000
1339.3866,-334.0997,394.5194,0.0000,0.000,6.969,7.449,1.0000
1344.3890,-329.4181,396.2822,0.0000,0.000,6.967,7.445,1.0000
1349.3913,-324.7406,398.0552,0.0000,0.000,6.965,7.441,1.0000
1354.3933,-320.0669,399.8378,0.0000,0.000,6.963,7.436,1.0000
1359.3951,-315.3972,401.6299,0.0000,0.000,6.960,7.432,1.0000
1364.3967,-310.7311,403.4308,0.0000,0.000,6.963,7.435,1.0000
1369.3981,-306.0685,405.2403,0.0000,0.000,6.965,7.439,1.0000
1374.3993,-301.4092,407.0576,0.0000,0.000,6.968,7.442,1.0000
1379.4003,-296.7530,408.8824,0.0000,0.000,6.970,7.445,1.0000
1384.4013,-292.0996,410.7142,0.0000,0.000,6.972,7.448,1.0000
1389.4022,-287.4488,412.5525,0.0000,0.000,6.975,7.451,1.0000
1394.4031,-282.8004,414.3969,0.0000,0.000,6.977,7.455,1.0000
1399.4039,-278.1543,416.2467,0.0000,0.000,6.980,7.458,1.0000
1404.4048,-273.5102,418.1016,0.0000,0.000,6.982,7.461,1.0000
1409.4056,-268.8678,419.9610,0.0000,0.000,6.984,7.464,1.0000
1414.4066,-264.2271,421.8246,0.0000,0.000,6.987,7.467,1.0000
1419.4076,-259.5877,423.6917,0.0000,0.000,6.989,7.471,1.0000
1424.4087,-254.9494,425.5619,0.0000,0.000,6.992,7.474,1.0000
1429.4099,-250.3121,427.4348,0.0000,0.000,6.994,7.477,1.0000
1434.4113,-245.6756,429.3098,0.0000,0.000,6.996,7.480,1.0000
1439.4127,-241.0395,431.1864,0.0000,0.000,6.999,7.483,1.0000
1444.4144,-236.4038,433.0643,0.0000,0.000,7.001,7.487,1.0000
1449.4161,-231.7686,434.9438,0.0000,0.000,7.003,7.490,1.0000
1454.4180,-227.1344,436.8260,0.0000,0.000,7.006,7.493,1.0000
1459.4198,-222.5017,438.7118,0.0000,0.000,7.008,7.496,1.0000
1464.4217,-217.8708,440.6021,0.0000,0.000,7.011,7.499,1.0000
1469.4235,-213.2422,442.4980,0.0000,0.000,7.013,7.503,1.0000
1474.4252,-208.6164,444.4003,0.0000,0.000,7.015,7.506,1.0000
1479.4268,-203.9937,446.3102,0.0000,0.000,7.018,7.509,1.0000
1484.4283,-199.3748,448.2284,0.0000,0.000,7.018,7.510,1.0000
1489.4295,-194.7599,450.1560,0.0000,0.000,6.999,7.489,1.0000
1494.4306,-190.1495,452.0939,0.0000,0.000,6.979,7.468,1.0000
1499.4315,-185.5442,454.0432,0.0000,0.000,6.960,7.447,1.0000
1504.4322,-180.9443,456.0047,0.0000,0.000,6.940,7.426,1.0000
1509.4327,-176.3502,457.9795,0.0000,0.000,6.921,7.405,1.0000
1514.4331,-171.7624,459.9685,0.0000,0.000,6.901,7.384,1.0000
1519.4333,-167.1814,461.9726,0.0000,0.000,6.882,7.363,1.0000
1524.4334,-162.6077,463.9929,0.0000,0.000,6.862,7.341,1.0000
1529.4335,-158.0415,466.0303,0.0000,0.000,6.843,7.320,1.0000
1534.4341,-153.4824,468.0848,0.0000,0.000,6.823,7.299,1.0000
1539.4362,-148.9291,470.1555,0.0000,0.000,6.804,7.278,1.0000
1544.4407,-144.3800,472.2415,0.0000,0.000,6.784,7.257,1.0000
1549.4488,-139.8336,474.3418,0.0000,0.000,6.765,7.236,1.0000
1554.4598,-135.2853,476.4448,0.0000,0.000,6.745,7.215,1.0000
1559.4682,-130.7205,478.5055,0.0000,0.000,6.890,7.046,1.0000
1564.4691,-126.1226,480.4725,0.0000,0.000,7.072,6.845,1.0000
1569.4608,-121.4752,482.2943,0.0000,0.000,7.254,6.644,1.0000
1574.4369,-116.7627,483.8922,0.0000,0.000,7.373,6.482,1.0000
1579.3242,-111.9787,484.8919,0.0000,0.000,7.170,6.612,1.0000
1584.1818,-107.1233,484.7451,0.0000,0.000,6.529,7.195,1.0000
1589.2528,-102.2418,483.3722,0.0000,0.000,6.857,6.762,1.0000
1594.3931,-97.4556,481.4972,0.0000,0.000,7.096,6.618,1.0000
1599.4345,-92.8319,479.4880,0.0000,0.000,6.643,7.197,1.0000
1604.4042,-88.5994,476.8832,0.0000,0.000,6.934,6.772,1.0000
1609.1775,-85.6147,473.1582,0.0000,0.000,7.367,6.429,1.0000
1614.0829,-84.0247,468.5177,0.0000,0.000,7.240,6.740,1.0000
1619.0511,-82.8814,463.6828,0.0000,0.000,7.342,7.413,1.0000
1624.0512,-81.9916,458.7625,0.0000,0.000,7.377,7.720,1.0000
1629.0756,-81.2629,453.7913,0.0000,0.000,7.344,7.691,1.0000
1634.1066,-80.6033,448.8037,0.0000,0.000,7.312,7.663,1.0000
1639.1259,-79.9318,443.8295,0.0000,0.000,7.280,7.635,1.0000
1644.1320,-79.2276,438.8731,0.0000,0.000,7.247,7.607,1.0000
1649.1295,-78.4894,433.9305,0.0000,0.000,7.215,7.578,1.0000
1654.1226,-77.7162,428.9976,0.0000,0.000,7.183,7.550,1.0000
1659.1157,-76.9069,424.0706,0.0000,0.000,7.151,7.522,1.0000
1664.1108,-76.0627,419.1473,0.0000,0.000,7.118,7.493,1.0000
1669.1080,-75.1874,414.2274,0.0000,0.000,7.086,7.465,1.0000
1674.1070,-74.2846,409.3105,0.0000,0.000,7.067,7.448,1.0000
1679.1077,-73.3582,404.3964,0.0000,0.000,7.076,7.452,1.0000
1684.1096,-72.4120,399.4848,0.0000,0.000,7.085,7.457,1.0000
1689.1125,-71.4496,394.5754,0.0000,0.000,7.094,7.462,1.0000
1694.1158,-70.4749,389.6679,0.0000,0.000,7.102,7.466,1.0000
1699.1193,-69.4917,384.7619,0.0000,0.000,7.111,7.471,1.0000
1704.1225,-68.5034,379.8573,0.0000,0.000,7.120,7.475,1.0000
1709.1253,-67.5117,374.9538,0.0000,0.000,7.128,7.480,1.0000
1714.1277,-66.5170,370.0513,0.0000,0.000,7.137,7.484,1.0000
1719.1297,-65.5199,365.1497,0.0000,0.000,7.146,7.489,1.0000
1724.1315,-64.5209,360.2487,0.0000,0.000,7.154,7.494,1.0000
1729.1330,-63.5203,355.3483,0.0000,0.000,7.163,7.498,1.0000
1734.1343,-62.5187,350.4483,0.0000,0.000,7.172,7.503,1.0000
1739.1354,-61.5166,345.5486,0.0000,0.000,7.180,7.507,1.0000
1744.1364,-60.5144,340.6491,0.0000,0.000,7.189,7.512,1.0000
1749.1373,-59.5125,335.7495,0.0000,0.000,7.198,7.517,1.0000
1754.1382,-58.5116,330.8498,0.0000,0.000,7.206,7.521,1.0000
1759.1391,-57.5121,325.9499,0.0000,0.000,7.215,7.526,1.0000
1764.1400,-56.5143,321.0495,0.0000,0.000,7.224,7.530,1.0000
1769.1410,-55.5189,316.1486,0.0000,0.000,7.232,7.535,1.0000
1774.1422,-54.5263,311.2469,0.0000,0.000,7.241,7.539,1.0000
1779.1435,-53.5370,306.3444,0.0000,0.000,7.250,7.544,1.0000
1784.1450,-52.5513,301.4410,0.0000,0.000,7.259,7.549,1.0000
1789.1468,-51.5698,296.5364,0.0000,0.000,7.267,7.553,1.0000
1794.1488,-50.5906,291.6312,0.0000,0.000,7.276,7.558,1.0000
1799.1510,-49.6098,286.7261,0.0000,0.000,7.285,7.562,1.0000
1804.1532,-48.6234,281.8221,0.0000,0.000,7.293,7.567,1.0000
1809.1554,-47.6274,276.9201,0.0000,0.000,7.302,7.571,1.0000
1814.1575,-46.6179,272.0209,0.0000,0.000,7.311,7.576,1.0000
1819.1595,-45.5909,267.1255,0.0000,0.000,7.319,7.581,1.0000
1824.1614,-44.5424,262.2347,0.0000,0.000,7.328,7.585,1.0000
1829.1633,-43.4684,257.3494,0.0000,0.000,7.339,7.595,1.0000
1834.1650,-42.3620,252.4717,0.0000,0.000,7.365,7.633,1.0000
1839.1639,-41.1866,247.6130,0.0000,0.000,7.391,7.670,1.0000
1844.1578,-39.8901,242.7902,0.0000,0.000,7.416,7.708,1.0000
1849.1491,-38.4200,238.0204,0.0000,0.000,7.433,7.745,1.0000
1854.1456,-36.7242,233.3205,0.0000,0.000,7.430,7.781,1.0000
1859.1536,-34.7767,228.7066,0.0000,0.000,7.428,7.817,1.0000
1864.1670,-32.5921,224.1942,0.0000,0.000,7.489,7.801,1.0000
1869.1772,-30.1884,219.7984,0.0000,0.000,7.610,7.737,1.0000
1874.1741,-27.5836,215.5340,0.0000,0.000,7.710,7.692,1.0000
1879.1568,-24.7972,211.4033,0.0000,0.000,7.612,7.841,1.0000
1884.1370,-21.8509,207.3881,0.0000,0.000,7.515,7.990,1.0000
1889.1244,-18.7666,203.4687,0.0000,0.000,7.444,8.105,1.0000
1894.1258,-15.5661,199.6255,0.0000,0.000,7.598,7.948,1.0000
1899.1422,-12.2646,195.8486,0.0000,0.000,7.751,7.790,1.0000
1904.1603,-8.8454,192.1757,0.0000,0.000,7.871,7.653,1.0000
1909.1667,-5.2819,188.6592,0.0000,0.000,7.598,7.769,1.0000
1914.1556,-1.5474,185.3513,0.0000,0.000,7.324,7.885,1.0000
1919.1302,2.3830,182.3019,0.0000,0.000,7.094,7.983,1.0000
1924.1041,6.5038,179.5165,0.0000,0.000,7.224,7.938,1.0000
1929.0881,10.7825,176.9605,0.0000,0.000,7.354,7.894,1.0000
1934.0847,15.1852,174.5977,0.0000,0.000,7.485,7.849,1.0000
1939.0898,19.6781,172.3922,0.0000,0.000,7.498,7.854,1.0000
1944.0951,24.2369,170.3256,0.0000,0.000,7.407,7.905,1.0000
1949.0944,28.8613,168.4263,0.0000,0.000,7.316,7.955,1.0000
1954.0852,33.5551,166.7303,0.0000,0.000,7.226,8.005,1.0000
1959.0699,38.3222,165.2733,0.0000,0.000,7.184,8.025,1.0000
1964.0557,43.1614,164.0737,0.0000,0.000,7.227,7.992,1.0000
1969.0490,48.0598,163.1043,0.0000,0.000,7.271,7.959,1.0000
1974.0515,53.0021,162.3303,0.0000,0.000,7.314,7.927,1.0000
1979.0604,57.9732,161.7173,0.0000,0.000,7.357,7.894,1.0000
1984.0691,62.9587,161.2356,0.0000,0.000,7.325,7.894,1.0000
1989.0707,67.9490,160.8996,0.0000,0.000,7.257,7.909,1.0000
1994.0613,72.9373,160.7466,0.0000,0.000,7.188,7.925,1.0000
1999.0412,77.9167,160.8139,0.0000,0.000,7.119,7.941,1.0000
2004.0155,82.8805,161.1382,0.0000,0.000,7.131,7.879,1.0000
2008.9942,87.8242,161.7273,0.0000,0.000,7.239,7.725,1.0000
2013.9847,92.7471,162.5457,0.0000,0.000,7.347,7.570,1.0000
2018.9892,97.6488,163.5550,0.0000,0.000,7.456,7.415,1.0000
2024.0054,102.5287,164.7162,0.0000,0.000,7.391,7.459,1.0000
2029.0267,107.3827,166.0019,0.0000,0.000,7.192,7.657,1.0000
2034.0425,112.1894,167.4348,0.0000,0.000,6.993,7.855,1.0000
2039.0445,116.9228,169.0521,0.0000,0.000,7.055,7.796,1.0000
2044.0298,121.5565,170.8910,0.0000,0.000,7.211,7.644,1.0000
2049.0020,126.0655,172.9867,0.0000,0.000,7.367,7.492,1.0000
2053.9719,130.4423,175.3411,0.0000,0.000,7.364,7.466,1.0000
2058.9493,134.6950,177.9275,0.0000,0.000,7.208,7.561,1.0000
2063.9394,138.8319,180.7181,0.0000,0.000,7.051,7.657,1.0000
2068.9435,142.8614,183.6853,0.0000,0.000,6.895,7.752,1.0000
2073.9593,146.7918,186.8013,0.0000,0.000,7.041,7.575,1.0000
2078.9817,150.6316,190.0387,0.0000,0.000,7.193,7.392,1.0000
2084.0030,154.3891,193.3695,0.0000,0.000,7.346,7.210,1.0000
2089.0138,158.0728,196.7663,0.0000,0.000,7.296,7.200,1.0000
2094.0046,161.6893,200.2056,0.0000,0.000,7.147,7.276,1.0000
2098.9799,165.2311,203.6999,0.0000,0.000,6.998,7.352,1.0000
2103.9530,168.6834,207.2794,0.0000,0.000,7.103,7.285,1.0000
2108.9393,172.0316,210.9743,0.0000,0.000,7.225,7.209,1.0000
2113.9565,175.2635,214.8120,0.0000,0.000,7.347,7.133,1.0000
2118.9894,178.4784,218.6842,0.0000,0.000,7.469,7.056,1.0000
2123.9845,181.9288,222.2961,0.0000,0.000,7.591,6.980,1.0000
2128.9622,185.7137,225.5292,0.0000,0.000,7.599,6.983,1.0000
2133.9527,189.6998,228.5317,0.0000,0.000,7.469,7.085,1.0000
2138.9516,193.7972,231.3955,0.0000,0.000,7.338,7.186,1.0000
2143.9519,197.9993,234.1058,0.0000,0.000,7.326,7.212,1.0000
2148.9488,202.3059,236.6397,0.0000,0.000,7.457,7.147,1.0000
2153.9397,206.7169,238.9748,0.0000,0.000,7.587,7.082,1.0000
2158.9250,211.2321,241.0882,0.0000,0.000,7.691,7.029,1.0000
2163.9081,215.8513,242.9574,0.0000,0.000,7.646,7.035,1.0000
2168.8954,220.5743,244.5596,0.0000,0.000,7.602,7.042,1.0000
2173.8973,225.4009,245.8721,0.0000,0.000,7.564,7.044,1.0000
2178.9251,230.3284,246.8713,0.0000,0.000,7.661,6.971,1.0000
2183.9537,235.3150,247.5195,0.0000,0.000,7.759,6.898,1.0000
2188.9318,240.2870,247.7671,0.0000,0.000,7.856,6.825,1.0000
2193.8550,245.2077,247.6114,0.0000,0.000,7.902,6.807,1.0000
2198.7983,250.1302,247.1589,0.0000,0.000,7.746,7.002,1.0000
2203.8026,255.0906,246.4965,0.0000,0.000,7.591,7.198,1.0000
2208.8428,260.0552,245.6275,0.0000,0.000,7.435,7.393,1.0000
2213.8862,264.9808,244.5437,0.0000,0.000,7.458,7.413,1.0000
2218.9028,269.8242,243.2367,0.0000,0.000,7.648,7.268,1.0000
2223.8794,274.5596,241.7062,0.0000,0.000,7.838,7.123,1.0000
2228.8358,279.2019,239.9698,0.0000,0.000,8.028,6.979,1.0000
2233.7932,283.7716,238.0480,0.0000,0.000,7.860,7.093,1.0000
2238.7697,288.2893,235.9609,0.0000,0.000,7.689,7.210,1.0000
2243.7774,292.7704,233.7255,0.0000,0.000,7.518,7.326,1.0000
2248.8050,297.1927,231.3338,0.0000,0.000,7.403,7.400,1.0000
2253.8338,301.5166,228.7663,0.0000,0.000,7.554,7.271,1.0000
2258.8493,305.7026,226.0035,0.0000,0.000,7.705,7.143,1.0000
2263.8429,309.7116,223.0263,0.0000,0.000,7.856,7.014,1.0000
2268.8201,313.5347,219.8394,0.0000,0.000,7.947,6.944,1.0000
2273.7947,317.2018,216.4780,0.0000,0.000,7.831,7.080,1.0000
2278.7744,320.7457,212.9797,0.0000,0.000,7.715,7.215,1.0000
2283.7612,324.1990,209.3820,0.0000,0.000,7.598,7.351,1.0000
2288.7540,327.5916,205.7189,0.0000,0.000,7.525,7.469,1.0000
2293.7518,330.9413,202.0098,0.0000,0.000,7.549,7.547,1.0000
2298.7533,334.2630,198.2706,0.0000,0.000,7.573,7.624,1.0000
2303.7567,337.5716,194.5173,0.0000,0.000,7.597,7.702,1.0000
2308.7603,340.8794,190.7631,0.0000,0.000,7.581,7.675,1.0000
2313.7638,344.1889,187.0105,0.0000,0.000,7.564,7.648,1.0000
2318.7672,347.4999,183.2594,0.0000,0.000,7.547,7.621,1.0000
2323.7704,350.8123,179.5096,0.0000,0.000,7.531,7.594,1.0000
2328.7735,354.1257,175.7610,0.0000,0.000,7.514,7.567,1.0000
2333.7765,357.4402,172.0134,0.0000,0.000,7.497,7.540,1.0000
2338.7794,360.7555,168.2668,0.0000,0.000,7.481,7.513,1.0000
2343.7822,364.0716,164.5209,0.0000,0.000,7.464,7.486,1.0000
2348.7848,367.3881,160.7756,0.0000,0.000,7.447,7.459,1.0000
2353.7873,370.7050,157.0309,0.0000,0.000,7.431,7.432,1.0000
2358.7897,374.0221,153.2864,0.0000,0.000,7.414,7.405,1.0000
2363.7920,377.3393,149.5422,0.0000,0.000,7.397,7.378,1.0000
2368.7942,380.6563,145.7980,0.0000,0.000,7.381,7.351,1.0000
2373.7962,383.9731,142.0538,0.0000,0.000,7.364,7.324,1.0000
2378.7982,387.2895,138.3093,0.0000,0.000,7.347,7.297,1.0000
2383.8000,390.6053,134.5644,0.0000,0.000,7.331,7.270,1.0000
2388.8017,393.9203,130.8191,0.0000,0.000,7.314,7.243,1.0000
2393.8033,397.2344,127.0731,0.0000,0.000,7.297,7.216,1.0000
2398.8048,400.5475,123.3263,0.0000,0.000,7.281,7.189,1.0000
2403.8062,403.8593,119.5785,0.0000,0.000,7.264,7.162,1.0000
2408.8075,407.1698,115.8297,0.0000,0.000,7.247,7.135,1.0000
2413.8086,410.4787,112.0797,0.0000,0.000,7.231,7.108,1.0000
2418.8097,413.7859,108.3283,0.0000,0.000,7.214,7.081,1.0000
2423.8107,417.0913,104.5754,0.0000,0.000,7.197,7.054,1.0000
2428.8116,420.3946,100.8208,0.0000,0.000,7.181,7.027,1.0000
2433.8123,423.6958,97.0645,0.0000,0.000,7.179,7.024,1.0000
2438.8130,426.9946,93.3062,0.0000,0.000,7.178,7.020,1.0000
2443.8136,430.2910,89.5459,0.0000,0.000,7.177,7.017,1.0000
2448.8141,433.5846,85.7833,0.0000,0.000,7.176,7.013,1.0000
2453.8145,436.8755,82.0185,0.0000,0.000,7.174,7.010,1.0000
2458.8149,440.1634,78.2511,0.0000,0.000,7.173,7.006,1.0000
2463.8152,443.4482,74.4810,0.0000,0.000,7.172,7.003,1.0000
2468.8154,446.7297,70.7082,0.0000,0.000,7.171,7.000,1.0000
2473.8155,450.0077,66.9325,0.0000,0.000,7.170,6.996,1.0000
2478.8156,453.2821,63.1537,0.0000,0.000,7.169,6.993,1.0000
2483.8158,456.5532,59.3720,0.0000,0.000,7.167,6.989,1.0000
2488.8163,459.8219,55.5877,0.0000,0.000,7.166,6.986,1.0000
2493.8176,463.0896,51.8016,0.0000,0.000,7.165,6.982,1.0000
2498.8198,466.3574,48.0142,0.0000,0.000,7.164,6.979,1.0000
2503.8234,469.6265,44.2262,0.0000,0.000,7.163,6.975,1.0000
2508.8288,472.8980,40.4380,0.0000,0.000,7.162,6.972,1.0000
2513.8361,476.1732,36.6503,0.0000,0.000,7.160,6.969,1.0000
2518.8458,479.4532,32.8636,0.0000,0.000,7.159,6.965,1.0000
2523.8582,482.7392,29.0787,0.0000,0.000,7.158,6.962,1.0000
2528.8708,486.0309,25.2982,0.0000,0.000,7.157,6.958,1.0000
2533.8784,489.3258,21.5275,0.0000,0.000,7.156,6.955,1.0000
2538.8751,492.6217,17.7719,0.0000,0.000,7.155,6.951,1.0000
2543.8554,495.9161,14.0368,0.0000,0.000,7.153,6.948,1.0000
2548.8183,499.1994,10.3153,0.0000,0.000,7.152,6.945,1.0000
2553.7805,502.4357,6.5537,0.0000,0.000,7.151,6.941,1.0000
2558.7654,505.5825,2.6875,0.0000,0.000,7.149,6.937,1.0000
2563.8026,508.5977,-1.3476,0.0000,0.000,7.038,6.911,1.0000
2568.9194,511.4275,-5.6107,0.0000,0.000,7.020,6.943,1.0000
2574.0175,513.8659,-10.0878,0.0000,0.000,7.246,7.129,1.0000
2578.9556,515.5969,-14.7126,0.0000,0.000,7.464,6.987,1.0000
2583.7130,516.3026,-19.4174,0.0000,0.000,7.595,6.847,1.0000
2588.4730,515.6673,-24.1348,0.0000,0.000,7.592,6.830,1.0000
2593.5318,513.7387,-28.8115,0.0000,0.000,7.554,6.861,1.0000
2598.7527,511.2899,-33.4224,0.0000,0.000,7.516,6.891,1.0000
2603.8006,509.0656,-37.9539,0.0000,0.000,7.478,6.922,1.0000
2608.7146,507.0678,-42.4435,0.0000,0.000,7.440,6.953,1.0000
2613.6520,505.0353,-46.9432,0.0000,0.000,7.403,6.983,1.0000
2618.6424,502.9211,-51.4636,0.0000,0.000,7.365,7.014,1.0000
2623.6649,500.7634,-55.9989,0.0000,0.000,7.327,7.044,1.0000
2628.6977,498.6009,-60.5435,0.0000,0.000,7.289,7.075,1.0000
2633.7195,496.4711,-65.0913,0.0000,0.000,7.251,7.106,1.0000
2638.7220,494.3797,-69.6356,0.0000,0.000,7.213,7.136,1.0000
2643.7110,492.2954,-74.1683,0.0000,0.000,7.176,7.167,1.0000
2648.6930,490.1850,-78.6813,0.0000,0.000,7.138,7.197,1.0000
2653.6756,488.0179,-83.1679,0.0000,0.000,7.100,7.228,1.0000
2658.6738,485.8454,-87.6692,0.0000,0.000,7.062,7.258,1.0000
2663.7132,483.8126,-92.2805,0.0000,0.000,7.024,7.289,1.0000
2668.7821,481.9095,-96.9785,0.0000,0.000,7.186,7.071,1.0000
2673.7123,479.5683,-101.3174,0.0000,0.000,7.493,6.673,1.0000
2678.5527,476.2571,-104.8481,0.0000,0.000,7.454,6.921,1.0000
2683.5311,472.0603,-107.5260,0.0000,0.000,7.271,7.198,1.0000
2688.6064,467.5791,-109.9087,0.0000,0.000,7.036,7.319,1.0000
2693.6172,463.0520,-112.0567,0.0000,0.000,7.319,6.974,1.0000
2698.5352,458.3781,-113.5869,0.0000,0.000,7.683,6.554,1.0000
2703.4478,453.5438,-114.4605,0.0000,0.000,7.690,6.551,1.0000
2708.4121,448.5964,-114.8687,0.0000,0.000,7.656,6.596,1.0000
2713.4262,443.5841,-115.0068,0.0000,0.000,7.622,6.641,1.0000
2718.4554,438.5553,-115.0692,0.0000,0.000,7.589,6.686,1.0000
2723.4713,433.5407,-115.1820,0.0000,0.000,7.555,6.730,1.0000
2728.4755,428.5391,-115.3446,0.0000,0.000,7.521,6.775,1.0000
2733.4729,423.5456,-115.5423,0.0000,0.000,7.487,6.820,1.0000
2738.4679,418.5554,-115.7606,0.0000,0.000,7.454,6.865,1.0000
2743.4641,413.5643,-115.9862,0.0000,0.000,7.420,6.910,1.0000
2748.4624,408.5712,-116.2129,0.0000,0.000,7.386,6.954,1.0000
2753.4623,403.5763,-116.4377,0.0000,0.000,7.352,6.999,1.0000
2758.4637,398.5797,-116.6571,0.0000,0.000,7.319,7.044,1.0000
2763.4662,393.5817,-116.8679,0.0000,0.000,7.285,7.089,1.0000
2768.4696,388.5823,-117.0669,0.0000,0.000,7.251,7.133,1.0000
2773.4735,383.5818,-117.2507,0.0000,0.000,7.217,7.178,1.0000
2778.4777,378.5803,-117.4161,0.0000,0.000,7.184,7.223,1.0000
2783.4821,373.5780,-117.5598,0.0000,0.000,7.150,7.268,1.0000
2788.4863,368.5753,-117.6843,0.0000,0.000,7.116,7.312,1.0000
2793.4897,363.5734,-117.8105,0.0000,0.000,7.082,7.357,1.0000
2798.4916,358.5739,-117.9629,0.0000,0.000,7.049,7.402,1.0000
2803.4916,353.5780,-118.1663,0.0000,0.000,7.015,7.447,1.0000
2808.4902,348.5871,-118.4430,0.0000,0.000,6.981,7.491,1.0000
2813.4885,343.6010,-118.7914,0.0000,0.000,6.948,7.536,1.0000
2818.4872,338.6186,-119.1947,0.0000,0.000,6.914,7.581,1.0000
2823.4864,333.6388,-119.6358,0.0000,0.000,6.910,7.582,1.0000
2828.4861,328.6606,-120.0987,0.0000,0.000,6.921,7.562,1.0000
2833.4860,323.6836,-120.5765,0.0000,0.000,6.932,7.542,1.0000
2838.4861,318.7077,-121.0683,0.0000,0.000,6.943,7.521,1.0000
2843.4865,313.7329,-121.5736,0.0000,0.000,6.954,7.501,1.0000
2848.4872,308.7591,-122.0916,0.0000,0.000,6.965,7.481,1.0000
2853.4881,303.7864,-122.6215,0.0000,0.000,6.976,7.461,1.0000
2858.4893,298.8146,-123.1627,0.0000,0.000,6.987,7.440,1.0000
2863.4907,293.8437,-123.7143,0.0000,0.000,6.998,7.420,1.0000
2868.4923,288.8737,-124.2758,0.0000,0.000,7.010,7.400,1.0000
2873.4940,283.9046,-124.8464,0.0000,0.000,7.021,7.380,1.0000
2878.4960,278.9363,-125.4253,0.0000,0.000,7.032,7.360,1.0000
2883.4980,273.9688,-126.0119,0.0000,0.000,7.043,7.339,1.0000
2888.5001,269.0020,-126.6054,0.0000,0.000,7.054,7.319,1.0000
2893.5023,264.0359,-127.2051,0.0000,0.000,7.065,7.299,1.0000
2898.5044,259.0705,-127.8103,0.0000,0.000,7.076,7.279,1.0000
2903.5066,254.1057,-128.4202,0.0000,0.000,7.075,7.267,1.0000
2908.5086,249.1415,-129.0342,0.0000,0.000,7.069,7.259,1.0000
2913.5105,244.1778,-129.6516,0.0000,0.000,7.063,7.250,1.0000
2918.5122,239.2147,-130.2718,0.0000,0.000,7.056,7.242,1.0000
2923.5139,234.2520,-130.8946,0.0000,0.000,7.050,7.234,1.0000
2928.5153,229.2897,-131.5198,0.0000,0.000,7.044,7.226,1.0000
2933.5167,224.3278,-132.1471,0.0000,0.000,7.038,7.218,1.0000
2938.5181,219.3663,-132.7764,0.0000,0.000,7.032,7.210,1.0000
2943.5193,214.4050,-133.4073,0.0000,0.000,7.025,7.202,1.0000
2948.5205,209.4439,-134.0396,0.0000,0.000,7.019,7.194,1.0000
2953.5217,204.4830,-134.6732,0.0000,0.000,7.013,7.185,1.0000
2958.5228,199.5223,-135.3078,0.0000,0.000,7.007,7.177,1.0000
2963.5240,194.5617,-135.9431,0.0000,0.000,7.001,7.169,1.0000
2968.5251,189.6011,-136.5789,0.0000,0.000,6.994,7.161,1.0000
2973.5263,184.6405,-137.2150,0.0000,0.000,6.988,7.153,1.0000
2978.5276,179.6799,-137.8511,0.0000,0.000,6.982,7.145,1.0000
2983.5289,174.7192,-138.4871,0.0000,0.000,6.976,7.137,1.0000
2988.5303,169.7583,-139.1226,0.0000,0.000,6.970,7.129,1.0000
2993.5318,164.7973,-139.7575,0.0000,0.000,6.963,7.120,1.0000
2998.5334,159.8360,-140.3915,0.0000,0.000,6.957,7.112,1.0000
3003.5351,154.8745,-141.0245,0.0000,0.000,6.951,7.104,1.0000
3008.5370,149.9128,-141.6567,0.0000,0.000,6.945,7.096,1.0000
3013.5389,144.9509,-142.2883,0.0000,0.000,6.938,7.088,1.0000
3018.5408,139.9889,-142.9195,0.0000,0.000,6.932,7.080,1.0000
3023.5428,135.0269,-143.5504,0.0000,0.000,6.926,7.072,1.0000
3028.5448,130.0649,-144.1812,0.0000,0.000,6.920,7.063,1.0000
3033.5468,125.1028,-144.8122,0.0000,0.000,6.914,7.055,1.0000
3038.5488,120.1409,-145.4435,0.0000,0.000,6.907,7.047,1.0000
3043.5507,115.1790,-146.0754,0.0000,0.000,6.901,7.039,1.0000
3048.5525,110.2173,-146.7079,0.0000,0.000,6.895,7.031,1.0000
3053.5543,105.2558,-147.3413,0.0000,0.000,6.889,7.023,1.0000
3058.5559,100.2946,-147.9758,0.0000,0.000,6.883,7.015,1.0000
3063.5574,95.3337,-148.6115,0.0000,0.000,6.876,7.007,1.0000
3068.5587,90.3731,-149.2487,0.0000,0.000,6.870,6.998,1.0000
3073.5599,85.4129,-149.8875,0.0000,0.000,6.864,6.990,1.0000
3078.5608,80.4532,-150.5282,0.0000,0.000,6.858,6.982,1.0000
3083.5616,75.4939,-151.1709,0.0000,0.000,6.852,6.974,1.0000
3088.5621,70.5351,-151.8156,0.0000,0.000,6.845,6.966,1.0000
3093.5625,65.5765,-152.4611,0.0000,0.000,6.839,6.958,1.0000
3098.5630,60.6177,-153.1051,0.0000,0.000,6.833,6.950,1.0000
3103.5638,55.6581,-153.7454,0.0000,0.000,6.827,6.942,1.0000
3108.5650,50.6973,-154.3800,0.0000,0.000,6.821,6.933,1.0000
3113.5669,45.7347,-155.0065,0.0000,0.000,6.814,6.925,1.0000
3118.5697,40.7701,-155.6228,0.0000,0.000,6.808,6.917,1.0000
3123.5737,35.8027,-156.2268,0.0000,0.000,6.802,6.909,1.0000
3128.5789,30.8322,-156.8162,0.0000,0.000,6.796,6.901,1.0000
3133.5855,25.8593,-157.3950,0.0000,0.000,6.789,6.893,1.0000
3138.5910,20.8904,-157.9997,0.0000,0.000,6.783,6.885,1.0000
3143.5936,15.9340,-158.6776,0.0000,0.000,6.777,6.877,1.0000
3148.5932,10.9985,-159.4757,0.0000,0.000,6.745,6.922,1.0000
3153.5783,6.1147,-160.4757,0.0000,0.000,6.477,7.466,1.0000
3158.3484,1.7948,-162.4986,0.0000,0.000,6.568,7.243,1.0000
3163.1338,-1.3026,-166.1464,0.0000,0.000,6.858,6.738,1.0000
3168.1719,-3.2620,-170.7878,0.0000,0.000,6.864,6.941,1.0000
3173.4464,-4.4324,-175.9308,0.0000,0.000,6.985,7.286,1.0000
3178.6040,-4.7055,-181.0812,0.0000,0.000,7.145,7.189,1.0000
3183.3998,-3.5382,-185.7327,0.0000,0.000,7.000,7.146,1.0000
3188.1702,-0.7139,-189.5772,0.0000,0.000,6.670,7.671,1.0000
3193.1586,3.0586,-192.8411,0.0000,0.000,6.685,7.557,1.0000
3198.1692,7.1155,-195.7818,0.0000,0.000,6.699,7.497,1.0000
3203.1755,11.3171,-198.5038,0.0000,0.000,6.713,7.438,1.0000
3208.1849,15.6093,-201.0867,0.0000,0.000,6.727,7.378,1.0000
3213.1952,19.9377,-203.6102,0.0000,0.000,6.741,7.319,1.0000
3218.2008,24.2524,-206.1478,0.0000,0.000,6.756,7.259,1.0000
3223.2011,28.5399,-208.7208,0.0000,0.000,6.770,7.199,1.0000
3228.1982,32.8061,-211.3227,0.0000,0.000,6.784,7.140,1.0000
3233.1939,37.0572,-213.9468,0.0000,0.000,6.798,7.080,1.0000
3238.1902,41.2992,-216.5865,0.0000,0.000,6.813,7.021,1.0000
3243.1886,45.5381,-219.2353,0.0000,0.000,6.827,6.961,1.0000
3248.1908,49.7801,-221.8863,0.0000,0.000,6.841,6.902,1.0000
3253.1984,54.0311,-224.5330,0.0000,0.000,6.855,6.842,1.0000
3258.2130,58.2968,-227.1693,0.0000,0.000,6.869,6.783,1.0000
3263.2281,62.5520,-229.8233,0.0000,0.000,6.939,6.701,1.0000
3268.2270,66.7263,-232.5736,0.0000,0.000,7.053,6.602,1.0000
3273.2005,70.7455,-235.5031,0.0000,0.000,7.166,6.503,1.0000
3278.1550,74.5353,-238.6945,0.0000,0.000,7.221,6.720,1.0000
3283.1173,78.0378,-242.2097,0.0000,0.000,7.261,7.021,1.0000
3288.1086,81.2709,-246.0123,0.0000,0.000,7.319,7.191,1.0000
3293.1311,84.2742,-250.0379,0.0000,0.000,7.416,7.096,1.0000
3298.1732,87.0876,-254.2221,0.0000,0.000,7.512,7.001,1.0000
3303.2127,89.7472,-258.5027,0.0000,0.000,7.608,6.906,1.0000
3308.2274,92.2276,-262.8610,0.0000,0.000,7.626,6.866,1.0000
3313.2055,94.4493,-267.3159,0.0000,0.000,7.544,6.895,1.0000
3318.1495,96.3314,-271.8876,0.0000,0.000,7.461,6.924,1.0000
3323.0797,97.7927,-276.5962,0.0000,0.000,7.365,6.947,1.0000
3328.0331,98.7999,-281.4461,0.0000,0.000,7.257,6.966,1.0000
3333.0295,99.4399,-286.4014,0.0000,0.000,7.169,6.988,1.0000
3338.0624,99.8182,-291.4200,0.0000,0.000,7.179,7.026,1.0000
3343.1072,100.0401,-296.4600,0.0000,0.000,7.189,7.063,1.0000
3348.1395,100.1822,-301.4902,0.0000,0.000,7.199,7.101,1.0000
3353.1569,100.2481,-306.5073,0.0000,0.000,7.211,7.078,1.0000
3358.1615,100.2305,-311.5118,0.0000,0.000,7.223,7.048,1.0000
3363.1554,100.1221,-316.5045,0.0000,0.000,7.235,7.018,1.0000
3368.1413,99.9153,-321.4862,0.0000,0.000,7.247,6.977,1.0000
3373.1224,99.6030,-326.4574,0.0000,0.000,7.259,6.911,1.0000
3378.1022,99.1776,-331.4191,0.0000,0.000,7.271,6.846,1.0000
3383.0849,98.6318,-336.3718,0.0000,0.000,7.271,6.816,1.0000
3388.0750,97.9582,-341.3162,0.0000,0.000,7.216,6.935,1.0000
3393.0746,97.1532,-346.2505,0.0000,0.000,7.161,7.053,1.0000
3398.0817,96.2181,-351.1695,0.0000,0.000,7.111,7.154,1.0000
3403.0938,95.1546,-356.0675,0.0000,0.000,7.070,7.204,1.0000
3408.1085,93.9646,-360.9390,0.0000,0.000,7.030,7.255,1.0000
3413.1233,92.6497,-365.7783,0.0000,0.000,7.080,7.134,1.0000
3418.1356,91.2117,-370.5799,0.0000,0.000,7.171,6.937,1.0000
3423.1428,89.6525,-375.3382,0.0000,0.000,7.262,6.741,1.0000
3428.1425,87.9736,-380.0476,0.0000,0.000,7.321,6.687,1.0000
3433.1324,86.1773,-384.7029,0.0000,0.000,7.322,6.897,1.0000
3438.1154,84.2710,-389.3069,0.0000,0.000,7.323,7.106,1.0000
3443.0980,82.2667,-393.8685,0.0000,0.000,7.326,7.235,1.0000
3448.0857,80.1767,-398.3973,0.0000,0.000,7.338,7.139,1.0000
3453.0833,78.0131,-402.9023,0.0000,0.000,7.350,7.043,1.0000
3458.0918,75.7815,-407.3861,0.0000,0.000,7.362,6.948,1.0000
3463.1042,73.4713,-411.8344,0.0000,0.000,7.374,6.852,1.0000
3468.1135,71.0699,-416.2306,0.0000,0.000,7.386,6.756,1.0000
3473.1138,68.5643,-420.5578,0.0000,0.000,7.398,6.756,1.0000
3478.1018,65.9443,-424.8023,0.0000,0.000,7.410,6.763,1.0000
3483.0846,63.2196,-428.9741,0.0000,0.000,7.422,6.770,1.0000
3488.0721,60.4096,-433.0947,0.0000,0.000,7.434,6.777,1.0000
3493.0728,57.5339,-437.1857,0.0000,0.000,7.446,6.784,1.0000
3498.0931,54.6107,-441.2673,0.0000,0.000,7.458,6.791,1.0000
3503.1184,51.6090,-445.2976,0.0000,0.000,7.544,6.792,1.0000
3508.1127,48.4289,-449.1486,0.0000,0.000,7.692,6.787,1.0000
3513.0633,44.9654,-452.6858,0.0000,0.000,7.841,6.783,1.0000
3517.9989,41.1135,-455.7719,0.0000,0.000,7.990,6.779,1.0000
3522.9429,36.7661,-458.1262,0.0000,0.000,7.780,6.823,1.0000
3527.9179,31.9679,-459.4410,0.0000,0.000,7.552,6.869,1.0000
3532.8528,27.0490,-459.8375,0.0000,0.000,7.469,7.012,1.0000
3537.8539,22.0507,-459.6703,0.0000,0.000,7.450,7.198,1.0000
3542.9464,16.9792,-459.2080,0.0000,0.000,7.318,7.138,1.0000
3547.9659,12.0684,-458.1694,0.0000,0.000,7.115,6.917,1.0000
3552.8712,7.5914,-456.1647,0.0000,0.000,7.094,6.695,1.0000
3557.8296,3.5178,-453.3379,0.0000,0.000,7.085,6.551,1.0000
3562.8382,-0.4132,-450.2340,0.0000,0.000,7.085,6.559,1.0000
3567.8465,-4.3224,-447.1034,0.0000,0.000,7.086,6.567,1.0000
3572.8532,-8.2155,-443.9553,0.0000,0.000,7.087,6.575,1.0000
3577.8585,-12.0952,-440.7928,0.0000,0.000,7.088,6.582,1.0000
3582.8627,-15.9641,-437.6189,0.0000,0.000,7.088,6.590,1.0000
3587.8660,-19.8248,-434.4365,0.0000,0.000,7.089,6.598,1.0000
3592.8685,-23.6800,-431.2486,0.0000,0.000,7.090,6.606,1.0000
3597.8704,-27.5323,-428.0582,0.0000,0.000,7.091,6.613,1.0000
3602.8718,-31.3844,-424.8683,0.0000,0.000,7.091,6.621,1.0000
3607.8729,-35.2382,-421.6809,0.0000,0.000,7.092,6.629,1.0000
3612.8736,-39.0936,-418.4961,0.0000,0.000,7.093,6.637,1.0000
3617.8741,-42.9506,-415.3136,0.0000,0.000,7.094,6.645,1.0000
3622.8745,-46.8091,-412.1331,0.0000,0.000,7.094,6.652,1.0000
3627.8746,-50.6688,-408.9543,0.0000,0.000,7.095,6.660,1.0000
3632.8747,-54.5296,-405.7771,0.0000,0.000,7.096,6.668,1.0000
3637.8748,-58.3914,-402.6010,0.0000,0.000,7.097,6.676,1.0000
3642.8749,-62.2540,-399.4260,0.0000,0.000,7.098,6.684,1.0000
3647.8750,-66.1173,-396.2516,0.0000,0.000,7.098,6.691,1.0000
3652.8753,-69.9811,-393.0776,0.0000,0.000,7.099,6.699,1.0000
3657.8758,-73.8453,-389.9039,0.0000,0.000,7.100,6.707,1.0000
3662.8765,-77.7096,-386.7300,0.0000,0.000,7.101,6.715,1.0000
3667.8775,-81.5741,-383.5557,0.0000,0.000,7.101,6.722,1.0000
3672.8788,-85.4384,-380.3808,0.0000,0.000,7.102,6.730,1.0000
3677.8805,-89.3025,-377.2050,0.0000,0.000,7.103,6.738,1.0000
3682.8826,-93.1663,-374.0281,0.0000,0.000,7.104,6.746,1.0000
3687.8853,-97.0295,-370.8497,0.0000,0.000,7.104,6.754,1.0000
3692.8884,-100.8920,-367.6697,0.0000,0.000,7.105,6.761,1.0000
3697.8920,-104.7539,-364.4883,0.0000,0.000,7.106,6.769,1.0000
3702.8959,-108.6154,-361.3058,0.0000,0.000,7.107,6.777,1.0000
3707.9000,-112.4763,-358.1225,0.0000,0.000,7.107,6.785,1.0000
3712.9041,-116.3370,-354.9386,0.0000,0.000,7.108,6.792,1.0000
3717.9082,-120.1973,-351.7545,0.0000,0.000,7.109,6.800,1.0000
3722.9121,-124.0574,-348.5704,0.0000,0.000,7.110,6.808,1.0000
3727.9157,-127.9174,-345.3866,0.0000,0.000,7.110,6.816,1.0000
3732.9189,-131.7774,-342.2035,0.0000,0.000,7.111,6.824,1.0000
3737.9215,-135.6374,-339.0212,0.0000,0.000,7.112,6.831,1.0000
3742.9235,-139.4975,-335.8402,0.0000,0.000,7.113,6.839,1.0000
3747.9246,-143.3579,-332.6606,0.0000,0.000,7.113,6.847,1.0000
3752.9249,-147.2185,-329.4828,0.0000,0.000,7.114,6.855,1.0000
3757.9242,-151.0795,-326.3071,0.0000,0.000,7.115,6.863,1.0000
3762.9223,-154.9409,-323.1337,0.0000,0.000,7.116,6.870,1.0000
3767.9191,-158.8029,-319.9630,0.0000,0.000,7.116,6.878,1.0000
3772.9145,-162.6654,-316.7952,0.0000,0.000,7.117,6.886,1.0000
3777.9085,-166.5287,-313.6305,0.0000,0.000,7.118,6.894,1.0000
3782.9016,-170.3925,-310.4680,0.0000,0.000,7.119,6.901,1.0000
3787.8952,-174.2566,-307.3050,0.0000,0.000,7.120,6.909,1.0000
3792.8908,-178.1206,-304.1386,0.0000,0.000,7.120,6.917,1.0000
3797.8900,-181.9842,-300.9661,0.0000,0.000,7.121,6.925,1.0000
3802.8943,-185.8471,-297.7848,0.0000,0.000,7.122,6.933,1.0000
3807.9051,-189.7088,-294.5918,0.0000,0.000,7.123,6.940,1.0000
3812.9240,-193.5692,-291.3844,0.0000,0.000,7.123,6.948,1.0000
3817.9526,-197.4277,-288.1597,0.0000,0.000,7.124,6.956,1.0000
3822.9913,-201.2862,-284.9194,0.0000,0.000,7.125,6.964,1.0000
3828.0241,-205.1742,-281.7237,0.0000,0.000,7.091,7.026,1.0000
3833.0270,-209.1421,-278.6766,0.0000,0.000,6.940,7.270,1.0000
3837.9870,-213.2405,-275.8829,0.0000,0.000,6.789,7.514,1.0000
3842.9111,-217.5200,-273.4471,0.0000,0.000,6.638,7.758,1.0000
3847.8298,-222.0066,-271.4310,0.0000,0.000,6.708,7.781,1.0000
3852.7723,-226.6743,-269.8062,0.0000,0.000,6.793,7.788,1.0000
3857.7544,-231.4910,-268.5329,0.0000,0.000,6.878,7.795,1.0000
3862.7803,-236.4240,-267.5713,0.0000,0.000,7.036,7.750,1.0000
3867.8360,-241.4361,-266.9088,0.0000,0.000,7.325,7.608,1.0000
3872.8897,-246.4797,-266.5881,0.0000,0.000,7.615,7.466,1.0000
3877.9164,-251.5059,-266.6585,0.0000,0.000,7.419,7.523,1.0000
3882.9027,-256.4659,-267.1696,0.0000,0.000,7.083,7.638,1.0000
3887.8533,-261.3167,-268.1584,0.0000,0.000,6.747,7.753,1.0000
3892.7988,-266.0538,-269.5792,0.0000,0.000,6.845,7.818,1.0000
3897.7608,-270.6882,-271.3522,0.0000,0.000,7.082,7.867,1.0000
3902.7432,-275.2313,-273.3979,0.0000,0.000,7.305,7.908,1.0000
3907.7365,-279.6943,-275.6372,0.0000,0.000,7.339,7.830,1.0000
3912.7332,-284.0900,-278.0130,0.0000,0.000,7.372,7.751,1.0000
3917.7351,-288.4331,-280.4944,0.0000,0.000,7.406,7.673,1.0000
3922.7425,-292.7382,-283.0516,0.0000,0.000,7.440,7.594,1.0000
3927.7537,-297.0201,-285.6550,0.0000,0.000,7.473,7.516,1.0000
3932.7662,-301.2934,-288.2750,0.0000,0.000,7.507,7.438,1.0000
3937.7772,-305.5728,-290.8820,0.0000,0.000,7.540,7.359,1.0000
3942.7841,-309.8732,-293.4463,0.0000,0.000,7.574,7.281,1.0000
3947.7850,-314.2091,-295.9382,0.0000,0.000,7.607,7.203,1.0000
3952.7802,-318.5941,-298.3305,0.0000,0.000,7.641,7.124,1.0000
3957.7725,-323.0277,-300.6252,0.0000,0.000,7.675,7.046,1.0000
3962.7648,-327.4996,-302.8446,0.0000,0.000,7.659,7.054,1.0000
3967.7590,-331.9994,-305.0112,0.0000,0.000,7.605,7.129,1.0000
3972.7558,-336.5164,-307.1477,0.0000,0.000,7.551,7.203,1.0000
3977.7554,-341.0462,-309.2636,0.0000,0.000,7.497,7.278,1.0000
3982.7572,-345.5951,-311.3435,0.0000,0.000,7.443,7.353,1.0000
3987.7614,-350.1709,-313.3690,0.0000,0.000,7.389,7.428,1.0000
3992.7684,-354.7816,-315.3216,0.0000,0.000,7.377,7.448,1.0000
3997.7782,-359.4346,-317.1782,0.0000,0.000,7.568,7.200,1.0000
4002.7802,-364.1365,-318.8848,0.0000,0.000,7.759,6.953,1.0000
4007.7650,-368.8932,-320.3754,0.0000,0.000,7.841,6.853,1.0000
4012.7317,-373.7105,-321.5841,0.0000,0.000,7.727,7.016,1.0000
4017.6910,-378.5942,-322.4474,0.0000,0.000,7.614,7.180,1.0000
4022.6640,-383.5393,-322.9733,0.0000,0.000,7.500,7.344,1.0000
4027.6613,-388.5289,-323.2505,0.0000,0.000,7.460,7.321,1.0000
4032.6796,-393.5457,-323.3722,0.0000,0.000,7.425,7.281,1.0000
4037.7067,-398.5725,-323.4297,0.0000,0.000,7.390,7.242,1.0000
4042.7322,-403.5979,-323.4609,0.0000,0.000,7.357,7.198,1.0000
4047.7522,-408.6178,-323.4435,0.0000,0.000,7.355,7.081,1.0000
4052.7633,-413.6282,-323.3524,0.0000,0.000,7.353,6.963,1.0000
4057.7637,-418.6250,-323.1621,0.0000,0.000,7.351,6.846,1.0000
4062.7530,-423.6042,-322.8473,0.0000,0.000,7.388,6.778,1.0000
4067.7324,-428.5620,-322.3826,0.0000,0.000,7.470,6.766,1.0000
4072.7060,-433.4943,-321.7429,0.0000,0.000,7.551,6.754,1.0000
4077.6803,-438.3971,-320.9026,0.0000,0.000,7.633,6.741,1.0000
4082.6644,-443.2663,-319.8387,0.0000,0.000,7.714,6.729,1.0000
4087.6617,-448.0955,-318.5536,0.0000,0.000,7.762,6.732,1.0000
4092.6691,-452.8771,-317.0670,0.0000,0.000,7.739,6.766,1.0000
4097.6810,-457.6032,-315.3986,0.0000,0.000,7.717,6.801,1.0000
4102.6904,-462.2662,-313.5680,0.0000,0.000,7.694,6.835,1.0000
4107.6912,-466.8566,-311.5841,0.0000,0.000,7.672,6.869,1.0000
4112.6829,-471.3622,-309.4354,0.0000,0.000,7.649,6.904,1.0000
4117.6677,-475.7704,-307.1082,0.0000,0.000,7.678,6.920,1.0000
4122.6499,-480.0687,-304.5889,0.0000,0.000,7.709,6.936,1.0000
4127.6358,-484.2469,-301.8684,0.0000,0.000,7.741,6.951,1.0000
4132.6293,-488.3100,-298.9655,0.0000,0.000,7.773,6.966,1.0000
4137.6302,-492.2683,-295.9093,0.0000,0.000,7.769,7.006,1.0000
4142.6347,-496.1321,-292.7286,0.0000,0.000,7.667,7.110,1.0000
4147.6366,-499.9113,-289.4519,0.0000,0.000,7.565,7.215,1.0000
4152.6330,-503.6043,-286.0865,0.0000,0.000,7.463,7.320,1.0000
4157.6271,-507.1970,-282.6177,0.0000,0.000,7.361,7.424,1.0000
4162.6241,-510.6747,-279.0294,0.0000,0.000,7.508,7.269,1.0000
4167.6317,-514.0228,-275.3057,0.0000,0.000,7.657,7.112,1.0000
4172.6464,-517.2040,-271.4291,0.0000,0.000,7.750,7.002,1.0000
4177.6317,-520.1091,-267.3777,0.0000,0.000,7.735,6.982,1.0000
4182.5705,-522.6320,-263.1320,0.0000,0.000,7.720,6.962,1.0000
4187.5224,-524.8609,-258.7100,0.0000,0.000,7.704,6.943,1.0000
4192.5510,-526.9861,-254.1527,0.0000,0.000,7.610,6.885,1.0000
4197.6221,-528.9711,-249.4862,0.0000,0.000,7.493,6.818,1.0000
4202.6636,-530.6365,-244.7277,0.0000,0.000,7.377,6.750,1.0000
4207.6355,-531.8009,-239.8941,0.0000,0.000,7.293,6.697,1.0000
4212.5512,-532.2970,-235.0035,0.0000,0.000,7.355,6.707,1.0000
4217.4716,-532.1126,-230.0866,0.0000,0.000,7.417,6.718,1.0000
4222.4383,-531.3306,-225.1817,0.0000,0.000,7.456,6.962,1.0000
4227.4624,-530.0356,-220.3275,0.0000,0.000,7.495,7.207,1.0000
4232.5293,-528.3108,-215.5631,0.0000,0.000,7.388,7.251,1.0000
4237.5792,-526.1489,-210.9994,0.0000,0.000,7.322,7.214,1.0000
4242.5475,-523.3842,-206.8713,0.0000,0.000,7.588,6.965,1.0000
4247.4781,-519.8850,-203.3977,0.0000,0.000,7.823,6.733,1.0000
4252.4117,-515.7946,-200.6393,0.0000,0.000,7.459,6.812,1.0000
4257.3260,-511.3322,-198.5809,0.0000,0.000,7.202,6.940,1.0000
4262.2730,-506.6159,-197.0879,0.0000,0.000,7.047,7.115,1.0000
4267.2821,-501.7296,-195.9856,0.0000,0.000,7.055,7.117,1.0000
4272.3331,-496.7570,-195.0992,0.0000,0.000,7.066,7.116,1.0000
4277.3808,-491.7799,-194.2576,0.0000,0.000,7.077,7.114,1.0000
4282.4029,-486.8353,-193.3786,0.0000,0.000,7.089,7.112,1.0000
4287.4068,-481.9149,-192.4686,0.0000,0.000,7.100,7.111,1.0000
4292.4004,-477.0088,-191.5377,0.0000,0.000,7.111,7.109,1.0000
4297.3918,-472.1071,-190.5958,0.0000,0.000,7.122,7.108,1.0000
4302.3848,-467.2048,-189.6485,0.0000,0.000,7.134,7.106,1.0000
4307.3794,-462.3017,-188.6969,0.0000,0.000,7.145,7.104,1.0000
4312.3755,-457.3977,-187.7421,0.0000,0.000,7.156,7.103,1.0000
4317.3729,-452.4927,-186.7850,0.0000,0.000,7.167,7.101,1.0000
4322.3716,-447.5867,-185.8266,0.0000,0.000,7.179,7.100,1.0000
4327.3714,-442.6798,-184.8679,0.0000,0.000,7.190,7.098,1.0000
4332.3721,-437.7717,-183.9100,0.0000,0.000,7.201,7.096,1.0000
4337.3736,-432.8624,-182.9536,0.0000,0.000,7.212,7.095,1.0000
4342.3758,-427.9520,-182.0000,0.0000,0.000,7.224,7.093,1.0000
4347.3785,-423.0403,-181.0500,0.0000,0.000,7.235,7.092,1.0000
4352.3816,-418.1273,-180.1046,0.0000,0.000,7.246,7.090,1.0000
4357.3850,-413.2129,-179.1649,0.0000,0.000,7.257,7.088,1.0000
4362.3885,-408.2972,-178.2318,0.0000,0.000,7.269,7.087,1.0000
4367.3921,-403.3800,-177.3063,0.0000,0.000,7.280,7.085,1.0000
4372.3955,-398.4613,-176.3893,0.0000,0.000,7.291,7.084,1.0000
4377.3987,-393.5411,-175.4820,0.0000,0.000,7.302,7.082,1.0000
4382.4016,-388.6192,-174.5852,0.0000,0.000,7.314,7.081,1.0000
4387.4041,-383.6958,-173.6993,0.0000,0.000,7.325,7.079,1.0000
4392.4063,-378.7709,-172.8236,0.0000,0.000,7.332,7.087,1.0000
4397.4082,-373.8446,-171.9572,0.0000,0.000,7.336,7.100,1.0000
4402.4098,-368.9170,-171.0993,0.0000,0.000,7.341,7.114,1.0000
4407.4113,-363.9884,-170.2492,0.0000,0.000,7.345,7.127,1.0000
4412.4126,-359.0587,-169.4059,0.0000,0.000,7.350,7.140,1.0000
4417.4137,-354.1281,-168.5687,0.0000,0.000,7.355,7.153,1.0000
4422.4148,-349.1968,-167.7367,0.0000,0.000,7.359,7.167,1.0000
4427.4157,-344.2648,-166.9092,0.0000,0.000,7.364,7.180,1.0000
4432.4166,-339.3322,-166.0853,0.0000,0.000,7.368,7.193,1.0000
4437.4175,-334.3992,-165.2641,0.0000,0.000,7.373,7.206,1.0000
4442.4183,-329.4660,-164.4449,0.0000,0.000,7.377,7.220,1.0000
4447.4191,-324.5325,-163.6268,0.0000,0.000,7.382,7.233,1.0000
4452.4200,-319.5990,-162.8090,0.0000,0.000,7.386,7.246,1.0000
4457.4209,-314.6655,-161.9907,0.0000,0.000,7.391,7.259,1.0000
4462.4218,-309.7321,-161.1711,0.0000,0.000,7.396,7.273,1.0000
4467.4228,-304.7991,-160.3493,0.0000,0.000,7.400,7.286,1.0000
4472.4239,-299.8665,-159.5247,0.0000,0.000,7.405,7.299,1.0000
4477.4251,-294.9342,-158.6970,0.0000,0.000,7.409,7.312,1.0000
4482.4264,-290.0023,-157.8668,0.0000,0.000,7.414,7.326,1.0000
4487.4278,-285.0707,-157.0341,0.0000,0.000,7.418,7.339,1.0000
4492.4293,-280.1394,-156.1995,0.0000,0.000,7.423,7.352,1.0000
4497.4308,-275.2083,-155.3632,0.0000,0.000,7.428,7.365,1.0000
4502.4324,-270.2773,-154.5255,0.0000,0.000,7.432,7.379,1.0000
4507.4341,-265.3465,-153.6868,0.0000,0.000,7.437,7.392,1.0000
4512.4358,-260.4158,-152.8473,0.0000,0.000,7.441,7.405,1.0000
4517.4375,-255.4850,-152.0074,0.0000,0.000,7.446,7.418,1.0000
4522.4393,-250.5543,-151.1675,0.0000,0.000,7.450,7.431,1.0000
4527.4411,-245.6235,-150.3277,0.0000,0.000,7.455,7.445,1.0000
4532.4429,-240.6925,-149.4886,0.0000,0.000,7.459,7.458,1.0000
4537.4447,-235.7615,-148.6503,0.0000,0.000,7.464,7.471,1.0000
4542.4466,-230.8302,-147.8132,0.0000,0.000,7.469,7.484,1.0000
4547.4484,-225.8986,-146.9776,0.0000,0.000,7.473,7.498,1.0000
4552.4503,-220.9668,-146.1438,0.0000,0.000,7.478,7.511,1.0000
4557.4521,-216.0346,-145.3122,0.0000,0.000,7.482,7.524,1.0000
4562.4539,-211.1020,-144.4828,0.0000,0.000,7.487,7.537,1.0000
4567.4556,-206.1692,-143.6555,0.0000,0.000,7.491,7.551,1.0000
4572.4574,-201.2360,-142.8300,0.0000,0.000,7.496,7.564,1.0000
4577.4591,-196.3026,-142.0062,0.0000,0.000,7.501,7.577,1.0000
4582.4608,-191.3689,-141.1840,0.0000,0.000,7.505,7.590,1.0000
4587.4626,-186.4350,-140.3631,0.0000,0.000,7.510,7.604,1.0000
4592.4643,-181.5009,-139.5434,0.0000,0.000,7.514,7.617,1.0000
4597.4659,-176.5667,-138.7248,0.0000,0.000,7.519,7.630,1.0000
4602.4676,-171.6323,-137.9070,0.0000,0.000,7.523,7.643,1.0000
4607.4693,-166.6979,-137.0898,0.0000,0.000,7.528,7.657,1.0000
4612.4709,-161.7634,-136.2732,0.0000,0.000,7.532,7.670,1.0000
4617.4725,-156.8288,-135.4569,0.0000,0.000,7.537,7.683,1.0000
4622.4741,-151.8942,-134.6407,0.0000,0.000,7.542,7.696,1.0000
4627.4757,-146.9597,-133.8245,0.0000,0.000,7.546,7.710,1.0000
4632.4773,-142.0251,-133.0082,0.0000,0.000,7.551,7.723,1.0000
4637.4789,-137.0907,-132.1915,0.0000,0.000,7.555,7.736,1.0000
4642.4804,-132.1564,-131.3743,0.0000,0.000,7.560,7.749,1.0000
4647.4820,-127.2222,-130.5563,0.0000,0.000,7.564,7.763,1.0000
4652.4835,-122.2881,-129.7375,0.0000,0.000,7.569,7.776,1.0000
4657.4850,-117.3542,-128.9177,0.0000,0.000,7.574,7.789,1.0000
4662.4865,-112.4206,-128.0967,0.0000,0.000,7.578,7.802,1.0000
4667.4880,-107.4872,-127.2742,0.0000,0.000,7.583,7.815,1.0000
4672.4895,-102.5541,-126.4502,0.0000,0.000,7.587,7.829,1.0000
4677.4909,-97.6212,-125.6245,0.0000,0.000,7.592,7.842,1.0000
4682.4924,-92.6887,-124.7969,0.0000,0.000,7.596,7.855,1.0000
4687.4938,-87.7566,-123.9672,0.0000,0.000,7.601,7.868,1.0000
4692.4953,-82.8248,-123.1353,0.0000,0.000,7.606,7.882,1.0000
4697.4967,-77.8935,-122.3010,0.0000,0.000,7.610,7.895,1.0000
4702.4981,-72.9626,-121.4640,0.0000,0.000,7.615,7.908,1.0000
4707.4995,-68.0322,-120.6243,0.0000,0.000,7.619,7.921,1.0000
4712.5009,-63.1023,-119.7817,0.0000,0.000,7.624,7.935,1.0000
4717.5023,-58.1729,-118.9360,0.0000,0.000,7.628,7.948,1.0000
4722.5037,-53.2440,-118.0870,0.0000,0.000,7.633,7.961,1.0000
4727.5052,-48.3158,-117.2346,0.0000,0.000,7.637,7.974,1.0000
4732.5066,-43.3882,-116.3787,0.0000,0.000,7.642,7.988,1.0000
4737.5080,-38.4611,-115.5193,0.0000,0.000,7.647,8.001,1.0000
4742.5095,-33.5346,-114.6566,0.0000,0.000,7.651,8.014,1.0000
4747.5110,-28.6086,-113.7909,0.0000,0.000,7.656,8.027,1.0000
4752.5125,-23.6832,-112.9221,0.0000,0.000,7.660,8.041,1.0000
4757.5140,-18.7582,-112.0505,0.0000,0.000,7.661,8.041,1.0000
4762.5155,-13.8337,-111.1762,0.0000,0.000,7.651,8.009,1.0000
4767.5170,-8.9096,-110.2994,0.0000,0.000,7.641,7.977,1.0000
4772.5186,-3.9859,-109.4202,0.0000,0.000,7.632,7.946,1.0000
4777.5201,0.9373,-108.5387,0.0000,0.000,7.622,7.914,1.0000
4782.5217,5.8602,-107.6552,0.0000,0.000,7.612,7.883,1.0000
4787.5233,10.7828,-106.7696,0.0000,0.000,7.602,7.851,1.0000
4792.5249,15.7051,-105.8823,0.0000,0.000,7.593,7.819,1.0000
4797.5265,20.6270,-104.9934,0.0000,0.000,7.583,7.788,1.0000
4802.5281,25.5487,-104.1029,0.0000,0.000,7.573,7.756,1.0000
4807.5297,30.4702,-103.2110,0.0000,0.000,7.564,7.724,1.0000
4812.5313,35.3915,-102.3179,0.0000,0.000,7.554,7.693,1.0000
4817.5330,40.3125,-101.4238,0.0000,0.000,7.544,7.661,1.0000
4822.5346,45.2334,-100.5287,0.0000,0.000,7.534,7.630,1.0000
4827.5362,50.1541,-99.6329,0.0000,0.000,7.525,7.598,1.0000
4832.5378,55.0747,-98.7364,0.0000,0.000,7.515,7.566,1.0000
4837.5394,59.9953,-97.8395,0.0000,0.000,7.505,7.535,1.0000
4842.5410,64.9157,-96.9422,0.0000,0.000,7.496,7.503,1.0000
4847.5426,69.8361,-96.0447,0.0000,0.000,7.486,7.472,1.0000
4852.5442,74.7565,-95.1472,0.0000,0.000,7.476,7.440,1.0000
4857.5457,79.6769,-94.2498,0.0000,0.000,7.466,7.408,1.0000
4862.5473,84.5973,-93.3526,0.0000,0.000,7.457,7.377,1.0000
4867.5488,89.5178,-92.4558,0.0000,0.000,7.447,7.345,1.0000
4872.5503,94.4383,-91.5596,0.0000,0.000,7.437,7.313,1.0000
4877.5518,99.3589,-90.6640,0.0000,0.000,7.428,7.282,1.0000
4882.5532,104.2797,-89.7693,0.0000,0.000,7.418,7.250,1.0000
4887.5546,109.2006,-88.8756,0.0000,0.000,7.408,7.219,1.0000
4892.5560,114.1217,-87.9831,0.0000,0.000,7.399,7.187,1.0000
4897.5573,119.0430,-87.0918,0.0000,0.000,7.389,7.155,1.0000
4902.5586,123.9645,-86.2019,0.0000,0.000,7.379,7.124,1.0000
4907.5599,128.8863,-85.3138,0.0000,0.000,7.369,7.092,1.0000
4912.5611,133.8085,-84.4283,0.0000,0.000,7.360,7.060,1.0000
4917.5623,138.7312,-83.5459,0.0000,0.000,7.350,7.029,1.0000
4922.5635,143.6547,-82.6676,0.0000,0.000,7.340,6.997,1.0000
4927.5646,148.5789,-81.7939,0.0000,0.000,7.331,6.966,1.0000
4932.5658,153.5041,-80.9257,0.0000,0.000,7.321,6.934,1.0000
4937.5669,158.4304,-80.0636,0.0000,0.000,7.316,6.916,1.0000
4942.5680,163.3578,-79.2083,0.0000,0.000,7.338,6.969,1.0000
4947.5692,168.2866,-78.3607,0.0000,0.000,7.359,7.022,1.0000
4952.5704,173.2169,-77.5214,0.0000,0.000,7.381,7.076,1.0000
4957.5716,178.1487,-76.6911,0.0000,0.000,7.402,7.129,1.0000
4962.5730,183.0823,-75.8706,0.0000,0.000,7.424,7.182,1.0000
4967.5745,188.0178,-75.0606,0.0000,0.000,7.445,7.235,1.0000
4972.5761,192.9552,-74.2618,0.0000,0.000,7.467,7.289,1.0000
4977.5779,197.8948,-73.4750,0.0000,0.000,7.488,7.342,1.0000
4982.5800,202.8366,-72.7009,0.0000,0.000,7.510,7.395,1.0000
4987.5824,207.7808,-71.9401,0.0000,0.000,7.531,7.448,1.0000
4992.5850,212.7270,-71.1912,0.0000,0.000,7.553,7.501,1.0000
4997.5878,217.6741,-70.4472,0.0000,0.000,7.574,7.555,1.0000
5002.5903,222.6206,-69.7001,0.0000,0.000,7.596,7.608,1.0000
5007.5924,227.5649,-68.9422,0.0000,0.000,7.617,7.661,1.0000
5012.5939,232.5058,-68.1657,0.0000,0.000,7.639,7.714,1.0000
5017.5946,237.4416,-67.3626,0.0000,0.000,7.660,7.768,1.0000
5022.5947,242.3710,-66.5251,0.0000,0.000,7.682,7.821,1.0000
5027.5943,247.2926,-65.6455,0.0000,0.000,7.648,7.827,1.0000
5032.5937,252.2049,-64.7160,0.0000,0.000,7.609,7.829,1.0000
5037.5936,257.1080,-63.7369,0.0000,0.000,7.570,7.831,1.0000
5042.5944,262.0041,-62.7193,0.0000,0.000,7.531,7.833,1.0000
5047.5961,266.8956,-61.6751,0.0000,0.000,7.492,7.835,1.0000
5052.5987,271.7849,-60.6163,0.0000,0.000,7.453,7.837,1.0000
5057.6019,276.6743,-59.5549,0.0000,0.000,7.413,7.839,1.0000
5062.6056,281.5661,-58.5028,0.0000,0.000,7.374,7.841,1.0000
5067.6095,286.4627,-57.4719,0.0000,0.000,7.335,7.842,1.0000
5072.6138,291.3665,-56.4743,0.0000,0.000,7.296,7.844,1.0000
5077.6185,296.2786,-55.5161,0.0000,0.000,7.257,7.846,1.0000
5082.6233,301.1952,-54.5802,0.0000,0.000,7.218,7.848,1.0000
5087.6277,306.1110,-53.6429,0.0000,0.000,7.179,7.850,1.0000
5092.6310,311.0208,-52.6804,0.0000,0.000,7.140,7.852,1.0000
5097.6322,315.9182,-51.6666,0.0000,0.000,7.101,7.854,1.0000
5102.6222,320.7775,-50.5322,0.0000,0.000,7.062,7.856,1.0000
5107.5916,325.5577,-49.1737,0.0000,0.000,7.023,7.858,1.0000
5112.5472,330.2171,-47.4863,0.0000,0.000,7.092,7.777,1.0000
5117.5192,334.7141,-45.3655,0.0000,0.000,7.165,7.693,1.0000
5122.5389,338.9988,-42.7504,0.0000,0.000,7.246,7.576,1.0000
5127.5837,343.0022,-39.6808,0.0000,0.000,7.338,7.423,1.0000
5132.6203,346.6527,-36.2107,0.0000,0.000,7.344,7.340,1.0000
5137.6174,349.8784,-32.3941,0.0000,0.000,6.899,7.627,1.0000
5142.5486,352.5916,-28.2766,0.0000,0.000,6.542,7.850,1.0000
5147.4134,354.5839,-23.8383,0.0000,0.000,6.900,7.553,1.0000
5152.3241,355.5989,-19.0337,0.0000,0.000,7.196,7.273,1.0000
5157.4031,355.6863,-13.9555,0.0000,0.000,6.875,7.175,1.0000
5162.5009,355.2841,-8.8735,0.0000,0.000,6.665,7.141,1.0000
5167.4764,354.5629,-3.9507,0.0000,0.000,6.622,7.201,1.0000
5172.3901,353.3165,0.8024,0.0000,0.000,6.579,7.262,1.0000
5177.3588,351.3994,5.3863,0.0000,0.000,6.670,7.244,1.0000
5182.3888,349.0013,9.8079,0.0000,0.000,6.787,7.210,1.0000
5187.3980,346.3017,14.0274,0.0000,0.000,6.860,7.214,1.0000
5192.3468,343.1231,17.8205,0.0000,0.000,6.782,7.348,1.0000
5197.3294,339.2262,20.9254,0.0000,0.000,6.795,7.391,1.0000
5202.3746,334.7153,23.1850,0.0000,0.000,6.983,7.263,1.0000
5207.3400,329.9361,24.5319,0.0000,0.000,6.912,7.312,1.0000
5212.2506,325.0550,25.0689,0.0000,0.000,6.725,7.442,1.0000
5217.2017,320.1041,25.0204,0.0000,0.000,6.949,7.396,1.0000
5222.2096,315.1128,24.6136,0.0000,0.000,7.180,7.347,1.0000
5227.2411,310.1102,24.0752,0.0000,0.000,7.410,7.298,1.0000
5232.2619,305.1158,23.5606,0.0000,0.000,7.440,7.281,1.0000
5237.2719,300.1292,23.0769,0.0000,0.000,7.430,7.270,1.0000
5242.2751,295.1476,22.6129,0.0000,0.000,7.420,7.259,1.0000
5247.2754,290.1680,22.1576,0.0000,0.000,7.410,7.248,1.0000
5252.2755,285.1887,21.7032,0.0000,0.000,7.400,7.238,1.0000
5257.2756,280.2092,21.2489,0.0000,0.000,7.390,7.227,1.0000
5262.2759,275.2296,20.7946,0.0000,0.000,7.380,7.216,1.0000
5267.2762,270.2499,20.3404,0.0000,0.000,7.370,7.205,1.0000
5272.2767,265.2701,19.8864,0.0000,0.000,7.360,7.195,1.0000
5277.2772,260.2903,19.4325,0.0000,0.000,7.350,7.184,1.0000
5282.2778,255.3103,18.9788,0.0000,0.000,7.340,7.173,1.0000
5287.2784,250.3302,18.5252,0.0000,0.000,7.330,7.162,1.0000
5292.2792,245.3501,18.0720,0.0000,0.000,7.320,7.152,1.0000
5297.2800,240.3698,17.6189,0.0000,0.000,7.310,7.141,1.0000
5302.2809,235.3895,17.1661,0.0000,0.000,7.300,7.130,1.0000
5307.2818,230.4091,16.7136,0.0000,0.000,7.290,7.119,1.0000
5312.2828,225.4286,16.2615,0.0000,0.000,7.280,7.109,1.0000
5317.2839,220.4479,15.8097,0.0000,0.000,7.270,7.098,1.0000
5322.2850,215.4673,15.3582,0.0000,0.000,7.260,7.087,1.0000
5327.2862,210.4865,14.9071,0.0000,0.000,7.250,7.076,1.0000
5332.2874,205.5056,14.4565,0.0000,0.000,7.240,7.065,1.0000
5337.2886,200.5246,14.0062,0.0000,0.000,7.230,7.055,1.0000
5342.2900,195.5436,13.5565,0.0000,0.000,7.220,7.044,1.0000
5347.2913,190.5625,13.1072,0.0000,0.000,7.210,7.033,1.0000
5352.2927,185.5812,12.6584,0.0000,0.000,7.200,7.022,1.0000
5357.2941,180.5999,12.2101,0.0000,0.000,7.190,7.012,1.0000
5362.2956,175.6185,11.7624,0.0000,0.000,7.180,7.001,1.0000
5367.2971,170.6371,11.3153,0.0000,0.000,7.170,6.990,1.0000
5372.2986,165.6555,10.8688,0.0000,0.000,7.160,6.979,1.0000
5377.3002,160.6739,10.4229,0.0000,0.000,7.150,6.969,1.0000
5382.3017,155.6922,9.9777,0.0000,0.000,7.139,6.958,1.0000
5387.3033,150.7104,9.5331,0.0000,0.000,7.129,6.947,1.0000
5392.3050,145.7285,9.0892,0.0000,0.000,7.119,6.936,1.0000
5397.3066,140.7465,8.6460,0.0000,0.000,7.109,6.925,1.0000
5402.3082,135.7645,8.2036,0.0000,0.000,7.099,6.915,1.0000
5407.3099,130.7824,7.7620,0.0000,0.000,7.089,6.904,1.0000
5412.3115,125.8002,7.3211,0.0000,0.000,7.079,6.893,1.0000
5417.3132,120.8179,6.8810,0.0000,0.000,7.069,6.882,1.0000
5422.3149,115.8356,6.4418,0.0000,0.000,7.068,6.885,1.0000
5427.3165,110.8532,6.0035,0.0000,0.000,7.071,6.896,1.0000
5432.3182,105.8707,5.5659,0.0000,0.000,7.074,6.906,1.0000
5437.3199,100.8881,5.1292,0.0000,0.000,7.077,6.917,1.0000
5442.3215,95.9055,4.6932,0.0000,0.000,7.081,6.927,1.0000
5447.3232,90.9228,4.2581,0.0000,0.000,7.084,6.938,1.0000
5452.3249,85.9400,3.8237,0.0000,0.000,7.087,6.948,1.0000
5457.3266,80.9571,3.3901,0.0000,0.000,7.091,6.959,1.0000
5462.3282,75.9742,2.9572,0.0000,0.000,7.094,6.970,1.0000
5467.3299,70.9913,2.5251,0.0000,0.000,7.097,6.980,1.0000
5472.3316,66.0082,2.0936,0.0000,0.000,7.100,6.991,1.0000
5477.3333,61.0251,1.6629,0.0000,0.000,7.104,7.001,1.0000
5482.3349,56.0420,1.2328,0.0000,0.000,7.107,7.012,1.0000
5487.3366,51.0588,0.8034,0.0000,0.000,7.110,7.022,1.0000
5492.3383,46.0755,0.3747,0.0000,0.000,7.114,7.033,1.0000
5497.3400,41.0922,-0.0534,0.0000,0.000,7.117,7.043,1.0000
5502.3416,36.1088,-0.4809,0.0000,0.000,7.120,7.054,1.0000
5507.3433,31.1254,-0.9078,0.0000,0.000,7.123,7.065,1.0000
5512.3450,26.1419,-1.3340,0.0000,0.000,7.127,7.075,1.0000
5517.3467,21.1584,-1.7597,0.0000,0.000,7.130,7.086,1.0000
5522.3483,16.1748,-2.1848,0.0000,0.000,7.133,7.096,1.0000
5527.3500,11.1912,-2.6094,0.0000,0.000,7.136,7.107,1.0000
5532.3517,6.2075,-3.0334,0.0000,0.000,7.140,7.117,1.0000
