# Suzuka Circuit — TUMFTM racetrack-database (LGPL-3.0), flat 2-D centre line + measured widths; upstream commit e59595d.
s_m,x_m,y_m,z_m,banking_deg,width_left_m,width_right_m,grip_scale
0.0000,3.1051,0.1421,0.0000,0.000,7.433,7.185,1.0000
5.0017,6.3920,-3.6280,0.0000,0.000,7.434,7.141,1.0000
10.0033,9.6729,-7.4031,0.0000,0.000,7.435,7.143,1.0000
15.0046,12.9480,-11.1829,0.0000,0.000,7.436,7.144,1.0000
20.0058,16.2179,-14.9670,0.0000,0.000,7.436,7.146,1.0000
25.0069,19.4832,-18.7550,0.0000,0.000,7.437,7.148,1.0000
30.0078,22.7441,-22.5465,0.0000,0.000,7.438,7.149,1.0000
35.0087,26.0013,-26.3411,0.0000,0.000,7.438,7.151,1.0000
40.0095,29.2552,-30.1385,0.0000,0.000,7.439,7.153,1.0000
45.0102,32.5062,-33.9383,0.0000,0.000,7.440,7.154,1.0000
50.0109,35.7549,-37.7400,0.0000,0.000,7.440,7.156,1.0000
55.0115,39.0017,-41.5433,0.0000,0.000,7.441,7.158,1.0000
60.0122,42.2470,-45.3478,0.0000,0.000,7.442,7.160,1.0000
65.0128,45.4915,-49.1530,0.0000,0.000,7.442,7.161,1.0000
70.0135,48.7354,-52.9587,0.0000,0.000,7.443,7.163,1.0000
75.0141,51.9794,-56.7644,0.0000,0.000,7.444,7.165,1.0000
80.0148,55.2238,-60.5697,0.0000,0.000,7.444,7.166,1.0000
85.0155,58.4691,-64.3744,0.0000,0.000,7.445,7.168,1.0000
90.0163,61.7151,-68.1784,0.0000,0.000,7.446,7.170,1.0000
95.0170,64.9620,-71.9818,0.0000,0.000,7.446,7.171,1.0000
100.0179,68.2096,-75.7846,0.0000,0.000,7.447,7.173,1.0000
105.0187,71.4578,-79.5869,0.0000,0.000,7.448,7.175,1.0000
110.0196,74.7066,-83.3887,0.0000,0.000,7.448,7.176,1.0000
115.0205,77.9560,-87.1901,0.0000,0.000,7.449,7.178,1.0000
120.0214,81.2059,-90.9911,0.0000,0.000,7.449,7.180,1.0000
125.0223,84.4561,-94.7918,0.0000,0.000,7.450,7.182,1.0000
130.0233,87.7067,-98.5922,0.0000,0.000,7.451,7.183,1.0000
135.0243,90.9576,-102.3924,0.0000,0.000,7.451,7.185,1.0000
140.0253,94.2088,-106.1924,0.0000,0.000,7.452,7.187,1.0000
145.0263,97.4601,-109.9922,0.0000,0.000,7.453,7.188,1.0000
150.0273,100.7116,-113.7920,0.0000,0.000,7.453,7.190,1.0000
155.0283,103.9631,-117.5917,0.0000,0.000,7.454,7.192,1.0000
160.0294,107.2146,-121.3915,0.0000,0.000,7.455,7.193,1.0000
165.0304,110.4661,-125.1913,0.0000,0.000,7.455,7.195,1.0000
170.0315,113.7174,-128.9912,0.0000,0.000,7.456,7.197,1.0000
175.0326,116.9686,-132.7913,0.0000,0.000,7.457,7.199,1.0000
180.0336,120.2196,-136.5915,0.0000,0.000,7.457,7.200,1.0000
185.0347,123.4705,-140.3918,0.0000,0.000,7.458,7.202,1.0000
190.0358,126.7211,-144.1924,0.0000,0.000,7.459,7.204,1.0000
195.0368,129.9715,-147.9931,0.0000,0.000,7.459,7.205,1.0000
200.0379,133.2217,-151.7940,0.0000,0.000,7.460,7.207,1.0000
205.0390,136.4717,-155.5951,0.0000,0.000,7.461,7.209,1.0000
210.0401,139.7215,-159.3964,0.0000,0.000,7.461,7.210,1.0000
215.0412,142.9710,-163.1979,0.0000,0.000,7.462,7.212,1.0000
220.0422,146.2203,-166.9996,0.0000,0.000,7.463,7.214,1.0000
225.0433,149.4693,-170.8016,0.0000,0.000,7.463,7.216,1.0000
230.0444,152.7180,-174.6037,0.0000,0.000,7.464,7.217,1.0000
235.0455,155.9665,-178.4061,0.0000,0.000,7.465,7.219,1.0000
240.0466,159.2147,-182.2088,0.0000,0.000,7.465,7.221,1.0000
245.0477,162.4627,-186.0116,0.0000,0.000,7.466,7.222,1.0000
250.0488,165.7103,-189.8148,0.0000,0.000,7.467,7.224,1.0000
255.0498,168.9576,-193.6182,0.0000,0.000,7.467,7.226,1.0000
260.0509,172.2046,-197.4218,0.0000,0.000,7.468,7.227,1.0000
265.0520,175.4513,-201.2258,0.0000,0.000,7.469,7.229,1.0000
270.0531,178.6976,-205.0300,0.0000,0.000,7.469,7.231,1.0000
275.0542,181.9436,-208.8345,0.0000,0.000,7.470,7.232,1.0000
280.0552,185.1893,-212.6393,0.0000,0.000,7.471,7.234,1.0000
285.0563,188.4345,-216.4444,0.0000,0.000,7.471,7.236,1.0000
290.0574,191.6795,-220.2498,0.0000,0.000,7.472,7.238,1.0000
295.0585,194.9240,-224.0556,0.0000,0.000,7.472,7.239,1.0000
300.0595,198.1682,-227.8616,0.0000,0.000,7.473,7.241,1.0000
305.0606,201.4120,-231.6680,0.0000,0.000,7.474,7.243,1.0000
310.0617,204.6554,-235.4747,0.0000,0.000,7.474,7.244,1.0000
315.0627,207.8983,-239.2818,0.0000,0.000,7.475,7.246,1.0000
320.0638,211.1409,-243.0892,0.0000,0.000,7.476,7.248,1.0000
325.0648,214.3830,-246.8970,0.0000,0.000,7.476,7.249,1.0000
330.0659,217.6247,-250.7051,0.0000,0.000,7.477,7.251,1.0000
335.0669,220.8660,-254.5136,0.0000,0.000,7.478,7.253,1.0000
340.0680,224.1068,-258.3225,0.0000,0.000,7.478,7.255,1.0000
345.0690,227.3471,-262.1318,0.0000,0.000,7.479,7.256,1.0000
350.0700,230.5870,-265.9415,0.0000,0.000,7.480,7.258,1.0000
355.0711,233.8264,-269.7515,0.0000,0.000,7.457,7.243,1.0000
360.0721,237.0653,-273.5620,0.0000,0.000,7.418,7.216,1.0000
365.0731,240.3037,-277.3729,0.0000,0.000,7.379,7.189,1.0000
370.0741,243.5416,-281.1842,0.0000,0.000,7.341,7.162,1.0000
375.0751,246.7790,-284.9959,0.0000,0.000,7.302,7.135,1.0000
380.0761,250.0159,-288.8081,0.0000,0.000,7.263,7.109,1.0000
385.0771,253.2522,-292.6207,0.0000,0.000,7.224,7.082,1.0000
390.0781,256.4880,-296.4338,0.0000,0.000,7.186,7.055,1.0000
395.0791,259.7233,-300.2473,0.0000,0.000,7.147,7.028,1.0000
400.0801,262.9580,-304.0613,0.0000,0.000,7.108,7.002,1.0000
405.0811,266.1921,-307.8757,0.0000,0.000,7.070,6.975,1.0000
410.0820,269.4257,-311.6906,0.0000,0.000,7.031,6.948,1.0000
415.0830,272.6587,-315.5060,0.0000,0.000,6.992,6.921,1.0000
420.0839,275.8911,-319.3219,0.0000,0.000,6.953,6.894,1.0000
425.0849,279.1229,-323.1383,0.0000,0.000,6.915,6.868,1.0000
430.0858,282.3542,-326.9552,0.0000,0.000,6.876,6.841,1.0000
435.0867,285.5847,-330.7726,0.0000,0.000,6.837,6.814,1.0000
440.0877,288.8147,-334.5905,0.0000,0.000,6.798,6.787,1.0000
445.0886,292.0441,-338.4090,0.0000,0.000,6.760,6.761,1.0000
450.0895,295.2728,-342.2280,0.0000,0.000,6.721,6.734,1.0000
455.0904,298.5008,-346.0475,0.0000,0.000,6.682,6.707,1.0000
460.0913,301.7282,-349.8675,0.0000,0.000,6.644,6.680,1.0000
465.0922,304.9549,-353.6881,0.0000,0.000,6.605,6.653,1.0000
470.0931,308.1810,-357.5093,0.0000,0.000,6.566,6.627,1.0000
475.0939,311.4064,-361.3311,0.0000,0.000,6.527,6.600,1.0000
480.0948,314.6310,-365.1534,0.0000,0.000,6.489,6.573,1.0000
485.0957,317.8550,-368.9763,0.0000,0.000,6.450,6.546,1.0000
490.0965,321.0783,-372.7997,0.0000,0.000,6.411,6.519,1.0000
495.0973,324.3009,-376.6238,0.0000,0.000,6.372,6.493,1.0000
500.0982,327.5227,-380.4485,0.0000,0.000,6.334,6.466,1.0000
505.0990,330.7438,-384.2738,0.0000,0.000,6.295,6.439,1.0000
510.0998,333.9642,-388.0997,0.0000,0.000,6.256,6.412,1.0000
515.1006,337.1838,-391.9262,0.0000,0.000,6.217,6.386,1.0000
520.1014,340.4026,-395.7533,0.0000,0.000,6.179,6.359,1.0000
525.1022,343.6207,-399.5811,0.0000,0.000,6.140,6.332,1.0000
530.1030,346.8380,-403.4095,0.0000,0.000,6.101,6.305,1.0000
535.1038,350.0545,-407.2386,0.0000,0.000,6.063,6.278,1.0000
540.1046,353.2707,-411.0679,0.0000,0.000,6.024,6.252,1.0000
545.1054,356.4871,-414.8972,0.0000,0.000,5.985,6.225,1.0000
550.1062,359.7042,-418.7258,0.0000,0.000,5.946,6.198,1.0000
555.1071,362.9227,-422.5534,0.0000,0.000,5.908,6.171,1.0000
560.1081,366.1430,-426.3796,0.0000,0.000,5.869,6.144,1.0000
565.1091,369.3657,-430.2038,0.0000,0.000,5.830,6.118,1.0000
570.1103,372.5914,-434.0256,0.0000,0.000,5.791,6.091,1.0000
575.1116,375.8207,-437.8445,0.0000,0.000,5.753,6.064,1.0000
580.1130,379.0541,-441.6602,0.0000,0.000,5.714,6.037,1.0000
585.1146,382.2922,-445.4722,0.0000,0.000,5.675,6.011,1.0000
590.1164,385.5355,-449.2799,0.0000,0.000,5.637,5.984,1.0000
595.1185,388.7846,-453.0831,0.0000,0.000,5.598,5.957,1.0000
600.1208,392.0401,-456.8811,0.0000,0.000,5.559,5.930,1.0000
605.1234,395.3024,-460.6736,0.0000,0.000,5.520,5.903,1.0000
610.1264,398.5723,-464.4602,0.0000,0.000,5.482,5.877,1.0000
615.1298,401.8502,-468.2402,0.0000,0.000,5.443,5.850,1.0000
620.1336,405.1367,-472.0134,0.0000,0.000,5.420,5.791,1.0000
625.1379,408.4322,-475.7794,0.0000,0.000,5.423,5.682,1.0000
630.1419,411.7296,-479.5433,0.0000,0.000,5.427,5.572,1.0000
635.1437,415.0105,-483.3188,0.0000,0.000,5.430,5.463,1.0000
640.1417,418.2555,-487.1201,0.0000,0.000,5.433,5.353,1.0000
645.1346,421.4451,-490.9615,0.0000,0.000,5.436,5.244,1.0000
650.1225,424.5601,-494.8571,0.0000,0.000,5.396,5.017,1.0000
655.1066,427.5811,-498.8212,0.0000,0.000,5.356,4.790,1.0000
660.0898,430.4887,-502.8681,0.0000,0.000,5.315,4.563,1.0000
665.0770,433.2636,-507.0121,0.0000,0.000,5.106,4.587,1.0000
670.0755,435.8864,-511.2673,0.0000,0.000,4.891,4.618,1.0000
675.0895,438.3367,-515.6417,0.0000,0.000,4.676,4.650,1.0000
680.1101,440.5921,-520.1273,0.0000,0.000,4.654,4.615,1.0000
685.1285,442.6295,-524.7135,0.0000,0.000,4.688,4.562,1.0000
690.1380,444.4259,-529.3897,0.0000,0.000,4.772,4.446,1.0000
695.1345,445.9584,-534.1455,0.0000,0.000,4.916,4.254,1.0000
700.1173,447.2040,-538.9701,0.0000,0.000,4.643,4.540,1.0000
705.0892,448.1396,-543.8531,0.0000,0.000,4.527,4.674,1.0000
710.0566,448.7424,-548.7838,0.0000,0.000,4.494,4.736,1.0000
715.0307,448.9898,-553.7517,0.0000,0.000,4.748,4.616,1.0000
720.0223,448.8825,-558.7422,0.0000,0.000,4.830,4.522,1.0000
725.0336,448.4550,-563.7352,0.0000,0.000,4.890,4.431,1.0000
730.0589,447.7446,-568.7101,0.0000,0.000,4.759,4.457,1.0000
735.0868,446.7887,-573.6462,0.0000,0.000,4.601,4.501,1.0000
740.1017,445.6250,-578.5243,0.0000,0.000,4.580,4.662,1.0000
745.1014,444.3031,-583.3460,0.0000,0.000,4.584,4.767,1.0000
750.0932,442.8825,-588.1315,0.0000,0.000,4.674,4.677,1.0000
755.0813,441.4230,-592.9012,0.0000,0.000,4.764,4.586,1.0000
760.0680,439.9842,-597.6758,0.0000,0.000,4.853,4.495,1.0000
765.0560,438.5961,-602.4668,0.0000,0.000,4.893,4.436,1.0000
770.0473,437.2140,-607.2630,0.0000,0.000,4.913,4.391,1.0000
775.0437,435.7819,-612.0497,0.0000,0.000,4.933,4.345,1.0000
780.0486,434.2439,-616.8124,0.0000,0.000,4.953,4.300,1.0000
785.0688,432.5440,-621.5361,0.0000,0.000,4.973,4.254,1.0000
790.0996,430.6331,-626.1899,0.0000,0.000,4.993,4.209,1.0000
795.1188,428.4720,-630.7200,0.0000,0.000,4.829,4.342,1.0000
800.1121,426.0222,-635.0710,0.0000,0.000,4.630,4.508,1.0000
805.0776,423.2450,-639.1872,0.0000,0.000,4.834,4.488,1.0000
810.0275,420.1125,-643.0198,0.0000,0.000,5.170,4.406,1.0000
814.9759,416.6441,-646.5493,0.0000,0.000,5.139,4.569,1.0000
819.9322,412.8720,-649.7643,0.0000,0.000,5.025,4.787,1.0000
824.9016,408.8286,-652.6533,0.0000,0.000,4.956,4.925,1.0000
829.8865,404.5463,-655.2050,0.0000,0.000,4.903,5.035,1.0000
834.8869,400.0574,-657.4079,0.0000,0.000,4.967,4.932,1.0000
839.9010,395.3942,-659.2508,0.0000,0.000,5.101,4.704,1.0000
844.9264,390.5891,-660.7222,0.0000,0.000,5.133,4.697,1.0000
849.9601,385.6744,-661.8107,0.0000,0.000,5.103,4.826,1.0000
854.9995,380.6832,-662.5055,0.0000,0.000,5.099,4.867,1.0000
860.0377,375.6536,-662.7995,0.0000,0.000,5.123,4.816,1.0000
865.0663,370.6262,-662.6878,0.0000,0.000,5.093,4.802,1.0000
870.0779,365.6419,-662.1654,0.0000,0.000,5.027,4.812,1.0000
875.0675,360.7412,-661.2273,0.0000,0.000,5.039,4.784,1.0000
880.0333,355.9650,-659.8686,0.0000,0.000,5.135,4.716,1.0000
884.9777,351.3538,-658.0842,0.0000,0.000,5.145,4.726,1.0000
889.9086,346.9485,-655.8691,0.0000,0.000,5.028,4.852,1.0000
894.8403,342.7897,-653.2183,0.0000,0.000,4.978,4.830,1.0000
899.7947,338.9078,-650.1398,0.0000,0.000,5.028,4.592,1.0000
904.7895,335.2894,-646.6967,0.0000,0.000,5.074,4.451,1.0000
909.8232,331.9096,-642.9665,0.0000,0.000,5.114,4.462,1.0000
914.8775,328.7433,-639.0268,0.0000,0.000,5.131,4.475,1.0000
919.9218,325.7655,-634.9552,0.0000,0.000,5.001,4.497,1.0000
924.9329,322.9451,-630.8133,0.0000,0.000,4.871,4.520,1.0000
929.9206,320.2363,-626.6252,0.0000,0.000,4.741,4.543,1.0000
934.8971,317.5914,-622.4097,0.0000,0.000,4.611,4.565,1.0000
939.8721,314.9628,-618.1858,0.0000,0.000,4.482,4.588,1.0000
944.8542,312.3069,-613.9707,0.0000,0.000,4.408,4.602,1.0000
949.8452,309.6136,-609.7688,0.0000,0.000,4.418,4.603,1.0000
954.8437,306.8879,-605.5789,0.0000,0.000,4.428,4.603,1.0000
959.8480,304.1353,-601.3996,0.0000,0.000,4.438,4.604,1.0000
964.8567,301.3609,-597.2295,0.0000,0.000,4.448,4.605,1.0000
969.8678,298.5702,-593.0673,0.0000,0.000,4.458,4.606,1.0000
974.8798,295.7683,-588.9117,0.0000,0.000,4.467,4.607,1.0000
979.8908,292.9606,-584.7612,0.0000,0.000,4.477,4.607,1.0000
984.8989,290.1523,-580.6145,0.0000,0.000,4.487,4.608,1.0000
989.9025,287.3487,-576.4703,0.0000,0.000,4.497,4.609,1.0000
994.9013,284.5519,-572.3270,0.0000,0.000,4.507,4.610,1.0000
999.8967,281.7623,-568.1831,0.0000,0.000,4.517,4.611,1.0000
1004.8899,278.9798,-564.0370,0.0000,0.000,4.527,4.611,1.0000
1009.8822,276.2045,-559.8872,0.0000,0.000,4.537,4.612,1.0000
1014.8748,273.4366,-555.7322,0.0000,0.000,4.547,4.613,1.0000
1019.8690,270.6760,-551.5703,0.0000,0.000,4.557,4.614,1.0000
1024.8660,267.9230,-547.4000,0.0000,0.000,4.567,4.614,1.0000
1029.8672,265.1775,-543.2198,0.0000,0.000,4.577,4.615,1.0000
1034.8737,262.4396,-539.0282,0.0000,0.000,4.587,4.616,1.0000
1039.8853,259.7043,-534.8290,0.0000,0.000,4.597,4.617,1.0000
1044.8993,256.9603,-530.6325,0.0000,0.000,4.607,4.618,1.0000
1049.9130,254.1957,-526.4498,0.0000,0.000,4.617,4.618,1.0000
1054.9242,251.3988,-522.2918,0.0000,0.000,4.627,4.619,1.0000
1059.9308,248.5576,-518.1694,0.0000,0.000,4.637,4.620,1.0000
1064.9313,245.6606,-514.0937,0.0000,0.000,4.572,4.702,1.0000
1069.9249,242.6957,-510.0755,0.0000,0.000,4.481,4.810,1.0000
1074.9117,239.6512,-506.1259,0.0000,0.000,4.390,4.919,1.0000
1079.8927,236.5145,-502.2567,0.0000,0.000,4.299,5.028,1.0000
1084.8665,233.2607,-498.4948,0.0000,0.000,4.296,5.015,1.0000
1089.8335,229.8554,-494.8788,0.0000,0.000,4.392,4.862,1.0000
1094.8006,226.2639,-491.4476,0.0000,0.000,4.479,4.741,1.0000
1099.7829,222.4515,-488.2400,0.0000,0.000,4.530,4.744,1.0000
1104.8006,218.3903,-485.2930,0.0000,0.000,4.580,4.747,1.0000
1109.8486,214.1014,-482.6308,0.0000,0.000,4.652,4.666,1.0000
1114.9058,209.6283,-480.2715,0.0000,0.000,4.723,4.584,1.0000
1119.9499,205.0143,-478.2332,0.0000,0.000,4.653,4.640,1.0000
1124.9588,200.3027,-476.5336,0.0000,0.000,4.545,4.731,1.0000
1129.9311,195.5219,-475.1669,0.0000,0.000,4.462,4.828,1.0000
1134.8882,190.6815,-474.0975,0.0000,0.000,4.399,4.931,1.0000
1139.8463,185.7899,-473.2878,0.0000,0.000,4.369,4.984,1.0000
1144.8157,180.8554,-472.6999,0.0000,0.000,4.448,4.878,1.0000
1149.8011,175.8864,-472.2963,0.0000,0.000,4.527,4.771,1.0000
1154.8029,170.8912,-472.0393,0.0000,0.000,4.549,4.728,1.0000
1159.8182,165.8781,-471.8912,0.0000,0.000,4.570,4.685,1.0000
1164.8413,160.8555,-471.8143,0.0000,0.000,4.592,4.642,1.0000
1169.8652,155.8319,-471.7694,0.0000,0.000,4.614,4.599,1.0000
1174.8809,150.8168,-471.6932,0.0000,0.000,4.635,4.556,1.0000
1179.8805,145.8207,-471.5045,0.0000,0.000,4.700,4.540,1.0000
1184.8617,140.8542,-471.1216,0.0000,0.000,4.778,4.532,1.0000
1189.8319,135.9279,-470.4628,0.0000,0.000,4.808,4.489,1.0000
1194.8090,131.0540,-469.4544,0.0000,0.000,4.817,4.429,1.0000
1199.7988,126.2570,-468.0808,0.0000,0.000,4.690,4.562,1.0000
1204.7978,121.5666,-466.3516,0.0000,0.000,4.489,4.801,1.0000
1209.8020,117.0128,-464.2769,0.0000,0.000,4.608,4.656,1.0000
1214.8081,112.6252,-461.8664,0.0000,0.000,4.844,4.370,1.0000
1219.8145,108.4300,-459.1343,0.0000,0.000,4.874,4.250,1.0000
1224.8205,104.4489,-456.0995,0.0000,0.000,4.815,4.200,1.0000
1229.8245,100.7031,-452.7814,0.0000,0.000,4.658,4.333,1.0000
1234.8250,97.2139,-449.1994,0.0000,0.000,4.463,4.537,1.0000
1239.8204,94.0027,-445.3729,0.0000,0.000,4.422,4.503,1.0000
1244.8100,91.0909,-441.3211,0.0000,0.000,4.424,4.404,1.0000
1249.7941,88.4996,-437.0636,0.0000,0.000,4.471,4.289,1.0000
1254.7749,86.2503,-432.6195,0.0000,0.000,4.528,4.170,1.0000
1259.7577,84.3593,-428.0095,0.0000,0.000,4.586,4.143,1.0000
1264.7560,82.7742,-423.2693,0.0000,0.000,4.644,4.130,1.0000
1269.7734,81.3923,-418.4459,0.0000,0.000,4.545,4.362,1.0000
1274.7991,80.1098,-413.5866,0.0000,0.000,4.417,4.638,1.0000
1279.8150,78.8229,-408.7386,0.0000,0.000,4.437,4.650,1.0000
1284.8062,77.4419,-403.9423,0.0000,0.000,4.469,4.638,1.0000
1289.7798,75.9752,-399.1899,0.0000,0.000,4.501,4.626,1.0000
1294.7488,74.4725,-394.4535,0.0000,0.000,4.533,4.615,1.0000
1299.7250,72.9838,-389.7052,0.0000,0.000,4.564,4.603,1.0000
1304.7205,71.5577,-384.9175,0.0000,0.000,4.596,4.592,1.0000
1309.7394,70.2034,-380.0849,0.0000,0.000,4.628,4.580,1.0000
1314.7729,68.8813,-375.2281,0.0000,0.000,4.660,4.569,1.0000
1319.8106,67.5493,-370.3697,0.0000,0.000,4.692,4.557,1.0000
1324.8424,66.1650,-365.5321,0.0000,0.000,4.724,4.545,1.0000
1329.8596,64.6862,-360.7377,0.0000,0.000,4.756,4.534,1.0000
1334.8566,63.0705,-356.0091,0.0000,0.000,4.689,4.644,1.0000
1339.8320,61.2757,-351.3688,0.0000,0.000,4.582,4.802,1.0000
1344.7902,59.2594,-346.8391,0.0000,0.000,4.442,4.935,1.0000
1349.7427,56.9795,-342.4425,0.0000,0.000,4.278,5.050,1.0000
1354.7049,54.4147,-338.1946,0.0000,0.000,4.249,5.017,1.0000
1359.6840,51.5869,-334.0964,0.0000,0.000,4.476,4.707,1.0000
1364.6820,48.5235,-330.1473,0.0000,0.000,4.658,4.480,1.0000
1369.6969,45.2516,-326.3467,0.0000,0.000,4.668,4.575,1.0000
1374.7234,41.7982,-322.6944,0.0000,0.000,4.675,4.671,1.0000
1379.7515,38.1776,-319.2054,0.0000,0.000,4.498,4.764,1.0000
1384.7710,34.3894,-315.9122,0.0000,0.000,4.321,4.856,1.0000
1389.7755,30.4321,-312.8488,0.0000,0.000,4.329,4.720,1.0000
1394.7632,26.3043,-310.0491,0.0000,0.000,4.389,4.519,1.0000
1399.7387,22.0083,-307.5390,0.0000,0.000,4.807,4.326,1.0000
1404.7111,17.5601,-305.3168,0.0000,0.000,4.634,4.550,1.0000
1409.6875,12.9786,-303.3741,0.0000,0.000,4.388,4.754,1.0000
1414.6718,8.2828,-301.7029,0.0000,0.000,4.348,4.773,1.0000
1419.6656,3.4916,-300.2948,0.0000,0.000,4.319,4.792,1.0000
1424.6678,-1.3759,-299.1417,0.0000,0.000,4.347,4.815,1.0000
1429.6755,-6.3008,-298.2354,0.0000,0.000,4.378,4.834,1.0000
1434.6835,-11.2641,-297.5676,0.0000,0.000,4.516,4.722,1.0000
1439.6855,-16.2470,-297.1301,0.0000,0.000,4.654,4.609,1.0000
1444.6801,-21.2362,-296.9000,0.0000,0.000,4.636,4.603,1.0000
1449.6748,-26.2304,-296.8255,0.0000,0.000,4.596,4.613,1.0000
1454.6738,-31.2293,-296.8515,0.0000,0.000,4.557,4.622,1.0000
1459.6779,-36.2329,-296.9228,0.0000,0.000,4.517,4.632,1.0000
1464.6863,-41.2409,-296.9849,0.0000,0.000,4.477,4.641,1.0000
1469.6965,-46.2511,-297.0024,0.0000,0.000,4.438,4.650,1.0000
1474.7041,-51.2585,-296.9625,0.0000,0.000,4.398,4.660,1.0000
1479.7051,-56.2583,-296.8535,0.0000,0.000,4.400,4.640,1.0000
1484.6958,-61.2454,-296.6638,0.0000,0.000,4.713,4.402,1.0000
1489.6726,-66.2125,-296.3535,0.0000,0.000,4.936,4.274,1.0000
1494.6364,-71.1437,-295.7849,0.0000,0.000,4.991,4.285,1.0000
1499.6106,-76.0215,-294.8105,0.0000,0.000,4.846,4.460,1.0000
1504.6141,-80.8317,-293.4332,0.0000,0.000,4.701,4.634,1.0000
1509.6326,-85.5623,-291.7579,0.0000,0.000,4.716,4.619,1.0000
1514.6453,-90.2005,-289.8567,0.0000,0.000,4.798,4.524,1.0000
1519.6492,-94.7310,-287.7324,0.0000,0.000,4.874,4.436,1.0000
1524.6453,-99.1389,-285.3802,0.0000,0.000,4.871,4.432,1.0000
1529.6366,-103.4086,-282.7952,0.0000,0.000,4.867,4.427,1.0000
1534.6273,-107.5254,-279.9740,0.0000,0.000,4.845,4.458,1.0000
1539.6188,-111.4758,-276.9230,0.0000,0.000,4.803,4.526,1.0000
1544.6107,-115.2472,-273.6525,0.0000,0.000,4.761,4.594,1.0000
1549.6029,-118.8268,-270.1728,0.0000,0.000,4.801,4.534,1.0000
1554.5954,-122.2020,-266.4941,0.0000,0.000,4.844,4.469,1.0000
1559.5883,-125.3601,-262.6268,0.0000,0.000,4.871,4.416,1.0000
1564.5825,-128.2884,-258.5811,0.0000,0.000,4.789,4.449,1.0000
1569.5795,-130.9741,-254.3673,0.0000,0.000,4.707,4.481,1.0000
1574.5813,-133.4047,-249.9957,0.0000,0.000,4.693,4.454,1.0000
1579.5908,-135.5673,-245.4772,0.0000,0.000,4.726,4.386,1.0000
1584.6052,-137.4486,-240.8290,0.0000,0.000,4.760,4.318,1.0000
1589.6187,-139.0347,-236.0730,0.0000,0.000,4.761,4.323,1.0000
1594.6264,-140.3119,-231.2309,0.0000,0.000,4.761,4.328,1.0000
1599.6245,-141.2663,-226.3248,0.0000,0.000,4.767,4.350,1.0000
1604.6115,-141.8841,-221.3762,0.0000,0.000,4.779,4.400,1.0000
1609.5877,-142.1515,-216.4072,0.0000,0.000,4.791,4.449,1.0000
1614.5563,-142.0547,-211.4395,0.0000,0.000,4.767,4.407,1.0000
1619.5236,-141.5799,-206.4950,0.0000,0.000,4.731,4.337,1.0000
1624.5001,-140.7234,-201.5927,0.0000,0.000,4.701,4.285,1.0000
1629.4989,-139.5437,-196.7352,0.0000,0.000,4.702,4.309,1.0000
1634.5209,-138.1223,-191.9185,0.0000,0.000,4.703,4.333,1.0000
1639.5553,-136.5408,-187.1390,0.0000,0.000,4.650,4.433,1.0000
1644.5834,-134.8809,-182.3928,0.0000,0.000,4.542,4.612,1.0000
1649.5892,-133.2085,-177.6746,0.0000,0.000,4.482,4.719,1.0000
1654.5773,-131.5380,-172.9745,0.0000,0.000,4.501,4.710,1.0000
1659.5570,-129.8733,-168.2813,0.0000,0.000,4.521,4.701,1.0000
1664.5371,-128.2185,-163.5841,0.0000,0.000,4.540,4.692,1.0000
1669.5264,-126.5768,-158.8727,0.0000,0.000,4.560,4.683,1.0000
1674.5264,-124.9457,-154.1462,0.0000,0.000,4.579,4.674,1.0000
1679.5347,-123.3184,-149.4097,0.0000,0.000,4.599,4.665,1.0000
1684.5482,-121.6885,-144.6685,0.0000,0.000,4.618,4.656,1.0000
1689.5643,-120.0492,-139.9279,0.0000,0.000,4.638,4.647,1.0000
1694.5793,-118.4035,-135.1905,0.0000,0.000,4.657,4.638,1.0000
1699.5854,-116.8121,-130.4442,0.0000,0.000,4.616,4.678,1.0000
1704.5754,-115.3563,-125.6712,0.0000,0.000,4.480,4.796,1.0000
1709.5494,-114.1177,-120.8539,0.0000,0.000,4.344,4.914,1.0000
1714.5181,-113.1765,-115.9752,0.0000,0.000,4.425,4.939,1.0000
1719.4941,-112.5713,-111.0361,0.0000,0.000,4.511,4.961,1.0000
1724.4808,-112.2970,-106.0569,0.0000,0.000,4.569,4.898,1.0000
1729.4789,-112.3460,-101.0591,0.0000,0.000,4.610,4.779,1.0000
1734.4873,-112.7108,-96.0640,0.0000,0.000,4.628,4.697,1.0000
1739.5038,-113.3840,-91.0928,0.0000,0.000,4.578,4.724,1.0000
1744.5250,-114.3580,-86.1670,0.0000,0.000,4.529,4.751,1.0000
1749.5467,-115.6253,-81.3079,0.0000,0.000,4.546,4.781,1.0000
1754.5643,-117.1785,-76.5367,0.0000,0.000,4.583,4.811,1.0000
1759.5731,-119.0101,-71.8748,0.0000,0.000,4.602,4.809,1.0000
1764.5706,-121.1123,-67.3410,0.0000,0.000,4.598,4.762,1.0000
1769.5584,-123.4773,-62.9495,0.0000,0.000,4.593,4.718,1.0000
1774.5387,-126.0972,-58.7140,0.0000,0.000,4.430,4.914,1.0000
1779.5135,-128.9639,-54.6482,0.0000,0.000,4.268,5.110,1.0000
1784.4851,-132.0695,-50.7660,0.0000,0.000,4.286,5.087,1.0000
1789.4562,-135.4060,-47.0809,0.0000,0.000,4.453,4.882,1.0000
1794.4301,-138.9656,-43.6069,0.0000,0.000,4.599,4.700,1.0000
1799.4106,-142.7402,-40.3576,0.0000,0.000,4.592,4.673,1.0000
1804.4026,-146.7212,-37.3456,0.0000,0.000,4.585,4.647,1.0000
1809.4119,-150.8834,-34.5584,0.0000,0.000,4.564,4.684,1.0000
1814.4388,-155.1848,-31.9567,0.0000,0.000,4.536,4.753,1.0000
1819.4758,-159.5820,-29.5000,0.0000,0.000,4.509,4.821,1.0000
1824.5093,-164.0322,-27.1481,0.0000,0.000,4.482,4.888,1.0000
1829.5233,-168.4952,-24.8630,0.0000,0.000,4.496,4.865,1.0000
1834.5158,-172.9634,-22.6358,0.0000,0.000,4.510,4.842,1.0000
1839.4945,-177.4488,-20.4750,0.0000,0.000,4.525,4.818,1.0000
1844.4680,-181.9639,-18.3895,0.0000,0.000,4.539,4.795,1.0000
1849.4452,-186.5208,-16.3878,0.0000,0.000,4.553,4.703,1.0000
1854.4327,-191.1239,-14.4678,0.0000,0.000,4.568,4.606,1.0000
1859.4310,-195.7633,-12.6080,0.0000,0.000,4.582,4.508,1.0000
1864.4390,-200.4279,-10.7854,0.0000,0.000,4.573,4.469,1.0000
1869.4549,-205.1064,-8.9766,0.0000,0.000,4.552,4.459,1.0000
1874.4760,-209.7902,-7.1675,0.0000,0.000,4.531,4.450,1.0000
1879.4948,-214.4855,-5.3945,0.0000,0.000,4.398,4.530,1.0000
1884.5039,-219.2033,-3.7114,0.0000,0.000,4.161,4.693,1.0000
1889.4987,-223.9550,-2.1721,0.0000,0.000,4.036,4.789,1.0000
1894.4795,-228.7512,-0.8289,0.0000,0.000,4.443,4.561,1.0000
1899.4530,-233.5948,0.3004,0.0000,0.000,4.786,4.376,1.0000
1904.4268,-238.4804,1.2331,0.0000,0.000,4.617,4.530,1.0000
1909.4060,-243.4020,1.9881,0.0000,0.000,4.516,4.609,1.0000
1914.3938,-248.3541,2.5843,0.0000,0.000,4.540,4.545,1.0000
1919.3913,-253.3306,3.0406,0.0000,0.000,4.564,4.481,1.0000
1924.3978,-258.3260,3.3760,0.0000,0.000,4.443,4.571,1.0000
1929.4116,-263.3343,3.6093,0.0000,0.000,4.275,4.712,1.0000
1934.4293,-268.3497,3.7594,0.0000,0.000,4.224,4.743,1.0000
1939.4469,-273.3666,3.8451,0.0000,0.000,4.260,4.696,1.0000
1944.4609,-278.3806,3.8755,0.0000,0.000,4.295,4.650,1.0000
1949.4702,-283.3898,3.8431,0.0000,0.000,4.330,4.603,1.0000
1954.4742,-288.3927,3.7391,0.0000,0.000,4.370,4.551,1.0000
1959.4727,-293.3877,3.5543,0.0000,0.000,4.539,4.340,1.0000
1964.4658,-298.3733,3.2798,0.0000,0.000,4.708,4.129,1.0000
1969.4544,-303.3479,2.9065,0.0000,0.000,4.643,4.189,1.0000
1974.4396,-308.3098,2.4254,0.0000,0.000,4.417,4.436,1.0000
1979.4234,-313.2577,1.8276,0.0000,0.000,4.191,4.682,1.0000
1984.4081,-318.1895,1.1035,0.0000,0.000,4.091,4.763,1.0000
1989.3932,-323.0980,0.2333,0.0000,0.000,4.017,4.810,1.0000
1994.3766,-327.9703,-0.8132,0.0000,0.000,3.942,4.857,1.0000
1999.3597,-332.7933,-2.0664,0.0000,0.000,4.071,4.716,1.0000
2004.3482,-337.5538,-3.5571,0.0000,0.000,4.261,4.519,1.0000
2009.3518,-342.2407,-5.3091,0.0000,0.000,4.451,4.321,1.0000
2014.3747,-346.8614,-7.2784,0.0000,0.000,4.536,4.250,1.0000
2019.4083,-351.4346,-9.3815,0.0000,0.000,4.515,4.309,1.0000
2024.4366,-355.9788,-11.5343,0.0000,0.000,4.494,4.367,1.0000
2029.4412,-360.5126,-13.6533,0.0000,0.000,4.472,4.426,1.0000
2034.4161,-365.0470,-15.7001,0.0000,0.000,4.451,4.484,1.0000
2039.3755,-369.5804,-17.7110,0.0000,0.000,4.430,4.543,1.0000
2044.3345,-374.1100,-19.7295,0.0000,0.000,4.409,4.601,1.0000
2049.3084,-378.6330,-21.7990,0.0000,0.000,4.401,4.638,1.0000
2054.3132,-383.1461,-23.9621,0.0000,0.000,4.431,4.615,1.0000
2059.3489,-387.6360,-26.2421,0.0000,0.000,4.462,4.591,1.0000
2064.3997,-392.0794,-28.6437,0.0000,0.000,4.492,4.567,1.0000
2069.4505,-396.4526,-31.1707,0.0000,0.000,4.456,4.601,1.0000
2074.4871,-400.7318,-33.8269,0.0000,0.000,4.416,4.639,1.0000
2079.5011,-404.9001,-36.6136,0.0000,0.000,4.376,4.677,1.0000
2084.4969,-408.9601,-39.5247,0.0000,0.000,4.354,4.692,1.0000
2089.4802,-412.9179,-42.5528,0.0000,0.000,4.356,4.677,1.0000
2094.4560,-416.7795,-45.6907,0.0000,0.000,4.357,4.662,1.0000
2099.4282,-420.5510,-48.9309,0.0000,0.000,4.401,4.631,1.0000
2104.4002,-424.2385,-52.2660,0.0000,0.000,4.551,4.560,1.0000
2109.3746,-427.8481,-55.6888,0.0000,0.000,4.672,4.479,1.0000
2114.3532,-431.3857,-59.1918,0.0000,0.000,4.649,4.345,1.0000
2119.3372,-434.8576,-62.7676,0.0000,0.000,4.428,4.382,1.0000
2124.3274,-438.2698,-66.4090,0.0000,0.000,4.168,4.463,1.0000
2129.3241,-441.6283,-70.1085,0.0000,0.000,4.078,4.425,1.0000
2134.3268,-444.9392,-73.8589,0.0000,0.000,3.988,4.387,1.0000
2139.3349,-448.2086,-77.6526,0.0000,0.000,3.899,4.349,1.0000
2144.3475,-451.4426,-81.4824,0.0000,0.000,3.875,4.329,1.0000
2149.3632,-454.6472,-85.3409,0.0000,0.000,3.890,4.318,1.0000
2154.3806,-457.8286,-89.2207,0.0000,0.000,3.905,4.308,1.0000
2159.3979,-460.9927,-93.1145,0.0000,0.000,3.920,4.298,1.0000
2164.4133,-464.1457,-97.0149,0.0000,0.000,3.935,4.288,1.0000
2169.4255,-467.2922,-100.9163,0.0000,0.000,3.950,4.277,1.0000
2174.4344,-470.4336,-104.8178,0.0000,0.000,3.964,4.267,1.0000
2179.4403,-473.5700,-108.7193,0.0000,0.000,3.979,4.257,1.0000
2184.4436,-476.7021,-112.6210,0.0000,0.000,3.994,4.247,1.0000
2189.4445,-479.8302,-116.5228,0.0000,0.000,4.009,4.236,1.0000
2194.4433,-482.9548,-120.4247,0.0000,0.000,4.024,4.226,1.0000
2199.4403,-486.0763,-124.3267,0.0000,0.000,4.039,4.216,1.0000
2204.4357,-489.1952,-128.2288,0.0000,0.000,4.053,4.205,1.0000
2209.4298,-492.3119,-132.1311,0.0000,0.000,4.068,4.195,1.0000
2214.4229,-495.4269,-136.0334,0.0000,0.000,4.083,4.185,1.0000
2219.4153,-498.5406,-139.9358,0.0000,0.000,4.098,4.175,1.0000
2224.4073,-501.6535,-143.8383,0.0000,0.000,4.113,4.164,1.0000
2229.3991,-504.7659,-147.7409,0.0000,0.000,4.127,4.154,1.0000
2234.3909,-507.8784,-151.6436,0.0000,0.000,4.142,4.144,1.0000
2239.3832,-510.9915,-155.5464,0.0000,0.000,4.157,4.134,1.0000
2244.3761,-514.1054,-159.4494,0.0000,0.000,4.172,4.123,1.0000
2249.3700,-517.2207,-163.3524,0.0000,0.000,4.187,4.113,1.0000
2254.3651,-520.3379,-167.2554,0.0000,0.000,4.202,4.103,1.0000
2259.3620,-523.4581,-171.1585,0.0000,0.000,4.216,4.092,1.0000
2264.3647,-526.5900,-175.0595,0.0000,0.000,4.231,4.082,1.0000
2269.3790,-529.7465,-178.9556,0.0000,0.000,4.246,4.072,1.0000
2274.4109,-532.9403,-182.8441,0.0000,0.000,4.261,4.062,1.0000
2279.4668,-536.1843,-186.7220,0.0000,0.000,4.277,4.051,1.0000
2284.5396,-539.5027,-190.5588,0.0000,0.000,4.416,3.984,1.0000
2289.5619,-542.9760,-194.1865,0.0000,0.000,4.616,4.302,1.0000
2294.4787,-546.7025,-197.3940,0.0000,0.000,4.832,4.728,1.0000
2299.3022,-550.7803,-199.9704,0.0000,0.000,5.270,4.553,1.0000
2304.1477,-555.2996,-201.7182,0.0000,0.000,5.619,4.298,1.0000
2309.1378,-560.1903,-202.7089,0.0000,0.000,5.591,4.323,1.0000
2314.2119,-565.2340,-203.2640,0.0000,0.000,5.563,4.347,1.0000
2319.2577,-570.2643,-203.6595,0.0000,0.000,5.535,4.371,1.0000
2324.2746,-575.2677,-204.0269,0.0000,0.000,5.506,4.395,1.0000
2329.2784,-580.2541,-204.4437,0.0000,0.000,5.478,4.419,1.0000
2334.2746,-585.2288,-204.9074,0.0000,0.000,5.450,4.443,1.0000
2339.2668,-590.1964,-205.4023,0.0000,0.000,5.422,4.468,1.0000
2344.2582,-595.1615,-205.9128,0.0000,0.000,5.394,4.492,1.0000
2349.2515,-600.1286,-206.4244,0.0000,0.000,5.366,4.516,1.0000
2354.2475,-605.0987,-206.9316,0.0000,0.000,5.338,4.540,1.0000
2359.2458,-610.0718,-207.4338,0.0000,0.000,5.310,4.564,1.0000
2364.2463,-615.0475,-207.9305,0.0000,0.000,5.281,4.588,1.0000
2369.2484,-620.0256,-208.4212,0.0000,0.000,5.253,4.613,1.0000
2374.2520,-625.0057,-208.9052,0.0000,0.000,5.225,4.637,1.0000
2379.2566,-629.9876,-209.3820,0.0000,0.000,5.197,4.661,1.0000
2384.2621,-634.9710,-209.8510,0.0000,0.000,5.169,4.685,1.0000
2389.2679,-639.9556,-210.3117,0.0000,0.000,5.141,4.709,1.0000
2394.2739,-644.9411,-210.7639,0.0000,0.000,5.113,4.733,1.0000
2399.2788,-649.9257,-211.2149,0.0000,0.000,5.085,4.757,1.0000
2404.2810,-654.9063,-211.6788,0.0000,0.000,5.056,4.782,1.0000
2409.2787,-659.8798,-212.1698,0.0000,0.000,5.028,4.806,1.0000
2414.2705,-664.8432,-212.7020,0.0000,0.000,5.000,4.830,1.0000
2419.2560,-669.7947,-213.2826,0.0000,0.000,4.972,4.854,1.0000
2424.2399,-674.7455,-213.8563,0.0000,0.000,4.944,4.878,1.0000
2429.2306,-679.7131,-214.3353,0.0000,0.000,4.916,4.902,1.0000
2434.2416,-684.7153,-214.6318,0.0000,0.000,4.987,4.922,1.0000
2439.2946,-689.7683,-214.6565,0.0000,0.000,5.509,4.920,1.0000
2444.3487,-694.8053,-214.2419,0.0000,0.000,5.819,5.141,1.0000
2449.3127,-699.6373,-213.1045,0.0000,0.000,5.380,6.141,1.0000
2454.2033,-704.0543,-211.0049,0.0000,0.000,6.017,5.687,1.0000
2459.0358,-707.7973,-207.9483,0.0000,0.000,6.011,4.829,1.0000
2463.8694,-710.6113,-204.0183,0.0000,0.000,5.205,4.826,1.0000
2468.8408,-712.5557,-199.4429,0.0000,0.000,4.872,4.831,1.0000
2473.9089,-713.9572,-194.5724,0.0000,0.000,4.530,4.727,1.0000
2478.9434,-715.1010,-189.6696,0.0000,0.000,4.410,4.667,1.0000
2483.9525,-716.1470,-184.7709,0.0000,0.000,4.415,4.641,1.0000
2488.9575,-717.1987,-179.8777,0.0000,0.000,4.420,4.616,1.0000
2493.9612,-718.2668,-174.9893,0.0000,0.000,4.425,4.590,1.0000
2498.9638,-719.3482,-170.1049,0.0000,0.000,4.430,4.564,1.0000
2503.9657,-720.4398,-165.2236,0.0000,0.000,4.435,4.539,1.0000
2508.9668,-721.5383,-160.3446,0.0000,0.000,4.440,4.513,1.0000
2513.9674,-722.6406,-155.4671,0.0000,0.000,4.445,4.488,1.0000
2518.9676,-723.7436,-150.5900,0.0000,0.000,4.450,4.462,1.0000
2523.9676,-724.8439,-145.7126,0.0000,0.000,4.455,4.437,1.0000
2528.9675,-725.9386,-140.8341,0.0000,0.000,4.460,4.411,1.0000
2533.9673,-727.0259,-135.9538,0.0000,0.000,4.468,4.385,1.0000
2538.9672,-728.1060,-131.0720,0.0000,0.000,4.604,4.342,1.0000
2543.9671,-729.1793,-126.1886,0.0000,0.000,4.513,4.327,1.0000
2548.9671,-730.2461,-121.3038,0.0000,0.000,4.423,4.311,1.0000
2553.9671,-731.3070,-116.4176,0.0000,0.000,4.332,4.295,1.0000
2558.9672,-732.3623,-111.5302,0.0000,0.000,4.242,4.280,1.0000
2563.9674,-733.4123,-106.6415,0.0000,0.000,4.230,4.277,1.0000
2568.9676,-734.4576,-101.7517,0.0000,0.000,4.219,4.274,1.0000
2573.9679,-735.4984,-96.8610,0.0000,0.000,4.207,4.272,1.0000
2578.9683,-736.5352,-91.9692,0.0000,0.000,4.195,4.269,1.0000
2583.9688,-737.5684,-87.0766,0.0000,0.000,4.184,4.266,1.0000
2588.9694,-738.5983,-82.1833,0.0000,0.000,4.172,4.264,1.0000
2593.9700,-739.6255,-77.2893,0.0000,0.000,4.161,4.261,1.0000
2598.9708,-740.6501,-72.3946,0.0000,0.000,4.149,4.258,1.0000
2603.9716,-741.6728,-67.4995,0.0000,0.000,4.137,4.256,1.0000
2608.9725,-742.6938,-62.6039,0.0000,0.000,4.126,4.253,1.0000
2613.9735,-743.7135,-57.7080,0.0000,0.000,4.114,4.251,1.0000
2618.9745,-744.7324,-52.8118,0.0000,0.000,4.103,4.248,1.0000
2623.9757,-745.7508,-47.9155,0.0000,0.000,4.091,4.245,1.0000
2628.9769,-746.7692,-43.0191,0.0000,0.000,4.079,4.243,1.0000
2633.9782,-747.7879,-38.1226,0.0000,0.000,4.068,4.240,1.0000
2638.9795,-748.8073,-33.2263,0.0000,0.000,4.056,4.237,1.0000
2643.9809,-749.8278,-28.3301,0.0000,0.000,4.045,4.235,1.0000
2648.9824,-750.8499,-23.4342,0.0000,0.000,4.033,4.232,1.0000
2653.9839,-751.8739,-18.5386,0.0000,0.000,4.021,4.229,1.0000
2658.9856,-752.9002,-13.6434,0.0000,0.000,4.010,4.227,1.0000
2663.9872,-753.9292,-8.7487,0.0000,0.000,3.998,4.224,1.0000
2668.9889,-754.9613,-3.8546,0.0000,0.000,3.987,4.221,1.0000
2673.9907,-755.9969,1.0388,0.0000,0.000,3.975,4.219,1.0000
2678.9926,-757.0365,5.9314,0.0000,0.000,3.963,4.216,1.0000
2683.9945,-758.0803,10.8232,0.0000,0.000,3.952,4.214,1.0000
2688.9965,-759.1288,15.7140,0.0000,0.000,3.940,4.211,1.0000
2693.9985,-760.1824,20.6039,0.0000,0.000,3.929,4.208,1.0000
2699.0007,-761.2414,25.4926,0.0000,0.000,3.917,4.206,1.0000
2704.0029,-762.3064,30.3802,0.0000,0.000,3.905,4.203,1.0000
2709.0052,-763.3775,35.2665,0.0000,0.000,3.894,4.200,1.0000
2714.0074,-764.4500,40.1523,0.0000,0.000,3.882,4.198,1.0000
2719.0090,-765.5122,45.0398,0.0000,0.000,3.877,4.185,1.0000
2724.0094,-766.5519,49.9310,0.0000,0.000,3.927,4.079,1.0000
2729.0085,-767.5571,54.8279,0.0000,0.000,3.977,3.974,1.0000
2734.0062,-768.5156,59.7329,0.0000,0.000,4.028,3.869,1.0000
2739.0028,-769.4151,64.6478,0.0000,0.000,4.078,3.764,1.0000
2743.9990,-770.2436,69.5749,0.0000,0.000,4.128,3.658,1.0000
2748.9963,-770.9889,74.5163,0.0000,0.000,4.187,3.656,1.0000
2753.9964,-771.6388,79.4740,0.0000,0.000,4.250,3.690,1.0000
2758.9979,-772.1689,84.4473,0.0000,0.000,4.312,3.724,1.0000
2763.9921,-772.5270,89.4286,0.0000,0.000,4.285,3.795,1.0000
2768.9748,-772.6564,94.4096,0.0000,0.000,4.203,3.889,1.0000
2773.9493,-772.5009,99.3817,0.0000,0.000,4.127,3.977,1.0000
2778.9289,-772.0051,104.3366,0.0000,0.000,4.125,3.990,1.0000
2783.9293,-771.1642,109.2658,0.0000,0.000,4.122,4.003,1.0000
2788.9523,-770.0404,114.1614,0.0000,0.000,4.161,3.985,1.0000
2793.9877,-768.7010,119.0154,0.0000,0.000,4.238,3.939,1.0000
2799.0172,-767.2130,123.8198,0.0000,0.000,4.316,3.893,1.0000
2804.0227,-765.6326,128.5692,0.0000,0.000,4.394,3.847,1.0000
2809.0084,-763.9711,133.2699,0.0000,0.000,4.434,3.893,1.0000
2813.9845,-762.2281,137.9308,0.0000,0.000,4.433,4.036,1.0000
2818.9613,-760.4033,142.5610,0.0000,0.000,4.433,4.178,1.0000
2823.9487,-758.4964,147.1694,0.0000,0.000,4.433,4.321,1.0000
2828.9521,-756.5169,151.7646,0.0000,0.000,4.433,4.464,1.0000
2833.9660,-754.4969,156.3536,0.0000,0.000,4.466,4.547,1.0000
2838.9827,-752.4715,160.9433,0.0000,0.000,4.504,4.619,1.0000
2843.9944,-750.4758,165.5405,0.0000,0.000,4.543,4.692,1.0000
2848.9951,-748.5384,170.1506,0.0000,0.000,4.581,4.764,1.0000
2853.9876,-746.6372,174.7670,0.0000,0.000,4.620,4.837,1.0000
2858.9777,-744.7276,179.3772,0.0000,0.000,4.658,4.909,1.0000
2863.9718,-742.7646,183.9693,0.0000,0.000,4.697,4.981,1.0000
2868.9774,-740.7050,188.5316,0.0000,0.000,4.735,5.054,1.0000
2873.9934,-738.5805,193.0755,0.0000,0.000,4.774,5.126,1.0000
2879.0041,-736.5206,197.6432,0.0000,0.000,4.812,5.199,1.0000
2883.9985,-734.6615,202.2786,0.0000,0.000,4.851,5.271,1.0000
2888.9838,-733.1392,207.0259,0.0000,0.000,4.925,5.416,1.0000
2893.9735,-732.1109,211.9085,0.0000,0.000,5.101,5.763,1.0000
2898.9411,-731.8170,216.8674,0.0000,0.000,5.382,5.885,1.0000
2903.9341,-732.5087,221.8122,0.0000,0.000,5.718,5.888,1.0000
2908.9457,-734.2872,226.4975,0.0000,0.000,5.923,6.182,1.0000
2913.9094,-737.1391,230.5603,0.0000,0.000,6.087,6.508,1.0000
2918.8505,-740.9676,233.6839,0.0000,0.000,6.246,6.820,1.0000
2923.7963,-745.5019,235.6589,0.0000,0.000,6.454,7.042,1.0000
2928.7802,-750.4408,236.3272,0.0000,0.000,6.643,7.032,1.0000
2933.7984,-755.4295,235.7840,0.0000,0.000,6.738,7.053,1.0000
2938.7470,-760.1267,234.2269,0.0000,0.000,6.785,7.017,1.0000
2943.6762,-764.4333,231.8290,0.0000,0.000,6.842,6.840,1.0000
2948.6570,-768.3510,228.7531,0.0000,0.000,6.703,6.938,1.0000
2953.6929,-771.8816,225.1622,0.0000,0.000,6.598,7.127,1.0000
2958.7371,-775.0273,221.2190,0.0000,0.000,6.607,7.388,1.0000
2963.7358,-777.8075,217.0648,0.0000,0.000,6.481,7.131,1.0000
2968.7100,-780.3047,212.7629,0.0000,0.000,6.355,6.873,1.0000
2973.6838,-782.6161,208.3587,0.0000,0.000,6.228,6.615,1.0000
2978.6675,-784.8385,203.8979,0.0000,0.000,6.102,6.358,1.0000
2983.6645,-787.0652,199.4246,0.0000,0.000,5.976,6.100,1.0000
2988.6720,-789.3400,194.9635,0.0000,0.000,5.850,5.842,1.0000
2993.6848,-791.6723,190.5264,0.0000,0.000,5.723,5.585,1.0000
2998.6977,-794.0705,186.1244,0.0000,0.000,5.597,5.327,1.0000
3003.7062,-796.5432,181.7688,0.0000,0.000,5.471,5.070,1.0000
3008.7074,-799.0966,177.4686,0.0000,0.000,5.345,4.812,1.0000
3013.7031,-801.7210,173.2177,0.0000,0.000,5.211,4.678,1.0000
3018.6965,-804.4005,169.0042,0.0000,0.000,5.072,4.647,1.0000
3023.6896,-807.1190,164.8159,0.0000,0.000,4.932,4.617,1.0000
3028.6843,-809.8608,160.6411,0.0000,0.000,4.792,4.586,1.0000
3033.6811,-812.6136,156.4710,0.0000,0.000,4.653,4.555,1.0000
3038.6797,-815.3701,152.3011,0.0000,0.000,4.513,4.524,1.0000
3043.6797,-818.1228,148.1271,0.0000,0.000,4.373,4.493,1.0000
3048.6807,-820.8644,143.9445,0.0000,0.000,4.234,4.463,1.0000
3053.6824,-823.5875,139.7491,0.0000,0.000,4.103,4.432,1.0000
3058.6847,-826.2850,135.5364,0.0000,0.000,4.164,4.409,1.0000
3063.6875,-828.9494,131.3022,0.0000,0.000,4.225,4.386,1.0000
3068.6910,-831.5734,127.0419,0.0000,0.000,4.287,4.363,1.0000
3073.6955,-834.1520,122.7529,0.0000,0.000,4.348,4.340,1.0000
3078.6997,-836.7088,118.4511,0.0000,0.000,4.409,4.316,1.0000
3083.7008,-839.2869,114.1658,0.0000,0.000,4.471,4.293,1.0000
3088.6968,-841.9303,109.9264,0.0000,0.000,4.532,4.270,1.0000
3093.6882,-844.6824,105.7623,0.0000,0.000,4.514,4.291,1.0000
3098.6793,-847.5798,101.6982,0.0000,0.000,4.463,4.331,1.0000
3103.6753,-850.6120,97.7276,0.0000,0.000,4.411,4.372,1.0000
3108.6777,-853.7499,93.8317,0.0000,0.000,4.402,4.363,1.0000
3113.6856,-856.9645,89.9919,0.0000,0.000,4.470,4.265,1.0000
3118.6959,-860.2274,86.1897,0.0000,0.000,4.539,4.167,1.0000
3123.7051,-863.5296,82.4231,0.0000,0.000,4.556,4.160,1.0000
3128.7106,-866.8843,78.7081,0.0000,0.000,4.514,4.255,1.0000
3133.7109,-870.3061,75.0619,0.0000,0.000,4.471,4.351,1.0000
3138.7057,-873.8094,71.5017,0.0000,0.000,4.429,4.446,1.0000
3143.6963,-877.4082,68.0442,0.0000,0.000,4.442,4.429,1.0000
3148.6846,-881.1095,64.7000,0.0000,0.000,4.557,4.200,1.0000
3153.6731,-884.9158,61.4755,0.0000,0.000,4.637,4.012,1.0000
3158.6647,-888.8293,58.3770,0.0000,0.000,4.494,4.084,1.0000
3163.6629,-892.8523,55.4109,0.0000,0.000,4.402,4.137,1.0000
3168.6694,-896.9808,52.5790,0.0000,0.000,4.523,4.111,1.0000
3173.6802,-901.1992,49.8747,0.0000,0.000,4.645,4.086,1.0000
3178.6895,-905.4904,47.2902,0.0000,0.000,4.767,4.060,1.0000
3183.6901,-909.8371,44.8179,0.0000,0.000,4.888,4.034,1.0000
3188.6741,-914.2233,42.4512,0.0000,0.000,5.010,4.008,1.0000
3193.6446,-918.6616,40.2137,0.0000,0.000,5.104,4.034,1.0000
3198.6224,-923.1975,38.1632,0.0000,0.000,5.155,4.141,1.0000
3203.6260,-927.8595,36.3459,0.0000,0.000,5.206,4.248,1.0000
3208.6375,-932.6141,34.7622,0.0000,0.000,5.257,4.355,1.0000
3213.6334,-937.4248,33.4147,0.0000,0.000,5.307,4.462,1.0000
3218.6134,-942.2892,32.3478,0.0000,0.000,5.310,4.572,1.0000
3223.5909,-947.2106,31.6024,0.0000,0.000,5.259,4.685,1.0000
3228.5806,-952.1717,31.0687,0.0000,0.000,5.208,4.799,1.0000
3233.5792,-957.1432,30.5495,0.0000,0.000,5.157,4.912,1.0000
3238.5822,-962.1143,29.9851,0.0000,0.000,5.106,5.025,1.0000
3243.5878,-967.0865,29.4078,0.0000,0.000,5.055,5.139,1.0000
3248.5937,-972.0614,28.8514,0.0000,0.000,5.143,5.161,1.0000
3253.5983,-977.0407,28.3497,0.0000,0.000,5.244,5.176,1.0000
3258.6008,-982.0252,27.9258,0.0000,0.000,5.345,5.190,1.0000
3263.6015,-987.0142,27.5829,0.0000,0.000,5.411,5.187,1.0000
3268.6006,-992.0065,27.3218,0.0000,0.000,5.342,5.118,1.0000
3273.5984,-997.0011,27.1433,0.0000,0.000,5.274,5.049,1.0000
3278.5954,-1001.9972,27.0483,0.0000,0.000,5.205,4.980,1.0000
3283.5918,-1006.9936,27.0377,0.0000,0.000,5.189,4.926,1.0000
3288.5881,-1011.9893,27.1122,0.0000,0.000,5.236,4.890,1.0000
3293.5848,-1016.9834,27.2728,0.0000,0.000,5.283,4.854,1.0000
3298.5824,-1021.9749,27.5203,0.0000,0.000,5.239,4.960,1.0000
3303.5814,-1026.9627,27.8546,0.0000,0.000,5.168,5.107,1.0000
3308.5818,-1031.9456,28.2729,0.0000,0.000,5.098,5.254,1.0000
3313.5836,-1036.9224,28.7715,0.0000,0.000,5.082,5.303,1.0000
3318.5864,-1041.8921,29.3470,0.0000,0.000,5.166,5.178,1.0000
3323.5899,-1046.8534,29.9957,0.0000,0.000,5.249,5.053,1.0000
3328.5935,-1051.8051,30.7142,0.0000,0.000,5.333,4.927,1.0000
3333.5964,-1056.7460,31.4988,0.0000,0.000,5.416,4.802,1.0000
3338.5977,-1061.6751,32.3460,0.0000,0.000,5.450,4.727,1.0000
3343.5964,-1066.5910,33.2523,0.0000,0.000,5.411,4.726,1.0000
3348.5923,-1071.4929,34.2168,0.0000,0.000,5.373,4.724,1.0000
3353.5865,-1076.3803,35.2439,0.0000,0.000,5.335,4.722,1.0000
3358.5803,-1081.2528,36.3380,0.0000,0.000,5.297,4.720,1.0000
3363.5755,-1086.1100,37.5041,0.0000,0.000,5.259,4.719,1.0000
3368.5738,-1090.9514,38.7465,0.0000,0.000,5.220,4.717,1.0000
3373.5756,-1095.7762,40.0654,0.0000,0.000,5.189,4.724,1.0000
3378.5792,-1100.5828,41.4554,0.0000,0.000,5.182,4.762,1.0000
3383.5827,-1105.3698,42.9113,0.0000,0.000,5.174,4.799,1.0000
3388.5840,-1110.1356,44.4278,0.0000,0.000,5.167,4.837,1.0000
3393.5818,-1114.8812,45.9957,0.0000,0.000,5.159,4.874,1.0000
3398.5781,-1119.6148,47.5945,0.0000,0.000,5.152,4.912,1.0000
3403.5749,-1124.3463,49.2010,0.0000,0.000,5.144,4.949,1.0000
3408.5743,-1129.0857,50.7922,0.0000,0.000,5.098,4.906,1.0000
3413.5782,-1133.8416,52.3478,0.0000,0.000,5.037,4.832,1.0000
3418.5857,-1138.6085,53.8814,0.0000,0.000,4.976,4.759,1.0000
3423.5936,-1143.3718,55.4275,0.0000,0.000,4.915,4.685,1.0000
3428.5992,-1148.1169,57.0212,0.0000,0.000,4.854,4.611,1.0000
3433.6005,-1152.8290,58.6973,0.0000,0.000,4.793,4.538,1.0000
3438.5981,-1157.4987,60.4776,0.0000,0.000,4.742,4.463,1.0000
3443.5934,-1162.1259,62.3598,0.0000,0.000,4.724,4.382,1.0000
3448.5879,-1166.7114,64.3392,0.0000,0.000,4.706,4.301,1.0000
3453.5826,-1171.2561,66.4111,0.0000,0.000,4.688,4.220,1.0000
3458.5782,-1175.7608,68.5706,0.0000,0.000,4.670,4.139,1.0000
3463.5753,-1180.2265,70.8131,0.0000,0.000,4.631,4.091,1.0000
3468.5741,-1184.6539,73.1337,0.0000,0.000,4.556,4.101,1.0000
3473.5745,-1189.0440,75.5278,0.0000,0.000,4.480,4.111,1.0000
3478.5764,-1193.3975,77.9905,0.0000,0.000,4.404,4.120,1.0000
3483.5792,-1197.7146,80.5186,0.0000,0.000,4.328,4.130,1.0000
3488.5822,-1201.9924,83.1129,0.0000,0.000,4.307,4.151,1.0000
3493.5848,-1206.2277,85.7752,0.0000,0.000,4.358,4.188,1.0000
3498.5864,-1210.4172,88.5074,0.0000,0.000,4.409,4.224,1.0000
3503.5869,-1214.5576,91.3113,0.0000,0.000,4.460,4.260,1.0000
3508.5861,-1218.6457,94.1887,0.0000,0.000,4.517,4.289,1.0000
3513.5839,-1222.6781,97.1414,0.0000,0.000,4.614,4.263,1.0000
3518.5807,-1226.6515,100.1711,0.0000,0.000,4.710,4.237,1.0000
3523.5768,-1230.5628,103.2798,0.0000,0.000,4.807,4.211,1.0000
3528.5730,-1234.4088,106.4688,0.0000,0.000,4.904,4.186,1.0000
3533.5694,-1238.1879,109.7372,0.0000,0.000,5.000,4.160,1.0000
3538.5662,-1241.8989,113.0832,0.0000,0.000,4.867,4.337,1.0000
3543.5635,-1245.5409,116.5052,0.0000,0.000,4.700,4.542,1.0000
3548.5615,-1249.1125,120.0014,0.0000,0.000,4.533,4.748,1.0000
3553.5602,-1252.6127,123.5700,0.0000,0.000,4.485,4.780,1.0000
3558.5595,-1256.0402,127.2094,0.0000,0.000,4.541,4.661,1.0000
3563.5595,-1259.3941,130.9178,0.0000,0.000,4.596,4.541,1.0000
3568.5602,-1262.6731,134.6934,0.0000,0.000,4.646,4.475,1.0000
3573.5616,-1265.8760,138.5346,0.0000,0.000,4.689,4.476,1.0000
3578.5633,-1269.0012,142.4398,0.0000,0.000,4.732,4.477,1.0000
3583.5649,-1272.0465,146.4074,0.0000,0.000,4.751,4.468,1.0000
3588.5662,-1275.0101,150.4361,0.0000,0.000,4.768,4.459,1.0000
3593.5669,-1277.8897,154.5244,0.0000,0.000,4.785,4.450,1.0000
3598.5666,-1280.6835,158.6707,0.0000,0.000,4.785,4.459,1.0000
3603.5652,-1283.3894,162.8736,0.0000,0.000,4.784,4.468,1.0000
3608.5627,-1286.0053,167.1317,0.0000,0.000,4.783,4.477,1.0000
3613.5588,-1288.5292,171.4435,0.0000,0.000,4.782,4.486,1.0000
3618.5538,-1290.9605,175.8069,0.0000,0.000,4.749,4.483,1.0000
3623.5493,-1293.3069,180.2169,0.0000,0.000,4.704,4.475,1.0000
3628.5464,-1295.5791,184.6676,0.0000,0.000,4.658,4.467,1.0000
3633.5458,-1297.7874,189.1529,0.0000,0.000,4.613,4.460,1.0000
3638.5478,-1299.9425,193.6668,0.0000,0.000,4.582,4.457,1.0000
3643.5519,-1302.0549,198.2031,0.0000,0.000,4.579,4.466,1.0000
3648.5575,-1304.1351,202.7560,0.0000,0.000,4.577,4.476,1.0000
3653.5637,-1306.1938,207.3194,0.0000,0.000,4.574,4.485,1.0000
3658.5694,-1308.2413,211.8872,0.0000,0.000,4.571,4.494,1.0000
3663.5736,-1310.2878,216.4538,0.0000,0.000,4.569,4.503,1.0000
3668.5759,-1312.3370,221.0171,0.0000,0.000,4.566,4.512,1.0000
3673.5768,-1314.3892,225.5775,0.0000,0.000,4.563,4.522,1.0000
3678.5766,-1316.4444,230.1353,0.0000,0.000,4.560,4.531,1.0000
3683.5755,-1318.5029,234.6907,0.0000,0.000,4.558,4.540,1.0000
3688.5739,-1320.5648,239.2441,0.0000,0.000,4.555,4.549,1.0000
3693.5722,-1322.6302,243.7956,0.0000,0.000,4.552,4.558,1.0000
3698.5706,-1324.6992,248.3457,0.0000,0.000,4.550,4.567,1.0000
3703.5695,-1326.7720,252.8947,0.0000,0.000,4.547,4.577,1.0000
3708.5693,-1328.8488,257.4427,0.0000,0.000,4.544,4.586,1.0000
3713.5699,-1330.9286,261.9903,0.0000,0.000,4.532,4.593,1.0000
3718.5713,-1333.0101,266.5380,0.0000,0.000,4.503,4.597,1.0000
3723.5733,-1335.0914,271.0863,0.0000,0.000,4.474,4.601,1.0000
3728.5756,-1337.1710,275.6359,0.0000,0.000,4.446,4.605,1.0000
3733.5781,-1339.2473,280.1872,0.0000,0.000,4.417,4.609,1.0000
3738.5807,-1341.3187,284.7408,0.0000,0.000,4.388,4.613,1.0000
3743.5832,-1343.3834,289.2973,0.0000,0.000,4.359,4.617,1.0000
3748.5853,-1345.4398,293.8572,0.0000,0.000,4.331,4.621,1.0000
3753.5871,-1347.4865,298.4211,0.0000,0.000,4.302,4.625,1.0000
3758.5884,-1349.5293,302.9862,0.0000,0.000,4.273,4.629,1.0000
3763.5895,-1351.5869,307.5443,0.0000,0.000,4.244,4.633,1.0000
3768.5906,-1353.6791,312.0867,0.0000,0.000,4.215,4.637,1.0000
3773.5927,-1355.8258,316.6048,0.0000,0.000,4.187,4.641,1.0000
3778.5932,-1358.0646,321.0762,0.0000,0.000,4.158,4.645,1.0000
3783.5752,-1360.5288,325.4060,0.0000,0.000,4.226,4.598,1.0000
3788.5451,-1363.3779,329.4782,0.0000,0.000,4.318,4.582,1.0000
3793.5312,-1366.6365,333.2522,0.0000,0.000,4.455,4.573,1.0000
3798.5307,-1370.1978,336.7610,0.0000,0.000,4.790,4.309,1.0000
3803.5326,-1373.9943,340.0177,0.0000,0.000,4.509,4.577,1.0000
3808.5365,-1378.0032,343.0123,0.0000,0.000,4.374,4.669,1.0000
3813.5415,-1382.2035,345.7339,0.0000,0.000,4.418,4.561,1.0000
3818.5460,-1386.5741,348.1717,0.0000,0.000,4.429,4.545,1.0000
3823.5482,-1391.0941,350.3147,0.0000,0.000,4.402,4.531,1.0000
3828.5465,-1395.7424,352.1521,0.0000,0.000,4.354,4.515,1.0000
3833.5394,-1400.4980,353.6729,0.0000,0.000,4.380,4.592,1.0000
3838.5263,-1405.3400,354.8663,0.0000,0.000,4.345,4.669,1.0000
3843.5076,-1410.2474,355.7217,0.0000,0.000,4.252,4.746,1.0000
3848.4898,-1415.2015,356.2495,0.0000,0.000,4.160,4.823,1.0000
3853.4819,-1420.1876,356.4951,0.0000,0.000,4.126,4.844,1.0000
3858.4856,-1425.1912,356.5070,0.0000,0.000,4.229,4.728,1.0000
3863.4955,-1430.1982,356.3339,0.0000,0.000,4.333,4.612,1.0000
3868.5012,-1435.1942,356.0230,0.0000,0.000,4.437,4.496,1.0000
3873.4980,-1440.1729,355.5975,0.0000,0.000,4.480,4.452,1.0000
3878.4893,-1445.1348,355.0568,0.0000,0.000,4.342,4.627,1.0000
3883.4789,-1450.0809,354.3995,0.0000,0.000,4.205,4.803,1.0000
3888.4707,-1455.0121,353.6239,0.0000,0.000,4.269,4.775,1.0000
3893.4672,-1459.9275,352.7273,0.0000,0.000,4.430,4.649,1.0000
3898.4667,-1464.8209,351.7030,0.0000,0.000,4.591,4.524,1.0000
3903.4674,-1469.6854,350.5438,0.0000,0.000,4.561,4.548,1.0000
3908.4680,-1474.5137,349.2423,0.0000,0.000,4.473,4.619,1.0000
3913.4683,-1479.2987,347.7913,0.0000,0.000,4.385,4.690,1.0000
3918.4686,-1484.0335,346.1834,0.0000,0.000,4.309,4.741,1.0000
3923.4703,-1488.7108,344.4115,0.0000,0.000,4.325,4.647,1.0000
3928.4758,-1493.3237,342.4681,0.0000,0.000,4.341,4.554,1.0000
3933.4884,-1497.8649,340.3460,0.0000,0.000,4.444,4.543,1.0000
3938.5045,-1502.3097,338.0212,0.0000,0.000,4.561,4.544,1.0000
3943.4919,-1506.5425,335.3833,0.0000,0.000,4.570,4.803,1.0000
3948.4473,-1510.4219,332.3001,0.0000,0.000,4.667,5.004,1.0000
3953.4015,-1513.8721,328.7449,0.0000,0.000,4.766,5.108,1.0000
3958.3704,-1516.8826,324.7917,0.0000,0.000,4.821,5.107,1.0000
3963.3729,-1519.5100,320.5347,0.0000,0.000,4.957,5.127,1.0000
3968.4125,-1521.8718,316.0829,0.0000,0.000,5.112,5.152,1.0000
3973.4612,-1524.0285,311.5180,0.0000,0.000,5.201,5.275,1.0000
3978.4861,-1525.8766,306.8453,0.0000,0.000,5.263,5.403,1.0000
3983.4798,-1527.3189,302.0645,0.0000,0.000,5.223,5.432,1.0000
3988.4566,-1528.3536,297.1964,0.0000,0.000,5.183,5.462,1.0000
3993.4292,-1528.9954,292.2654,0.0000,0.000,5.069,5.462,1.0000
3998.4056,-1529.2587,287.2959,0.0000,0.000,4.938,5.456,1.0000
4003.3901,-1529.1581,282.3125,0.0000,0.000,4.866,5.399,1.0000
4008.3834,-1528.7081,277.3395,0.0000,0.000,4.861,5.286,1.0000
4013.3836,-1527.9234,272.4013,0.0000,0.000,4.839,5.195,1.0000
4018.3861,-1526.8185,267.5223,0.0000,0.000,4.795,5.131,1.0000
4023.3845,-1525.4079,262.7271,0.0000,0.000,4.755,5.066,1.0000
4028.3736,-1523.7068,258.0369,0.0000,0.000,4.857,4.957,1.0000
4033.3592,-1521.7341,253.4582,0.0000,0.000,4.958,4.848,1.0000
4038.3482,-1519.5094,248.9926,0.0000,0.000,4.766,4.882,1.0000
4043.3445,-1517.0526,244.6421,0.0000,0.000,4.541,4.932,1.0000
4048.3495,-1514.3832,240.4085,0.0000,0.000,4.351,4.961,1.0000
4053.3619,-1511.5212,236.2934,0.0000,0.000,4.497,4.791,1.0000
4058.3786,-1508.4863,232.2988,0.0000,0.000,4.681,4.686,1.0000
4063.3945,-1505.2982,228.4265,0.0000,0.000,4.789,4.707,1.0000
4068.4027,-1501.9767,224.6782,0.0000,0.000,4.664,4.781,1.0000
4073.3990,-1498.5398,221.0518,0.0000,0.000,4.539,4.854,1.0000
4078.3879,-1495.0014,217.5348,0.0000,0.000,4.414,4.928,1.0000
4083.3744,-1491.3744,214.1129,0.0000,0.000,4.302,4.975,1.0000
4088.3616,-1487.6717,210.7719,0.0000,0.000,4.291,4.819,1.0000
4093.3516,-1483.9064,207.4974,0.0000,0.000,4.279,4.662,1.0000
4098.3451,-1480.0915,204.2753,0.0000,0.000,4.268,4.505,1.0000
4103.3424,-1476.2399,201.0912,0.0000,0.000,4.256,4.348,1.0000
4108.3429,-1472.3647,197.9310,0.0000,0.000,4.237,4.324,1.0000
4113.3456,-1468.4788,194.7802,0.0000,0.000,4.218,4.304,1.0000
4118.3496,-1464.5929,191.6275,0.0000,0.000,4.199,4.284,1.0000
4123.3542,-1460.7066,188.4743,0.0000,0.000,4.179,4.264,1.0000
4128.3591,-1456.8160,185.3259,0.0000,0.000,4.164,4.262,1.0000
4133.3637,-1452.9174,182.1879,0.0000,0.000,4.150,4.271,1.0000
4138.3678,-1449.0070,179.0655,0.0000,0.000,4.137,4.280,1.0000
4143.3709,-1445.0810,175.9641,0.0000,0.000,4.123,4.290,1.0000
4148.3730,-1441.1357,172.8892,0.0000,0.000,4.110,4.299,1.0000
4153.3739,-1437.1673,169.8461,0.0000,0.000,4.096,4.308,1.0000
4158.3738,-1433.1720,166.8401,0.0000,0.000,4.083,4.317,1.0000
4163.3728,-1429.1475,163.8746,0.0000,0.000,4.070,4.326,1.0000
4168.3715,-1425.0956,160.9473,0.0000,0.000,4.041,4.341,1.0000
4173.3702,-1421.0187,158.0549,0.0000,0.000,4.010,4.356,1.0000
4178.3690,-1416.9192,155.1945,0.0000,0.000,3.978,4.371,1.0000
4183.3681,-1412.7995,152.3627,0.0000,0.000,3.947,4.387,1.0000
4188.3676,-1408.6618,149.5564,0.0000,0.000,3.916,4.402,1.0000
4193.3675,-1404.5087,146.7726,0.0000,0.000,4.029,4.440,1.0000
4198.3675,-1400.3425,144.0079,0.0000,0.000,4.228,4.491,1.0000
4203.3677,-1396.1656,141.2593,0.0000,0.000,4.428,4.542,1.0000
4208.3678,-1391.9799,138.5241,0.0000,0.000,4.628,4.594,1.0000
4213.3678,-1387.7861,135.8016,0.0000,0.000,4.767,4.630,1.0000
4218.3678,-1383.5840,133.0919,0.0000,0.000,4.700,4.617,1.0000
4223.3679,-1379.3736,130.3949,0.0000,0.000,4.632,4.604,1.0000
4228.3681,-1375.1550,127.7107,0.0000,0.000,4.564,4.590,1.0000
4233.3685,-1370.9280,125.0393,0.0000,0.000,4.497,4.577,1.0000
4238.3691,-1366.6928,122.3806,0.0000,0.000,4.429,4.564,1.0000
4243.3699,-1362.4492,119.7347,0.0000,0.000,4.361,4.550,1.0000
4248.3711,-1358.1973,117.1016,0.0000,0.000,4.294,4.537,1.0000
4253.3727,-1353.9370,114.4813,0.0000,0.000,4.226,4.524,1.0000
4258.3746,-1349.6681,111.8746,0.0000,0.000,4.158,4.511,1.0000
4263.3767,-1345.3901,109.2823,0.0000,0.000,4.091,4.497,1.0000
4268.3789,-1341.1027,106.7055,0.0000,0.000,4.077,4.490,1.0000
4273.3810,-1336.8055,104.1452,0.0000,0.000,4.068,4.484,1.0000
4278.3830,-1332.4981,101.6023,0.0000,0.000,4.059,4.477,1.0000
4283.3848,-1328.1802,99.0777,0.0000,0.000,4.050,4.470,1.0000
4288.3863,-1323.8513,96.5726,0.0000,0.000,4.041,4.464,1.0000
4293.3875,-1319.5110,94.0878,0.0000,0.000,4.032,4.457,1.0000
4298.3883,-1315.1590,91.6243,0.0000,0.000,4.024,4.450,1.0000
4303.3888,-1310.7950,89.1832,0.0000,0.000,4.015,4.444,1.0000
4308.3888,-1306.4184,86.7653,0.0000,0.000,4.006,4.437,1.0000
4313.3885,-1302.0289,84.3717,0.0000,0.000,4.017,4.426,1.0000
4318.3878,-1297.6262,82.0033,0.0000,0.000,4.034,4.413,1.0000
4323.3868,-1293.2098,79.6611,0.0000,0.000,4.050,4.400,1.0000
4328.3856,-1288.7794,77.3461,0.0000,0.000,4.067,4.387,1.0000
4333.3842,-1284.3346,75.0593,0.0000,0.000,4.083,4.375,1.0000
4338.3827,-1279.8750,72.8016,0.0000,0.000,4.100,4.362,1.0000
4343.3813,-1275.4003,70.5739,0.0000,0.000,4.117,4.349,1.0000
4348.3802,-1270.9111,68.3750,0.0000,0.000,4.133,4.336,1.0000
4353.3794,-1266.4083,66.2030,0.0000,0.000,4.167,4.340,1.0000
4358.3790,-1261.8931,64.0562,0.0000,0.000,4.237,4.378,1.0000
4363.3792,-1257.3663,61.9324,0.0000,0.000,4.307,4.416,1.0000
4368.3799,-1252.8291,59.8299,0.0000,0.000,4.378,4.454,1.0000
4373.3812,-1248.2823,57.7467,0.0000,0.000,4.448,4.492,1.0000
4378.3830,-1243.7270,55.6808,0.0000,0.000,4.518,4.531,1.0000
4383.3853,-1239.1643,53.6304,0.0000,0.000,4.589,4.569,1.0000
4388.3880,-1234.5950,51.5936,0.0000,0.000,4.432,4.588,1.0000
4393.3910,-1230.0203,49.5683,0.0000,0.000,4.234,4.603,1.0000
4398.3942,-1225.4410,47.5527,0.0000,0.000,4.221,4.536,1.0000
4403.3974,-1220.8583,45.5450,0.0000,0.000,4.230,4.460,1.0000
4408.4006,-1216.2731,43.5430,0.0000,0.000,4.238,4.384,1.0000
4413.4035,-1211.6865,41.5450,0.0000,0.000,4.247,4.308,1.0000
4418.4061,-1207.0993,39.5490,0.0000,0.000,4.256,4.231,1.0000
4423.4082,-1202.5127,37.5531,0.0000,0.000,4.257,4.212,1.0000
4428.4096,-1197.9276,35.5554,0.0000,0.000,4.245,4.280,1.0000
4433.4101,-1193.3450,33.5541,0.0000,0.000,4.233,4.348,1.0000
4438.4095,-1188.7618,31.5573,0.0000,0.000,4.222,4.416,1.0000
4443.4071,-1184.1691,29.5866,0.0000,0.000,4.210,4.484,1.0000
4448.4028,-1179.5579,27.6648,0.0000,0.000,4.198,4.552,1.0000
4453.3971,-1174.9189,25.8147,0.0000,0.000,4.186,4.620,1.0000
4458.3918,-1170.2435,24.0576,0.0000,0.000,4.177,4.669,1.0000
4463.3887,-1165.5328,22.3905,0.0000,0.000,4.179,4.617,1.0000
4468.3885,-1160.7962,20.7897,0.0000,0.000,4.181,4.565,1.0000
4473.3904,-1156.0433,19.2311,0.0000,0.000,4.183,4.513,1.0000
4478.3932,-1151.2837,17.6906,0.0000,0.000,4.185,4.462,1.0000
4483.3956,-1146.5243,16.1503,0.0000,0.000,4.188,4.410,1.0000
4488.3976,-1141.7659,14.6084,0.0000,0.000,4.190,4.358,1.0000
4493.3992,-1137.0084,13.0650,0.0000,0.000,4.192,4.306,1.0000
4498.4004,-1132.2516,11.5205,0.0000,0.000,4.194,4.254,1.0000
4503.4015,-1127.4953,9.9752,0.0000,0.000,4.196,4.203,1.0000
4508.4023,-1122.7393,8.4294,0.0000,0.000,4.198,4.151,1.0000
4513.4031,-1117.9835,6.8835,0.0000,0.000,4.208,4.134,1.0000
4518.4038,-1113.2277,5.3378,0.0000,0.000,4.224,4.142,1.0000
4523.4045,-1108.4718,3.7925,0.0000,0.000,4.240,4.150,1.0000
4528.4052,-1103.7156,2.2476,0.0000,0.000,4.256,4.158,1.0000
4533.4060,-1098.9594,0.7029,0.0000,0.000,4.272,4.166,1.0000
4538.4069,-1094.2032,-0.8422,0.0000,0.000,4.287,4.175,1.0000
4543.4078,-1089.4473,-2.3881,0.0000,0.000,4.303,4.183,1.0000
4548.4087,-1084.6917,-3.9352,0.0000,0.000,4.319,4.191,1.0000
4553.4096,-1079.9366,-5.4839,0.0000,0.000,4.335,4.199,1.0000
4558.4105,-1075.1822,-7.0346,0.0000,0.000,4.351,4.207,1.0000
4563.4115,-1070.4285,-8.5879,0.0000,0.000,4.366,4.215,1.0000
4568.4125,-1065.6759,-10.1440,0.0000,0.000,4.382,4.223,1.0000
4573.4134,-1060.9243,-11.7035,0.0000,0.000,4.398,4.231,1.0000
4578.4144,-1056.1739,-13.2667,0.0000,0.000,4.414,4.239,1.0000
4583.4153,-1051.4249,-14.8342,0.0000,0.000,4.430,4.247,1.0000
4588.4163,-1046.6775,-16.4062,0.0000,0.000,4.445,4.255,1.0000
4593.4172,-1041.9317,-17.9832,0.0000,0.000,4.461,4.264,1.0000
4598.4181,-1037.1878,-19.5658,0.0000,0.000,4.477,4.272,1.0000
4603.4191,-1032.4458,-21.1542,0.0000,0.000,4.487,4.277,1.0000
4608.4200,-1027.7060,-22.7489,0.0000,0.000,4.474,4.272,1.0000
4613.4210,-1022.9684,-24.3503,0.0000,0.000,4.461,4.266,1.0000
4618.4219,-1018.2331,-25.9588,0.0000,0.000,4.448,4.261,1.0000
4623.4230,-1013.5000,-27.5738,0.0000,0.000,4.435,4.255,1.0000
4628.4240,-1008.7690,-29.1947,0.0000,0.000,4.422,4.249,1.0000
4633.4251,-1004.0397,-30.8209,0.0000,0.000,4.408,4.244,1.0000
4638.4262,-999.3119,-32.4517,0.0000,0.000,4.395,4.238,1.0000
4643.4273,-994.5855,-34.0865,0.0000,0.000,4.382,4.233,1.0000
4648.4285,-989.8603,-35.7246,0.0000,0.000,4.369,4.227,1.0000
4653.4296,-985.1360,-37.3655,0.0000,0.000,4.356,4.222,1.0000
4658.4308,-980.4123,-39.0085,0.0000,0.000,4.342,4.216,1.0000
4663.4320,-975.6892,-40.6528,0.0000,0.000,4.329,4.211,1.0000
4668.4332,-970.9664,-42.2980,0.0000,0.000,4.316,4.205,1.0000
4673.4344,-966.2436,-43.9434,0.0000,0.000,4.303,4.200,1.0000
4678.4355,-961.5207,-45.5882,0.0000,0.000,4.290,4.194,1.0000
4683.4366,-956.7974,-47.2320,0.0000,0.000,4.276,4.188,1.0000
4688.4377,-952.0736,-48.8739,0.0000,0.000,4.263,4.183,1.0000
4693.4387,-947.3490,-50.5135,0.0000,0.000,4.250,4.177,1.0000
4698.4397,-942.6234,-52.1501,0.0000,0.000,4.237,4.172,1.0000
4703.4406,-937.8966,-53.7830,0.0000,0.000,4.224,4.166,1.0000
4708.4414,-933.1684,-55.4117,0.0000,0.000,4.210,4.161,1.0000
4713.4422,-928.4390,-57.0366,0.0000,0.000,4.197,4.155,1.0000
4718.4429,-923.7084,-58.6582,0.0000,0.000,4.184,4.150,1.0000
4723.4437,-918.9769,-60.2769,0.0000,0.000,4.181,4.159,1.0000
4728.4444,-914.2446,-61.8932,0.0000,0.000,4.182,4.173,1.0000
4733.4451,-909.5117,-63.5077,0.0000,0.000,4.182,4.188,1.0000
4738.4458,-904.7783,-65.1207,0.0000,0.000,4.183,4.203,1.0000
4743.4465,-900.0446,-66.7329,0.0000,0.000,4.184,4.218,1.0000
4748.4473,-895.3107,-68.3446,0.0000,0.000,4.185,4.233,1.0000
4753.4481,-890.5768,-69.9565,0.0000,0.000,4.185,4.248,1.0000
4758.4489,-885.8430,-71.5688,0.0000,0.000,4.186,4.263,1.0000
4763.4498,-881.1096,-73.1823,0.0000,0.000,4.187,4.277,1.0000
4768.4507,-876.3766,-74.7973,0.0000,0.000,4.188,4.292,1.0000
4773.4517,-871.6442,-76.4143,0.0000,0.000,4.188,4.307,1.0000
4778.4528,-866.9126,-78.0339,0.0000,0.000,4.189,4.322,1.0000
4783.4540,-862.1820,-79.6564,0.0000,0.000,4.190,4.337,1.0000
4788.4553,-857.4524,-81.2825,0.0000,0.000,4.191,4.352,1.0000
4793.4567,-852.7241,-82.9125,0.0000,0.000,4.192,4.367,1.0000
4798.4582,-847.9971,-84.5468,0.0000,0.000,4.192,4.381,1.0000
4803.4598,-843.2711,-86.1844,0.0000,0.000,4.193,4.396,1.0000
4808.4615,-838.5459,-87.8243,0.0000,0.000,4.194,4.411,1.0000
4813.4633,-833.8210,-89.4653,0.0000,0.000,4.195,4.426,1.0000
4818.4650,-829.0962,-91.1063,0.0000,0.000,4.195,4.441,1.0000
4823.4667,-824.3710,-92.7462,0.0000,0.000,4.196,4.456,1.0000
4828.4683,-819.6451,-94.3839,0.0000,0.000,4.197,4.471,1.0000
4833.4698,-814.9181,-96.0182,0.0000,0.000,4.198,4.485,1.0000
4838.4711,-810.1898,-97.6479,0.0000,0.000,4.199,4.500,1.0000
4843.4723,-805.4597,-99.2721,0.0000,0.000,4.199,4.515,1.0000
4848.4732,-800.7275,-100.8896,0.0000,0.000,4.200,4.530,1.0000
4853.4740,-795.9929,-102.4992,0.0000,0.000,4.201,4.545,1.0000
4858.4745,-791.2555,-104.0998,0.0000,0.000,4.202,4.560,1.0000
4863.4747,-786.5149,-105.6903,0.0000,0.000,4.202,4.575,1.0000
4868.4747,-781.7709,-107.2696,0.0000,0.000,4.203,4.589,1.0000
4873.4745,-777.0230,-108.8365,0.0000,0.000,4.204,4.604,1.0000
4878.4741,-772.2709,-110.3900,0.0000,0.000,4.205,4.619,1.0000
4883.4735,-767.5142,-111.9289,0.0000,0.000,4.205,4.634,1.0000
4888.4727,-762.7529,-113.4528,0.0000,0.000,4.208,4.582,1.0000
4893.4721,-757.9876,-114.9643,0.0000,0.000,4.211,4.529,1.0000
4898.4717,-753.2191,-116.4669,0.0000,0.000,4.213,4.477,1.0000
4903.4717,-748.4484,-117.9638,0.0000,0.000,4.216,4.425,1.0000
4908.4724,-743.6764,-119.4584,0.0000,0.000,4.219,4.372,1.0000
4913.4738,-738.9038,-120.9542,0.0000,0.000,4.221,4.320,1.0000
4918.4761,-734.1318,-122.4543,0.0000,0.000,4.224,4.268,1.0000
4923.4795,-729.3610,-123.9623,0.0000,0.000,4.227,4.216,1.0000
4928.4842,-724.5924,-125.4814,0.0000,0.000,4.229,4.163,1.0000
4933.4901,-719.8257,-127.0102,0.0000,0.000,4.232,4.111,1.0000
4938.4947,-715.0516,-128.5117,0.0000,0.000,4.235,4.059,1.0000
4943.4956,-710.2569,-129.9330,0.0000,0.000,4.237,4.006,1.0000
4948.4931,-705.4284,-131.2214,0.0000,0.000,4.132,4.175,1.0000
4953.4918,-700.5528,-132.3240,0.0000,0.000,4.054,4.365,1.0000
4958.4978,-695.6228,-133.1930,0.0000,0.000,4.177,4.478,1.0000
4963.5029,-690.6546,-133.7998,0.0000,0.000,4.139,4.600,1.0000
4968.4977,-685.6701,-134.1207,0.0000,0.000,4.055,4.725,1.0000
4973.4767,-680.6911,-134.1320,0.0000,0.000,4.050,4.785,1.0000
4978.4394,-675.7387,-133.8125,0.0000,0.000,4.218,4.698,1.0000
4983.3986,-670.8204,-133.1774,0.0000,0.000,4.386,4.610,1.0000
4988.3689,-665.9338,-132.2690,0.0000,0.000,4.471,4.548,1.0000
4993.3582,-661.0762,-131.1303,0.0000,0.000,4.511,4.499,1.0000
4998.3681,-656.2449,-129.8045,0.0000,0.000,4.552,4.450,1.0000
5003.3954,-651.4373,-128.3347,0.0000,0.000,4.532,4.499,1.0000
5008.4333,-646.6506,-126.7638,0.0000,0.000,4.502,4.564,1.0000
5013.4722,-641.8821,-125.1350,0.0000,0.000,4.472,4.629,1.0000
5018.5013,-637.1292,-123.4913,0.0000,0.000,4.460,4.672,1.0000
5023.5093,-632.3894,-121.8747,0.0000,0.000,4.478,4.676,1.0000
5028.4940,-627.6636,-120.2888,0.0000,0.000,4.495,4.680,1.0000
5033.4645,-622.9578,-118.6886,0.0000,0.000,4.502,4.682,1.0000
5038.4307,-618.2780,-117.0264,0.0000,0.000,4.477,4.677,1.0000
5043.4047,-613.6304,-115.2542,0.0000,0.000,4.451,4.672,1.0000
5048.3982,-609.0185,-113.3398,0.0000,0.000,4.425,4.667,1.0000
5053.4094,-604.4362,-111.3111,0.0000,0.000,4.553,4.572,1.0000
5058.4310,-599.8753,-109.2103,0.0000,0.000,4.690,4.472,1.0000
5063.4535,-595.3272,-107.0794,0.0000,0.000,4.781,4.416,1.0000
5068.4671,-590.7850,-104.9571,0.0000,0.000,4.600,4.617,1.0000
5073.4678,-586.2584,-102.8318,0.0000,0.000,4.420,4.818,1.0000
5078.4562,-581.7700,-100.6549,0.0000,0.000,4.342,4.881,1.0000
5083.4354,-577.3424,-98.3770,0.0000,0.000,4.411,4.747,1.0000
5088.4120,-572.9984,-95.9487,0.0000,0.000,4.481,4.613,1.0000
5093.3974,-568.7556,-93.3309,0.0000,0.000,4.485,4.600,1.0000
5098.3980,-564.5963,-90.5550,0.0000,0.000,4.474,4.614,1.0000
5103.4113,-560.4875,-87.6826,0.0000,0.000,4.464,4.629,1.0000
5108.4301,-556.3963,-84.7755,0.0000,0.000,4.453,4.643,1.0000
5113.4460,-552.2907,-81.8941,0.0000,0.000,4.443,4.658,1.0000
5118.4548,-548.1637,-79.0556,0.0000,0.000,4.476,4.626,1.0000
5123.4568,-544.0400,-76.2246,0.0000,0.000,4.513,4.589,1.0000
5128.4525,-539.9457,-73.3621,0.0000,0.000,4.549,4.552,1.0000
5133.4436,-535.9073,-70.4292,0.0000,0.000,4.507,4.587,1.0000
5138.4340,-531.9495,-67.3895,0.0000,0.000,4.463,4.622,1.0000
5143.4278,-528.0730,-64.2413,0.0000,0.000,4.453,4.650,1.0000
5148.4262,-524.2614,-61.0078,0.0000,0.000,4.459,4.676,1.0000
5153.4284,-520.4977,-57.7128,0.0000,0.000,4.464,4.701,1.0000
5158.4322,-516.7653,-54.3801,0.0000,0.000,4.470,4.726,1.0000
5163.4356,-513.0519,-51.0268,0.0000,0.000,4.476,4.751,1.0000
5168.4386,-509.3549,-47.6561,0.0000,0.000,4.480,4.752,1.0000
5173.4411,-505.6731,-44.2693,0.0000,0.000,4.483,4.747,1.0000
5178.4434,-502.0051,-40.8681,0.0000,0.000,4.486,4.743,1.0000
5183.4454,-498.3497,-37.4537,0.0000,0.000,4.490,4.738,1.0000
5188.4473,-494.7053,-34.0276,0.0000,0.000,4.493,4.733,1.0000
5193.4491,-491.0708,-30.5913,0.0000,0.000,4.497,4.728,1.0000
5198.4507,-487.4448,-27.1463,0.0000,0.000,4.500,4.723,1.0000
5203.4522,-483.8260,-23.6938,0.0000,0.000,4.504,4.718,1.0000
5208.4536,-480.2130,-20.2355,0.0000,0.000,4.507,4.714,1.0000
5213.4548,-476.6046,-16.7727,0.0000,0.000,4.510,4.709,1.0000
5218.4558,-472.9993,-13.3069,0.0000,0.000,4.516,4.698,1.0000
5223.4565,-469.3959,-9.8395,0.0000,0.000,4.531,4.659,1.0000
5228.4570,-465.7930,-6.3720,0.0000,0.000,4.547,4.620,1.0000
5233.4572,-462.1893,-2.9057,0.0000,0.000,4.562,4.580,1.0000
5238.4569,-458.5835,0.5578,0.0000,0.000,4.578,4.541,1.0000
5243.4563,-454.9742,4.0171,0.0000,0.000,4.592,4.506,1.0000
5248.4553,-451.3601,7.4709,0.0000,0.000,4.600,4.494,1.0000
5253.4539,-447.7407,10.9185,0.0000,0.000,4.608,4.482,1.0000
5258.4525,-444.1171,14.3616,0.0000,0.000,4.617,4.469,1.0000
5263.4512,-440.4906,17.8018,0.0000,0.000,4.625,4.457,1.0000
5268.4503,-436.8625,21.2410,0.0000,0.000,4.633,4.444,1.0000
5273.4501,-433.2340,24.6809,0.0000,0.000,4.642,4.432,1.0000
5278.4509,-429.6066,28.1232,0.0000,0.000,4.650,4.419,1.0000
5283.4530,-425.9814,31.5697,0.0000,0.000,4.658,4.407,1.0000
5288.4565,-422.3598,35.0222,0.0000,0.000,4.667,4.395,1.0000
5293.4618,-418.7431,38.4824,0.0000,0.000,4.675,4.382,1.0000
5298.4689,-415.1312,41.9501,0.0000,0.000,4.683,4.370,1.0000
5303.4767,-411.5189,45.4184,0.0000,0.000,4.692,4.357,1.0000
5308.4839,-407.8998,48.8788,0.0000,0.000,4.700,4.345,1.0000
5313.4894,-404.2676,52.3229,0.0000,0.000,4.708,4.332,1.0000
5318.4920,-400.6160,55.7422,0.0000,0.000,4.717,4.320,1.0000
5323.4908,-396.9386,59.1281,0.0000,0.000,4.725,4.308,1.0000
5328.4851,-393.2291,62.4723,0.0000,0.000,4.733,4.295,1.0000
5333.4748,-389.4811,65.7662,0.0000,0.000,4.645,4.474,1.0000
5338.4599,-385.6884,69.0014,0.0000,0.000,4.553,4.638,1.0000
5343.4416,-381.8467,72.1729,0.0000,0.000,4.554,4.558,1.0000
5348.4254,-377.9662,75.3001,0.0000,0.000,4.554,4.478,1.0000
5353.4174,-374.0624,78.4114,0.0000,0.000,4.554,4.398,1.0000
5358.4233,-370.1511,81.5357,0.0000,0.000,4.554,4.318,1.0000
5363.4489,-366.2481,84.7016,0.0000,0.000,4.480,4.397,1.0000
5368.4973,-362.3410,87.8987,0.0000,0.000,4.394,4.500,1.0000
5373.5632,-358.3181,90.9776,0.0000,0.000,4.311,4.554,1.0000
5378.6449,-354.0546,93.7427,0.0000,0.000,4.330,4.475,1.0000
5383.6067,-349.5407,95.8028,0.0000,0.000,4.734,3.899,1.0000
5388.3773,-344.8486,96.6652,0.0000,0.000,4.604,4.087,1.0000
5393.1548,-340.0884,96.2588,0.0000,0.000,4.444,4.244,1.0000
5398.0691,-335.3947,94.8033,0.0000,0.000,4.542,4.269,1.0000
5403.1063,-330.9026,92.5240,0.0000,0.000,5.130,4.138,1.0000
5408.1617,-326.7463,89.6461,0.0000,0.000,5.032,4.226,1.0000
5413.1661,-322.9506,86.3848,0.0000,0.000,4.935,4.313,1.0000
5418.1671,-319.3293,82.9355,0.0000,0.000,4.837,4.401,1.0000
5423.1868,-315.6791,79.4899,0.0000,0.000,4.740,4.489,1.0000
5428.2269,-311.8370,76.2277,0.0000,0.000,4.642,4.576,1.0000
5433.2892,-307.6753,73.3455,0.0000,0.000,4.523,4.688,1.0000
5438.2788,-303.1855,71.1691,0.0000,0.000,4.364,4.796,1.0000
5443.1811,-298.4089,70.0658,0.0000,0.000,4.310,4.746,1.0000
5448.0890,-293.5022,70.1740,0.0000,0.000,4.387,4.837,1.0000
5452.9903,-288.7506,71.3763,0.0000,0.000,4.225,5.017,1.0000
5457.8682,-284.3684,73.5186,0.0000,0.000,4.366,4.627,1.0000
5462.8275,-280.3114,76.3709,0.0000,0.000,4.735,4.444,1.0000
5467.8933,-276.4819,79.6871,0.0000,0.000,4.820,4.422,1.0000
5473.0100,-272.7821,83.2214,0.0000,0.000,4.782,4.453,1.0000
5478.0901,-269.1177,86.7400,0.0000,0.000,4.744,4.483,1.0000
5483.1081,-265.4354,90.1490,0.0000,0.000,4.706,4.513,1.0000
5488.0836,-261.7079,93.4445,0.0000,0.000,4.667,4.544,1.0000
5493.0379,-257.9084,96.6240,0.0000,0.000,4.642,4.567,1.0000
5497.9942,-254.0102,99.6849,0.0000,0.000,4.780,4.496,1.0000
5502.9667,-249.9951,102.6182,0.0000,0.000,4.917,4.425,1.0000
5507.9518,-245.8609,105.4039,0.0000,0.000,5.055,4.354,1.0000
5512.9458,-241.6072,108.0203,0.0000,0.000,4.958,4.433,1.0000
5517.9472,-237.2334,110.4461,0.0000,0.000,4.801,4.549,1.0000
5522.9563,-232.7406,112.6609,0.0000,0.000,4.681,4.652,1.0000
5527.9701,-228.1391,114.6519,0.0000,0.000,4.869,4.648,1.0000
5532.9844,-223.4426,116.4087,0.0000,0.000,5.057,4.643,1.0000
5537.9959,-218.6648,117.9212,0.0000,0.000,5.274,4.788,1.0000
5543.0018,-213.8194,119.1790,0.0000,0.000,5.537,5.169,1.0000
5548.0007,-208.9202,120.1720,0.0000,0.000,5.799,5.551,1.0000
5552.9920,-203.9808,120.8898,0.0000,0.000,6.049,5.896,1.0000
5557.9767,-199.0149,121.3222,0.0000,0.000,6.180,5.875,1.0000
5562.9572,-194.0362,121.4590,0.0000,0.000,6.311,5.854,1.0000
5567.9383,-189.0579,121.2940,0.0000,0.000,6.297,5.811,1.0000
5572.9286,-184.0859,120.8676,0.0000,0.000,6.250,5.762,1.0000
5577.9310,-179.1218,120.2490,0.0000,0.000,6.203,5.713,1.0000
5582.9406,-174.1673,119.5077,0.0000,0.000,5.985,5.837,1.0000
5587.9474,-169.2240,118.7132,0.0000,0.000,5.731,5.998,1.0000
5592.9449,-164.2922,117.9055,0.0000,0.000,5.554,6.017,1.0000
5597.9366,-159.3704,117.0732,0.0000,0.000,5.331,5.510,1.0000
5602.9273,-154.4569,116.1990,0.0000,0.000,5.079,4.838,1.0000
5607.9222,-149.5498,115.2659,0.0000,0.000,5.004,4.575,1.0000
5612.9254,-144.6499,114.2548,0.0000,0.000,4.945,4.561,1.0000
5617.9314,-139.7707,113.1349,0.0000,0.000,4.856,4.642,1.0000
5622.9335,-134.9309,111.8714,0.0000,0.000,4.767,4.723,1.0000
5627.9282,-130.1489,110.4293,0.0000,0.000,4.750,4.771,1.0000
5632.9167,-125.4431,108.7738,0.0000,0.000,5.033,4.684,1.0000
5637.9050,-120.8259,106.8858,0.0000,0.000,5.317,4.597,1.0000
5642.8995,-116.2900,104.7953,0.0000,0.000,5.457,4.753,1.0000
5647.9012,-111.8246,102.5419,0.0000,0.000,5.568,4.957,1.0000
5652.9070,-107.4190,100.1653,0.0000,0.000,5.680,5.162,1.0000
5657.9111,-103.0627,97.7026,0.0000,0.000,5.791,5.366,1.0000
5662.9111,-98.7529,95.1679,0.0000,0.000,5.903,5.571,1.0000
5667.9078,-94.4906,92.5603,0.0000,0.000,6.052,5.769,1.0000
5672.9019,-90.2772,89.8792,0.0000,0.000,6.335,5.943,1.0000
5677.8945,-86.1139,87.1236,0.0000,0.000,6.618,6.118,1.0000
5682.8867,-82.0019,84.2928,0.0000,0.000,6.901,6.292,1.0000
5687.8794,-77.9427,81.3859,0.0000,0.000,7.184,6.466,1.0000
5692.8740,-73.9374,78.4021,0.0000,0.000,7.395,6.661,1.0000
5697.8716,-69.9873,75.3406,0.0000,0.000,7.345,6.930,1.0000
5702.8735,-66.0937,72.2007,0.0000,0.000,7.295,7.199,1.0000
5707.8794,-62.2582,68.9839,0.0000,0.000,7.246,7.469,1.0000
5712.8872,-58.4823,65.6944,0.0000,0.000,7.237,7.678,1.0000
5717.8945,-54.7680,62.3362,0.0000,0.000,7.442,7.578,1.0000
5722.8990,-51.1170,58.9135,0.0000,0.000,7.646,7.478,1.0000
5727.8985,-47.5302,55.4307,0.0000,0.000,7.851,7.378,1.0000
5732.8938,-44.0012,51.8953,0.0000,0.000,8.056,7.278,1.0000
5737.8871,-40.5191,48.3164,0.0000,0.000,8.009,7.303,1.0000
5742.8803,-37.0728,44.7032,0.0000,0.000,7.897,7.361,1.0000
5747.8747,-33.6513,41.0650,0.0000,0.000,7.785,7.418,1.0000
5752.8708,-30.2471,37.4081,0.0000,0.000,7.673,7.476,1.0000
5757.8686,-26.8586,33.7345,0.0000,0.000,7.561,7.533,1.0000
5762.8678,-23.4846,30.0455,0.0000,0.000,7.449,7.591,1.0000
5767.8682,-20.1242,26.3425,0.0000,0.000,7.418,7.568,1.0000
5772.8696,-16.7764,22.6268,0.0000,0.000,7.420,7.514,1.0000
5777.8718,-13.4400,18.8999,0.0000,0.000,7.422,7.459,1.0000
5782.8744,-10.1140,15.1631,0.0000,0.000,7.424,7.404,1.0000
5787.8771,-6.7974,11.4178,0.0000,0.000,7.426,7.350,1.0000
5792.8796,-3.4892,7.6654,0.0000,0.000,7.428,7.295,1.0000
5797.8818,-0.1885,3.9066,0.0000,0.000,7.431,7.240,1.0000
