# Hockenheimring — TUMFTM racetrack-database (LGPL-3.0), flat 2-D centre line + measured widths; upstream commit e59595d.
s_m,x_m,y_m,z_m,banking_deg,width_left_m,width_right_m,grip_scale
0.0000,0.6939,-2.3149,0.0000,0.000,6.679,6.405,1.0000
5.0041,-1.4728,2.1959,0.0000,0.000,6.687,6.387,1.0000
10.0087,-3.6332,6.7102,0.0000,0.000,6.669,6.414,1.0000
15.0137,-5.7881,11.2274,0.0000,0.000,6.652,6.440,1.0000
20.0189,-7.9384,15.7472,0.0000,0.000,6.634,6.467,1.0000
25.0242,-10.0849,20.2689,0.0000,0.000,6.617,6.493,1.0000
30.0295,-12.2282,24.7921,0.0000,0.000,6.599,6.520,1.0000
35.0348,-14.3693,29.3164,0.0000,0.000,6.582,6.546,1.0000
40.0399,-16.5089,33.8411,0.0000,0.000,6.564,6.572,1.0000
45.0447,-18.6478,38.3658,0.0000,0.000,6.547,6.599,1.0000
50.0491,-20.7869,42.8899,0.0000,0.000,6.529,6.625,1.0000
55.0529,-22.9269,47.4131,0.0000,0.000,6.512,6.652,1.0000
60.0561,-25.0686,51.9347,0.0000,0.000,6.494,6.678,1.0000
65.0586,-27.2129,56.4543,0.0000,0.000,6.477,6.705,1.0000
70.0602,-29.3604,60.9714,0.0000,0.000,6.459,6.731,1.0000
75.0609,-31.5121,65.4855,0.0000,0.000,6.442,6.758,1.0000
80.0608,-33.6690,69.9963,0.0000,0.000,6.424,6.784,1.0000
85.0602,-35.8319,74.5036,0.0000,0.000,6.407,6.811,1.0000
90.0592,-38.0020,79.0070,0.0000,0.000,6.389,6.837,1.0000
95.0580,-40.1801,83.5063,0.0000,0.000,6.372,6.863,1.0000
100.0568,-42.3672,88.0012,0.0000,0.000,6.354,6.890,1.0000
105.0558,-44.5644,92.4916,0.0000,0.000,6.337,6.916,1.0000
110.0553,-46.7726,96.9769,0.0000,0.000,6.326,6.928,1.0000
115.0555,-48.9928,101.4571,0.0000,0.000,6.332,6.899,1.0000
120.0565,-51.2260,105.9319,0.0000,0.000,6.339,6.871,1.0000
125.0587,-53.4731,110.4009,0.0000,0.000,6.345,6.842,1.0000
130.0622,-55.7352,114.8639,0.0000,0.000,6.352,6.813,1.0000
135.0674,-58.0132,119.3206,0.0000,0.000,6.358,6.785,1.0000
140.0744,-60.3081,123.7708,0.0000,0.000,6.365,6.756,1.0000
145.0835,-62.6200,128.2144,0.0000,0.000,6.371,6.728,1.0000
150.0941,-64.9467,132.6521,0.0000,0.000,6.378,6.699,1.0000
155.1057,-67.2852,137.0846,0.0000,0.000,6.384,6.670,1.0000
160.1176,-69.6326,141.5128,0.0000,0.000,6.391,6.642,1.0000
165.1294,-71.9862,145.9375,0.0000,0.000,6.397,6.613,1.0000
170.1403,-74.3431,150.3595,0.0000,0.000,6.404,6.585,1.0000
175.1496,-76.7005,154.7796,0.0000,0.000,6.410,6.556,1.0000
180.1569,-79.0554,159.1985,0.0000,0.000,6.417,6.527,1.0000
185.1614,-81.4051,163.6171,0.0000,0.000,6.423,6.499,1.0000
190.1625,-83.7467,168.0361,0.0000,0.000,6.430,6.470,1.0000
195.1596,-86.0774,172.4564,0.0000,0.000,6.436,6.441,1.0000
200.1522,-88.3943,176.8788,0.0000,0.000,6.443,6.413,1.0000
205.1396,-90.6945,181.3041,0.0000,0.000,6.449,6.384,1.0000
210.1212,-92.9753,185.7330,0.0000,0.000,6.456,6.356,1.0000
215.0972,-95.2347,190.1664,0.0000,0.000,6.462,6.327,1.0000
220.0723,-97.4810,194.6056,0.0000,0.000,6.469,6.298,1.0000
225.0544,-99.7283,199.0520,0.0000,0.000,6.425,6.278,1.0000
230.0510,-101.9908,203.5070,0.0000,0.000,6.333,6.267,1.0000
235.0701,-104.2827,207.9722,0.0000,0.000,6.242,6.255,1.0000
240.1195,-106.6183,212.4490,0.0000,0.000,6.150,6.244,1.0000
245.2075,-109.0117,216.9389,0.0000,0.000,6.059,6.232,1.0000
250.3388,-111.4685,221.4438,0.0000,0.000,5.967,6.220,1.0000
255.4370,-113.8043,225.9755,0.0000,0.000,5.958,6.134,1.0000
260.3743,-115.6484,230.5555,0.0000,0.000,6.370,5.667,1.0000
265.1254,-116.6226,235.2057,0.0000,0.000,6.781,5.201,1.0000
269.8609,-116.4401,239.9377,0.0000,0.000,6.923,5.583,1.0000
274.7690,-115.2927,244.7097,0.0000,0.000,6.935,6.377,1.0000
279.8391,-113.5277,249.4627,0.0000,0.000,6.840,6.502,1.0000
284.9391,-111.4907,254.1382,0.0000,0.000,6.703,6.367,1.0000
289.9694,-109.4029,258.7148,0.0000,0.000,6.566,6.231,1.0000
294.9519,-107.2941,263.2290,0.0000,0.000,6.429,6.095,1.0000
299.9187,-105.1774,267.7223,0.0000,0.000,6.292,5.960,1.0000
304.8992,-103.0641,272.2321,0.0000,0.000,6.155,5.824,1.0000
309.8982,-100.9481,276.7613,0.0000,0.000,6.018,5.688,1.0000
314.9081,-98.8145,281.2941,0.0000,0.000,5.881,5.553,1.0000
319.9209,-96.6482,285.8146,0.0000,0.000,5.934,5.607,1.0000
324.9313,-94.4396,290.3120,0.0000,0.000,6.042,5.715,1.0000
329.9391,-92.1949,294.7885,0.0000,0.000,6.149,5.823,1.0000
334.9450,-89.9227,299.2490,0.0000,0.000,6.257,5.931,1.0000
339.9493,-87.6316,303.6980,0.0000,0.000,6.364,6.039,1.0000
344.9523,-85.3300,308.1402,0.0000,0.000,6.472,6.147,1.0000
349.9542,-83.0266,312.5802,0.0000,0.000,6.579,6.255,1.0000
354.9552,-80.7300,317.0226,0.0000,0.000,6.687,6.363,1.0000
359.9554,-78.4459,321.4707,0.0000,0.000,6.794,6.471,1.0000
364.9551,-76.1663,325.9204,0.0000,0.000,6.902,6.579,1.0000
369.9544,-73.8794,330.3660,0.0000,0.000,7.009,6.687,1.0000
374.9536,-71.5732,334.8014,0.0000,0.000,7.116,6.795,1.0000
379.9530,-69.2358,339.2208,0.0000,0.000,7.224,6.903,1.0000
384.9534,-66.8552,343.6182,0.0000,0.000,7.292,6.995,1.0000
389.9558,-64.4196,347.9876,0.0000,0.000,7.324,7.074,1.0000
394.9615,-61.9177,352.3233,0.0000,0.000,7.356,7.153,1.0000
399.9702,-59.3458,356.6211,0.0000,0.000,7.388,7.231,1.0000
404.9802,-56.7034,360.8777,0.0000,0.000,7.412,7.250,1.0000
409.9903,-53.9905,365.0897,0.0000,0.000,7.426,7.193,1.0000
414.9992,-51.2068,369.2538,0.0000,0.000,7.440,7.137,1.0000
420.0057,-48.3520,373.3666,0.0000,0.000,7.454,7.080,1.0000
425.0088,-45.4259,377.4248,0.0000,0.000,7.468,7.023,1.0000
430.0079,-42.4293,381.4262,0.0000,0.000,7.480,6.977,1.0000
435.0044,-39.3666,385.3740,0.0000,0.000,7.466,7.050,1.0000
439.9997,-36.2438,389.2728,0.0000,0.000,7.452,7.124,1.0000
444.9950,-33.0665,393.1275,0.0000,0.000,7.439,7.197,1.0000
449.9913,-29.8405,396.9426,0.0000,0.000,7.425,7.270,1.0000
454.9889,-26.5716,400.7230,0.0000,0.000,7.432,7.292,1.0000
459.9884,-23.2656,404.4733,0.0000,0.000,7.449,7.294,1.0000
464.9898,-19.9282,408.1983,0.0000,0.000,7.465,7.296,1.0000
469.9929,-16.5652,411.9027,0.0000,0.000,7.481,7.298,1.0000
474.9977,-13.1824,415.5911,0.0000,0.000,7.498,7.300,1.0000
480.0038,-9.7856,419.2683,0.0000,0.000,7.514,7.302,1.0000
485.0107,-6.3804,422.9391,0.0000,0.000,7.530,7.304,1.0000
490.0181,-2.9728,426.6081,0.0000,0.000,7.457,7.234,1.0000
495.0254,0.4316,430.2800,0.0000,0.000,7.127,6.956,1.0000
500.0322,3.8272,433.9594,0.0000,0.000,6.797,6.678,1.0000
505.0383,7.2127,437.6472,0.0000,0.000,6.467,6.400,1.0000
510.0438,10.5903,441.3414,0.0000,0.000,6.136,6.121,1.0000
515.0488,13.9625,445.0398,0.0000,0.000,5.806,5.843,1.0000
520.0531,17.3314,448.7403,0.0000,0.000,5.476,5.565,1.0000
525.0569,20.6995,452.4408,0.0000,0.000,5.146,5.287,1.0000
530.0601,24.0692,456.1391,0.0000,0.000,4.816,5.009,1.0000
535.0627,27.4427,459.8331,0.0000,0.000,4.485,4.730,1.0000
540.0648,30.8225,463.5206,0.0000,0.000,4.155,4.452,1.0000
545.0664,34.2109,467.1995,0.0000,0.000,3.825,4.174,1.0000
550.0675,37.6102,470.8677,0.0000,0.000,3.946,4.164,1.0000
555.0682,41.0228,474.5230,0.0000,0.000,4.173,4.216,1.0000
560.0686,44.4510,478.1633,0.0000,0.000,4.400,4.268,1.0000
565.0690,47.8972,481.7865,0.0000,0.000,4.627,4.321,1.0000
570.0695,51.3637,485.3904,0.0000,0.000,4.854,4.373,1.0000
575.0703,54.8504,488.9752,0.0000,0.000,5.070,4.425,1.0000
580.0714,58.3557,492.5424,0.0000,0.000,5.051,4.471,1.0000
585.0731,61.8778,496.0936,0.0000,0.000,5.032,4.517,1.0000
590.0753,65.4149,499.6306,0.0000,0.000,5.013,4.562,1.0000
595.0779,68.9653,503.1550,0.0000,0.000,4.995,4.608,1.0000
600.0811,72.5273,506.6684,0.0000,0.000,4.976,4.653,1.0000
605.0847,76.0990,510.1725,0.0000,0.000,4.957,4.699,1.0000
610.0886,79.6786,513.6691,0.0000,0.000,4.938,4.745,1.0000
615.0929,83.2645,517.1596,0.0000,0.000,4.919,4.790,1.0000
620.0973,86.8548,520.6459,0.0000,0.000,4.901,4.836,1.0000
625.1018,90.4478,524.1295,0.0000,0.000,4.882,4.882,1.0000
630.1063,94.0417,527.6121,0.0000,0.000,4.863,4.927,1.0000
635.1107,97.6348,531.0955,0.0000,0.000,4.886,4.984,1.0000
640.1148,101.2253,534.5811,0.0000,0.000,4.949,5.051,1.0000
645.1187,104.8119,538.0703,0.0000,0.000,5.013,5.119,1.0000
650.1222,108.3950,541.5627,0.0000,0.000,5.077,5.186,1.0000
655.1255,111.9748,545.0582,0.0000,0.000,5.140,5.254,1.0000
660.1287,115.5516,548.5564,0.0000,0.000,5.204,5.321,1.0000
665.1316,119.1259,552.0570,0.0000,0.000,5.267,5.389,1.0000
670.1345,122.6981,555.5596,0.0000,0.000,5.331,5.456,1.0000
675.1372,126.2684,559.0640,0.0000,0.000,5.395,5.523,1.0000
680.1399,129.8372,562.5698,0.0000,0.000,5.458,5.591,1.0000
685.1427,133.4049,566.0767,0.0000,0.000,5.522,5.658,1.0000
690.1454,136.9719,569.5844,0.0000,0.000,5.585,5.726,1.0000
695.1482,140.5385,573.0926,0.0000,0.000,5.649,5.793,1.0000
700.1511,144.1051,576.6009,0.0000,0.000,5.713,5.861,1.0000
705.1541,147.6720,580.1091,0.0000,0.000,5.776,5.928,1.0000
710.1573,151.2395,583.6168,0.0000,0.000,5.840,5.996,1.0000
715.1606,154.8075,587.1244,0.0000,0.000,5.903,6.063,1.0000
720.1641,158.3741,590.6335,0.0000,0.000,5.967,6.131,1.0000
725.1676,161.9374,594.1461,0.0000,0.000,6.030,6.198,1.0000
730.1711,165.4953,597.6641,0.0000,0.000,6.094,6.265,1.0000
735.1745,169.0459,601.1893,0.0000,0.000,6.151,6.306,1.0000
740.1779,172.5872,604.7238,0.0000,0.000,6.208,6.341,1.0000
745.1811,176.1173,608.2694,0.0000,0.000,6.264,6.377,1.0000
750.1843,179.6340,611.8281,0.0000,0.000,6.320,6.412,1.0000
755.1874,183.1355,615.4017,0.0000,0.000,6.376,6.447,1.0000
760.1906,186.6198,618.9922,0.0000,0.000,6.432,6.482,1.0000
765.1939,190.0849,622.6014,0.0000,0.000,6.488,6.518,1.0000
770.1976,193.5288,626.2314,0.0000,0.000,6.509,6.575,1.0000
775.2019,196.9495,629.8840,0.0000,0.000,6.520,6.638,1.0000
780.2070,200.3451,633.5611,0.0000,0.000,6.532,6.702,1.0000
785.2131,203.7149,637.2632,0.0000,0.000,6.543,6.765,1.0000
790.2194,207.0692,640.9796,0.0000,0.000,6.555,6.828,1.0000
795.2244,210.4228,644.6949,0.0000,0.000,6.582,6.873,1.0000
800.2266,213.7904,648.3937,0.0000,0.000,6.751,6.746,1.0000
805.2247,217.1871,652.0603,0.0000,0.000,6.920,6.619,1.0000
810.2182,220.6277,655.6792,0.0000,0.000,7.089,6.492,1.0000
815.2070,224.1270,659.2351,0.0000,0.000,7.258,6.365,1.0000
820.1891,227.7107,662.6959,0.0000,0.000,7.427,6.238,1.0000
825.1314,231.5630,665.7921,0.0000,0.000,7.425,7.450,1.0000
830.0919,235.9624,668.0837,0.0000,0.000,7.998,8.116,1.0000
835.0936,240.8197,669.2771,0.0000,0.000,9.037,8.177,1.0000
840.0708,245.7968,669.2514,0.0000,0.000,8.859,8.055,1.0000
845.0662,250.6624,668.1201,0.0000,0.000,8.611,7.922,1.0000
850.0635,255.2122,666.0531,0.0000,0.000,8.297,7.474,1.0000
854.9932,259.2463,663.2198,0.0000,0.000,7.980,7.016,1.0000
859.8748,262.7079,659.7778,0.0000,0.000,7.809,6.818,1.0000
864.8050,265.7143,655.8703,0.0000,0.000,7.697,6.726,1.0000
869.8126,268.3933,651.6396,0.0000,0.000,7.586,6.634,1.0000
874.8739,270.8544,647.2169,0.0000,0.000,7.472,6.548,1.0000
879.9475,273.0851,642.6600,0.0000,0.000,7.311,6.650,1.0000
884.9977,275.0231,637.9965,0.0000,0.000,7.149,6.752,1.0000
889.9976,276.6061,633.2537,0.0000,0.000,6.988,6.854,1.0000
894.9473,277.8081,628.4523,0.0000,0.000,7.001,6.814,1.0000
899.8783,278.6762,623.5982,0.0000,0.000,7.066,6.732,1.0000
904.8159,279.2667,618.6961,0.0000,0.000,7.105,6.710,1.0000
909.7753,279.6355,613.7504,0.0000,0.000,7.101,6.783,1.0000
914.7643,279.8387,608.7655,0.0000,0.000,7.040,6.772,1.0000
919.7847,279.9324,603.7461,0.0000,0.000,6.948,6.715,1.0000
924.8345,279.9726,598.6964,0.0000,0.000,6.856,6.657,1.0000
929.9058,280.0176,593.6253,0.0000,0.000,6.723,6.631,1.0000
934.9760,280.1335,588.5565,0.0000,0.000,6.463,6.701,1.0000
940.0220,280.3881,583.5168,0.0000,0.000,6.203,6.771,1.0000
945.0268,280.8492,578.5334,0.0000,0.000,5.943,6.841,1.0000
949.9819,281.5847,573.6331,0.0000,0.000,5.960,6.822,1.0000
954.8918,282.6624,568.8430,0.0000,0.000,6.001,6.794,1.0000
959.7768,284.1501,564.1900,0.0000,0.000,6.133,6.660,1.0000
964.6745,286.1027,559.6984,0.0000,0.000,6.313,6.468,1.0000
969.6148,288.4933,555.3750,0.0000,0.000,6.398,6.405,1.0000
974.6086,291.2632,551.2198,0.0000,0.000,6.340,6.538,1.0000
979.6528,294.3532,547.2328,0.0000,0.000,6.283,6.670,1.0000
984.7336,297.7045,543.4141,0.0000,0.000,6.224,6.750,1.0000
989.8281,301.2581,539.7635,0.0000,0.000,6.162,6.726,1.0000
994.9070,304.9551,536.2812,0.0000,0.000,6.100,6.702,1.0000
999.9451,308.7468,532.9637,0.0000,0.000,6.038,6.678,1.0000
1004.9483,312.6200,529.7965,0.0000,0.000,6.090,6.643,1.0000
1009.9279,316.5686,526.7626,0.0000,0.000,6.230,6.599,1.0000
1014.8936,320.5869,523.8451,0.0000,0.000,6.370,6.555,1.0000
1019.8539,324.6687,521.0269,0.0000,0.000,6.510,6.511,1.0000
1024.8158,328.8083,518.2911,0.0000,0.000,6.462,6.538,1.0000
1029.7856,332.9998,515.6207,0.0000,0.000,6.406,6.568,1.0000
1034.7679,337.2370,512.9999,0.0000,0.000,6.349,6.598,1.0000
1039.7624,341.5135,510.4199,0.0000,0.000,6.293,6.627,1.0000
1044.7670,345.8225,507.8745,0.0000,0.000,6.237,6.657,1.0000
1049.7793,350.1571,505.3577,0.0000,0.000,6.180,6.687,1.0000
1054.7968,354.5107,502.8633,0.0000,0.000,6.174,6.685,1.0000
1059.8169,358.8764,500.3851,0.0000,0.000,6.177,6.677,1.0000
1064.8366,363.2474,497.9170,0.0000,0.000,6.180,6.670,1.0000
1069.8532,367.6174,495.4534,0.0000,0.000,6.183,6.662,1.0000
1074.8660,371.9849,492.9930,0.0000,0.000,6.186,6.654,1.0000
1079.8752,376.3512,490.5379,0.0000,0.000,6.189,6.646,1.0000
1084.8812,380.7180,488.0902,0.0000,0.000,6.192,6.639,1.0000
1089.8845,385.0868,485.6517,0.0000,0.000,6.195,6.631,1.0000
1094.8855,389.4593,483.2245,0.0000,0.000,6.198,6.623,1.0000
1099.8845,393.8368,480.8106,0.0000,0.000,6.201,6.615,1.0000
1104.8820,398.2211,478.4121,0.0000,0.000,6.204,6.607,1.0000
1109.8784,402.6137,476.0308,0.0000,0.000,6.207,6.600,1.0000
1114.8744,407.0161,473.6690,0.0000,0.000,6.210,6.592,1.0000
1119.8704,411.4299,471.3284,0.0000,0.000,6.213,6.584,1.0000
1124.8669,415.8566,469.0112,0.0000,0.000,6.218,6.576,1.0000
1129.8646,420.2979,466.7194,0.0000,0.000,6.252,6.555,1.0000
1134.8642,424.7552,464.4550,0.0000,0.000,6.287,6.534,1.0000
1139.8663,429.2302,462.2199,0.0000,0.000,6.321,6.514,1.0000
1144.8712,433.7220,460.0124,0.0000,0.000,6.356,6.493,1.0000
1149.8784,438.2258,457.8243,0.0000,0.000,6.390,6.473,1.0000
1154.8871,442.7361,455.6463,0.0000,0.000,6.425,6.452,1.0000
1159.8963,447.2477,453.4696,0.0000,0.000,6.459,6.432,1.0000
1164.9053,451.7551,451.2849,0.0000,0.000,6.494,6.411,1.0000
1169.9131,456.2531,449.0833,0.0000,0.000,6.528,6.390,1.0000
1174.9192,460.7363,446.8558,0.0000,0.000,6.563,6.370,1.0000
1179.9231,465.2016,444.5974,0.0000,0.000,6.597,6.349,1.0000
1184.9254,469.6538,442.3169,0.0000,0.000,6.632,6.329,1.0000
1189.9265,474.0990,440.0254,0.0000,0.000,6.667,6.308,1.0000
1194.9265,478.5432,437.7341,0.0000,0.000,6.590,6.390,1.0000
1199.9260,482.9925,435.4544,0.0000,0.000,6.504,6.480,1.0000
1204.9251,487.4532,433.1974,0.0000,0.000,6.418,6.570,1.0000
1209.9247,491.9313,430.9743,0.0000,0.000,6.332,6.660,1.0000
1214.9252,496.4321,428.7954,0.0000,0.000,6.247,6.750,1.0000
1219.9266,500.9572,426.6651,0.0000,0.000,6.161,6.840,1.0000
1224.9285,505.5064,424.5858,0.0000,0.000,6.164,6.825,1.0000
1229.9305,510.0798,422.5600,0.0000,0.000,6.171,6.804,1.0000
1234.9322,514.6773,420.5900,0.0000,0.000,6.178,6.784,1.0000
1239.9336,519.2989,418.6783,0.0000,0.000,6.186,6.764,1.0000
1244.9345,523.9446,416.8273,0.0000,0.000,6.193,6.744,1.0000
1249.9348,528.6141,415.0389,0.0000,0.000,6.200,6.723,1.0000
1254.9351,533.3061,413.3100,0.0000,0.000,6.207,6.703,1.0000
1259.9360,538.0178,411.6344,0.0000,0.000,6.229,6.688,1.0000
1264.9377,542.7470,410.0060,0.0000,0.000,6.253,6.674,1.0000
1269.9404,547.4911,408.4185,0.0000,0.000,6.277,6.661,1.0000
1274.9440,552.2477,406.8657,0.0000,0.000,6.301,6.647,1.0000
1279.9483,557.0143,405.3414,0.0000,0.000,6.325,6.633,1.0000
1284.9532,561.7887,403.8403,0.0000,0.000,6.349,6.620,1.0000
1289.9582,566.5705,402.3622,0.0000,0.000,6.373,6.606,1.0000
1294.9632,571.3598,400.9086,0.0000,0.000,6.397,6.592,1.0000
1299.9681,576.1567,399.4809,0.0000,0.000,6.421,6.579,1.0000
1304.9726,580.9614,398.0808,0.0000,0.000,6.417,6.613,1.0000
1309.9768,585.7740,396.7096,0.0000,0.000,6.399,6.675,1.0000
1314.9803,590.5946,395.3690,0.0000,0.000,6.380,6.736,1.0000
1319.9833,595.4234,394.0604,0.0000,0.000,6.361,6.797,1.0000
1324.9856,600.2605,392.7853,0.0000,0.000,6.349,6.841,1.0000
1329.9873,605.1060,391.5452,0.0000,0.000,6.353,6.836,1.0000
1334.9884,609.9601,390.3417,0.0000,0.000,6.358,6.831,1.0000
1339.9888,614.8228,389.1762,0.0000,0.000,6.363,6.826,1.0000
1344.9888,619.6944,388.0503,0.0000,0.000,6.368,6.821,1.0000
1349.9885,624.5749,386.9654,0.0000,0.000,6.372,6.816,1.0000
1354.9879,629.4645,385.9229,0.0000,0.000,6.377,6.811,1.0000
1359.9875,634.3629,384.9221,0.0000,0.000,6.382,6.806,1.0000
1364.9874,639.2693,383.9599,0.0000,0.000,6.392,6.770,1.0000
1369.9880,644.1833,383.0331,0.0000,0.000,6.407,6.709,1.0000
1374.9893,649.1040,382.1387,0.0000,0.000,6.422,6.649,1.0000
1379.9915,654.0308,381.2734,0.0000,0.000,6.438,6.588,1.0000
1384.9946,658.9630,380.4341,0.0000,0.000,6.453,6.528,1.0000
1389.9987,663.9000,379.6178,0.0000,0.000,6.468,6.468,1.0000
1395.0035,668.8410,378.8212,0.0000,0.000,6.483,6.407,1.0000
1400.0091,673.7854,378.0412,0.0000,0.000,6.498,6.347,1.0000
1405.0152,678.7326,377.2747,0.0000,0.000,6.478,6.366,1.0000
1410.0219,683.6818,376.5185,0.0000,0.000,6.453,6.397,1.0000
1415.0288,688.6323,375.7696,0.0000,0.000,6.428,6.429,1.0000
1420.0357,693.5836,375.0247,0.0000,0.000,6.403,6.460,1.0000
1425.0426,698.5348,374.2807,0.0000,0.000,6.378,6.491,1.0000
1430.0490,703.4857,373.5366,0.0000,0.000,6.353,6.523,1.0000
1435.0549,708.4366,372.7971,0.0000,0.000,6.328,6.554,1.0000
1440.0598,713.3881,372.0679,0.0000,0.000,6.303,6.586,1.0000
1445.0634,718.3407,371.3550,0.0000,0.000,6.279,6.616,1.0000
1450.0657,723.2951,370.6640,0.0000,0.000,6.281,6.607,1.0000
1455.0665,728.2516,370.0008,0.0000,0.000,6.283,6.599,1.0000
1460.0656,733.2110,369.3711,0.0000,0.000,6.285,6.590,1.0000
1465.0633,738.1737,368.7807,0.0000,0.000,6.287,6.582,1.0000
1470.0598,743.1403,368.2355,0.0000,0.000,6.289,6.573,1.0000
1475.0554,748.1114,367.7412,0.0000,0.000,6.293,6.578,1.0000
1480.0507,753.0875,367.3036,0.0000,0.000,6.297,6.584,1.0000
1485.0465,758.0692,366.9285,0.0000,0.000,6.301,6.591,1.0000
1490.0437,763.0569,366.6217,0.0000,0.000,6.305,6.598,1.0000
1495.0435,768.0514,366.3889,0.0000,0.000,6.324,6.589,1.0000
1500.0474,773.0529,366.2353,0.0000,0.000,6.365,6.554,1.0000
1505.0553,778.0602,366.1596,0.0000,0.000,6.407,6.520,1.0000
1510.0663,783.0712,366.1568,0.0000,0.000,6.448,6.485,1.0000
1515.0794,788.0838,366.2219,0.0000,0.000,6.489,6.451,1.0000
1520.0930,793.0959,366.3501,0.0000,0.000,6.530,6.416,1.0000
1525.1058,798.1052,366.5363,0.0000,0.000,6.460,6.470,1.0000
1530.1161,803.1098,366.7756,0.0000,0.000,6.342,6.559,1.0000
1535.1220,808.1074,367.0631,0.0000,0.000,6.225,6.649,1.0000
1540.1232,813.0975,367.3967,0.0000,0.000,6.107,6.739,1.0000
1545.1208,818.0806,367.7765,0.0000,0.000,5.990,6.829,1.0000
1550.1159,823.0575,368.2026,0.0000,0.000,5.970,6.834,1.0000
1555.1095,828.0287,368.6753,0.0000,0.000,5.990,6.803,1.0000
1560.1029,832.9950,369.1948,0.0000,0.000,6.010,6.772,1.0000
1565.0971,837.9569,369.7614,0.0000,0.000,6.031,6.741,1.0000
1570.0932,842.9152,370.3750,0.0000,0.000,6.051,6.710,1.0000
1575.0915,847.8699,371.0338,0.0000,0.000,6.071,6.679,1.0000
1580.0920,852.8210,371.7350,0.0000,0.000,6.092,6.648,1.0000
1585.0945,857.7684,372.4758,0.0000,0.000,6.112,6.617,1.0000
1590.0988,862.7119,373.2532,0.0000,0.000,6.132,6.586,1.0000
1595.1046,867.6515,374.0644,0.0000,0.000,6.152,6.556,1.0000
1600.1115,872.5871,374.9066,0.0000,0.000,6.165,6.567,1.0000
1605.1191,877.5185,375.7770,0.0000,0.000,6.177,6.578,1.0000
1610.1270,882.4457,376.6726,0.0000,0.000,6.190,6.588,1.0000
1615.1348,887.3685,377.5907,0.0000,0.000,6.203,6.599,1.0000
1620.1418,892.2870,378.5283,0.0000,0.000,6.215,6.610,1.0000
1625.1475,897.2009,379.4827,0.0000,0.000,6.228,6.621,1.0000
1630.1514,902.1102,380.4510,0.0000,0.000,6.240,6.632,1.0000
1635.1527,907.0147,381.4303,0.0000,0.000,6.253,6.643,1.0000
1640.1510,911.9144,382.4181,0.0000,0.000,6.265,6.653,1.0000
1645.1461,916.8059,383.4301,0.0000,0.000,6.278,6.664,1.0000
1650.1393,921.6811,384.5092,0.0000,0.000,6.306,6.649,1.0000
1655.1339,926.5315,385.7008,0.0000,0.000,6.351,6.609,1.0000
1660.1359,931.3511,387.0391,0.0000,0.000,6.395,6.569,1.0000
1665.1456,936.1548,388.4612,0.0000,0.000,6.439,6.529,1.0000
1670.1567,940.9686,389.8534,0.0000,0.000,6.484,6.489,1.0000
1675.1647,945.8184,391.1019,0.0000,0.000,6.481,6.510,1.0000
1680.1728,950.7138,392.1589,0.0000,0.000,6.431,6.590,1.0000
1685.1792,955.6216,393.1473,0.0000,0.000,6.381,6.670,1.0000
1690.1753,960.5018,394.2172,0.0000,0.000,6.331,6.750,1.0000
1695.1608,965.3162,395.5122,0.0000,0.000,6.281,6.830,1.0000
1700.1489,970.0587,397.0580,0.0000,0.000,6.294,6.819,1.0000
1705.1463,974.7512,398.7770,0.0000,0.000,6.323,6.783,1.0000
1710.1509,979.4165,400.5882,0.0000,0.000,6.353,6.748,1.0000
1715.1566,984.0742,402.4219,0.0000,0.000,6.383,6.712,1.0000
1720.1620,988.7293,404.2616,0.0000,0.000,6.412,6.676,1.0000
1725.1670,993.3821,406.1060,0.0000,0.000,6.442,6.641,1.0000
1730.1718,998.0334,407.9536,0.0000,0.000,6.472,6.605,1.0000
1735.1763,1002.6836,409.8030,0.0000,0.000,6.501,6.569,1.0000
1740.1805,1007.3333,411.6528,0.0000,0.000,6.531,6.534,1.0000
1745.1844,1011.9832,413.5018,0.0000,0.000,6.547,6.518,1.0000
1750.1882,1016.6337,415.3484,0.0000,0.000,6.545,6.528,1.0000
1755.1916,1021.2854,417.1913,0.0000,0.000,6.543,6.538,1.0000
1760.1949,1025.9389,419.0291,0.0000,0.000,6.541,6.547,1.0000
1765.1981,1030.5948,420.8604,0.0000,0.000,6.539,6.557,1.0000
1770.2010,1035.2537,422.6838,0.0000,0.000,6.537,6.567,1.0000
1775.2039,1039.9160,424.4980,0.0000,0.000,6.535,6.577,1.0000
1780.2067,1044.5824,426.3016,0.0000,0.000,6.533,6.587,1.0000
1785.2095,1049.2534,428.0932,0.0000,0.000,6.531,6.597,1.0000
1790.2123,1053.9290,429.8727,0.0000,0.000,6.535,6.592,1.0000
1795.2153,1058.6090,431.6412,0.0000,0.000,6.552,6.555,1.0000
1800.2183,1063.2928,433.3996,0.0000,0.000,6.570,6.517,1.0000
1805.2213,1067.9800,435.1490,0.0000,0.000,6.588,6.480,1.0000
1810.2245,1072.6704,436.8903,0.0000,0.000,6.605,6.442,1.0000
1815.2278,1077.3636,438.6244,0.0000,0.000,6.623,6.405,1.0000
1820.2312,1082.0590,440.3526,0.0000,0.000,6.640,6.368,1.0000
1825.2346,1086.7564,442.0756,0.0000,0.000,6.652,6.371,1.0000
1830.2381,1091.4554,443.7946,0.0000,0.000,6.663,6.383,1.0000
1835.2416,1096.1555,445.5104,0.0000,0.000,6.673,6.394,1.0000
1840.2452,1100.8564,447.2242,0.0000,0.000,6.684,6.406,1.0000
1845.2488,1105.5577,448.9370,0.0000,0.000,6.694,6.417,1.0000
1850.2523,1110.2590,450.6496,0.0000,0.000,6.705,6.429,1.0000
1855.2558,1114.9599,452.3631,0.0000,0.000,6.715,6.441,1.0000
1860.2592,1119.6603,454.0778,0.0000,0.000,6.726,6.452,1.0000
1865.2626,1124.3604,455.7933,0.0000,0.000,6.736,6.464,1.0000
1870.2659,1129.0603,457.5092,0.0000,0.000,6.747,6.475,1.0000
1875.2692,1133.7601,459.2253,0.0000,0.000,6.757,6.487,1.0000
1880.2724,1138.4599,460.9412,0.0000,0.000,6.768,6.498,1.0000
1885.2756,1143.1598,462.6567,0.0000,0.000,6.778,6.510,1.0000
1890.2788,1147.8600,464.3712,0.0000,0.000,6.789,6.522,1.0000
1895.2820,1152.5607,466.0846,0.0000,0.000,6.799,6.533,1.0000
1900.2851,1157.2618,467.7964,0.0000,0.000,6.810,6.545,1.0000
1905.2882,1161.9637,469.5064,0.0000,0.000,6.821,6.556,1.0000
1910.2913,1166.6663,471.2142,0.0000,0.000,6.831,6.568,1.0000
1915.2944,1171.3698,472.9194,0.0000,0.000,6.842,6.579,1.0000
1920.2975,1176.0743,474.6218,0.0000,0.000,6.852,6.591,1.0000
1925.3006,1180.7800,476.3210,0.0000,0.000,6.863,6.603,1.0000
1930.3037,1185.4870,478.0167,0.0000,0.000,6.873,6.614,1.0000
1935.3068,1190.1954,479.7085,0.0000,0.000,6.884,6.626,1.0000
1940.3100,1194.9054,481.3961,0.0000,0.000,6.894,6.637,1.0000
1945.3132,1199.6170,483.0791,0.0000,0.000,6.905,6.649,1.0000
1950.3165,1204.3304,484.7573,0.0000,0.000,6.915,6.661,1.0000
1955.3198,1209.0458,486.4303,0.0000,0.000,6.926,6.672,1.0000
1960.3232,1213.7632,488.0977,0.0000,0.000,6.936,6.684,1.0000
1965.3267,1218.4827,489.7593,0.0000,0.000,6.947,6.695,1.0000
1970.3303,1223.2046,491.4147,0.0000,0.000,6.946,6.724,1.0000
1975.3340,1227.9288,493.0635,0.0000,0.000,6.938,6.765,1.0000
1980.3379,1232.6557,494.7054,0.0000,0.000,6.930,6.806,1.0000
1985.3420,1237.3852,496.3401,0.0000,0.000,6.922,6.847,1.0000
1990.3462,1242.1175,497.9673,0.0000,0.000,6.914,6.888,1.0000
1995.3506,1246.8527,499.5866,0.0000,0.000,6.906,6.929,1.0000
2000.3553,1251.5907,501.1984,0.0000,0.000,6.898,6.970,1.0000
2005.3598,1256.3290,502.8089,0.0000,0.000,6.889,7.010,1.0000
2010.3638,1261.0643,504.4268,0.0000,0.000,6.881,7.051,1.0000
2015.3668,1265.7929,506.0607,0.0000,0.000,6.873,7.092,1.0000
2020.3686,1270.5116,507.7196,0.0000,0.000,6.865,7.133,1.0000
2025.3689,1275.2168,509.4120,0.0000,0.000,6.857,7.174,1.0000
2030.3679,1279.9051,511.1468,0.0000,0.000,6.849,7.215,1.0000
2035.3658,1284.5733,512.9319,0.0000,0.000,6.922,7.164,1.0000
2040.3640,1289.2236,514.7640,0.0000,0.000,6.986,7.069,1.0000
2045.3641,1293.8621,516.6310,0.0000,0.000,7.043,6.960,1.0000
2050.3674,1298.4949,518.5205,0.0000,0.000,7.100,6.851,1.0000
2055.3752,1303.1284,520.4203,0.0000,0.000,7.158,6.742,1.0000
2060.3884,1307.7686,522.3178,0.0000,0.000,7.215,6.633,1.0000
2065.4082,1312.4218,524.2009,0.0000,0.000,7.272,6.524,1.0000
2070.4344,1317.0944,526.0527,0.0000,0.000,7.330,6.415,1.0000
2075.4117,1321.7952,527.6884,0.0000,0.000,7.387,6.306,1.0000
2080.2612,1326.5369,528.7058,0.0000,0.000,7.254,6.400,1.0000
2085.0565,1331.3321,528.6879,0.0000,0.000,7.007,6.630,1.0000
2090.0750,1336.1519,527.2897,0.0000,0.000,6.954,6.740,1.0000
2095.2967,1340.6713,524.6741,0.0000,0.000,6.983,6.760,1.0000
2100.4167,1344.4225,521.1895,0.0000,0.000,7.296,6.474,1.0000
2105.3013,1346.8327,516.9409,0.0000,0.000,7.365,6.378,1.0000
2110.1119,1347.4387,512.1686,0.0000,0.000,7.295,6.390,1.0000
2114.8532,1346.1056,507.6186,0.0000,0.000,7.600,6.194,1.0000
2119.6909,1343.0532,503.8654,0.0000,0.000,7.869,6.017,1.0000
2124.6504,1339.2168,500.7225,0.0000,0.000,7.754,6.040,1.0000
2129.6315,1335.1276,497.8781,0.0000,0.000,7.640,6.064,1.0000
2134.6369,1330.8893,495.2153,0.0000,0.000,7.525,6.088,1.0000
2139.6522,1326.5961,492.6227,0.0000,0.000,7.410,6.112,1.0000
2144.6659,1322.2991,490.0394,0.0000,0.000,7.295,6.135,1.0000
2149.6776,1318.0015,487.4612,0.0000,0.000,7.180,6.159,1.0000
2154.6873,1313.7038,484.8869,0.0000,0.000,7.065,6.183,1.0000
2159.6953,1309.4065,482.3153,0.0000,0.000,6.950,6.206,1.0000
2164.7017,1305.1101,479.7451,0.0000,0.000,6.836,6.230,1.0000
2169.7068,1300.8152,477.1753,0.0000,0.000,6.721,6.254,1.0000
2174.7107,1296.5221,474.6045,0.0000,0.000,6.606,6.278,1.0000
2179.7136,1292.2315,472.0316,0.0000,0.000,6.517,6.288,1.0000
2184.7157,1287.9439,469.4553,0.0000,0.000,6.449,6.288,1.0000
2189.7172,1283.6597,466.8745,0.0000,0.000,6.382,6.289,1.0000
2194.7182,1279.3795,464.2880,0.0000,0.000,6.314,6.289,1.0000
2199.7190,1275.1038,461.6946,0.0000,0.000,6.247,6.289,1.0000
2204.7198,1270.8330,459.0930,0.0000,0.000,6.179,6.289,1.0000
2209.7207,1266.5677,456.4820,0.0000,0.000,6.111,6.289,1.0000
2214.7220,1262.3084,453.8609,0.0000,0.000,6.044,6.289,1.0000
2219.7237,1258.0548,451.2296,0.0000,0.000,5.976,6.290,1.0000
2224.7257,1253.8068,448.5886,0.0000,0.000,5.909,6.290,1.0000
2229.7280,1249.5643,445.9383,0.0000,0.000,5.841,6.290,1.0000
2234.7306,1245.3270,443.2789,0.0000,0.000,5.773,6.290,1.0000
2239.7335,1241.0949,440.6109,0.0000,0.000,5.987,6.628,1.0000
2244.7366,1236.8678,437.9346,0.0000,0.000,6.069,6.723,1.0000
2249.7400,1232.6455,435.2504,0.0000,0.000,6.075,6.719,1.0000
2254.7435,1228.4278,432.5586,0.0000,0.000,6.081,6.715,1.0000
2259.7471,1224.2145,429.8596,0.0000,0.000,6.087,6.712,1.0000
2264.7508,1220.0055,427.1537,0.0000,0.000,6.093,6.708,1.0000
2269.7546,1215.8007,424.4413,0.0000,0.000,6.099,6.704,1.0000
2274.7583,1211.5998,421.7228,0.0000,0.000,6.105,6.700,1.0000
2279.7621,1207.4027,418.9985,0.0000,0.000,6.111,6.696,1.0000
2284.7657,1203.2093,416.2688,0.0000,0.000,6.117,6.692,1.0000
2289.7693,1199.0193,413.5339,0.0000,0.000,6.123,6.688,1.0000
2294.7727,1194.8326,410.7941,0.0000,0.000,6.129,6.684,1.0000
2299.7761,1190.6491,408.0496,0.0000,0.000,6.135,6.680,1.0000
2304.7795,1186.4686,405.3006,0.0000,0.000,6.141,6.676,1.0000
2309.7828,1182.2910,402.5473,0.0000,0.000,6.147,6.672,1.0000
2314.7860,1178.1161,399.7899,0.0000,0.000,6.153,6.668,1.0000
2319.7892,1173.9438,397.0288,0.0000,0.000,6.159,6.664,1.0000
2324.7924,1169.7740,394.2640,0.0000,0.000,6.165,6.660,1.0000
2329.7956,1165.6064,391.4959,0.0000,0.000,6.171,6.656,1.0000
2334.7987,1161.4409,388.7245,0.0000,0.000,6.177,6.652,1.0000
2339.8018,1157.2774,385.9503,0.0000,0.000,6.183,6.648,1.0000
2344.8049,1153.1158,383.1733,0.0000,0.000,6.189,6.644,1.0000
2349.8080,1148.9558,380.3938,0.0000,0.000,6.195,6.640,1.0000
2354.8111,1144.7973,377.6120,0.0000,0.000,6.201,6.636,1.0000
2359.8142,1140.6403,374.8281,0.0000,0.000,6.207,6.632,1.0000
2364.8173,1136.4845,372.0424,0.0000,0.000,6.269,6.557,1.0000
2369.8204,1132.3297,369.2551,0.0000,0.000,6.343,6.465,1.0000
2374.8235,1128.1759,366.4664,0.0000,0.000,6.417,6.374,1.0000
2379.8266,1124.0229,363.6766,0.0000,0.000,6.427,6.370,1.0000
2384.8297,1119.8705,360.8857,0.0000,0.000,6.430,6.377,1.0000
2389.8328,1115.7186,358.0941,0.0000,0.000,6.432,6.385,1.0000
2394.8359,1111.5671,355.3020,0.0000,0.000,6.434,6.393,1.0000
2399.8390,1107.4158,352.5096,0.0000,0.000,6.436,6.401,1.0000
2404.8421,1103.2644,349.7172,0.0000,0.000,6.438,6.408,1.0000
2409.8453,1099.1130,346.9249,0.0000,0.000,6.440,6.416,1.0000
2414.8484,1094.9614,344.1329,0.0000,0.000,6.443,6.424,1.0000
2419.8516,1090.8093,341.3416,0.0000,0.000,6.445,6.432,1.0000
2424.8547,1086.6567,338.5510,0.0000,0.000,6.447,6.439,1.0000
2429.8579,1082.5035,335.7612,0.0000,0.000,6.449,6.447,1.0000
2434.8611,1078.3502,332.9716,0.0000,0.000,6.442,6.457,1.0000
2439.8643,1074.1970,330.1817,0.0000,0.000,6.435,6.468,1.0000
2444.8676,1070.0444,327.3908,0.0000,0.000,6.428,6.478,1.0000
2449.8709,1065.8928,324.5985,0.0000,0.000,6.421,6.488,1.0000
2454.8743,1061.7424,321.8041,0.0000,0.000,6.414,6.499,1.0000
2459.8778,1057.5937,319.0071,0.0000,0.000,6.406,6.509,1.0000
2464.8815,1053.4470,316.2068,0.0000,0.000,6.399,6.519,1.0000
2469.8852,1049.3028,313.4028,0.0000,0.000,6.392,6.530,1.0000
2474.8891,1045.1612,310.5945,0.0000,0.000,6.385,6.540,1.0000
2479.8932,1041.0229,307.7812,0.0000,0.000,6.378,6.551,1.0000
2484.8974,1036.8880,304.9624,0.0000,0.000,6.371,6.561,1.0000
2489.9019,1032.7570,302.1375,0.0000,0.000,6.364,6.571,1.0000
2494.9067,1028.6303,299.3060,0.0000,0.000,6.357,6.582,1.0000
2499.9114,1024.5061,296.4707,0.0000,0.000,6.349,6.592,1.0000
2504.9146,1020.3720,293.6527,0.0000,0.000,6.342,6.602,1.0000
2509.9147,1016.2116,290.8794,0.0000,0.000,6.408,6.551,1.0000
2514.9108,1012.0088,288.1780,0.0000,0.000,6.617,6.380,1.0000
2519.9041,1007.7472,285.5757,0.0000,0.000,6.826,6.208,1.0000
2524.8975,1003.4108,283.0999,0.0000,0.000,7.035,6.037,1.0000
2529.8971,998.9832,280.7778,0.0000,0.000,7.055,6.023,1.0000
2534.9068,994.4484,278.6487,0.0000,0.000,7.069,6.015,1.0000
2539.8896,989.7932,276.8719,0.0000,0.000,7.083,6.007,1.0000
2544.8264,985.0077,275.6589,0.0000,0.000,7.097,5.999,1.0000
2549.7686,980.1035,275.0475,0.0000,0.000,6.798,6.307,1.0000
2554.7613,975.1125,274.9152,0.0000,0.000,6.472,6.642,1.0000
2559.7836,970.0905,274.9658,0.0000,0.000,6.474,6.585,1.0000
2564.7917,965.0824,274.9934,0.0000,0.000,6.593,6.390,1.0000
2569.7843,960.0918,275.1330,0.0000,0.000,6.711,6.196,1.0000
2574.7719,955.1154,275.4661,0.0000,0.000,6.779,6.080,1.0000
2579.7614,950.1506,275.9629,0.0000,0.000,6.755,6.111,1.0000
2584.7565,945.1950,276.5891,0.0000,0.000,6.731,6.143,1.0000
2589.7577,940.2461,277.3106,0.0000,0.000,6.706,6.174,1.0000
2594.7639,935.3014,278.0932,0.0000,0.000,6.682,6.206,1.0000
2599.7727,930.3584,278.9025,0.0000,0.000,6.658,6.237,1.0000
2604.7810,925.4147,279.7045,0.0000,0.000,6.634,6.269,1.0000
2609.7872,920.4689,280.4799,0.0000,0.000,6.609,6.301,1.0000
2614.7917,915.5214,281.2324,0.0000,0.000,6.585,6.332,1.0000
2619.7948,910.5726,281.9682,0.0000,0.000,6.561,6.364,1.0000
2624.7971,905.6232,282.6932,0.0000,0.000,6.536,6.395,1.0000
2629.7988,900.6736,283.4135,0.0000,0.000,6.512,6.427,1.0000
2634.8004,895.7243,284.1351,0.0000,0.000,6.488,6.458,1.0000
2639.8022,890.7759,284.8640,0.0000,0.000,6.472,6.478,1.0000
2644.8045,885.8288,285.6045,0.0000,0.000,6.466,6.482,1.0000
2649.8072,880.8828,286.3559,0.0000,0.000,6.461,6.485,1.0000
2654.8104,875.9378,287.1166,0.0000,0.000,6.455,6.489,1.0000
2659.8140,870.9936,287.8850,0.0000,0.000,6.450,6.493,1.0000
2664.8178,866.0500,288.6595,0.0000,0.000,6.444,6.497,1.0000
2669.8219,861.1069,289.4386,0.0000,0.000,6.438,6.501,1.0000
2674.8261,856.1642,290.2207,0.0000,0.000,6.433,6.504,1.0000
2679.8305,851.2216,291.0043,0.0000,0.000,6.427,6.508,1.0000
2684.8348,846.2790,291.7876,0.0000,0.000,6.422,6.512,1.0000
2689.8390,841.3362,292.5693,0.0000,0.000,6.416,6.516,1.0000
2694.8431,836.3930,293.3477,0.0000,0.000,6.411,6.520,1.0000
2699.8469,831.4494,294.1212,0.0000,0.000,6.405,6.523,1.0000
2704.8504,826.5050,294.8883,0.0000,0.000,6.400,6.527,1.0000
2709.8535,821.5598,295.6474,0.0000,0.000,6.394,6.531,1.0000
2714.8563,816.6136,296.3979,0.0000,0.000,6.389,6.535,1.0000
2719.8587,811.6668,297.1416,0.0000,0.000,6.383,6.539,1.0000
2724.8610,806.7195,297.8809,0.0000,0.000,6.377,6.542,1.0000
2729.8631,801.7719,298.6182,0.0000,0.000,6.372,6.546,1.0000
2734.8653,796.8245,299.3557,0.0000,0.000,6.366,6.550,1.0000
2739.8676,791.8773,300.0959,0.0000,0.000,6.361,6.554,1.0000
2744.8700,786.9306,300.8410,0.0000,0.000,6.355,6.558,1.0000
2749.8728,781.9848,301.5933,0.0000,0.000,6.350,6.561,1.0000
2754.8759,777.0399,302.3552,0.0000,0.000,6.331,6.586,1.0000
2759.8796,772.0964,303.1291,0.0000,0.000,6.305,6.623,1.0000
2764.8840,767.1545,303.9172,0.0000,0.000,6.278,6.660,1.0000
2769.8893,762.2143,304.7219,0.0000,0.000,6.252,6.698,1.0000
2774.8956,757.2762,305.5455,0.0000,0.000,6.225,6.735,1.0000
2779.9032,752.3404,306.3903,0.0000,0.000,6.199,6.772,1.0000
2784.9119,747.4068,307.2543,0.0000,0.000,6.173,6.809,1.0000
2789.9182,742.4716,308.0951,0.0000,0.000,6.146,6.847,1.0000
2794.9178,737.5293,308.8496,0.0000,0.000,6.120,6.884,1.0000
2799.9096,732.5742,309.4542,0.0000,0.000,6.093,6.921,1.0000
2804.8984,727.6008,309.8456,0.0000,0.000,6.067,6.958,1.0000
2809.8970,722.6035,309.9603,0.0000,0.000,5.991,6.824,1.0000
2814.9290,717.5766,309.7350,0.0000,0.000,5.891,6.609,1.0000
2820.0112,712.5358,309.0880,0.0000,0.000,5.792,6.394,1.0000
2824.8912,707.8861,307.6064,0.0000,0.000,5.894,6.574,1.0000
2829.5143,704.3485,304.6301,0.0000,0.000,5.899,6.731,1.0000
2834.3703,702.1886,300.2809,0.0000,0.000,6.100,6.616,1.0000
2839.4555,701.1804,295.2966,0.0000,0.000,6.475,6.358,1.0000
2844.6312,700.6989,290.1434,0.0000,0.000,6.457,6.425,1.0000
2849.6788,700.1676,285.1238,0.0000,0.000,6.439,6.491,1.0000
2854.6460,699.6758,280.1810,0.0000,0.000,6.420,6.558,1.0000
2859.6119,699.3793,275.2240,0.0000,0.000,6.402,6.625,1.0000
2864.5860,699.2733,270.2510,0.0000,0.000,6.379,6.691,1.0000
2869.5705,699.3411,265.2669,0.0000,0.000,6.357,6.758,1.0000
2874.5659,699.5660,260.2766,0.0000,0.000,6.335,6.817,1.0000
2879.5710,699.9314,255.2849,0.0000,0.000,6.318,6.799,1.0000
2884.5831,700.4206,250.2967,0.0000,0.000,6.300,6.781,1.0000
2889.5984,701.0168,245.3169,0.0000,0.000,6.282,6.764,1.0000
2894.6123,701.7138,240.3518,0.0000,0.000,6.265,6.746,1.0000
2899.6204,702.5300,235.4106,0.0000,0.000,6.245,6.731,1.0000
2904.6201,703.4870,230.5033,0.0000,0.000,6.183,6.785,1.0000
2909.6109,704.6067,225.6398,0.0000,0.000,6.121,6.839,1.0000
2914.5945,705.9109,220.8299,0.0000,0.000,6.059,6.893,1.0000
2919.5754,707.4215,216.0835,0.0000,0.000,5.997,6.947,1.0000
2924.5614,709.1602,211.4105,0.0000,0.000,5.971,6.984,1.0000
2929.5600,711.1441,206.8225,0.0000,0.000,6.047,6.971,1.0000
2934.5662,713.3703,202.3385,0.0000,0.000,6.123,6.958,1.0000
2939.5716,715.8307,197.9796,0.0000,0.000,6.199,6.946,1.0000
2944.5686,718.5167,193.7658,0.0000,0.000,6.275,6.933,1.0000
2949.5601,721.3957,189.6883,0.0000,0.000,6.369,6.796,1.0000
2954.5563,724.4034,185.6988,0.0000,0.000,6.469,6.615,1.0000
2959.5607,727.4732,181.7466,0.0000,0.000,6.568,6.434,1.0000
2964.5678,730.5218,177.7746,0.0000,0.000,6.668,6.254,1.0000
2969.5385,733.3394,173.6796,0.0000,0.000,6.755,6.110,1.0000
2974.4655,735.6853,169.3468,0.0000,0.000,6.790,6.113,1.0000
2979.4299,737.5222,164.7348,0.0000,0.000,6.826,6.116,1.0000
2984.4790,738.8777,159.8711,0.0000,0.000,6.847,6.195,1.0000
2989.5553,739.7186,154.8649,0.0000,0.000,6.841,6.420,1.0000
2994.5917,740.0031,149.8366,0.0000,0.000,6.827,6.634,1.0000
2999.5507,739.7070,144.8864,0.0000,0.000,6.529,6.390,1.0000
3004.4733,738.8759,140.0345,0.0000,0.000,6.439,6.225,1.0000
3009.4024,737.5728,135.2807,0.0000,0.000,6.747,6.214,1.0000
3014.3628,735.8606,130.6251,0.0000,0.000,6.791,6.332,1.0000
3019.3634,733.8025,126.0678,0.0000,0.000,6.752,6.491,1.0000
3024.3998,731.4613,121.6086,0.0000,0.000,6.815,6.636,1.0000
3029.4573,728.9002,117.2476,0.0000,0.000,7.048,6.757,1.0000
3034.5129,726.1717,112.9915,0.0000,0.000,7.264,6.910,1.0000
3039.5421,723.2536,108.8955,0.0000,0.000,7.358,7.291,1.0000
3044.5319,720.0905,105.0363,0.0000,0.000,7.451,7.672,1.0000
3049.4885,716.6271,101.4904,0.0000,0.000,7.814,7.775,1.0000
3054.4426,712.8521,98.2823,0.0000,0.000,8.336,7.714,1.0000
3059.4207,708.8491,95.3230,0.0000,0.000,8.775,7.727,1.0000
3064.4221,704.7145,92.5088,0.0000,0.000,8.816,8.088,1.0000
3069.4308,700.5407,89.7400,0.0000,0.000,8.857,8.450,1.0000
3074.4376,696.3668,86.9748,0.0000,0.000,8.899,8.811,1.0000
3079.4426,692.1917,84.2145,0.0000,0.000,8.940,9.172,1.0000
3084.4462,688.0136,81.4616,0.0000,0.000,8.974,9.388,1.0000
3089.4487,683.8304,78.7182,0.0000,0.000,8.992,9.292,1.0000
3094.4504,679.6402,75.9869,0.0000,0.000,9.009,9.195,1.0000
3099.4518,675.4412,73.2699,0.0000,0.000,9.027,9.099,1.0000
3104.4532,671.2314,70.5696,0.0000,0.000,9.045,9.003,1.0000
3109.4550,667.0106,67.8860,0.0000,0.000,9.063,8.906,1.0000
3114.4571,662.7807,65.2159,0.0000,0.000,9.081,8.810,1.0000
3119.4595,658.5438,62.5564,0.0000,0.000,9.098,8.714,1.0000
3124.4622,654.3020,59.9043,0.0000,0.000,9.111,8.628,1.0000
3129.4651,650.0573,57.2563,0.0000,0.000,9.061,8.663,1.0000
3134.4681,645.8117,54.6095,0.0000,0.000,9.011,8.697,1.0000
3139.4713,641.5673,51.9606,0.0000,0.000,8.961,8.731,1.0000
3144.4745,637.3256,49.3074,0.0000,0.000,8.911,8.766,1.0000
3149.4777,633.0865,46.6499,0.0000,0.000,8.862,8.800,1.0000
3154.4809,628.8501,43.9882,0.0000,0.000,8.812,8.835,1.0000
3159.4841,624.6162,41.3223,0.0000,0.000,8.762,8.869,1.0000
3164.4874,620.3849,38.6524,0.0000,0.000,8.712,8.903,1.0000
3169.4906,616.1560,35.9786,0.0000,0.000,8.662,8.938,1.0000
3174.4939,611.9295,33.3011,0.0000,0.000,8.613,8.972,1.0000
3179.4972,607.7052,30.6199,0.0000,0.000,8.578,9.001,1.0000
3184.5005,603.4832,27.9351,0.0000,0.000,8.600,9.011,1.0000
3189.5039,599.2634,25.2470,0.0000,0.000,8.621,9.021,1.0000
3194.5072,595.0456,22.5555,0.0000,0.000,8.643,9.031,1.0000
3199.5106,590.8299,19.8609,0.0000,0.000,8.665,9.041,1.0000
3204.5139,586.6161,17.1631,0.0000,0.000,8.686,9.051,1.0000
3209.5173,582.4042,14.4625,0.0000,0.000,8.708,9.061,1.0000
3214.5207,578.1941,11.7590,0.0000,0.000,8.730,9.071,1.0000
3219.5240,573.9858,9.0528,0.0000,0.000,8.751,9.081,1.0000
3224.5273,569.7791,6.3440,0.0000,0.000,8.773,9.091,1.0000
3229.5307,565.5741,3.6328,0.0000,0.000,8.795,9.101,1.0000
3234.5340,561.3706,0.9191,0.0000,0.000,8.816,9.111,1.0000
3239.5373,557.1686,-1.7967,0.0000,0.000,8.838,9.121,1.0000
3244.5405,552.9680,-4.5147,0.0000,0.000,8.860,9.131,1.0000
3249.5437,548.7687,-7.2346,0.0000,0.000,8.881,9.141,1.0000
3254.5469,544.5707,-9.9565,0.0000,0.000,8.903,9.151,1.0000
3259.5500,540.3739,-12.6801,0.0000,0.000,8.925,9.161,1.0000
3264.5531,536.1782,-15.4054,0.0000,0.000,8.946,9.171,1.0000
3269.5561,531.9836,-18.1322,0.0000,0.000,8.968,9.181,1.0000
3274.5591,527.7900,-20.8604,0.0000,0.000,8.990,9.191,1.0000
3279.5620,523.5973,-23.5899,0.0000,0.000,9.011,9.201,1.0000
3284.5648,519.4055,-26.3206,0.0000,0.000,9.033,9.211,1.0000
3289.5675,515.2149,-29.0531,0.0000,0.000,9.055,9.221,1.0000
3294.5703,511.0259,-31.7880,0.0000,0.000,9.076,9.231,1.0000
3299.5730,506.8389,-34.5261,0.0000,0.000,9.098,9.241,1.0000
3304.5759,502.6544,-37.2680,0.0000,0.000,9.042,9.180,1.0000
3309.5788,498.4727,-40.0143,0.0000,0.000,8.964,9.099,1.0000
3314.5818,494.2943,-42.7659,0.0000,0.000,8.885,9.017,1.0000
3319.5851,490.1195,-45.5234,0.0000,0.000,8.807,8.936,1.0000
3324.5885,485.9488,-48.2875,0.0000,0.000,8.728,8.854,1.0000
3329.5923,481.7827,-51.0589,0.0000,0.000,8.650,8.773,1.0000
3334.5964,477.6214,-53.8383,0.0000,0.000,8.571,8.691,1.0000
3339.6009,473.4655,-56.6263,0.0000,0.000,8.493,8.610,1.0000
3344.6058,469.3153,-59.4237,0.0000,0.000,8.414,8.529,1.0000
3349.6113,465.1713,-62.2312,0.0000,0.000,8.379,8.465,1.0000
3354.6174,461.0337,-65.0493,0.0000,0.000,8.406,8.429,1.0000
3359.6237,456.8997,-67.8729,0.0000,0.000,8.432,8.392,1.0000
3364.6291,452.7626,-70.6906,0.0000,0.000,8.459,8.355,1.0000
3369.6328,448.6158,-73.4907,0.0000,0.000,8.485,8.318,1.0000
3374.6339,444.4525,-76.2615,0.0000,0.000,8.512,8.281,1.0000
3379.6318,440.2659,-78.9913,0.0000,0.000,8.287,8.080,1.0000
3384.6265,436.0492,-81.6683,0.0000,0.000,8.030,7.857,1.0000
3389.6183,431.7959,-84.2811,0.0000,0.000,7.773,7.635,1.0000
3394.6101,427.5132,-86.8457,0.0000,0.000,7.516,7.413,1.0000
3399.6086,423.2353,-89.4312,0.0000,0.000,7.258,7.189,1.0000
3404.6218,418.9994,-92.1125,0.0000,0.000,6.912,6.797,1.0000
3409.6603,414.8360,-94.9503,0.0000,0.000,6.566,6.405,1.0000
3414.7052,410.6961,-97.8333,0.0000,0.000,6.220,6.013,1.0000
3419.7157,406.4779,-100.5373,0.0000,0.000,5.875,5.621,1.0000
3424.6790,402.0788,-102.8358,0.0000,0.000,5.435,5.131,1.0000
3429.6336,397.4327,-104.5565,0.0000,0.000,4.840,4.478,1.0000
3434.6073,392.5941,-105.7078,0.0000,0.000,4.561,4.025,1.0000
3439.5982,387.6428,-106.3355,0.0000,0.000,4.474,3.693,1.0000
3444.5862,382.6571,-106.4865,0.0000,0.000,4.421,3.729,1.0000
3449.5725,377.6767,-106.2429,0.0000,0.000,4.371,3.793,1.0000
3454.5765,372.6996,-105.7250,0.0000,0.000,4.322,3.857,1.0000
3459.5996,367.7214,-105.0548,0.0000,0.000,4.272,3.921,1.0000
3464.6298,362.7445,-104.3242,0.0000,0.000,4.275,3.906,1.0000
3469.6407,357.8112,-103.4460,0.0000,0.000,4.294,3.869,1.0000
3474.6156,352.9779,-102.2672,0.0000,0.000,4.216,3.891,1.0000
3479.5687,348.3013,-100.6357,0.0000,0.000,4.126,3.921,1.0000
3484.5419,343.8173,-98.4849,0.0000,0.000,4.172,3.872,1.0000
3489.5508,339.5243,-95.9043,0.0000,0.000,4.218,3.823,1.0000
3494.5812,335.4168,-93.0003,0.0000,0.000,4.230,3.803,1.0000
3499.6012,331.4886,-89.8746,0.0000,0.000,4.206,3.813,1.0000
3504.6034,327.7237,-86.5810,0.0000,0.000,4.181,3.823,1.0000
3509.5979,324.1006,-83.1432,0.0000,0.000,4.169,3.805,1.0000
3514.5917,320.5975,-79.5843,0.0000,0.000,4.157,3.783,1.0000
3519.5884,317.1924,-75.9274,0.0000,0.000,4.146,3.762,1.0000
3524.5890,313.8638,-72.1956,0.0000,0.000,4.134,3.740,1.0000
3529.5925,310.5897,-68.4121,0.0000,0.000,4.124,3.722,1.0000
3534.5963,307.3489,-64.5996,0.0000,0.000,4.118,3.720,1.0000
3539.5991,304.1284,-60.7712,0.0000,0.000,4.113,3.718,1.0000
3544.6013,300.9246,-56.9297,0.0000,0.000,4.107,3.715,1.0000
3549.6029,297.7343,-53.0776,0.0000,0.000,4.101,3.713,1.0000
3554.6044,294.5542,-49.2172,0.0000,0.000,4.095,3.711,1.0000
3559.6060,291.3812,-45.3511,0.0000,0.000,4.089,3.708,1.0000
3564.6078,288.2118,-41.4815,0.0000,0.000,4.084,3.706,1.0000
3569.6101,285.0431,-37.6108,0.0000,0.000,4.078,3.704,1.0000
3574.6129,281.8739,-33.7399,0.0000,0.000,4.072,3.701,1.0000
3579.6161,278.7042,-29.8689,0.0000,0.000,4.066,3.699,1.0000
3584.6196,275.5340,-25.9978,0.0000,0.000,4.061,3.697,1.0000
3589.6235,272.3633,-22.1266,0.0000,0.000,4.055,3.694,1.0000
3594.6277,269.1922,-18.2555,0.0000,0.000,4.049,3.692,1.0000
3599.6321,266.0206,-14.3844,0.0000,0.000,4.043,3.690,1.0000
3604.6367,262.8486,-10.5135,0.0000,0.000,4.038,3.688,1.0000
3609.6414,259.6762,-6.6427,0.0000,0.000,4.032,3.685,1.0000
3614.6462,256.5033,-2.7722,0.0000,0.000,4.026,3.683,1.0000
3619.6511,253.3301,1.0981,0.0000,0.000,4.020,3.681,1.0000
3624.6558,250.1565,4.9680,0.0000,0.000,4.014,3.678,1.0000
3629.6606,246.9826,8.8376,0.0000,0.000,4.009,3.676,1.0000
3634.6651,243.8083,12.7066,0.0000,0.000,4.003,3.674,1.0000
3639.6696,240.6337,16.5752,0.0000,0.000,3.997,3.671,1.0000
3644.6737,237.4588,20.4433,0.0000,0.000,3.991,3.669,1.0000
3649.6776,234.2836,24.3107,0.0000,0.000,3.986,3.667,1.0000
3654.6812,231.1081,28.1775,0.0000,0.000,3.980,3.664,1.0000
3659.6844,227.9324,32.0436,0.0000,0.000,3.974,3.662,1.0000
3664.6872,224.7564,35.9089,0.0000,0.000,3.968,3.660,1.0000
3669.6894,221.5801,39.7734,0.0000,0.000,3.962,3.657,1.0000
3674.6912,218.4037,43.6370,0.0000,0.000,3.957,3.655,1.0000
3679.6923,215.2271,47.4997,0.0000,0.000,3.951,3.653,1.0000
3684.6929,212.0502,51.3615,0.0000,0.000,3.945,3.651,1.0000
3689.6927,208.8732,55.2222,0.0000,0.000,3.939,3.648,1.0000
3694.6918,205.6960,59.0818,0.0000,0.000,3.934,3.646,1.0000
3699.6901,202.5187,62.9403,0.0000,0.000,3.928,3.644,1.0000
3704.6876,199.3413,66.7976,0.0000,0.000,3.922,3.641,1.0000
3709.6842,196.1638,70.6536,0.0000,0.000,3.916,3.639,1.0000
3714.6808,192.9871,74.5104,0.0000,0.000,3.910,3.637,1.0000
3719.6838,189.8171,78.3810,0.0000,0.000,3.905,3.634,1.0000
3724.7011,186.6616,82.2817,0.0000,0.000,3.899,3.632,1.0000
3729.7409,183.5274,86.2284,0.0000,0.000,3.893,3.630,1.0000
3734.7930,180.3828,90.1826,0.0000,0.000,3.871,3.670,1.0000
3739.8191,177.1322,94.0161,0.0000,0.000,3.801,3.836,1.0000
3744.7939,173.6738,97.5920,0.0000,0.000,3.713,4.011,1.0000
3749.7242,169.9135,100.7808,0.0000,0.000,3.539,4.236,1.0000
3754.6406,165.8328,103.5228,0.0000,0.000,3.366,4.462,1.0000
3759.5730,161.4565,105.7981,0.0000,0.000,3.638,4.284,1.0000
3764.5521,156.8100,107.5873,0.0000,0.000,4.100,3.941,1.0000
3769.5902,151.9365,108.8646,0.0000,0.000,4.089,4.097,1.0000
3774.6483,146.9299,109.5849,0.0000,0.000,4.014,4.247,1.0000
3779.6861,141.8934,109.7001,0.0000,0.000,3.887,4.393,1.0000
3784.6797,136.9288,109.1640,0.0000,0.000,3.761,4.535,1.0000
3789.6394,132.1134,107.9763,0.0000,0.000,3.720,4.554,1.0000
3794.5887,127.5016,106.1799,0.0000,0.000,3.679,4.573,1.0000
3799.5421,123.1468,103.8193,0.0000,0.000,3.902,4.413,1.0000
3804.5072,119.1024,100.9391,0.0000,0.000,4.240,4.170,1.0000
3809.4876,115.4218,97.5840,0.0000,0.000,4.052,4.219,1.0000
3814.4855,112.1584,93.7985,0.0000,0.000,3.972,4.227,1.0000
3819.5051,109.3656,89.6276,0.0000,0.000,4.062,4.167,1.0000
3824.5410,107.0956,85.1324,0.0000,0.000,3.977,4.204,1.0000
3829.5689,105.3986,80.3995,0.0000,0.000,3.935,4.233,1.0000
3834.5678,104.3250,75.5173,0.0000,0.000,3.962,4.241,1.0000
3839.5322,103.9114,70.5701,0.0000,0.000,3.869,4.119,1.0000
3844.5005,104.0754,65.6045,0.0000,0.000,3.753,3.999,1.0000
3849.4937,104.6715,60.6470,0.0000,0.000,3.604,3.982,1.0000
3854.4967,105.5570,55.7230,0.0000,0.000,3.454,3.965,1.0000
3859.4982,106.6429,50.8408,0.0000,0.000,3.429,3.957,1.0000
3864.5029,107.8883,45.9936,0.0000,0.000,3.482,3.954,1.0000
3869.5124,109.2540,41.1738,0.0000,0.000,3.536,3.950,1.0000
3874.5255,110.7007,36.3740,0.0000,0.000,3.589,3.947,1.0000
3879.5388,112.1892,31.5867,0.0000,0.000,3.643,3.944,1.0000
3884.5481,113.6803,26.8046,0.0000,0.000,3.696,3.940,1.0000
3889.5489,115.1352,22.0201,0.0000,0.000,3.750,3.937,1.0000
3894.5406,116.5403,17.2302,0.0000,0.000,3.803,3.934,1.0000
3899.5273,117.9190,12.4379,0.0000,0.000,3.857,3.931,1.0000
3904.5127,119.2978,7.6469,0.0000,0.000,3.862,3.915,1.0000
3909.5009,120.7031,2.8607,0.0000,0.000,3.804,3.884,1.0000
3914.4963,122.1615,-1.9170,0.0000,0.000,3.746,3.853,1.0000
3919.5039,123.6994,-6.6826,0.0000,0.000,3.693,3.835,1.0000
3924.5303,125.3433,-11.4326,0.0000,0.000,3.693,3.947,1.0000
3929.5741,127.1232,-16.1519,0.0000,0.000,3.693,4.058,1.0000
3934.6134,129.0782,-20.7965,0.0000,0.000,3.693,4.170,1.0000
3939.6291,131.2488,-25.3182,0.0000,0.000,3.712,4.218,1.0000
3944.6105,133.6756,-29.6685,0.0000,0.000,3.761,4.168,1.0000
3949.5581,136.3991,-33.7991,0.0000,0.000,3.804,4.131,1.0000
3954.4862,139.4597,-37.6616,0.0000,0.000,3.773,4.268,1.0000
3959.4255,142.8979,-41.2076,0.0000,0.000,3.743,4.404,1.0000
3964.4151,146.7346,-44.3977,0.0000,0.000,3.732,4.408,1.0000
3969.4550,150.9020,-47.2320,0.0000,0.000,3.731,4.349,1.0000
3974.5156,155.3077,-49.7219,0.0000,0.000,3.729,4.290,1.0000
3979.5532,159.8598,-51.8795,0.0000,0.000,3.772,4.223,1.0000
3984.5504,164.4877,-53.7650,0.0000,0.000,3.855,4.150,1.0000
3989.5280,169.1510,-55.5056,0.0000,0.000,3.939,4.076,1.0000
3994.4984,173.8113,-57.2337,0.0000,0.000,4.022,4.003,1.0000
3999.4721,178.4327,-59.0725,0.0000,0.000,4.105,3.929,1.0000
4004.4550,182.9966,-61.0725,0.0000,0.000,4.262,3.910,1.0000
4009.4506,187.4931,-63.2491,0.0000,0.000,4.428,3.897,1.0000
4014.4644,191.9122,-65.6175,0.0000,0.000,4.593,3.884,1.0000
4019.4950,196.2335,-68.1930,0.0000,0.000,4.661,4.058,1.0000
4024.5233,200.4114,-70.9910,0.0000,0.000,4.468,4.728,1.0000
4029.5331,204.3966,-74.0268,0.0000,0.000,4.703,5.114,1.0000
4034.5172,208.1429,-77.3142,0.0000,0.000,5.283,5.272,1.0000
4039.4885,211.6508,-80.8368,0.0000,0.000,5.706,5.592,1.0000
4044.4652,214.9592,-84.5546,0.0000,0.000,5.924,5.578,1.0000
4049.4561,218.1082,-88.4266,0.0000,0.000,6.462,6.072,1.0000
4054.4622,221.1377,-92.4120,0.0000,0.000,6.463,6.147,1.0000
4059.4790,224.0876,-96.4698,0.0000,0.000,6.459,6.217,1.0000
4064.4983,226.9980,-100.5592,0.0000,0.000,6.455,6.287,1.0000
4069.5104,229.9082,-104.6398,0.0000,0.000,6.451,6.357,1.0000
4074.5112,232.8344,-108.6951,0.0000,0.000,6.448,6.426,1.0000
4079.5044,235.7611,-112.7408,0.0000,0.000,6.444,6.496,1.0000
4084.4944,238.6707,-116.7947,0.0000,0.000,6.450,6.537,1.0000
4089.4855,241.5457,-120.8746,0.0000,0.000,6.488,6.479,1.0000
4094.4829,244.3683,-124.9985,0.0000,0.000,6.526,6.420,1.0000
4099.4927,247.1211,-129.1842,0.0000,0.000,6.565,6.362,1.0000
4104.5223,249.7863,-133.4496,0.0000,0.000,6.653,6.272,1.0000
4109.5648,252.3219,-137.8082,0.0000,0.000,6.820,6.134,1.0000
4114.5825,254.6303,-142.2634,0.0000,0.000,6.986,5.996,1.0000
4119.5466,256.6062,-146.8174,0.0000,0.000,7.153,5.858,1.0000
4124.4489,258.1443,-151.4721,0.0000,0.000,7.105,5.884,1.0000
4129.3094,259.1393,-156.2296,0.0000,0.000,6.931,6.007,1.0000
4134.1842,259.4859,-161.0921,0.0000,0.000,6.758,6.129,1.0000
4139.1680,259.0807,-166.0594,0.0000,0.000,6.452,6.273,1.0000
4144.2921,257.8945,-171.0443,0.0000,0.000,6.113,6.423,1.0000
4149.4562,255.9950,-175.8464,0.0000,0.000,6.259,6.300,1.0000
4154.5461,253.4561,-180.2579,0.0000,0.000,6.514,6.138,1.0000
4159.4860,250.3575,-184.1050,0.0000,0.000,6.889,5.935,1.0000
4164.3641,246.8195,-187.4634,0.0000,0.000,7.054,6.114,1.0000
4169.2706,242.9803,-190.5186,0.0000,0.000,7.149,6.423,1.0000
4174.2351,238.9782,-193.4562,0.0000,0.000,7.244,6.732,1.0000
4179.2522,234.9201,-196.4063,0.0000,0.000,7.338,7.041,1.0000
4184.2962,230.8454,-199.3794,0.0000,0.000,7.433,7.350,1.0000
4189.3394,226.7849,-202.3704,0.0000,0.000,7.527,7.658,1.0000
4194.3559,222.7676,-205.3747,0.0000,0.000,7.352,7.425,1.0000
4199.3444,218.7980,-208.3959,0.0000,0.000,7.176,7.193,1.0000
4204.3218,214.8625,-211.4434,0.0000,0.000,7.001,6.960,1.0000
4209.3055,210.9473,-214.5268,0.0000,0.000,6.826,6.727,1.0000
4214.3079,207.0377,-217.6476,0.0000,0.000,6.650,6.494,1.0000
4219.3241,203.1167,-220.7761,0.0000,0.000,6.475,6.261,1.0000
4224.3450,199.1668,-223.8758,0.0000,0.000,6.300,6.029,1.0000
4229.3625,195.1704,-226.9097,0.0000,0.000,6.124,5.796,1.0000
4234.3704,191.1101,-229.8411,0.0000,0.000,5.949,5.563,1.0000
4239.3654,186.9683,-232.6331,0.0000,0.000,6.099,5.569,1.0000
4244.3481,182.7275,-235.2490,0.0000,0.000,6.359,5.656,1.0000
4249.3222,178.3701,-237.6479,0.0000,0.000,6.619,5.743,1.0000
4254.2864,173.8778,-239.7603,0.0000,0.000,6.879,5.831,1.0000
4259.2489,169.2322,-241.5052,0.0000,0.000,6.554,6.122,1.0000
4264.2373,164.4151,-242.8013,0.0000,0.000,6.116,6.452,1.0000
4269.2633,159.4483,-243.5702,0.0000,0.000,6.429,6.256,1.0000
4274.2779,154.4365,-243.7397,0.0000,0.000,6.903,5.960,1.0000
4279.2449,149.4949,-243.2381,0.0000,0.000,6.967,5.978,1.0000
4284.1652,144.7315,-242.0056,0.0000,0.000,7.031,5.996,1.0000
4289.1029,140.1613,-240.1364,0.0000,0.000,6.931,6.097,1.0000
4294.0937,135.7332,-237.8342,0.0000,0.000,6.588,6.324,1.0000
4299.1156,131.3947,-235.3050,0.0000,0.000,6.245,6.550,1.0000
4304.1260,127.1141,-232.7009,0.0000,0.000,6.370,6.430,1.0000
4309.1132,122.9337,-229.9813,0.0000,0.000,6.703,6.155,1.0000
4314.0822,118.9129,-227.0617,0.0000,0.000,6.732,6.182,1.0000
4319.0539,115.1095,-223.8600,0.0000,0.000,6.675,6.295,1.0000
4324.0505,111.5419,-220.3615,0.0000,0.000,6.595,6.502,1.0000
4329.0706,108.1822,-216.6315,0.0000,0.000,6.509,6.733,1.0000
4334.0981,104.9998,-212.7393,0.0000,0.000,6.618,6.767,1.0000
4339.1113,101.9675,-208.7473,0.0000,0.000,6.940,6.587,1.0000
4344.1071,99.0792,-204.6710,0.0000,0.000,7.262,6.406,1.0000
4349.0923,96.3372,-200.5076,0.0000,0.000,7.139,6.446,1.0000
4354.0740,93.7439,-196.2541,0.0000,0.000,6.995,6.497,1.0000
4359.0588,91.2933,-191.9133,0.0000,0.000,6.852,6.547,1.0000
4364.0506,88.9630,-187.4989,0.0000,0.000,6.709,6.598,1.0000
4369.0503,86.7288,-183.0260,0.0000,0.000,6.703,6.601,1.0000
4374.0575,84.5666,-178.5098,0.0000,0.000,6.703,6.601,1.0000
4379.0699,82.4521,-173.9652,0.0000,0.000,6.704,6.602,1.0000
4384.0843,80.3612,-169.4075,0.0000,0.000,6.704,6.603,1.0000
4389.0974,78.2695,-164.8517,0.0000,0.000,6.705,6.604,1.0000
4394.1063,76.1586,-160.3093,0.0000,0.000,6.705,6.604,1.0000
4399.1115,74.0291,-155.7797,0.0000,0.000,6.705,6.605,1.0000
4404.1139,71.8858,-151.2598,0.0000,0.000,6.706,6.606,1.0000
4409.1143,69.7334,-146.7463,0.0000,0.000,6.706,6.607,1.0000
4414.1136,67.5769,-142.2360,0.0000,0.000,6.707,6.607,1.0000
4419.1126,65.4209,-137.7258,0.0000,0.000,6.707,6.608,1.0000
4424.1122,63.2704,-133.2124,0.0000,0.000,6.708,6.609,1.0000
4429.1128,61.1280,-128.6939,0.0000,0.000,6.708,6.610,1.0000
4434.1144,58.9929,-124.1709,0.0000,0.000,6.708,6.611,1.0000
4439.1170,56.8639,-119.6440,0.0000,0.000,6.709,6.611,1.0000
4444.1203,54.7395,-115.1141,0.0000,0.000,6.709,6.612,1.0000
4449.1243,52.6185,-110.5819,0.0000,0.000,6.710,6.613,1.0000
4454.1288,50.4996,-106.0481,0.0000,0.000,6.710,6.614,1.0000
4459.1337,48.3814,-101.5136,0.0000,0.000,6.710,6.614,1.0000
4464.1388,46.2626,-96.9790,0.0000,0.000,6.711,6.615,1.0000
4469.1440,44.1420,-92.4452,0.0000,0.000,6.711,6.616,1.0000
4474.1493,42.0182,-87.9129,0.0000,0.000,6.712,6.617,1.0000
4479.1543,39.8899,-83.3828,0.0000,0.000,6.712,6.617,1.0000
4484.1592,37.7558,-78.8559,0.0000,0.000,6.699,6.631,1.0000
4489.1636,35.6145,-74.3327,0.0000,0.000,6.676,6.652,1.0000
4494.1675,33.4648,-69.8140,0.0000,0.000,6.654,6.674,1.0000
4499.1708,31.3057,-65.3005,0.0000,0.000,6.632,6.695,1.0000
4504.1737,29.1376,-60.7919,0.0000,0.000,6.610,6.717,1.0000
4509.1760,26.9619,-56.2875,0.0000,0.000,6.587,6.738,1.0000
4514.1781,24.7797,-51.7865,0.0000,0.000,6.565,6.759,1.0000
4519.1799,22.5923,-47.2884,0.0000,0.000,6.543,6.781,1.0000
4524.1816,20.4008,-42.7924,0.0000,0.000,6.520,6.802,1.0000
4529.1831,18.2064,-38.2979,0.0000,0.000,6.498,6.824,1.0000
4534.1847,16.0104,-33.8042,0.0000,0.000,6.476,6.845,1.0000
4539.1863,13.8140,-29.3107,0.0000,0.000,6.453,6.867,1.0000
4544.1880,11.6183,-24.8166,0.0000,0.000,6.431,6.888,1.0000
4549.1900,9.4247,-20.3214,0.0000,0.000,6.409,6.910,1.0000
4554.1922,7.2342,-15.8242,0.0000,0.000,6.427,6.865,1.0000
4559.1949,5.0481,-11.3245,0.0000,0.000,6.511,6.712,1.0000
4564.1979,2.8676,-6.8216,0.0000,0.000,6.595,6.558,1.0000
