# Nürburgring GP — TUMFTM racetrack-database (LGPL-3.0), flat 2-D centre line + measured widths; upstream commit e59595d.
s_m,x_m,y_m,z_m,banking_deg,width_left_m,width_right_m,grip_scale
0.0000,1.2427,-1.2931,0.0000,0.000,7.487,7.288,1.0000
5.0018,-2.3685,-4.7540,0.0000,0.000,7.469,7.307,1.0000
10.0036,-5.9793,-8.2152,0.0000,0.000,7.426,7.342,1.0000
15.0054,-9.5896,-11.6770,0.0000,0.000,7.383,7.377,1.0000
20.0072,-13.1994,-15.1392,0.0000,0.000,7.340,7.411,1.0000
25.0090,-16.8088,-18.6020,0.0000,0.000,7.297,7.446,1.0000
30.0108,-20.4176,-22.0653,0.0000,0.000,7.254,7.481,1.0000
35.0127,-24.0259,-25.5291,0.0000,0.000,7.212,7.515,1.0000
40.0145,-27.6337,-28.9936,0.0000,0.000,7.169,7.550,1.0000
45.0163,-31.2408,-32.4586,0.0000,0.000,7.126,7.585,1.0000
50.0182,-34.8474,-35.9243,0.0000,0.000,7.149,7.575,1.0000
55.0200,-38.4533,-39.3907,0.0000,0.000,7.175,7.563,1.0000
60.0219,-42.0586,-42.8578,0.0000,0.000,7.201,7.551,1.0000
65.0238,-45.6633,-46.3256,0.0000,0.000,7.228,7.539,1.0000
70.0257,-49.2672,-49.7941,0.0000,0.000,7.254,7.527,1.0000
75.0276,-52.8705,-53.2634,0.0000,0.000,7.280,7.515,1.0000
80.0296,-56.4730,-56.7335,0.0000,0.000,7.307,7.503,1.0000
85.0316,-60.0748,-60.2044,0.0000,0.000,7.333,7.491,1.0000
90.0336,-63.6758,-63.6762,0.0000,0.000,7.359,7.479,1.0000
95.0357,-67.2760,-67.1488,0.0000,0.000,7.386,7.467,1.0000
100.0378,-70.8754,-70.6223,0.0000,0.000,7.412,7.455,1.0000
105.0399,-74.4739,-74.0968,0.0000,0.000,7.438,7.443,1.0000
110.0421,-78.0716,-77.5722,0.0000,0.000,7.465,7.431,1.0000
115.0443,-81.6684,-81.0485,0.0000,0.000,7.491,7.418,1.0000
120.0466,-85.2644,-84.5259,0.0000,0.000,7.517,7.406,1.0000
125.0489,-88.8594,-88.0043,0.0000,0.000,7.544,7.394,1.0000
130.0513,-92.4534,-91.4837,0.0000,0.000,7.570,7.382,1.0000
135.0537,-96.0465,-94.9642,0.0000,0.000,7.596,7.370,1.0000
140.0562,-99.6386,-98.4458,0.0000,0.000,7.622,7.358,1.0000
145.0588,-103.2297,-101.9286,0.0000,0.000,7.649,7.346,1.0000
150.0613,-106.8200,-105.4122,0.0000,0.000,7.675,7.334,1.0000
155.0639,-110.4109,-108.8951,0.0000,0.000,7.701,7.322,1.0000
160.0664,-114.0041,-112.3757,0.0000,0.000,7.728,7.310,1.0000
165.0686,-117.6011,-115.8518,0.0000,0.000,7.754,7.298,1.0000
170.0706,-121.2037,-119.3218,0.0000,0.000,7.780,7.286,1.0000
175.0722,-124.8135,-122.7838,0.0000,0.000,7.807,7.274,1.0000
180.0734,-128.4323,-126.2359,0.0000,0.000,7.833,7.262,1.0000
185.0742,-132.0615,-129.6763,0.0000,0.000,7.859,7.250,1.0000
190.0746,-135.7031,-133.1031,0.0000,0.000,7.886,7.238,1.0000
195.0746,-139.3585,-136.5146,0.0000,0.000,7.751,7.236,1.0000
200.0742,-143.0295,-139.9087,0.0000,0.000,7.600,7.235,1.0000
205.0736,-146.7177,-143.2837,0.0000,0.000,7.449,7.234,1.0000
210.0728,-150.4247,-146.6378,0.0000,0.000,7.298,7.232,1.0000
215.0720,-154.1524,-149.9690,0.0000,0.000,7.146,7.231,1.0000
220.0715,-157.9022,-153.2756,0.0000,0.000,6.995,7.230,1.0000
225.0715,-161.6760,-156.5557,0.0000,0.000,7.033,7.266,1.0000
230.0723,-165.4749,-159.8076,0.0000,0.000,7.184,7.324,1.0000
235.0738,-169.2991,-163.0312,0.0000,0.000,7.334,7.381,1.0000
240.0760,-173.1478,-166.2263,0.0000,0.000,7.485,7.439,1.0000
245.0788,-177.0208,-169.3930,0.0000,0.000,7.635,7.497,1.0000
250.0821,-180.9176,-172.5313,0.0000,0.000,7.786,7.555,1.0000
255.0859,-184.8376,-175.6411,0.0000,0.000,7.936,7.613,1.0000
260.0900,-188.7805,-178.7224,0.0000,0.000,8.005,7.610,1.0000
265.0943,-192.7458,-181.7752,0.0000,0.000,8.007,7.557,1.0000
270.0987,-196.7329,-184.7996,0.0000,0.000,8.009,7.504,1.0000
275.1031,-200.7415,-187.7954,0.0000,0.000,8.010,7.451,1.0000
280.1073,-204.7711,-190.7628,0.0000,0.000,8.012,7.398,1.0000
285.1113,-208.8212,-193.7016,0.0000,0.000,8.013,7.345,1.0000
290.1149,-212.8913,-196.6118,0.0000,0.000,8.015,7.292,1.0000
295.1179,-216.9811,-199.4936,0.0000,0.000,8.017,7.239,1.0000
300.1202,-221.0899,-202.3467,0.0000,0.000,8.018,7.186,1.0000
305.1217,-225.2175,-205.1714,0.0000,0.000,8.020,7.133,1.0000
310.1222,-229.3635,-207.9669,0.0000,0.000,7.989,7.169,1.0000
315.1214,-233.5293,-210.7307,0.0000,0.000,7.945,7.241,1.0000
320.1192,-237.7163,-213.4595,0.0000,0.000,7.902,7.312,1.0000
325.1155,-241.9261,-216.1503,0.0000,0.000,7.858,7.383,1.0000
330.1102,-246.1603,-218.7997,0.0000,0.000,7.815,7.454,1.0000
335.1035,-250.4203,-221.4046,0.0000,0.000,7.771,7.525,1.0000
340.0956,-254.7077,-223.9617,0.0000,0.000,7.727,7.596,1.0000
345.0868,-259.0240,-226.4680,0.0000,0.000,7.684,7.667,1.0000
350.0778,-263.3697,-228.9226,0.0000,0.000,7.808,7.873,1.0000
355.0736,-267.7289,-231.3630,0.0000,0.000,8.002,8.135,1.0000
360.0819,-272.0725,-233.8561,0.0000,0.000,8.195,8.397,1.0000
365.1131,-276.3715,-236.4700,0.0000,0.000,8.389,8.659,1.0000
370.1795,-280.6020,-239.2576,0.0000,0.000,8.582,8.920,1.0000
375.2391,-284.8221,-242.0487,0.0000,0.000,8.776,9.182,1.0000
380.2158,-289.1533,-244.5000,0.0000,0.000,8.969,9.444,1.0000
385.1101,-293.7188,-246.2636,0.0000,0.000,9.419,8.926,1.0000
390.0674,-298.6205,-247.0037,0.0000,0.000,9.682,8.876,1.0000
395.1140,-303.6481,-246.5662,0.0000,0.000,9.996,9.624,1.0000
400.0933,-308.3527,-244.9352,0.0000,0.000,9.411,9.576,1.0000
404.9378,-312.2796,-242.0981,0.0000,0.000,9.360,9.174,1.0000
409.7951,-314.9922,-238.0688,0.0000,0.000,9.336,8.938,1.0000
414.8054,-316.3133,-233.2358,0.0000,0.000,9.229,8.788,1.0000
419.8023,-316.2850,-228.2391,0.0000,0.000,9.265,9.213,1.0000
424.8092,-315.3073,-223.3285,0.0000,0.000,9.296,9.345,1.0000
429.8427,-314.0141,-218.4639,0.0000,0.000,9.243,9.198,1.0000
434.8628,-312.6725,-213.6264,0.0000,0.000,9.191,9.051,1.0000
439.8703,-311.2774,-208.8172,0.0000,0.000,9.138,8.904,1.0000
444.8673,-309.8177,-204.0382,0.0000,0.000,9.086,8.757,1.0000
449.8565,-308.2821,-199.2911,0.0000,0.000,8.990,8.595,1.0000
454.8413,-306.6596,-194.5778,0.0000,0.000,8.888,8.430,1.0000
459.8255,-304.9387,-189.9001,0.0000,0.000,8.742,8.319,1.0000
464.8138,-303.1085,-185.2597,0.0000,0.000,8.428,8.417,1.0000
469.8112,-301.1583,-180.6586,0.0000,0.000,8.113,8.516,1.0000
474.8183,-299.0887,-176.0991,0.0000,0.000,8.052,8.345,1.0000
479.8323,-296.9080,-171.5843,0.0000,0.000,8.053,8.106,1.0000
484.8494,-294.6244,-167.1169,0.0000,0.000,8.065,7.892,1.0000
489.8658,-292.2463,-162.7001,0.0000,0.000,8.097,7.731,1.0000
494.8770,-289.7823,-158.3365,0.0000,0.000,8.130,7.570,1.0000
499.8782,-287.2406,-154.0293,0.0000,0.000,7.995,7.526,1.0000
504.8645,-284.6296,-149.7812,0.0000,0.000,7.704,7.592,1.0000
509.8316,-281.9583,-145.5937,0.0000,0.000,7.412,7.658,1.0000
514.7895,-279.2417,-141.4462,0.0000,0.000,7.263,7.571,1.0000
519.7577,-276.4996,-137.3033,0.0000,0.000,7.155,7.440,1.0000
524.7552,-273.7516,-133.1291,0.0000,0.000,7.047,7.310,1.0000
529.7985,-271.0217,-128.8886,0.0000,0.000,7.098,7.099,1.0000
534.8672,-268.3876,-124.5581,0.0000,0.000,7.231,6.848,1.0000
539.9217,-265.9648,-120.1221,0.0000,0.000,7.090,6.812,1.0000
544.9374,-263.8693,-115.5651,0.0000,0.000,6.492,7.136,1.0000
549.9128,-262.2117,-110.8739,0.0000,0.000,6.744,6.754,1.0000
554.8669,-261.0292,-106.0631,0.0000,0.000,6.682,6.970,1.0000
559.8165,-260.3089,-101.1662,0.0000,0.000,6.686,6.998,1.0000
564.7729,-260.0369,-96.2172,0.0000,0.000,6.720,6.961,1.0000
569.7426,-260.1993,-91.2502,0.0000,0.000,6.703,6.860,1.0000
574.7279,-260.7823,-86.2991,0.0000,0.000,6.628,6.830,1.0000
579.7280,-261.7719,-81.3979,0.0000,0.000,6.498,6.899,1.0000
584.7398,-263.1543,-76.5806,0.0000,0.000,6.480,6.880,1.0000
589.7584,-264.9156,-71.8811,0.0000,0.000,6.616,6.741,1.0000
594.7785,-267.0419,-67.3335,0.0000,0.000,6.536,6.807,1.0000
599.7947,-269.5194,-62.9718,0.0000,0.000,6.383,6.946,1.0000
604.8024,-272.3340,-58.8300,0.0000,0.000,6.599,6.757,1.0000
609.7988,-275.4720,-54.9420,0.0000,0.000,6.670,6.632,1.0000
614.7834,-278.9195,-51.3418,0.0000,0.000,6.551,6.589,1.0000
619.7592,-282.6625,-48.0634,0.0000,0.000,6.518,6.547,1.0000
624.7331,-286.6872,-45.1408,0.0000,0.000,6.564,6.504,1.0000
629.7166,-290.9779,-42.6061,0.0000,0.000,6.320,6.668,1.0000
634.7167,-295.4982,-40.4686,0.0000,0.000,6.012,6.877,1.0000
639.7301,-300.1979,-38.7232,0.0000,0.000,6.153,6.696,1.0000
644.7466,-305.0268,-37.3643,0.0000,0.000,6.344,6.508,1.0000
649.7510,-309.9348,-36.3862,0.0000,0.000,6.544,6.336,1.0000
654.7389,-314.8844,-35.7701,0.0000,0.000,6.498,6.392,1.0000
659.7251,-319.8618,-35.4735,0.0000,0.000,6.373,6.520,1.0000
664.7188,-324.8555,-35.4509,0.0000,0.000,6.366,6.620,1.0000
669.7217,-329.8541,-35.6570,0.0000,0.000,6.371,6.718,1.0000
674.7316,-334.8490,-36.0441,0.0000,0.000,6.385,6.723,1.0000
679.7461,-339.8368,-36.5603,0.0000,0.000,6.404,6.683,1.0000
684.7591,-344.8147,-37.1532,0.0000,0.000,6.422,6.643,1.0000
689.7624,-349.7798,-37.7707,0.0000,0.000,6.441,6.603,1.0000
694.7522,-354.7320,-38.3818,0.0000,0.000,6.460,6.563,1.0000
699.7343,-359.6764,-38.9941,0.0000,0.000,6.478,6.523,1.0000
704.7157,-364.6184,-39.6190,0.0000,0.000,6.457,6.538,1.0000
709.7032,-369.5634,-40.2681,0.0000,0.000,6.415,6.580,1.0000
714.7006,-374.5140,-40.9511,0.0000,0.000,6.374,6.623,1.0000
719.7060,-379.4668,-41.6748,0.0000,0.000,6.332,6.666,1.0000
724.7168,-384.4180,-42.4455,0.0000,0.000,6.290,6.708,1.0000
729.7308,-389.3638,-43.2697,0.0000,0.000,6.249,6.751,1.0000
734.7460,-394.3004,-44.1539,0.0000,0.000,6.282,6.729,1.0000
739.7605,-399.2240,-45.1045,0.0000,0.000,6.334,6.690,1.0000
744.7729,-404.1308,-46.1278,0.0000,0.000,6.386,6.651,1.0000
749.7819,-409.0170,-47.2304,0.0000,0.000,6.438,6.613,1.0000
754.7868,-413.8787,-48.4186,0.0000,0.000,6.487,6.568,1.0000
759.7870,-418.7122,-49.6990,0.0000,0.000,6.524,6.499,1.0000
764.7825,-423.5137,-51.0778,0.0000,0.000,6.561,6.431,1.0000
769.7738,-428.2793,-52.5616,0.0000,0.000,6.597,6.362,1.0000
774.7617,-433.0052,-54.1568,0.0000,0.000,6.484,6.467,1.0000
779.7477,-437.6877,-55.8698,0.0000,0.000,6.338,6.609,1.0000
784.7337,-442.3229,-57.7070,0.0000,0.000,6.209,6.738,1.0000
789.7223,-446.9070,-59.6751,0.0000,0.000,6.214,6.773,1.0000
794.7136,-451.4265,-61.7931,0.0000,0.000,6.218,6.807,1.0000
799.7054,-455.8523,-64.1019,0.0000,0.000,6.206,6.707,1.0000
804.7017,-460.1533,-66.6445,0.0000,0.000,6.338,6.549,1.0000
809.7146,-464.2984,-69.4636,0.0000,0.000,6.746,6.326,1.0000
814.7436,-468.2340,-72.5944,0.0000,0.000,6.704,6.275,1.0000
819.7651,-471.8684,-76.0595,0.0000,0.000,6.610,6.218,1.0000
824.7729,-475.1061,-79.8799,0.0000,0.000,6.298,6.365,1.0000
829.7876,-477.8517,-84.0761,0.0000,0.000,6.009,6.465,1.0000
834.8154,-480.0055,-88.6192,0.0000,0.000,5.923,6.360,1.0000
839.8101,-481.4601,-93.3974,0.0000,0.000,5.810,6.264,1.0000
844.7466,-482.1077,-98.2912,0.0000,0.000,6.012,5.915,1.0000
849.6439,-481.8417,-103.1813,0.0000,0.000,6.439,6.068,1.0000
854.5707,-480.6440,-107.9604,0.0000,0.000,6.321,6.313,1.0000
859.5693,-478.6427,-112.5408,0.0000,0.000,6.083,6.538,1.0000
864.6240,-475.9792,-116.8369,0.0000,0.000,5.955,6.721,1.0000
869.6796,-472.7947,-120.7635,0.0000,0.000,6.532,6.376,1.0000
874.7005,-469.2035,-124.2723,0.0000,0.000,6.640,6.278,1.0000
879.7050,-465.2765,-127.3746,0.0000,0.000,6.572,6.328,1.0000
884.7011,-461.0806,-130.0868,0.0000,0.000,6.412,6.464,1.0000
889.6812,-456.6823,-132.4225,0.0000,0.000,5.942,6.454,1.0000
894.5912,-452.1072,-134.2048,0.0000,0.000,6.014,6.790,1.0000
899.4396,-447.3178,-134.9593,0.0000,0.000,6.929,6.931,1.0000
904.4277,-442.3410,-134.6242,0.0000,0.000,7.419,7.391,1.0000
909.5172,-437.3143,-133.8275,0.0000,0.000,7.908,7.851,1.0000
914.5701,-432.3237,-133.0361,0.0000,0.000,8.397,8.311,1.0000
919.5782,-427.3604,-132.3679,0.0000,0.000,8.887,8.771,1.0000
924.5530,-422.4067,-131.9103,0.0000,0.000,9.376,9.231,1.0000
929.5170,-417.4453,-131.7502,0.0000,0.000,9.819,9.478,1.0000
934.4955,-412.4703,-131.9381,0.0000,0.000,10.196,9.779,1.0000
939.5006,-407.4934,-132.4684,0.0000,0.000,10.404,10.557,1.0000
944.5262,-402.5482,-133.3635,0.0000,0.000,10.595,10.677,1.0000
949.5534,-397.7013,-134.6979,0.0000,0.000,10.761,10.594,1.0000
954.5338,-393.1090,-136.6254,0.0000,0.000,10.529,10.382,1.0000
959.4497,-389.0613,-139.4151,0.0000,0.000,10.281,10.038,1.0000
964.4578,-385.8265,-143.2384,0.0000,0.000,9.827,9.692,1.0000
969.5299,-383.5142,-147.7527,0.0000,0.000,9.455,9.494,1.0000
974.4962,-382.1452,-152.5266,0.0000,0.000,8.652,8.913,1.0000
979.4324,-381.5482,-157.4265,0.0000,0.000,7.919,7.881,1.0000
984.4122,-381.4961,-162.4061,0.0000,0.000,7.313,7.003,1.0000
989.4319,-381.7618,-167.4187,0.0000,0.000,6.852,6.351,1.0000
994.4530,-382.1498,-172.4249,0.0000,0.000,6.664,6.103,1.0000
999.4665,-382.6104,-177.4171,0.0000,0.000,6.617,6.061,1.0000
1004.4742,-383.1357,-182.3972,0.0000,0.000,6.626,6.095,1.0000
1009.4778,-383.7177,-187.3668,0.0000,0.000,6.634,6.129,1.0000
1014.4786,-384.3484,-192.3277,0.0000,0.000,6.643,6.162,1.0000
1019.4777,-385.0198,-197.2815,0.0000,0.000,6.651,6.196,1.0000
1024.4760,-385.7238,-202.2300,0.0000,0.000,6.660,6.229,1.0000
1029.4744,-386.4527,-207.1749,0.0000,0.000,6.668,6.263,1.0000
1034.4732,-387.1994,-212.1177,0.0000,0.000,6.677,6.297,1.0000
1039.4727,-387.9624,-217.0586,0.0000,0.000,6.685,6.330,1.0000
1044.4727,-388.7415,-221.9975,0.0000,0.000,6.694,6.364,1.0000
1049.4732,-389.5364,-226.9344,0.0000,0.000,6.702,6.397,1.0000
1054.4742,-390.3471,-231.8692,0.0000,0.000,6.711,6.430,1.0000
1059.4755,-391.1733,-236.8019,0.0000,0.000,6.707,6.390,1.0000
1064.4772,-392.0149,-241.7322,0.0000,0.000,6.703,6.351,1.0000
1069.4792,-392.8716,-246.6603,0.0000,0.000,6.699,6.312,1.0000
1074.4813,-393.7433,-251.5860,0.0000,0.000,6.695,6.272,1.0000
1079.4837,-394.6297,-256.5091,0.0000,0.000,6.691,6.233,1.0000
1084.4861,-395.5308,-261.4298,0.0000,0.000,6.680,6.227,1.0000
1089.4886,-396.4463,-266.3478,0.0000,0.000,6.663,6.247,1.0000
1094.4911,-397.3760,-271.2631,0.0000,0.000,6.646,6.266,1.0000
1099.4934,-398.3198,-276.1756,0.0000,0.000,6.629,6.285,1.0000
1104.4956,-399.2775,-281.0853,0.0000,0.000,6.611,6.305,1.0000
1109.4976,-400.2488,-285.9920,0.0000,0.000,6.594,6.324,1.0000
1114.4993,-401.2335,-290.8958,0.0000,0.000,6.577,6.343,1.0000
1119.5008,-402.2302,-295.7970,0.0000,0.000,6.560,6.363,1.0000
1124.5022,-403.2376,-300.6958,0.0000,0.000,6.543,6.382,1.0000
1129.5035,-404.2541,-305.5927,0.0000,0.000,6.526,6.402,1.0000
1134.5048,-405.2784,-310.4881,0.0000,0.000,6.509,6.421,1.0000
1139.5062,-406.3089,-315.3821,0.0000,0.000,6.492,6.440,1.0000
1144.5077,-407.3443,-320.2753,0.0000,0.000,6.475,6.460,1.0000
1149.5093,-408.3830,-325.1679,0.0000,0.000,6.470,6.455,1.0000
1154.5112,-409.4236,-330.0603,0.0000,0.000,6.484,6.413,1.0000
1159.5133,-410.4647,-334.9529,0.0000,0.000,6.498,6.372,1.0000
1164.5158,-411.5049,-339.8460,0.0000,0.000,6.357,6.221,1.0000
1169.5185,-412.5425,-344.7400,0.0000,0.000,6.125,6.006,1.0000
1174.5217,-413.5763,-349.6352,0.0000,0.000,5.893,5.792,1.0000
1179.5253,-414.6047,-354.5320,0.0000,0.000,5.662,5.578,1.0000
1184.5294,-415.6263,-359.4307,0.0000,0.000,5.430,5.363,1.0000
1189.5340,-416.6397,-364.3316,0.0000,0.000,5.198,5.149,1.0000
1194.5388,-417.6508,-369.2332,0.0000,0.000,4.967,4.935,1.0000
1199.5415,-418.6966,-374.1253,0.0000,0.000,4.772,4.742,1.0000
1204.5402,-419.8222,-378.9957,0.0000,0.000,4.801,4.684,1.0000
1209.5355,-421.0724,-383.8320,0.0000,0.000,4.830,4.625,1.0000
1214.5312,-422.4785,-388.6257,0.0000,0.000,4.858,4.566,1.0000
1219.5307,-424.0145,-393.3835,0.0000,0.000,4.856,4.550,1.0000
1224.5344,-425.6398,-398.1158,0.0000,0.000,4.829,4.564,1.0000
1229.5400,-427.3136,-402.8333,0.0000,0.000,4.803,4.579,1.0000
1234.5449,-429.0015,-407.5449,0.0000,0.000,4.776,4.593,1.0000
1239.5485,-430.6943,-412.2535,0.0000,0.000,4.750,4.608,1.0000
1244.5511,-432.3891,-416.9603,0.0000,0.000,4.723,4.622,1.0000
1249.5529,-434.0832,-421.6664,0.0000,0.000,4.697,4.637,1.0000
1254.5541,-435.7738,-426.3732,0.0000,0.000,4.670,4.652,1.0000
1259.5549,-437.4580,-431.0819,0.0000,0.000,4.644,4.666,1.0000
1264.5556,-439.1332,-435.7936,0.0000,0.000,4.618,4.681,1.0000
1269.5563,-440.7965,-440.5097,0.0000,0.000,4.591,4.695,1.0000
1274.5574,-442.4460,-445.2309,0.0000,0.000,4.575,4.664,1.0000
1279.5588,-444.0831,-449.9567,0.0000,0.000,4.558,4.634,1.0000
1284.5605,-445.7102,-454.6865,0.0000,0.000,4.541,4.603,1.0000
1289.5626,-447.3294,-459.4192,0.0000,0.000,4.525,4.572,1.0000
1294.5649,-448.9431,-464.1541,0.0000,0.000,4.508,4.541,1.0000
1299.5675,-450.5535,-468.8903,0.0000,0.000,4.491,4.510,1.0000
1304.5702,-452.1630,-473.6270,0.0000,0.000,4.475,4.479,1.0000
1309.5730,-453.7738,-478.3634,0.0000,0.000,4.458,4.448,1.0000
1314.5758,-455.3882,-483.0986,0.0000,0.000,4.442,4.418,1.0000
1319.5786,-457.0076,-487.8321,0.0000,0.000,4.425,4.387,1.0000
1324.5813,-458.6328,-492.5634,0.0000,0.000,4.410,4.364,1.0000
1329.5837,-460.2646,-497.2922,0.0000,0.000,4.398,4.359,1.0000
1334.5857,-461.9039,-502.0179,0.0000,0.000,4.386,4.353,1.0000
1339.5872,-463.5514,-506.7404,0.0000,0.000,4.374,4.348,1.0000
1344.5882,-465.2080,-511.4590,0.0000,0.000,4.362,4.343,1.0000
1349.5886,-466.8745,-516.1734,0.0000,0.000,4.350,4.337,1.0000
1354.5882,-468.5516,-520.8834,0.0000,0.000,4.338,4.332,1.0000
1359.5875,-470.2376,-525.5898,0.0000,0.000,4.325,4.326,1.0000
1364.5874,-471.9296,-530.2947,0.0000,0.000,4.313,4.321,1.0000
1369.5885,-473.6244,-535.0000,0.0000,0.000,4.301,4.315,1.0000
1374.5918,-475.3187,-539.7076,0.0000,0.000,4.289,4.310,1.0000
1379.5979,-477.0095,-544.4195,0.0000,0.000,4.277,4.304,1.0000
1384.6077,-478.6935,-549.1378,0.0000,0.000,4.265,4.299,1.0000
1389.6219,-480.3677,-553.8642,0.0000,0.000,4.253,4.293,1.0000
1394.6409,-482.0271,-558.6010,0.0000,0.000,4.241,4.288,1.0000
1399.6582,-483.6411,-563.3516,0.0000,0.000,4.229,4.282,1.0000
1404.6636,-485.1610,-568.1206,0.0000,0.000,4.172,4.335,1.0000
1409.6493,-486.5374,-572.9126,0.0000,0.000,3.968,4.573,1.0000
1414.6120,-487.7209,-577.7322,0.0000,0.000,3.887,4.661,1.0000
1419.5542,-488.6620,-582.5839,0.0000,0.000,3.961,4.721,1.0000
1424.4856,-489.3115,-587.4724,0.0000,0.000,4.144,4.780,1.0000
1429.4251,-489.6200,-592.4022,0.0000,0.000,4.304,4.500,1.0000
1434.3997,-489.5407,-597.3761,0.0000,0.000,4.442,4.269,1.0000
1439.4185,-489.0613,-602.3720,0.0000,0.000,4.536,4.157,1.0000
1444.4713,-488.1944,-607.3499,0.0000,0.000,4.597,4.040,1.0000
1449.5452,-486.9531,-612.2696,0.0000,0.000,4.572,4.076,1.0000
1454.6257,-485.3503,-617.0907,0.0000,0.000,4.388,4.355,1.0000
1459.6981,-483.3992,-621.7728,0.0000,0.000,4.377,4.417,1.0000
1464.7482,-481.1129,-626.2758,0.0000,0.000,4.332,4.409,1.0000
1469.7634,-478.5043,-630.5592,0.0000,0.000,4.640,4.280,1.0000
1474.7352,-475.5874,-634.5853,0.0000,0.000,4.476,4.482,1.0000
1479.6773,-472.3854,-638.3498,0.0000,0.000,4.327,4.661,1.0000
1484.6123,-468.9284,-641.8717,0.0000,0.000,4.003,4.843,1.0000
1489.5558,-465.2466,-645.1705,0.0000,0.000,4.262,4.537,1.0000
1494.5164,-461.3702,-648.2659,0.0000,0.000,4.318,4.487,1.0000
1499.4968,-457.3294,-651.1773,0.0000,0.000,4.239,4.604,1.0000
1504.4944,-453.1544,-653.9243,0.0000,0.000,4.107,4.786,1.0000
1509.5025,-448.8755,-656.5265,0.0000,0.000,4.133,4.757,1.0000
1514.5114,-444.5219,-659.0035,0.0000,0.000,4.182,4.698,1.0000
1519.5185,-440.1130,-661.3768,0.0000,0.000,4.230,4.639,1.0000
1524.5260,-435.6610,-663.6692,0.0000,0.000,4.279,4.580,1.0000
1529.5347,-431.1782,-665.9033,0.0000,0.000,4.327,4.520,1.0000
1534.5444,-426.6767,-668.1019,0.0000,0.000,4.376,4.461,1.0000
1539.5544,-422.1687,-670.2878,0.0000,0.000,4.424,4.402,1.0000
1544.5638,-417.6663,-672.4836,0.0000,0.000,4.473,4.343,1.0000
1549.5715,-413.1817,-674.7121,0.0000,0.000,4.522,4.284,1.0000
1554.5775,-408.7261,-676.9939,0.0000,0.000,4.570,4.225,1.0000
1559.5809,-404.2980,-679.3236,0.0000,0.000,4.619,4.165,1.0000
1564.5803,-399.8879,-681.6782,0.0000,0.000,4.667,4.106,1.0000
1569.5734,-395.4856,-684.0342,0.0000,0.000,4.716,4.047,1.0000
1574.5580,-391.0845,-686.3746,0.0000,0.000,4.765,3.988,1.0000
1579.5333,-386.7168,-688.7570,0.0000,0.000,4.813,3.929,1.0000
1584.5028,-382.4408,-691.2892,0.0000,0.000,4.812,3.943,1.0000
1589.4836,-378.3152,-694.0799,0.0000,0.000,4.308,4.724,1.0000
1594.5076,-374.4026,-697.2314,0.0000,0.000,4.419,4.695,1.0000
1599.5513,-370.8101,-700.7716,0.0000,0.000,4.257,4.720,1.0000
1604.5617,-367.6741,-704.6793,0.0000,0.000,5.065,4.278,1.0000
1609.5169,-365.1316,-708.9324,0.0000,0.000,4.778,4.528,1.0000
1614.4390,-363.3186,-713.5085,0.0000,0.000,4.878,4.667,1.0000
1619.3893,-362.3012,-718.3531,0.0000,0.000,4.947,4.837,1.0000
1624.3971,-362.0178,-723.3529,0.0000,0.000,4.882,4.907,1.0000
1629.4467,-362.3932,-728.3885,0.0000,0.000,4.907,4.983,1.0000
1634.4911,-363.3525,-733.3408,0.0000,0.000,5.016,4.877,1.0000
1639.4931,-364.8391,-738.1168,0.0000,0.000,5.128,4.833,1.0000
1644.4625,-366.8302,-742.6699,0.0000,0.000,5.283,4.872,1.0000
1649.4147,-369.3062,-746.9587,0.0000,0.000,5.445,4.917,1.0000
1654.3659,-372.2472,-750.9418,0.0000,0.000,5.584,4.984,1.0000
1659.3353,-375.6134,-754.5974,0.0000,0.000,5.411,5.259,1.0000
1664.3323,-379.3294,-757.9382,0.0000,0.000,4.840,5.790,1.0000
1669.3473,-383.3164,-760.9803,0.0000,0.000,5.653,5.223,1.0000
1674.3554,-387.4956,-763.7400,0.0000,0.000,5.695,5.423,1.0000
1679.3432,-391.8025,-766.2554,0.0000,0.000,5.660,5.432,1.0000
1684.3253,-396.1973,-768.6024,0.0000,0.000,5.614,5.426,1.0000
1689.3110,-400.6423,-770.8604,0.0000,0.000,5.551,5.461,1.0000
1694.3038,-405.1004,-773.1084,0.0000,0.000,5.489,5.495,1.0000
1699.3044,-409.5490,-775.3924,0.0000,0.000,5.462,5.516,1.0000
1704.3104,-413.9904,-777.7018,0.0000,0.000,5.484,5.518,1.0000
1709.3188,-418.4297,-780.0205,0.0000,0.000,5.507,5.520,1.0000
1714.3265,-422.8718,-782.3324,0.0000,0.000,5.530,5.521,1.0000
1719.3318,-427.3193,-784.6288,0.0000,0.000,5.552,5.523,1.0000
1724.3351,-431.7710,-786.9125,0.0000,0.000,5.575,5.525,1.0000
1729.3368,-436.2252,-789.1877,0.0000,0.000,5.598,5.527,1.0000
1734.3373,-440.6804,-791.4585,0.0000,0.000,5.621,5.529,1.0000
1739.3371,-445.1349,-793.7292,0.0000,0.000,5.643,5.531,1.0000
1744.3367,-449.5871,-796.0038,0.0000,0.000,5.666,5.533,1.0000
1749.3365,-454.0354,-798.2864,0.0000,0.000,5.689,5.534,1.0000
1754.3370,-458.4782,-800.5813,0.0000,0.000,5.711,5.536,1.0000
1759.3384,-462.9141,-802.8915,0.0000,0.000,5.699,5.544,1.0000
1764.3406,-467.3420,-805.2185,0.0000,0.000,5.682,5.553,1.0000
1769.3433,-471.7611,-807.5633,0.0000,0.000,5.664,5.561,1.0000
1774.3462,-476.1703,-809.9274,0.0000,0.000,5.646,5.570,1.0000
1779.3493,-480.5686,-812.3119,0.0000,0.000,5.571,5.614,1.0000
1784.3524,-484.9551,-814.7180,0.0000,0.000,5.454,5.685,1.0000
1789.3552,-489.3287,-817.1470,0.0000,0.000,5.337,5.756,1.0000
1794.3578,-493.6886,-819.6000,0.0000,0.000,5.220,5.827,1.0000
1799.3599,-498.0336,-822.0784,0.0000,0.000,5.260,5.801,1.0000
1804.3616,-502.3628,-824.5834,0.0000,0.000,5.407,5.707,1.0000
1809.3628,-506.6752,-827.1161,0.0000,0.000,5.555,5.614,1.0000
1814.3635,-510.9699,-829.6778,0.0000,0.000,5.703,5.520,1.0000
1819.3637,-515.2458,-832.2698,0.0000,0.000,5.657,5.526,1.0000
1824.3634,-519.5020,-834.8932,0.0000,0.000,5.602,5.537,1.0000
1829.3629,-523.7375,-837.5494,0.0000,0.000,5.547,5.548,1.0000
1834.3621,-527.9513,-840.2394,0.0000,0.000,5.506,5.577,1.0000
1839.3614,-532.1429,-842.9639,0.0000,0.000,5.497,5.651,1.0000
1844.3607,-536.3125,-845.7222,0.0000,0.000,5.487,5.725,1.0000
1849.3602,-540.4602,-848.5135,0.0000,0.000,5.488,5.758,1.0000
1854.3600,-544.5864,-851.3371,0.0000,0.000,5.496,5.758,1.0000
1859.3602,-548.6913,-854.1922,0.0000,0.000,5.504,5.758,1.0000
1864.3609,-552.7752,-857.0781,0.0000,0.000,5.512,5.759,1.0000
1869.3620,-556.8382,-859.9941,0.0000,0.000,5.520,5.759,1.0000
1874.3637,-560.8807,-862.9394,0.0000,0.000,5.528,5.759,1.0000
1879.3659,-564.9029,-865.9133,0.0000,0.000,5.536,5.760,1.0000
1884.3686,-568.9051,-868.9150,0.0000,0.000,5.547,5.758,1.0000
1889.3718,-572.8874,-871.9437,0.0000,0.000,5.592,5.740,1.0000
1894.3755,-576.8502,-874.9988,0.0000,0.000,5.636,5.722,1.0000
1899.3797,-580.7936,-878.0795,0.0000,0.000,5.680,5.705,1.0000
1904.3842,-584.7180,-881.1850,0.0000,0.000,5.704,5.699,1.0000
1909.3889,-588.6236,-884.3146,0.0000,0.000,5.668,5.727,1.0000
1914.3939,-592.5105,-887.4676,0.0000,0.000,5.632,5.755,1.0000
1919.3989,-596.3784,-890.6440,0.0000,0.000,5.596,5.783,1.0000
1924.4037,-600.2256,-893.8451,0.0000,0.000,5.560,5.811,1.0000
1929.4079,-604.0502,-897.0722,0.0000,0.000,5.543,5.826,1.0000
1934.4113,-607.8505,-900.3267,0.0000,0.000,5.548,5.827,1.0000
1939.4139,-611.6248,-903.6100,0.0000,0.000,5.552,5.828,1.0000
1944.4154,-615.3713,-906.9235,0.0000,0.000,5.557,5.829,1.0000
1949.4158,-619.0883,-910.2685,0.0000,0.000,5.562,5.830,1.0000
1954.4152,-622.7739,-913.6463,0.0000,0.000,5.559,5.825,1.0000
1959.4135,-626.4264,-917.0584,0.0000,0.000,5.539,5.807,1.0000
1964.4109,-630.0440,-920.5062,0.0000,0.000,5.519,5.789,1.0000
1969.4076,-633.6250,-923.9909,0.0000,0.000,5.499,5.770,1.0000
1974.4039,-637.1677,-927.5140,0.0000,0.000,5.479,5.752,1.0000
1979.4000,-640.6702,-931.0768,0.0000,0.000,5.458,5.734,1.0000
1984.3964,-644.1308,-934.6807,0.0000,0.000,5.478,5.734,1.0000
1989.3935,-647.5478,-938.3270,0.0000,0.000,5.558,5.761,1.0000
1994.3920,-650.9193,-942.0172,0.0000,0.000,5.634,5.787,1.0000
1999.3923,-654.2448,-945.7514,0.0000,0.000,5.668,5.798,1.0000
2004.3950,-657.5297,-949.5245,0.0000,0.000,5.702,5.808,1.0000
2009.3997,-660.7807,-953.3296,0.0000,0.000,5.736,5.818,1.0000
2014.4064,-664.0049,-957.1599,0.0000,0.000,5.771,5.829,1.0000
2019.4144,-667.2092,-961.0086,0.0000,0.000,5.805,5.839,1.0000
2024.4231,-670.4006,-964.8689,0.0000,0.000,5.807,5.845,1.0000
2029.4317,-673.5859,-968.7340,0.0000,0.000,5.754,5.843,1.0000
2034.4393,-676.7722,-972.5971,0.0000,0.000,5.702,5.841,1.0000
2039.4452,-679.9642,-976.4533,0.0000,0.000,5.649,5.839,1.0000
2044.4492,-683.1566,-980.3068,0.0000,0.000,5.597,5.837,1.0000
2049.4512,-686.3410,-984.1641,0.0000,0.000,5.544,5.835,1.0000
2054.4510,-689.5092,-988.0321,0.0000,0.000,5.491,5.833,1.0000
2059.4489,-692.6529,-991.9174,0.0000,0.000,5.439,5.831,1.0000
2064.4450,-695.7639,-995.8267,0.0000,0.000,5.386,5.829,1.0000
2069.4399,-698.8339,-999.7667,0.0000,0.000,5.365,5.810,1.0000
2074.4343,-701.8547,-1003.7441,0.0000,0.000,5.423,5.748,1.0000
2079.4295,-704.8197,-1007.7641,0.0000,0.000,5.482,5.687,1.0000
2084.4261,-707.7307,-1011.8252,0.0000,0.000,5.540,5.625,1.0000
2089.4246,-710.5919,-1015.9238,0.0000,0.000,5.594,5.566,1.0000
2094.4251,-713.4073,-1020.0565,0.0000,0.000,5.546,5.548,1.0000
2099.4278,-716.1810,-1024.2198,0.0000,0.000,5.499,5.530,1.0000
2104.4325,-718.9172,-1028.4102,0.0000,0.000,5.452,5.512,1.0000
2109.4388,-721.6198,-1032.6244,0.0000,0.000,5.405,5.494,1.0000
2114.4464,-724.2931,-1036.8587,0.0000,0.000,5.397,5.502,1.0000
2119.4547,-726.9411,-1041.1098,0.0000,0.000,5.392,5.512,1.0000
2124.4631,-729.5678,-1045.3741,0.0000,0.000,5.388,5.522,1.0000
2129.4709,-732.1775,-1049.6481,0.0000,0.000,5.383,5.531,1.0000
2134.4773,-734.7742,-1053.9285,0.0000,0.000,5.379,5.541,1.0000
2139.4816,-737.3619,-1058.2117,0.0000,0.000,5.374,5.551,1.0000
2144.4827,-739.9449,-1062.4942,0.0000,0.000,5.370,5.561,1.0000
2149.4800,-742.5271,-1066.7727,0.0000,0.000,5.366,5.571,1.0000
2154.4725,-745.1127,-1071.0435,0.0000,0.000,5.361,5.581,1.0000
2159.4601,-747.7139,-1075.2991,0.0000,0.000,5.357,5.590,1.0000
2164.4464,-750.3782,-1079.5139,0.0000,0.000,5.524,5.467,1.0000
2169.4386,-753.1627,-1083.6573,0.0000,0.000,5.719,5.324,1.0000
2174.4494,-756.1248,-1087.6989,0.0000,0.000,5.853,5.258,1.0000
2179.4835,-759.3202,-1091.5888,0.0000,0.000,5.791,5.440,1.0000
2184.4940,-762.7992,-1095.1946,0.0000,0.000,5.264,5.563,1.0000
2189.4493,-766.6105,-1098.3615,0.0000,0.000,5.491,5.137,1.0000
2194.3682,-770.8027,-1100.9346,0.0000,0.000,5.351,5.393,1.0000
2199.3149,-775.3918,-1102.7812,0.0000,0.000,5.368,5.139,1.0000
2204.2973,-780.2556,-1103.8620,0.0000,0.000,5.082,5.362,1.0000
2209.2859,-785.2351,-1104.1624,0.0000,0.000,5.323,4.891,1.0000
2214.2469,-790.1714,-1103.6677,0.0000,0.000,5.449,4.820,1.0000
2219.1858,-794.9497,-1102.4186,0.0000,0.000,4.928,5.406,1.0000
2224.1841,-799.6374,-1100.6842,0.0000,0.000,5.282,5.089,1.0000
2229.2377,-804.2841,-1098.6975,0.0000,0.000,5.588,4.803,1.0000
2234.2381,-808.6729,-1096.3009,0.0000,0.000,4.775,5.227,1.0000
2239.1596,-812.5714,-1093.2973,0.0000,0.000,5.029,4.785,1.0000
2244.0784,-815.9619,-1089.7336,0.0000,0.000,5.106,4.657,1.0000
2249.0421,-818.8804,-1085.7186,0.0000,0.000,4.726,4.878,1.0000
2254.0573,-821.3628,-1081.3608,0.0000,0.000,5.132,4.640,1.0000
2259.0995,-823.4404,-1076.7666,0.0000,0.000,4.736,4.928,1.0000
2264.1295,-825.0760,-1072.0099,0.0000,0.000,4.805,4.761,1.0000
2269.1229,-826.1806,-1067.1403,0.0000,0.000,4.741,4.732,1.0000
2274.0802,-826.6639,-1062.2065,0.0000,0.000,4.818,4.658,1.0000
2279.0332,-826.4431,-1057.2585,0.0000,0.000,4.985,4.615,1.0000
2284.0170,-825.5382,-1052.3575,0.0000,0.000,4.799,4.559,1.0000
2289.0297,-824.0462,-1047.5720,0.0000,0.000,4.458,4.651,1.0000
2294.0566,-822.0721,-1042.9490,0.0000,0.000,4.377,4.472,1.0000
2299.0695,-819.7163,-1038.5241,0.0000,0.000,4.512,4.501,1.0000
2304.0391,-816.9499,-1034.3957,0.0000,0.000,4.474,4.321,1.0000
2308.9885,-813.6668,-1030.6919,0.0000,0.000,4.682,4.189,1.0000
2313.9752,-809.9937,-1027.3192,0.0000,0.000,4.522,4.597,1.0000
2318.9823,-806.2166,-1024.0322,0.0000,0.000,4.502,4.626,1.0000
2323.9883,-802.4574,-1020.7263,0.0000,0.000,4.481,4.656,1.0000
2328.9930,-798.7176,-1017.4005,0.0000,0.000,4.461,4.685,1.0000
2333.9967,-794.9955,-1014.0564,0.0000,0.000,4.441,4.714,1.0000
2338.9996,-791.2898,-1010.6954,0.0000,0.000,4.421,4.743,1.0000
2344.0018,-787.5990,-1007.3190,0.0000,0.000,4.416,4.750,1.0000
2349.0035,-783.9217,-1003.9286,0.0000,0.000,4.417,4.747,1.0000
2354.0049,-780.2564,-1000.5257,0.0000,0.000,4.419,4.745,1.0000
2359.0060,-776.6017,-997.1118,0.0000,0.000,4.420,4.742,1.0000
2364.0071,-772.9561,-993.6884,0.0000,0.000,4.422,4.740,1.0000
2369.0080,-769.3183,-990.2568,0.0000,0.000,4.423,4.737,1.0000
2374.0090,-765.6866,-986.8187,0.0000,0.000,4.425,4.734,1.0000
2379.0100,-762.0598,-983.3754,0.0000,0.000,4.426,4.732,1.0000
2384.0111,-758.4362,-979.9285,0.0000,0.000,4.428,4.729,1.0000
2389.0124,-754.8146,-976.4793,0.0000,0.000,4.429,4.726,1.0000
2394.0138,-751.1935,-973.0295,0.0000,0.000,4.431,4.724,1.0000
2399.0155,-747.5714,-969.5802,0.0000,0.000,4.432,4.721,1.0000
2404.0174,-743.9479,-966.1322,0.0000,0.000,4.434,4.718,1.0000
2409.0194,-740.3230,-962.6854,0.0000,0.000,4.435,4.716,1.0000
2414.0216,-736.6968,-959.2397,0.0000,0.000,4.437,4.713,1.0000
2419.0240,-733.0694,-955.7950,0.0000,0.000,4.438,4.710,1.0000
2424.0265,-729.4409,-952.3512,0.0000,0.000,4.439,4.708,1.0000
2429.0292,-725.8114,-948.9084,0.0000,0.000,4.441,4.705,1.0000
2434.0319,-722.1810,-945.4665,0.0000,0.000,4.442,4.703,1.0000
2439.0346,-718.5498,-942.0253,0.0000,0.000,4.444,4.700,1.0000
2444.0374,-714.9178,-938.5848,0.0000,0.000,4.445,4.697,1.0000
2449.0403,-711.2851,-935.1450,0.0000,0.000,4.447,4.695,1.0000
2454.0431,-707.6519,-931.7058,0.0000,0.000,4.448,4.692,1.0000
2459.0460,-704.0182,-928.2671,0.0000,0.000,4.450,4.689,1.0000
2464.0488,-700.3841,-924.8289,0.0000,0.000,4.451,4.687,1.0000
2469.0515,-696.7497,-921.3911,0.0000,0.000,4.453,4.684,1.0000
2474.0541,-693.1151,-917.9536,0.0000,0.000,4.454,4.681,1.0000
2479.0567,-689.4804,-914.5164,0.0000,0.000,4.456,4.679,1.0000
2484.0591,-685.8457,-911.0795,0.0000,0.000,4.457,4.676,1.0000
2489.0614,-682.2110,-907.6426,0.0000,0.000,4.459,4.674,1.0000
2494.0635,-678.5765,-904.2059,0.0000,0.000,4.460,4.671,1.0000
2499.0654,-674.9421,-900.7692,0.0000,0.000,4.462,4.668,1.0000
2504.0671,-671.3082,-897.3324,0.0000,0.000,4.463,4.666,1.0000
2509.0686,-667.6746,-893.8955,0.0000,0.000,4.464,4.663,1.0000
2514.0698,-664.0415,-890.4585,0.0000,0.000,4.466,4.660,1.0000
2519.0708,-660.4091,-887.0213,0.0000,0.000,4.467,4.658,1.0000
2524.0714,-656.7773,-883.5837,0.0000,0.000,4.469,4.655,1.0000
2529.0718,-653.1463,-880.1458,0.0000,0.000,4.470,4.652,1.0000
2534.0718,-649.5161,-876.7075,0.0000,0.000,4.472,4.650,1.0000
2539.0714,-645.8869,-873.2687,0.0000,0.000,4.473,4.647,1.0000
2544.0707,-642.2588,-869.8293,0.0000,0.000,4.475,4.645,1.0000
2549.0695,-638.6318,-866.3894,0.0000,0.000,4.476,4.642,1.0000
2554.0680,-635.0060,-862.9487,0.0000,0.000,4.478,4.639,1.0000
2559.0662,-631.3814,-859.5072,0.0000,0.000,4.479,4.637,1.0000
2564.0661,-627.7578,-856.0621,0.0000,0.000,4.481,4.634,1.0000
2569.0712,-624.1343,-852.6094,0.0000,0.000,4.482,4.631,1.0000
2574.0848,-620.5102,-849.1449,0.0000,0.000,4.484,4.629,1.0000
2579.1101,-616.8854,-845.6643,0.0000,0.000,4.493,4.630,1.0000
2584.1393,-613.2963,-842.1414,0.0000,0.000,4.574,4.670,1.0000
2589.1472,-609.8485,-838.5093,0.0000,0.000,4.624,4.699,1.0000
2594.1208,-606.6549,-834.6966,0.0000,0.000,4.412,4.629,1.0000
2599.0716,-603.8276,-830.6325,0.0000,0.000,4.512,4.556,1.0000
2604.0376,-601.4105,-826.2944,0.0000,0.000,4.511,4.541,1.0000
2609.0404,-599.3212,-821.7488,0.0000,0.000,4.464,4.490,1.0000
2614.0730,-597.4640,-817.0714,0.0000,0.000,4.363,4.481,1.0000
2619.1096,-595.7436,-812.3377,0.0000,0.000,4.213,4.541,1.0000
2624.1275,-594.1107,-807.5929,0.0000,0.000,4.380,4.405,1.0000
2629.1271,-592.5988,-802.8274,0.0000,0.000,4.484,4.369,1.0000
2634.1145,-591.2507,-798.0257,0.0000,0.000,4.519,4.438,1.0000
2639.1005,-590.1086,-793.1722,0.0000,0.000,4.423,4.470,1.0000
2644.0942,-589.2015,-788.2616,0.0000,0.000,4.356,4.528,1.0000
2649.0944,-588.5335,-783.3063,0.0000,0.000,4.405,4.671,1.0000
2654.0983,-588.1065,-778.3205,0.0000,0.000,4.435,4.734,1.0000
2659.1035,-587.9221,-773.3187,0.0000,0.000,4.437,4.686,1.0000
2664.1074,-587.9822,-768.3152,0.0000,0.000,4.439,4.638,1.0000
2669.1078,-588.2885,-763.3242,0.0000,0.000,4.389,4.647,1.0000
2674.1028,-588.8427,-758.3601,0.0000,0.000,4.323,4.673,1.0000
2679.0910,-589.6463,-753.4370,0.0000,0.000,4.418,4.746,1.0000
2684.0763,-590.6829,-748.5607,0.0000,0.000,4.504,4.789,1.0000
2689.0671,-591.9040,-743.7216,0.0000,0.000,4.525,4.743,1.0000
2694.0669,-593.2580,-738.9086,0.0000,0.000,4.545,4.696,1.0000
2699.0749,-594.6932,-734.1107,0.0000,0.000,4.565,4.650,1.0000
2704.0876,-596.1582,-729.3167,0.0000,0.000,4.585,4.603,1.0000
2709.1008,-597.6011,-724.5157,0.0000,0.000,4.605,4.557,1.0000
2714.1107,-598.9705,-719.6966,0.0000,0.000,4.633,4.769,1.0000
2719.1161,-600.2149,-714.8483,0.0000,0.000,4.677,4.817,1.0000
2724.1182,-601.2995,-709.9653,0.0000,0.000,4.727,4.787,1.0000
2729.1176,-602.2185,-705.0511,0.0000,0.000,4.745,4.744,1.0000
2734.1150,-602.9688,-700.1103,0.0000,0.000,4.747,4.695,1.0000
2739.1114,-603.5474,-695.1475,0.0000,0.000,4.914,4.678,1.0000
2744.1081,-603.9514,-690.1672,0.0000,0.000,4.849,4.734,1.0000
2749.1064,-604.1776,-685.1740,0.0000,0.000,4.833,4.764,1.0000
2754.1083,-604.2230,-680.1724,0.0000,0.000,4.855,4.863,1.0000
2759.1155,-604.0845,-675.1670,0.0000,0.000,4.933,5.001,1.0000
2764.1264,-603.7518,-670.1672,0.0000,0.000,5.146,5.065,1.0000
2769.1334,-603.2020,-665.1904,0.0000,0.000,5.223,5.052,1.0000
2774.1320,-602.4112,-660.2548,0.0000,0.000,5.183,5.032,1.0000
2779.1213,-601.3558,-655.3784,0.0000,0.000,5.638,5.467,1.0000
2784.1083,-600.0448,-650.5668,0.0000,0.000,6.160,5.962,1.0000
2789.1020,-598.5421,-645.8046,0.0000,0.000,6.156,5.949,1.0000
2794.1036,-596.9167,-641.0744,0.0000,0.000,6.153,5.937,1.0000
2799.1092,-595.2371,-636.3591,0.0000,0.000,6.149,5.924,1.0000
2804.1145,-593.5481,-631.6473,0.0000,0.000,6.146,5.912,1.0000
2809.1194,-591.8541,-626.9379,0.0000,0.000,6.143,5.899,1.0000
2814.1238,-590.1557,-622.2305,0.0000,0.000,6.139,5.887,1.0000
2819.1277,-588.4535,-617.5249,0.0000,0.000,6.136,5.874,1.0000
2824.1313,-586.7482,-612.8209,0.0000,0.000,6.057,5.836,1.0000
2829.1346,-585.0405,-608.1182,0.0000,0.000,5.935,5.783,1.0000
2834.1375,-583.3309,-603.4164,0.0000,0.000,5.812,5.729,1.0000
2839.1401,-581.6201,-598.7154,0.0000,0.000,5.690,5.676,1.0000
2844.1424,-579.9089,-594.0149,0.0000,0.000,5.568,5.623,1.0000
2849.1445,-578.1977,-589.3146,0.0000,0.000,5.445,5.570,1.0000
2854.1465,-576.4872,-584.6142,0.0000,0.000,5.323,5.516,1.0000
2859.1482,-574.7782,-579.9134,0.0000,0.000,5.201,5.463,1.0000
2864.1499,-573.0712,-575.2121,0.0000,0.000,5.154,5.443,1.0000
2869.1514,-571.3669,-570.5099,0.0000,0.000,5.153,5.443,1.0000
2874.1528,-569.6659,-565.8066,0.0000,0.000,5.152,5.442,1.0000
2879.1543,-567.9689,-561.1019,0.0000,0.000,5.151,5.442,1.0000
2884.1557,-566.2762,-556.3956,0.0000,0.000,5.151,5.442,1.0000
2889.1572,-564.5876,-551.6878,0.0000,0.000,5.150,5.441,1.0000
2894.1586,-562.9031,-546.9786,0.0000,0.000,5.149,5.441,1.0000
2899.1601,-561.2225,-542.2679,0.0000,0.000,5.148,5.440,1.0000
2904.1615,-559.5456,-537.5559,0.0000,0.000,5.147,5.440,1.0000
2909.1630,-557.8722,-532.8427,0.0000,0.000,5.146,5.440,1.0000
2914.1646,-556.2022,-528.1282,0.0000,0.000,5.145,5.439,1.0000
2919.1661,-554.5354,-523.4125,0.0000,0.000,5.144,5.439,1.0000
2924.1677,-552.8716,-518.6958,0.0000,0.000,5.143,5.439,1.0000
2929.1694,-551.2108,-513.9779,0.0000,0.000,5.142,5.438,1.0000
2934.1711,-549.5527,-509.2591,0.0000,0.000,5.141,5.438,1.0000
2939.1728,-547.8971,-504.5393,0.0000,0.000,5.140,5.437,1.0000
2944.1745,-546.2440,-499.8186,0.0000,0.000,5.139,5.437,1.0000
2949.1764,-544.5931,-495.0971,0.0000,0.000,5.138,5.437,1.0000
2954.1782,-542.9442,-490.3749,0.0000,0.000,5.137,5.436,1.0000
2959.1801,-541.2973,-485.6519,0.0000,0.000,5.136,5.436,1.0000
2964.1821,-539.6522,-480.9282,0.0000,0.000,5.135,5.435,1.0000
2969.1841,-538.0086,-476.2039,0.0000,0.000,5.134,5.435,1.0000
2974.1861,-536.3664,-471.4791,0.0000,0.000,5.133,5.435,1.0000
2979.1883,-534.7256,-466.7538,0.0000,0.000,5.132,5.434,1.0000
2984.1904,-533.0858,-462.0280,0.0000,0.000,5.157,5.428,1.0000
2989.1926,-531.4470,-457.3019,0.0000,0.000,5.196,5.419,1.0000
2994.1949,-529.8089,-452.5754,0.0000,0.000,5.235,5.411,1.0000
2999.1972,-528.1715,-447.8486,0.0000,0.000,5.274,5.402,1.0000
3004.1996,-526.5345,-443.1217,0.0000,0.000,5.313,5.393,1.0000
3009.2021,-524.8979,-438.3946,0.0000,0.000,5.352,5.384,1.0000
3014.2045,-523.2613,-433.6674,0.0000,0.000,5.391,5.375,1.0000
3019.2071,-521.6247,-428.9401,0.0000,0.000,5.430,5.366,1.0000
3024.2097,-519.9879,-424.2129,0.0000,0.000,5.469,5.357,1.0000
3029.2123,-518.3508,-419.4857,0.0000,0.000,5.508,5.348,1.0000
3034.2150,-516.7132,-414.7586,0.0000,0.000,5.547,5.339,1.0000
3039.2177,-515.0748,-410.0317,0.0000,0.000,5.556,5.349,1.0000
3044.2205,-513.4357,-405.3051,0.0000,0.000,5.554,5.365,1.0000
3049.2233,-511.7956,-400.5788,0.0000,0.000,5.553,5.381,1.0000
3054.2261,-510.1547,-395.8528,0.0000,0.000,5.551,5.397,1.0000
3059.2287,-508.5130,-391.1272,0.0000,0.000,5.550,5.414,1.0000
3064.2312,-506.8703,-386.4022,0.0000,0.000,5.548,5.430,1.0000
3069.2334,-505.2267,-381.6777,0.0000,0.000,5.547,5.446,1.0000
3074.2354,-503.5822,-376.9538,0.0000,0.000,5.545,5.462,1.0000
3079.2370,-501.9368,-372.2306,0.0000,0.000,5.544,5.479,1.0000
3084.2382,-500.2904,-367.5081,0.0000,0.000,5.542,5.495,1.0000
3089.2390,-498.6431,-362.7864,0.0000,0.000,5.541,5.511,1.0000
3094.2393,-496.9948,-358.0656,0.0000,0.000,5.539,5.527,1.0000
3099.2390,-495.3456,-353.3457,0.0000,0.000,5.538,5.544,1.0000
3104.2381,-493.6954,-348.6268,0.0000,0.000,5.536,5.560,1.0000
3109.2366,-492.0442,-343.9089,0.0000,0.000,5.535,5.576,1.0000
3114.2343,-490.3920,-339.1922,0.0000,0.000,5.533,5.592,1.0000
3119.2313,-488.7388,-334.4767,0.0000,0.000,5.532,5.609,1.0000
3124.2280,-487.0835,-329.7621,0.0000,0.000,5.529,5.570,1.0000
3129.2275,-485.4206,-325.0472,0.0000,0.000,5.527,5.526,1.0000
3134.2338,-483.7433,-320.3302,0.0000,0.000,5.525,5.482,1.0000
3139.2508,-482.0445,-315.6096,0.0000,0.000,5.523,5.438,1.0000
3144.2795,-480.3281,-310.8829,0.0000,0.000,5.516,5.398,1.0000
3149.3080,-478.6458,-306.1442,0.0000,0.000,5.424,5.430,1.0000
3154.3220,-477.0627,-301.3867,0.0000,0.000,5.332,5.462,1.0000
3159.3112,-475.6440,-296.6034,0.0000,0.000,5.240,5.494,1.0000
3164.2707,-474.4609,-291.7871,0.0000,0.000,5.161,5.486,1.0000
3169.2031,-473.6120,-286.9283,0.0000,0.000,5.101,5.454,1.0000
3174.1314,-473.2033,-282.0170,0.0000,0.000,5.060,5.345,1.0000
3179.1072,-473.3409,-277.0431,0.0000,0.000,5.148,5.199,1.0000
3184.1850,-474.1128,-272.0243,0.0000,0.000,5.062,5.122,1.0000
3189.3092,-475.5289,-267.0996,0.0000,0.000,5.503,5.037,1.0000
3194.3977,-477.5772,-262.4416,0.0000,0.000,5.479,5.206,1.0000
3199.3898,-480.2458,-258.2226,0.0000,0.000,5.514,5.250,1.0000
3204.2844,-483.5056,-254.5716,0.0000,0.000,5.192,5.692,1.0000
3209.1746,-487.2532,-251.4299,0.0000,0.000,5.012,5.968,1.0000
3214.1166,-491.3650,-248.6884,0.0000,0.000,5.266,5.391,1.0000
3219.1115,-495.7175,-246.2380,0.0000,0.000,5.335,5.457,1.0000
3224.1259,-500.1907,-243.9719,0.0000,0.000,5.350,5.446,1.0000
3229.1396,-504.7189,-241.8195,0.0000,0.000,5.365,5.436,1.0000
3234.1526,-509.2799,-239.7393,0.0000,0.000,5.380,5.425,1.0000
3239.1635,-513.8528,-237.6905,0.0000,0.000,5.395,5.414,1.0000
3244.1702,-518.4177,-235.6339,0.0000,0.000,5.411,5.403,1.0000
3249.1725,-522.9672,-233.5542,0.0000,0.000,5.426,5.392,1.0000
3254.1717,-527.5041,-231.4549,0.0000,0.000,5.441,5.382,1.0000
3259.1688,-532.0318,-229.3402,0.0000,0.000,5.456,5.371,1.0000
3264.1653,-536.5534,-227.2142,0.0000,0.000,5.471,5.360,1.0000
3269.1622,-541.0721,-225.0810,0.0000,0.000,5.486,5.349,1.0000
3274.1607,-545.5910,-222.9447,0.0000,0.000,5.502,5.338,1.0000
3279.1618,-550.1134,-220.8094,0.0000,0.000,5.517,5.328,1.0000
3284.1666,-554.6423,-218.6791,0.0000,0.000,5.532,5.317,1.0000
3289.1747,-559.1777,-216.5553,0.0000,0.000,5.547,5.306,1.0000
3294.1844,-563.7177,-214.4376,0.0000,0.000,5.562,5.295,1.0000
3299.1938,-568.2602,-212.3255,0.0000,0.000,5.578,5.284,1.0000
3304.2015,-572.8030,-210.2186,0.0000,0.000,5.593,5.274,1.0000
3309.2055,-577.3441,-208.1164,0.0000,0.000,5.608,5.263,1.0000
3314.2043,-581.8813,-206.0184,0.0000,0.000,5.623,5.252,1.0000
3319.1960,-586.4125,-203.9243,0.0000,0.000,5.638,5.241,1.0000
3324.1795,-590.9360,-201.8330,0.0000,0.000,5.653,5.230,1.0000
3329.1608,-595.4544,-199.7362,0.0000,0.000,5.669,5.220,1.0000
3334.1512,-599.9739,-197.6198,0.0000,0.000,5.684,5.209,1.0000
3339.1627,-604.5007,-195.4698,0.0000,0.000,5.699,5.198,1.0000
3344.2045,-609.0365,-193.2682,0.0000,0.000,5.714,5.187,1.0000
3349.2500,-613.5152,-190.9450,0.0000,0.000,5.724,5.181,1.0000
3354.2554,-617.8193,-188.3898,0.0000,0.000,5.202,5.592,1.0000
3359.2036,-621.8298,-185.4914,0.0000,0.000,5.458,5.317,1.0000
3364.1215,-625.4354,-182.1470,0.0000,0.000,5.380,5.269,1.0000
3369.0680,-628.6329,-178.3729,0.0000,0.000,5.445,5.218,1.0000
3374.0690,-631.5003,-174.2755,0.0000,0.000,5.435,5.289,1.0000
3379.1135,-634.1178,-169.9632,0.0000,0.000,5.346,5.398,1.0000
3384.1658,-636.5591,-165.5399,0.0000,0.000,5.403,5.321,1.0000
3389.1956,-638.8076,-161.0407,0.0000,0.000,5.439,5.349,1.0000
3394.1920,-640.7796,-156.4499,0.0000,0.000,5.408,5.487,1.0000
3399.1592,-642.3896,-151.7509,0.0000,0.000,5.447,5.473,1.0000
3404.1203,-643.5561,-146.9289,0.0000,0.000,5.573,5.310,1.0000
3409.0965,-644.2537,-142.0018,0.0000,0.000,5.633,5.322,1.0000
3414.0930,-644.4978,-137.0113,0.0000,0.000,5.625,5.361,1.0000
3419.1083,-644.3050,-131.9997,0.0000,0.000,5.466,5.389,1.0000
3424.1364,-643.6918,-127.0091,0.0000,0.000,5.370,5.376,1.0000
3429.1676,-642.6747,-122.0818,0.0000,0.000,5.369,5.307,1.0000
3434.1897,-641.2703,-117.2601,0.0000,0.000,5.405,5.201,1.0000
3439.1895,-639.4949,-112.5861,0.0000,0.000,5.210,5.167,1.0000
3444.1556,-637.3664,-108.0993,0.0000,0.000,5.312,5.074,1.0000
3449.1018,-634.9191,-103.8009,0.0000,0.000,5.585,5.054,1.0000
3454.0520,-632.1994,-99.6648,0.0000,0.000,5.539,5.303,1.0000
3459.0202,-629.2539,-95.6640,0.0000,0.000,5.424,5.383,1.0000
3464.0117,-626.1291,-91.7716,0.0000,0.000,5.294,5.482,1.0000
3469.0249,-622.8716,-87.9609,0.0000,0.000,5.203,5.603,1.0000
3474.0534,-619.5281,-84.2049,0.0000,0.000,5.230,5.593,1.0000
3479.0876,-616.1452,-80.4769,0.0000,0.000,5.256,5.583,1.0000
3484.1167,-612.7673,-76.7510,0.0000,0.000,5.283,5.573,1.0000
3489.1370,-609.4112,-73.0174,0.0000,0.000,5.309,5.563,1.0000
3494.1499,-606.0740,-69.2768,0.0000,0.000,5.336,5.553,1.0000
3499.1566,-602.7526,-65.5305,0.0000,0.000,5.363,5.543,1.0000
3504.1585,-599.4435,-61.7796,0.0000,0.000,5.389,5.533,1.0000
3509.1569,-596.1436,-58.0253,0.0000,0.000,5.416,5.523,1.0000
3514.1530,-592.8496,-54.2688,0.0000,0.000,5.443,5.513,1.0000
3519.1483,-589.5582,-50.5113,0.0000,0.000,5.469,5.503,1.0000
3524.1437,-586.2664,-46.7538,0.0000,0.000,5.496,5.493,1.0000
3529.1400,-582.9728,-42.9968,0.0000,0.000,5.523,5.483,1.0000
3534.1369,-579.6777,-39.2403,0.0000,0.000,5.540,5.476,1.0000
3539.1346,-576.3811,-35.4841,0.0000,0.000,5.530,5.477,1.0000
3544.1329,-573.0832,-31.7282,0.0000,0.000,5.520,5.478,1.0000
3549.1318,-569.7841,-27.9726,0.0000,0.000,5.510,5.478,1.0000
3554.1312,-566.4839,-24.2171,0.0000,0.000,5.500,5.479,1.0000
3559.1312,-563.1828,-20.4617,0.0000,0.000,5.490,5.480,1.0000
3564.1318,-559.8809,-16.7064,0.0000,0.000,5.480,5.481,1.0000
3569.1328,-556.5784,-12.9510,0.0000,0.000,5.470,5.482,1.0000
3574.1342,-553.2753,-9.1954,0.0000,0.000,5.460,5.483,1.0000
3579.1360,-549.9718,-5.4397,0.0000,0.000,5.449,5.484,1.0000
3584.1381,-546.6681,-1.6838,0.0000,0.000,5.439,5.485,1.0000
3589.1406,-543.3643,2.0725,0.0000,0.000,5.429,5.486,1.0000
3594.1434,-540.0604,5.8291,0.0000,0.000,5.419,5.487,1.0000
3599.1464,-536.7568,9.5862,0.0000,0.000,5.409,5.487,1.0000
3604.1496,-533.4533,13.3438,0.0000,0.000,5.399,5.488,1.0000
3609.1530,-530.1503,17.1020,0.0000,0.000,5.389,5.489,1.0000
3614.1566,-526.8479,20.8609,0.0000,0.000,5.379,5.490,1.0000
3619.1602,-523.5461,24.6205,0.0000,0.000,5.369,5.491,1.0000
3624.1639,-520.2451,28.3809,0.0000,0.000,5.359,5.492,1.0000
3629.1676,-516.9451,32.1421,0.0000,0.000,5.349,5.493,1.0000
3634.1713,-513.6461,35.9043,0.0000,0.000,5.339,5.494,1.0000
3639.1750,-510.3484,39.6675,0.0000,0.000,5.328,5.495,1.0000
3644.1786,-507.0520,43.4317,0.0000,0.000,5.336,5.497,1.0000
3649.1820,-503.7570,47.1971,0.0000,0.000,5.347,5.499,1.0000
3654.1854,-500.4637,50.9637,0.0000,0.000,5.357,5.501,1.0000
3659.1885,-497.1721,54.7316,0.0000,0.000,5.367,5.504,1.0000
3664.1914,-493.8824,58.5008,0.0000,0.000,5.378,5.506,1.0000
3669.1940,-490.5947,62.2714,0.0000,0.000,5.388,5.508,1.0000
3674.1964,-487.3092,66.0435,0.0000,0.000,5.399,5.510,1.0000
3679.1984,-484.0259,69.8172,0.0000,0.000,5.409,5.513,1.0000
3684.2001,-480.7450,73.5924,0.0000,0.000,5.420,5.515,1.0000
3689.2014,-477.4664,77.3692,0.0000,0.000,5.430,5.517,1.0000
3694.2025,-474.1898,81.1474,0.0000,0.000,5.441,5.520,1.0000
3699.2033,-470.9150,84.9267,0.0000,0.000,5.451,5.522,1.0000
3704.2040,-467.6417,88.7072,0.0000,0.000,5.462,5.524,1.0000
3709.2045,-464.3696,92.4886,0.0000,0.000,5.472,5.527,1.0000
3714.2050,-461.0985,96.2707,0.0000,0.000,5.482,5.529,1.0000
3719.2054,-457.8281,100.0535,0.0000,0.000,5.493,5.531,1.0000
3724.2059,-454.5582,103.8367,0.0000,0.000,5.503,5.533,1.0000
3729.2065,-451.2885,107.6202,0.0000,0.000,5.514,5.536,1.0000
3734.2073,-448.0187,111.4038,0.0000,0.000,5.524,5.538,1.0000
3739.2082,-444.7486,115.1875,0.0000,0.000,5.535,5.540,1.0000
3744.2094,-441.4779,118.9710,0.0000,0.000,5.545,5.543,1.0000
3749.2110,-438.2064,122.7541,0.0000,0.000,5.541,5.552,1.0000
3754.2128,-434.9338,126.5368,0.0000,0.000,5.474,5.593,1.0000
3759.2151,-431.6598,130.3189,0.0000,0.000,5.407,5.633,1.0000
3764.2179,-428.3840,134.0999,0.0000,0.000,5.341,5.674,1.0000
3769.2207,-425.1031,137.8767,0.0000,0.000,5.274,5.714,1.0000
3774.2232,-421.8122,141.6444,0.0000,0.000,5.208,5.755,1.0000
3779.2250,-418.5064,145.3979,0.0000,0.000,5.486,5.476,1.0000
3784.2256,-415.1807,149.1324,0.0000,0.000,5.769,5.193,1.0000
3789.2249,-411.8302,152.8428,0.0000,0.000,5.790,5.206,1.0000
3794.2227,-408.4501,156.5242,0.0000,0.000,5.651,5.401,1.0000
3799.2193,-405.0352,160.1717,0.0000,0.000,5.558,5.530,1.0000
3804.2146,-401.5799,163.7793,0.0000,0.000,5.591,5.481,1.0000
3809.2084,-398.0687,167.3302,0.0000,0.000,5.623,5.433,1.0000
3814.2010,-394.4803,170.8014,0.0000,0.000,5.569,5.453,1.0000
3819.1947,-390.7933,174.1694,0.0000,0.000,5.414,5.553,1.0000
3824.1939,-386.9875,177.4110,0.0000,0.000,5.259,5.654,1.0000
3829.1962,-383.0569,180.5050,0.0000,0.000,5.661,5.232,1.0000
3834.1951,-379.0039,183.4312,0.0000,0.000,5.963,4.926,1.0000
3839.1861,-374.8312,186.1695,0.0000,0.000,5.576,5.320,1.0000
3844.1673,-370.5417,188.7018,0.0000,0.000,5.289,5.609,1.0000
3849.1438,-366.1443,191.0318,0.0000,0.000,5.154,5.756,1.0000
3854.1227,-361.6509,193.1761,0.0000,0.000,5.388,5.558,1.0000
3859.1081,-357.0736,195.1518,0.0000,0.000,5.590,5.378,1.0000
3864.1022,-352.4245,196.9757,0.0000,0.000,5.604,5.308,1.0000
3869.1047,-347.7158,198.6648,0.0000,0.000,5.617,5.239,1.0000
3874.1138,-342.9595,200.2360,0.0000,0.000,5.568,5.294,1.0000
3879.1260,-338.1678,201.7063,0.0000,0.000,5.563,5.320,1.0000
3884.1368,-333.3526,203.0925,0.0000,0.000,5.726,5.204,1.0000
3889.1431,-328.5225,204.4091,0.0000,0.000,5.601,5.310,1.0000
3894.1461,-323.6800,205.6663,0.0000,0.000,5.373,5.496,1.0000
3899.1469,-318.8272,206.8740,0.0000,0.000,5.341,5.521,1.0000
3904.1464,-313.9661,208.0419,0.0000,0.000,5.343,5.519,1.0000
3909.1453,-309.0985,209.1801,0.0000,0.000,5.344,5.517,1.0000
3914.1439,-304.2265,210.2982,0.0000,0.000,5.346,5.515,1.0000
3919.1427,-299.3521,211.4062,0.0000,0.000,5.348,5.513,1.0000
3924.1418,-294.4772,212.5138,0.0000,0.000,5.349,5.511,1.0000
3929.1415,-289.6031,213.6271,0.0000,0.000,5.351,5.509,1.0000
3934.1417,-284.7298,214.7464,0.0000,0.000,5.353,5.508,1.0000
3939.1423,-279.8572,215.8711,0.0000,0.000,5.354,5.506,1.0000
3944.1434,-274.9854,217.0008,0.0000,0.000,5.356,5.504,1.0000
3949.1449,-270.1142,218.1350,0.0000,0.000,5.357,5.502,1.0000
3954.1467,-265.2436,219.2732,0.0000,0.000,5.359,5.500,1.0000
3959.1488,-260.3736,220.4150,0.0000,0.000,5.361,5.498,1.0000
3964.1512,-255.5040,221.5600,0.0000,0.000,5.362,5.496,1.0000
3969.1538,-250.6348,222.7075,0.0000,0.000,5.364,5.494,1.0000
3974.1566,-245.7659,223.8573,0.0000,0.000,5.366,5.492,1.0000
3979.1595,-240.8973,225.0088,0.0000,0.000,5.367,5.490,1.0000
3984.1625,-236.0289,226.1615,0.0000,0.000,5.369,5.488,1.0000
3989.1655,-231.1607,227.3150,0.0000,0.000,5.370,5.486,1.0000
3994.1685,-226.2926,228.4689,0.0000,0.000,5.372,5.484,1.0000
3999.1714,-221.4245,229.6226,0.0000,0.000,5.374,5.482,1.0000
4004.1743,-216.5564,230.7757,0.0000,0.000,5.375,5.480,1.0000
4009.1770,-211.6882,231.9279,0.0000,0.000,5.377,5.478,1.0000
4014.1795,-206.8199,233.0793,0.0000,0.000,5.378,5.476,1.0000
4019.1819,-201.9516,234.2298,0.0000,0.000,5.380,5.474,1.0000
4024.1843,-197.0832,235.3795,0.0000,0.000,5.382,5.472,1.0000
4029.1865,-192.2148,236.5286,0.0000,0.000,5.383,5.470,1.0000
4034.1886,-187.3462,237.6769,0.0000,0.000,5.385,5.468,1.0000
4039.1906,-182.4777,238.8246,0.0000,0.000,5.387,5.466,1.0000
4044.1925,-177.6090,239.9717,0.0000,0.000,5.388,5.464,1.0000
4049.1944,-172.7403,241.1182,0.0000,0.000,5.390,5.462,1.0000
4054.1962,-167.8716,242.2642,0.0000,0.000,5.391,5.460,1.0000
4059.1980,-163.0028,243.4097,0.0000,0.000,5.393,5.458,1.0000
4064.1997,-158.1339,244.5548,0.0000,0.000,5.395,5.456,1.0000
4069.2013,-153.2650,245.6996,0.0000,0.000,5.396,5.455,1.0000
4074.2030,-148.3960,246.8439,0.0000,0.000,5.398,5.453,1.0000
4079.2046,-143.5270,247.9880,0.0000,0.000,5.400,5.451,1.0000
4084.2062,-138.6580,249.1318,0.0000,0.000,5.401,5.449,1.0000
4089.2078,-133.7889,250.2754,0.0000,0.000,5.402,5.446,1.0000
4094.2094,-128.9197,251.4188,0.0000,0.000,5.389,5.420,1.0000
4099.2110,-124.0505,252.5621,0.0000,0.000,5.375,5.393,1.0000
4104.2127,-119.1813,253.7053,0.0000,0.000,5.361,5.367,1.0000
4109.2143,-114.3120,254.8485,0.0000,0.000,5.347,5.340,1.0000
4114.2160,-109.4427,255.9917,0.0000,0.000,5.333,5.314,1.0000
4119.2178,-104.5734,257.1349,0.0000,0.000,5.321,5.291,1.0000
4124.2196,-99.7040,258.2782,0.0000,0.000,5.326,5.293,1.0000
4129.2215,-94.8346,259.4217,0.0000,0.000,5.331,5.295,1.0000
4134.2234,-89.9651,260.5653,0.0000,0.000,5.336,5.297,1.0000
4139.2254,-85.0956,261.7091,0.0000,0.000,5.340,5.299,1.0000
4144.2275,-80.2261,262.8532,0.0000,0.000,5.345,5.301,1.0000
4149.2297,-75.3566,263.9976,0.0000,0.000,5.350,5.303,1.0000
4154.2320,-70.4870,265.1423,0.0000,0.000,5.355,5.305,1.0000
4159.2345,-65.6174,266.2875,0.0000,0.000,5.359,5.307,1.0000
4164.2370,-60.7478,267.4331,0.0000,0.000,5.364,5.309,1.0000
4169.2397,-55.8782,268.5791,0.0000,0.000,5.369,5.311,1.0000
4174.2424,-51.0085,269.7254,0.0000,0.000,5.374,5.314,1.0000
4179.2452,-46.1389,270.8721,0.0000,0.000,5.378,5.316,1.0000
4184.2480,-41.2694,272.0189,0.0000,0.000,5.383,5.318,1.0000
4189.2507,-36.3999,273.1659,0.0000,0.000,5.388,5.320,1.0000
4194.2534,-31.5305,274.3130,0.0000,0.000,5.393,5.322,1.0000
4199.2560,-26.6612,275.4600,0.0000,0.000,5.397,5.324,1.0000
4204.2584,-21.7921,276.6069,0.0000,0.000,5.402,5.326,1.0000
4209.2606,-16.9230,277.7536,0.0000,0.000,5.407,5.328,1.0000
4214.2626,-12.0542,278.9001,0.0000,0.000,5.412,5.330,1.0000
4219.2643,-7.1856,280.0462,0.0000,0.000,5.416,5.332,1.0000
4224.2658,-2.3171,281.1920,0.0000,0.000,5.421,5.334,1.0000
4229.2669,2.5511,282.3372,0.0000,0.000,5.426,5.336,1.0000
4234.2676,7.4191,283.4819,0.0000,0.000,5.431,5.338,1.0000
4239.2679,12.2868,284.6259,0.0000,0.000,5.435,5.341,1.0000
4244.2678,17.1542,285.7692,0.0000,0.000,5.440,5.343,1.0000
4249.2673,22.0214,286.9117,0.0000,0.000,5.445,5.345,1.0000
4254.2668,26.8890,288.0524,0.0000,0.000,5.450,5.347,1.0000
4259.2669,31.7578,289.1906,0.0000,0.000,5.454,5.349,1.0000
4264.2682,36.6287,290.3254,0.0000,0.000,5.459,5.351,1.0000
4269.2713,41.5023,291.4558,0.0000,0.000,5.464,5.353,1.0000
4274.2766,46.3795,292.5811,0.0000,0.000,5.469,5.355,1.0000
4279.2847,51.2611,293.7001,0.0000,0.000,5.451,5.443,1.0000
4284.2963,56.1477,294.8122,0.0000,0.000,5.398,5.671,1.0000
4289.3102,61.0370,295.9226,0.0000,0.000,5.408,5.641,1.0000
4294.3170,65.9120,297.0641,0.0000,0.000,5.419,5.605,1.0000
4299.3064,70.7517,298.2773,0.0000,0.000,5.430,5.569,1.0000
4304.2699,75.5349,299.6028,0.0000,0.000,5.441,5.533,1.0000
4309.2074,80.2298,301.1314,0.0000,0.000,5.198,5.708,1.0000
4314.1739,84.7557,303.1766,0.0000,0.000,5.163,5.616,1.0000
4319.2773,88.9972,306.0145,0.0000,0.000,5.682,5.227,1.0000
4324.3882,92.7457,309.4888,0.0000,0.000,5.701,5.228,1.0000
4329.3345,95.8238,313.3607,0.0000,0.000,5.333,5.504,1.0000
4334.1973,98.3016,317.5448,0.0000,0.000,5.137,5.483,1.0000
4339.0841,100.3157,321.9973,0.0000,0.000,4.917,5.675,1.0000
4344.0560,102.0027,326.6742,0.0000,0.000,5.273,5.488,1.0000
4349.1266,103.5071,331.5164,0.0000,0.000,5.444,5.282,1.0000
4354.2350,105.0055,336.4002,0.0000,0.000,5.615,5.077,1.0000
4359.3051,106.6830,341.1847,0.0000,0.000,5.679,5.003,1.0000
4364.2871,108.7249,345.7291,0.0000,0.000,5.468,5.249,1.0000
4369.1919,111.2765,349.9180,0.0000,0.000,5.023,5.409,1.0000
4374.0780,114.3176,353.7423,0.0000,0.000,4.981,4.903,1.0000
4378.9892,117.7846,357.2208,0.0000,0.000,4.753,4.602,1.0000
4383.9487,121.6141,360.3721,0.0000,0.000,5.074,5.012,1.0000
4388.9613,125.7426,363.2150,0.0000,0.000,5.312,5.361,1.0000
4394.0173,130.1066,365.7681,0.0000,0.000,5.808,5.715,1.0000
4399.0949,134.6425,368.0502,0.0000,0.000,5.792,5.467,1.0000
4404.1635,139.2869,370.0799,0.0000,0.000,5.688,5.116,1.0000
4409.1948,143.9861,371.8778,0.0000,0.000,5.547,4.863,1.0000
4414.1952,148.7254,373.4721,0.0000,0.000,5.256,5.218,1.0000
4419.1772,153.5005,374.8930,0.0000,0.000,5.246,5.301,1.0000
4424.1503,158.3068,376.1706,0.0000,0.000,5.177,5.267,1.0000
4429.1214,163.1396,377.3350,0.0000,0.000,4.989,4.992,1.0000
4434.0953,167.9945,378.4164,0.0000,0.000,4.800,4.718,1.0000
4439.0750,172.8668,379.4450,0.0000,0.000,4.612,4.443,1.0000
4444.0628,177.7521,380.4508,0.0000,0.000,4.423,4.168,1.0000
4449.0596,182.6462,381.4584,0.0000,0.000,4.235,3.893,1.0000
4454.0641,187.5473,382.4704,0.0000,0.000,4.046,3.618,1.0000
4459.0742,192.4539,383.4839,0.0000,0.000,3.990,3.625,1.0000
4464.0881,197.3646,384.4961,0.0000,0.000,3.987,3.743,1.0000
4469.1036,202.2777,385.5042,0.0000,0.000,3.984,3.862,1.0000
4474.1189,207.1921,386.5052,0.0000,0.000,3.981,3.981,1.0000
4479.1319,212.1061,387.4965,0.0000,0.000,3.977,4.099,1.0000
4484.1406,217.0183,388.4751,0.0000,0.000,3.974,4.218,1.0000
4489.1438,221.9276,389.4397,0.0000,0.000,4.015,4.318,1.0000
4494.1422,226.8339,390.3953,0.0000,0.000,4.097,4.402,1.0000
4499.1375,231.7374,391.3480,0.0000,0.000,4.178,4.485,1.0000
4504.1309,236.6384,392.3042,0.0000,0.000,4.260,4.569,1.0000
4509.1238,241.5370,393.2701,0.0000,0.000,4.341,4.652,1.0000
4514.1179,246.4336,394.2521,0.0000,0.000,4.423,4.736,1.0000
4519.1146,251.3283,395.2565,0.0000,0.000,4.504,4.819,1.0000
4524.1154,256.2213,396.2895,0.0000,0.000,4.586,4.903,1.0000
4529.1221,261.1130,397.3562,0.0000,0.000,4.667,4.986,1.0000
4534.1333,266.0046,398.4443,0.0000,0.000,4.749,5.070,1.0000
4539.1460,270.8985,399.5291,0.0000,0.000,4.830,5.153,1.0000
4544.1568,275.7967,400.5854,0.0000,0.000,4.912,5.237,1.0000
4549.1630,280.7015,401.5880,0.0000,0.000,5.014,5.315,1.0000
4554.1626,285.6151,402.5118,0.0000,0.000,5.253,5.356,1.0000
4559.1549,290.5396,403.3315,0.0000,0.000,5.506,5.376,1.0000
4564.1406,295.4772,404.0222,0.0000,0.000,5.846,5.255,1.0000
4569.1190,300.4287,404.5390,0.0000,0.000,5.983,5.246,1.0000
4574.0669,305.3765,404.5712,0.0000,0.000,5.738,5.536,1.0000
4579.0552,310.2786,403.6477,0.0000,0.000,5.361,5.924,1.0000
4584.1119,314.9490,401.7094,0.0000,0.000,5.630,5.578,1.0000
4589.0945,319.1300,398.9990,0.0000,0.000,6.175,5.225,1.0000
4594.0436,322.9585,395.8627,0.0000,0.000,5.987,5.643,1.0000
4599.0440,326.8196,392.6855,0.0000,0.000,5.745,6.079,1.0000
4604.0800,330.7026,389.4785,0.0000,0.000,5.723,6.335,1.0000
4609.1013,334.3285,386.0048,0.0000,0.000,6.244,6.162,1.0000
4614.1040,337.5643,382.1896,0.0000,0.000,6.366,6.206,1.0000
4619.0917,340.3822,378.0742,0.0000,0.000,6.544,6.209,1.0000
4624.0669,342.7566,373.7021,0.0000,0.000,6.745,6.183,1.0000
4629.0321,344.6616,369.1170,0.0000,0.000,6.784,6.164,1.0000
4633.9913,346.0717,364.3624,0.0000,0.000,6.669,6.323,1.0000
4638.9521,346.9609,359.4820,0.0000,0.000,6.589,6.533,1.0000
4643.9265,347.3037,354.5193,0.0000,0.000,6.654,6.714,1.0000
4648.9314,347.0769,349.5197,0.0000,0.000,6.610,6.912,1.0000
4653.9654,346.2890,344.5477,0.0000,0.000,6.984,7.083,1.0000
4659.0073,344.9701,339.6813,0.0000,0.000,7.402,7.019,1.0000
4664.0311,343.1505,334.9986,0.0000,0.000,7.843,6.821,1.0000
4669.0141,340.8635,330.5714,0.0000,0.000,7.460,7.128,1.0000
4673.9777,338.1791,326.3964,0.0000,0.000,6.916,7.534,1.0000
4678.9506,335.1914,322.4211,0.0000,0.000,7.103,7.167,1.0000
4683.9385,331.9946,318.5923,0.0000,0.000,7.365,6.720,1.0000
4688.9317,328.6789,314.8589,0.0000,0.000,7.320,6.875,1.0000
4693.9250,325.2871,311.1944,0.0000,0.000,7.271,7.007,1.0000
4698.9199,321.8307,307.5884,0.0000,0.000,7.202,6.997,1.0000
4703.9174,318.3211,304.0306,0.0000,0.000,7.132,6.987,1.0000
4708.9176,314.7695,300.5110,0.0000,0.000,7.062,6.977,1.0000
4713.9202,311.1871,297.0192,0.0000,0.000,6.993,6.967,1.0000
4718.9246,307.5851,293.5450,0.0000,0.000,6.923,6.957,1.0000
4723.9298,303.9748,290.0784,0.0000,0.000,6.919,6.968,1.0000
4728.9349,300.3668,286.6095,0.0000,0.000,6.958,6.992,1.0000
4733.9395,296.7648,283.1351,0.0000,0.000,6.997,7.016,1.0000
4738.9436,293.1685,279.6554,0.0000,0.000,7.036,7.040,1.0000
4743.9474,289.5773,276.1711,0.0000,0.000,7.074,7.063,1.0000
4748.9507,285.9906,272.6827,0.0000,0.000,7.113,7.087,1.0000
4753.9538,282.4078,269.1907,0.0000,0.000,7.152,7.111,1.0000
4758.9566,278.8284,265.6956,0.0000,0.000,7.191,7.135,1.0000
4763.9591,275.2517,262.1981,0.0000,0.000,7.229,7.159,1.0000
4768.9613,271.6774,258.6986,0.0000,0.000,7.268,7.183,1.0000
4773.9634,268.1047,255.1976,0.0000,0.000,7.307,7.207,1.0000
4778.9653,264.5331,251.6957,0.0000,0.000,7.346,7.231,1.0000
4783.9671,260.9621,248.1935,0.0000,0.000,7.384,7.255,1.0000
4788.9688,257.3911,244.6914,0.0000,0.000,7.423,7.279,1.0000
4793.9704,253.8195,241.1900,0.0000,0.000,7.462,7.303,1.0000
4798.9719,250.2468,237.6898,0.0000,0.000,7.501,7.327,1.0000
4803.9734,246.6724,234.1914,0.0000,0.000,7.540,7.351,1.0000
4808.9750,243.0958,230.6952,0.0000,0.000,7.578,7.374,1.0000
4813.9765,239.5168,227.2015,0.0000,0.000,7.617,7.398,1.0000
4818.9781,235.9355,223.7101,0.0000,0.000,7.656,7.422,1.0000
4823.9797,232.3520,220.2210,0.0000,0.000,7.695,7.446,1.0000
4828.9813,228.7663,216.7340,0.0000,0.000,7.733,7.470,1.0000
4833.9829,225.1784,213.2492,0.0000,0.000,7.772,7.494,1.0000
4838.9846,221.5886,209.7664,0.0000,0.000,7.811,7.518,1.0000
4843.9863,217.9969,206.2856,0.0000,0.000,7.850,7.542,1.0000
4848.9880,214.4032,202.8067,0.0000,0.000,7.888,7.566,1.0000
4853.9897,210.8078,199.3296,0.0000,0.000,7.927,7.590,1.0000
4858.9915,207.2106,195.8543,0.0000,0.000,7.966,7.614,1.0000
4863.9932,203.6118,192.3806,0.0000,0.000,8.005,7.638,1.0000
4868.9951,200.0114,188.9086,0.0000,0.000,8.043,7.662,1.0000
4873.9969,196.4094,185.4380,0.0000,0.000,8.082,7.685,1.0000
4878.9988,192.8061,181.9690,0.0000,0.000,8.121,7.709,1.0000
4884.0007,189.2014,178.5013,0.0000,0.000,8.160,7.733,1.0000
4889.0026,185.5953,175.0349,0.0000,0.000,8.199,7.757,1.0000
4894.0045,181.9881,171.5697,0.0000,0.000,8.237,7.781,1.0000
4899.0065,178.3797,168.1058,0.0000,0.000,8.276,7.805,1.0000
4904.0084,174.7703,164.6429,0.0000,0.000,8.254,7.800,1.0000
4909.0104,171.1598,161.1810,0.0000,0.000,8.114,7.740,1.0000
4914.0124,167.5485,157.7200,0.0000,0.000,7.973,7.680,1.0000
4919.0145,163.9362,154.2600,0.0000,0.000,7.833,7.620,1.0000
4924.0165,160.3232,150.8007,0.0000,0.000,7.693,7.560,1.0000
4929.0186,156.7095,147.3421,0.0000,0.000,7.553,7.500,1.0000
4934.0207,153.0952,143.8842,0.0000,0.000,7.413,7.440,1.0000
4939.0227,149.4802,140.4269,0.0000,0.000,7.273,7.380,1.0000
4944.0248,145.8648,136.9700,0.0000,0.000,7.132,7.319,1.0000
4949.0269,142.2490,133.5136,0.0000,0.000,6.992,7.259,1.0000
4954.0290,138.6328,130.0575,0.0000,0.000,6.999,7.258,1.0000
4959.0311,135.0164,126.6017,0.0000,0.000,7.012,7.259,1.0000
4964.0333,131.3998,123.1462,0.0000,0.000,7.025,7.259,1.0000
4969.0354,127.7830,119.6907,0.0000,0.000,7.038,7.260,1.0000
4974.0375,124.1662,116.2353,0.0000,0.000,7.051,7.261,1.0000
4979.0396,120.5493,112.7800,0.0000,0.000,7.063,7.262,1.0000
4984.0417,116.9323,109.3248,0.0000,0.000,7.076,7.263,1.0000
4989.0438,113.3153,105.8696,0.0000,0.000,7.089,7.263,1.0000
4994.0459,109.6983,102.4144,0.0000,0.000,7.102,7.264,1.0000
4999.0480,106.0813,98.9592,0.0000,0.000,7.115,7.265,1.0000
5004.0501,102.4643,95.5040,0.0000,0.000,7.128,7.266,1.0000
5009.0522,98.8473,92.0488,0.0000,0.000,7.140,7.266,1.0000
5014.0543,95.2304,88.5936,0.0000,0.000,7.153,7.267,1.0000
5019.0564,91.6135,85.1383,0.0000,0.000,7.166,7.268,1.0000
5024.0584,87.9966,81.6830,0.0000,0.000,7.179,7.269,1.0000
5029.0605,84.3798,78.2277,0.0000,0.000,7.192,7.270,1.0000
5034.0626,80.7631,74.7722,0.0000,0.000,7.204,7.270,1.0000
5039.0646,77.1465,71.3167,0.0000,0.000,7.217,7.271,1.0000
5044.0667,73.5300,67.8610,0.0000,0.000,7.230,7.272,1.0000
5049.0687,69.9137,64.4053,0.0000,0.000,7.243,7.273,1.0000
5054.0708,66.2974,60.9494,0.0000,0.000,7.256,7.274,1.0000
5059.0728,62.6813,57.4934,0.0000,0.000,7.269,7.274,1.0000
5064.0748,59.0654,54.0372,0.0000,0.000,7.281,7.275,1.0000
5069.0768,55.4496,50.5808,0.0000,0.000,7.294,7.276,1.0000
5074.0788,51.8341,47.1243,0.0000,0.000,7.307,7.277,1.0000
5079.0808,48.2187,43.6676,0.0000,0.000,7.320,7.277,1.0000
5084.0828,44.6035,40.2107,0.0000,0.000,7.333,7.278,1.0000
5089.0847,40.9886,36.7535,0.0000,0.000,7.346,7.279,1.0000
5094.0867,37.3739,33.2962,0.0000,0.000,7.358,7.280,1.0000
5099.0886,33.7594,29.8386,0.0000,0.000,7.371,7.281,1.0000
5104.0905,30.1452,26.3807,0.0000,0.000,7.384,7.281,1.0000
5109.0925,26.5313,22.9225,0.0000,0.000,7.397,7.282,1.0000
5114.0944,22.9176,19.4641,0.0000,0.000,7.410,7.283,1.0000
5119.0962,19.3043,16.0054,0.0000,0.000,7.422,7.284,1.0000
5124.0981,15.6913,12.5464,0.0000,0.000,7.435,7.285,1.0000
5129.1000,12.0786,9.0870,0.0000,0.000,7.448,7.285,1.0000
5134.1018,8.4663,5.6274,0.0000,0.000,7.461,7.286,1.0000
5139.1037,4.8543,2.1673,0.0000,0.000,7.474,7.287,1.0000
