# Yas Marina Circuit — TUMFTM racetrack-database (LGPL-3.0), flat 2-D centre line + measured widths; upstream commit e59595d.
s_m,x_m,y_m,z_m,banking_deg,width_left_m,width_right_m,grip_scale
0.0000,2.2943,-5.2041,0.0000,0.000,6.854,6.746,1.0000
5.0019,7.2542,-4.5577,0.0000,0.000,6.854,6.619,1.0000
10.0039,12.2144,-3.9128,0.0000,0.000,6.849,6.546,1.0000
15.0059,17.1749,-3.2693,0.0000,0.000,6.838,6.549,1.0000
20.0079,22.1355,-2.6272,0.0000,0.000,6.827,6.551,1.0000
25.0100,27.0964,-1.9865,0.0000,0.000,6.816,6.554,1.0000
30.0121,32.0575,-1.3471,0.0000,0.000,6.804,6.556,1.0000
35.0142,37.0187,-0.7091,0.0000,0.000,6.793,6.559,1.0000
40.0164,41.9802,-0.0723,0.0000,0.000,6.782,6.561,1.0000
45.0186,46.9419,0.5633,0.0000,0.000,6.771,6.563,1.0000
50.0208,51.9037,1.1976,0.0000,0.000,6.760,6.566,1.0000
55.0230,56.8657,1.8308,0.0000,0.000,6.748,6.568,1.0000
60.0253,61.8279,2.4629,0.0000,0.000,6.737,6.571,1.0000
65.0276,66.7902,3.0939,0.0000,0.000,6.726,6.573,1.0000
70.0299,71.7527,3.7237,0.0000,0.000,6.715,6.576,1.0000
75.0322,76.7153,4.3526,0.0000,0.000,6.703,6.578,1.0000
80.0345,81.6781,4.9804,0.0000,0.000,6.692,6.580,1.0000
85.0368,86.6410,5.6073,0.0000,0.000,6.681,6.583,1.0000
90.0392,91.6040,6.2333,0.0000,0.000,6.670,6.585,1.0000
95.0415,96.5671,6.8583,0.0000,0.000,6.659,6.588,1.0000
100.0438,101.5304,7.4825,0.0000,0.000,6.647,6.590,1.0000
105.0462,106.4937,8.1058,0.0000,0.000,6.636,6.593,1.0000
110.0485,111.4571,8.7283,0.0000,0.000,6.625,6.595,1.0000
115.0508,116.4207,9.3501,0.0000,0.000,6.614,6.597,1.0000
120.0531,121.3843,9.9711,0.0000,0.000,6.602,6.602,1.0000
125.0554,126.3479,10.5915,0.0000,0.000,6.589,6.611,1.0000
130.0577,131.3117,11.2111,0.0000,0.000,6.576,6.620,1.0000
135.0599,136.2755,11.8301,0.0000,0.000,6.563,6.630,1.0000
140.0622,141.2393,12.4486,0.0000,0.000,6.551,6.639,1.0000
145.0644,146.2033,13.0664,0.0000,0.000,6.538,6.649,1.0000
150.0665,151.1672,13.6837,0.0000,0.000,6.525,6.658,1.0000
155.0687,156.1312,14.3005,0.0000,0.000,6.512,6.668,1.0000
160.0708,161.0952,14.9168,0.0000,0.000,6.499,6.677,1.0000
165.0729,166.0592,15.5327,0.0000,0.000,6.486,6.686,1.0000
170.0749,171.0232,16.1482,0.0000,0.000,6.473,6.696,1.0000
175.0769,175.9872,16.7634,0.0000,0.000,6.460,6.705,1.0000
180.0789,180.9513,17.3782,0.0000,0.000,6.447,6.715,1.0000
185.0808,185.9153,17.9926,0.0000,0.000,6.434,6.724,1.0000
190.0826,190.8793,18.6068,0.0000,0.000,6.422,6.733,1.0000
195.0844,195.8432,19.2208,0.0000,0.000,6.409,6.743,1.0000
200.0862,200.8072,19.8346,0.0000,0.000,6.396,6.752,1.0000
205.0878,205.7711,20.4482,0.0000,0.000,6.383,6.762,1.0000
210.0895,210.7349,21.0617,0.0000,0.000,6.370,6.771,1.0000
215.0910,215.6987,21.6750,0.0000,0.000,6.357,6.780,1.0000
220.0925,220.6625,22.2883,0.0000,0.000,6.344,6.790,1.0000
225.0939,225.6262,22.9016,0.0000,0.000,6.331,6.799,1.0000
230.0953,230.5898,23.5148,0.0000,0.000,6.318,6.809,1.0000
235.0965,235.5533,24.1281,0.0000,0.000,6.306,6.818,1.0000
240.0977,240.5167,24.7414,0.0000,0.000,6.293,6.828,1.0000
245.0988,245.4801,25.3549,0.0000,0.000,6.280,6.837,1.0000
250.0998,250.4433,25.9684,0.0000,0.000,6.267,6.846,1.0000
255.1008,255.4064,26.5821,0.0000,0.000,6.254,6.856,1.0000
260.1016,260.3694,27.1961,0.0000,0.000,6.241,6.865,1.0000
265.1023,265.3323,27.8102,0.0000,0.000,6.228,6.875,1.0000
270.1030,270.2951,28.4246,0.0000,0.000,6.215,6.884,1.0000
275.1035,275.2577,29.0393,0.0000,0.000,6.202,6.893,1.0000
280.1040,280.2202,29.6544,0.0000,0.000,6.189,6.903,1.0000
285.1043,285.1825,30.2697,0.0000,0.000,6.177,6.912,1.0000
290.1045,290.1447,30.8855,0.0000,0.000,6.164,6.922,1.0000
295.1047,295.1067,31.5017,0.0000,0.000,6.151,6.931,1.0000
300.1049,300.0688,32.1182,0.0000,0.000,6.138,6.940,1.0000
305.1053,305.0310,32.7350,0.0000,0.000,6.125,6.950,1.0000
310.1061,309.9935,33.3519,0.0000,0.000,6.112,6.959,1.0000
315.1073,314.9566,33.9688,0.0000,0.000,6.099,6.969,1.0000
320.1092,319.9203,34.5857,0.0000,0.000,6.086,6.978,1.0000
325.1119,324.8848,35.2025,0.0000,0.000,6.073,6.988,1.0000
330.1154,329.8502,35.8190,0.0000,0.000,6.060,6.997,1.0000
335.1201,334.8168,36.4353,0.0000,0.000,6.048,7.006,1.0000
340.1260,339.7847,37.0511,0.0000,0.000,6.035,7.016,1.0000
345.1333,344.7540,37.6664,0.0000,0.000,6.022,7.025,1.0000
350.1421,349.7249,38.2812,0.0000,0.000,6.009,7.035,1.0000
355.1525,354.6976,38.8953,0.0000,0.000,5.996,7.044,1.0000
360.1648,359.6722,39.5086,0.0000,0.000,5.983,7.053,1.0000
365.1790,364.6489,40.1211,0.0000,0.000,5.970,7.063,1.0000
370.1953,369.6278,40.7326,0.0000,0.000,5.957,7.072,1.0000
375.2139,374.6091,41.3431,0.0000,0.000,5.944,7.082,1.0000
380.2329,379.5903,41.9583,0.0000,0.000,5.932,7.091,1.0000
385.2131,384.5141,42.7049,0.0000,0.000,5.919,7.100,1.0000
390.1005,389.2720,43.8230,0.0000,0.000,5.926,7.097,1.0000
394.9056,393.7531,45.5575,0.0000,0.000,6.357,6.833,1.0000
399.7526,397.8467,48.1528,0.0000,0.000,6.689,6.539,1.0000
404.8196,401.4555,51.7096,0.0000,0.000,6.859,6.411,1.0000
410.0418,404.5178,55.9397,0.0000,0.000,6.790,6.563,1.0000
415.2311,406.9821,60.5066,0.0000,0.000,6.265,7.059,1.0000
420.3062,408.8333,65.2320,0.0000,0.000,6.400,6.878,1.0000
425.2628,410.0809,70.0290,0.0000,0.000,6.621,6.660,1.0000
430.1471,410.7760,74.8636,0.0000,0.000,6.626,6.879,1.0000
435.0177,410.9918,79.7294,0.0000,0.000,6.641,7.007,1.0000
439.9124,410.8018,84.6204,0.0000,0.000,6.666,7.049,1.0000
444.8504,410.2792,89.5307,0.0000,0.000,6.762,7.043,1.0000
449.8354,409.4977,94.4541,0.0000,0.000,6.823,7.035,1.0000
454.8600,408.5304,99.3846,0.0000,0.000,6.819,7.027,1.0000
459.9084,407.4510,104.3163,0.0000,0.000,6.816,7.019,1.0000
464.9606,406.3322,109.2431,0.0000,0.000,6.812,7.011,1.0000
470.0035,405.2189,114.1615,0.0000,0.000,6.809,7.002,1.0000
475.0369,404.1137,119.0721,0.0000,0.000,6.806,6.994,1.0000
480.0617,403.0159,123.9755,0.0000,0.000,6.802,6.986,1.0000
485.0787,401.9248,128.8725,0.0000,0.000,6.799,6.978,1.0000
490.0890,400.8396,133.7638,0.0000,0.000,6.795,6.970,1.0000
495.0932,399.7595,138.6501,0.0000,0.000,6.792,6.962,1.0000
500.0923,398.6839,143.5321,0.0000,0.000,6.788,6.954,1.0000
505.0872,397.6118,148.4106,0.0000,0.000,6.785,6.945,1.0000
510.0787,396.5427,153.2863,0.0000,0.000,6.782,6.937,1.0000
515.0678,395.4757,158.1599,0.0000,0.000,6.778,6.929,1.0000
520.0552,394.4102,163.0321,0.0000,0.000,6.775,6.921,1.0000
525.0419,393.3452,167.9038,0.0000,0.000,6.771,6.913,1.0000
530.0287,392.2801,172.7755,0.0000,0.000,6.768,6.905,1.0000
535.0165,391.2142,177.6481,0.0000,0.000,6.764,6.897,1.0000
540.0062,390.1467,182.5222,0.0000,0.000,6.761,6.888,1.0000
544.9986,389.0767,187.3986,0.0000,0.000,6.758,6.880,1.0000
549.9946,388.0037,192.2781,0.0000,0.000,6.754,6.872,1.0000
554.9950,386.9268,197.1611,0.0000,0.000,6.751,6.864,1.0000
559.9997,385.8456,202.0476,0.0000,0.000,6.747,6.856,1.0000
565.0081,384.7596,206.9369,0.0000,0.000,6.744,6.848,1.0000
570.0198,383.6685,211.8284,0.0000,0.000,6.740,6.839,1.0000
575.0341,382.5720,216.7214,0.0000,0.000,6.737,6.831,1.0000
580.0507,381.4696,221.6153,0.0000,0.000,6.730,6.817,1.0000
585.0688,380.3609,226.5094,0.0000,0.000,6.679,6.730,1.0000
590.0880,379.2456,231.4031,0.0000,0.000,6.629,6.643,1.0000
595.1078,378.1233,236.2959,0.0000,0.000,6.578,6.556,1.0000
600.1266,376.9952,241.1862,0.0000,0.000,6.527,6.469,1.0000
605.1375,375.8695,246.0691,0.0000,0.000,6.477,6.382,1.0000
610.1325,374.7566,250.9385,0.0000,0.000,6.426,6.295,1.0000
615.1034,373.6665,255.7884,0.0000,0.000,6.375,6.208,1.0000
620.0435,372.6072,260.6136,0.0000,0.000,6.319,6.144,1.0000
624.9684,371.5410,265.4217,0.0000,0.000,6.201,6.359,1.0000
629.9138,370.3910,270.2315,0.0000,0.000,6.070,6.483,1.0000
634.9194,369.0794,275.0622,0.0000,0.000,5.886,6.223,1.0000
640.0256,367.5281,279.9271,0.0000,0.000,5.881,5.998,1.0000
645.1849,365.6584,284.7357,0.0000,0.000,6.213,5.842,1.0000
650.2892,363.3906,289.3085,0.0000,0.000,6.207,6.195,1.0000
655.2693,360.6452,293.4636,0.0000,0.000,6.127,6.651,1.0000
660.1217,357.3429,297.0189,0.0000,0.000,6.221,6.727,1.0000
664.9437,353.4632,299.8823,0.0000,0.000,6.295,6.789,1.0000
669.8484,349.1317,302.1832,0.0000,0.000,6.343,6.834,1.0000
674.8590,344.4956,304.0842,0.0000,0.000,6.372,6.751,1.0000
679.9327,339.7025,305.7481,0.0000,0.000,6.395,6.651,1.0000
684.9989,334.8882,307.3255,0.0000,0.000,6.410,6.589,1.0000
690.0353,330.0940,308.8684,0.0000,0.000,6.426,6.526,1.0000
695.0478,325.3150,310.3809,0.0000,0.000,6.441,6.463,1.0000
700.0425,320.5464,311.8664,0.0000,0.000,6.456,6.401,1.0000
705.0253,315.7830,313.3288,0.0000,0.000,6.471,6.338,1.0000
710.0023,311.0198,314.7715,0.0000,0.000,6.487,6.275,1.0000
714.9793,306.2516,316.1982,0.0000,0.000,6.502,6.213,1.0000
719.9623,301.4736,317.6126,0.0000,0.000,6.517,6.150,1.0000
724.9572,296.6805,319.0183,0.0000,0.000,6.532,6.087,1.0000
729.9676,291.8715,320.4244,0.0000,0.000,6.548,6.025,1.0000
734.9868,287.0631,321.8639,0.0000,0.000,6.563,5.962,1.0000
740.0062,282.2770,323.3764,0.0000,0.000,6.578,5.899,1.0000
745.0194,277.5345,325.0014,0.0000,0.000,6.594,5.837,1.0000
750.0228,272.8571,326.7777,0.0000,0.000,6.609,5.774,1.0000
755.0147,268.2647,328.7347,0.0000,0.000,6.492,5.766,1.0000
759.9952,263.7765,330.8936,0.0000,0.000,6.345,5.769,1.0000
764.9680,259.4112,333.2754,0.0000,0.000,6.197,5.773,1.0000
769.9411,255.1879,335.9013,0.0000,0.000,6.125,5.812,1.0000
774.9268,251.1050,338.7626,0.0000,0.000,6.195,5.915,1.0000
779.9316,247.1125,341.7807,0.0000,0.000,6.265,6.018,1.0000
784.9513,243.1538,344.8670,0.0000,0.000,6.335,6.121,1.0000
789.9768,239.1718,347.9329,0.0000,0.000,6.405,6.224,1.0000
795.0008,235.1211,350.9048,0.0000,0.000,6.450,6.228,1.0000
800.0157,231.0471,353.8292,0.0000,0.000,6.486,6.192,1.0000
805.0114,227.0377,356.8094,0.0000,0.000,6.521,6.156,1.0000
809.9841,223.1813,359.9488,0.0000,0.000,6.556,6.121,1.0000
814.9481,219.5534,363.3369,0.0000,0.000,6.571,6.159,1.0000
819.9268,216.1277,366.9497,0.0000,0.000,6.582,6.212,1.0000
824.9282,212.8306,370.7105,0.0000,0.000,6.593,6.266,1.0000
829.9478,209.5877,374.5419,0.0000,0.000,6.578,6.329,1.0000
834.9752,206.3264,378.3680,0.0000,0.000,6.506,6.411,1.0000
840.0009,203.0324,382.1637,0.0000,0.000,6.434,6.493,1.0000
845.0159,199.7709,385.9732,0.0000,0.000,6.363,6.574,1.0000
850.0127,196.6127,389.8454,0.0000,0.000,6.316,6.325,1.0000
854.9905,193.6286,393.8296,0.0000,0.000,6.281,5.930,1.0000
859.9583,190.8744,397.9640,0.0000,0.000,6.327,5.880,1.0000
864.9304,188.3422,402.2430,0.0000,0.000,6.394,5.914,1.0000
869.9169,186.0080,406.6495,0.0000,0.000,6.461,5.948,1.0000
874.9237,183.8476,411.1661,0.0000,0.000,6.432,5.986,1.0000
879.9520,181.8396,415.7761,0.0000,0.000,6.367,6.027,1.0000
884.9879,180.0067,420.4665,0.0000,0.000,6.301,6.068,1.0000
890.0110,178.4060,425.2278,0.0000,0.000,6.318,6.110,1.0000
895.0084,177.0959,430.0505,0.0000,0.000,6.434,6.155,1.0000
899.9779,176.1296,434.9251,0.0000,0.000,6.550,6.200,1.0000
904.9396,175.4803,439.8441,0.0000,0.000,6.848,6.340,1.0000
909.9146,175.0586,444.8012,0.0000,0.000,7.207,6.522,1.0000
914.9118,174.7732,449.7903,0.0000,0.000,7.274,6.579,1.0000
919.9323,174.5334,454.8051,0.0000,0.000,7.342,6.635,1.0000
924.9671,174.3062,459.8347,0.0000,0.000,7.409,6.691,1.0000
929.9913,174.1908,464.8575,0.0000,0.000,7.476,6.747,1.0000
934.9857,174.3044,469.8507,0.0000,0.000,7.543,6.803,1.0000
939.9476,174.7639,474.7912,0.0000,0.000,7.581,6.900,1.0000
944.8990,175.6656,479.6599,0.0000,0.000,7.522,7.131,1.0000
949.8729,176.9477,484.4656,0.0000,0.000,7.476,7.328,1.0000
954.8770,178.4775,489.2302,0.0000,0.000,7.479,7.393,1.0000
959.8991,180.1219,493.9755,0.0000,0.000,7.482,7.457,1.0000
964.9177,181.7495,498.7229,0.0000,0.000,7.486,7.522,1.0000
969.9230,183.3002,503.4819,0.0000,0.000,7.489,7.587,1.0000
974.9201,184.8066,508.2465,0.0000,0.000,7.464,7.577,1.0000
979.9139,186.3075,513.0094,0.0000,0.000,7.380,7.412,1.0000
984.9095,187.8411,517.7638,0.0000,0.000,7.297,7.247,1.0000
989.9093,189.4172,522.5087,0.0000,0.000,7.213,7.082,1.0000
994.9119,191.0096,527.2511,0.0000,0.000,7.130,6.917,1.0000
999.9152,192.5892,531.9984,0.0000,0.000,7.046,6.752,1.0000
1004.9174,194.1272,536.7584,0.0000,0.000,6.962,6.587,1.0000
1009.9177,195.5997,541.5370,0.0000,0.000,6.711,6.842,1.0000
1014.9164,197.0031,546.3345,0.0000,0.000,6.421,7.193,1.0000
1019.9137,198.3387,551.1501,0.0000,0.000,6.495,7.174,1.0000
1024.9100,199.6078,555.9825,0.0000,0.000,6.715,7.006,1.0000
1029.9056,200.8118,560.8309,0.0000,0.000,6.935,6.837,1.0000
1034.9008,201.9515,565.6943,0.0000,0.000,7.156,6.669,1.0000
1039.8960,203.0274,570.5722,0.0000,0.000,6.979,6.663,1.0000
1044.8915,204.0400,575.4640,0.0000,0.000,6.676,6.709,1.0000
1049.8877,204.9899,580.3691,0.0000,0.000,6.373,6.755,1.0000
1054.8849,205.8776,585.2868,0.0000,0.000,6.103,6.788,1.0000
1059.8833,206.7037,590.2165,0.0000,0.000,6.159,6.697,1.0000
1064.8834,207.4686,595.1577,0.0000,0.000,6.216,6.605,1.0000
1069.8852,208.1728,600.1097,0.0000,0.000,6.272,6.514,1.0000
1074.8890,208.8167,605.0719,0.0000,0.000,6.328,6.422,1.0000
1079.8942,209.3987,610.0431,0.0000,0.000,6.342,6.367,1.0000
1084.9000,209.9166,615.0221,0.0000,0.000,6.309,6.351,1.0000
1089.9059,210.3680,620.0076,0.0000,0.000,6.277,6.335,1.0000
1094.9113,210.7507,624.9983,0.0000,0.000,6.259,6.321,1.0000
1099.9156,211.0625,629.9930,0.0000,0.000,6.267,6.313,1.0000
1104.9186,211.3009,634.9902,0.0000,0.000,6.274,6.305,1.0000
1109.9198,211.4637,639.9888,0.0000,0.000,6.282,6.297,1.0000
1114.9193,211.5487,644.9875,0.0000,0.000,6.244,6.317,1.0000
1119.9170,211.5549,649.9852,0.0000,0.000,6.186,6.349,1.0000
1124.9139,211.4870,654.9817,0.0000,0.000,6.128,6.380,1.0000
1129.9108,211.3510,659.9768,0.0000,0.000,6.070,6.412,1.0000
1134.9084,211.1526,664.9705,0.0000,0.000,6.054,6.399,1.0000
1139.9071,210.8979,669.9627,0.0000,0.000,6.047,6.377,1.0000
1144.9071,210.5929,674.9533,0.0000,0.000,6.040,6.354,1.0000
1149.9084,210.2433,679.9424,0.0000,0.000,6.036,6.336,1.0000
1154.9108,209.8552,684.9297,0.0000,0.000,6.047,6.337,1.0000
1159.9141,209.4345,689.9153,0.0000,0.000,6.058,6.338,1.0000
1164.9181,208.9860,694.8992,0.0000,0.000,6.069,6.339,1.0000
1169.9226,208.5143,699.8814,0.0000,0.000,6.080,6.340,1.0000
1174.9273,208.0236,704.8620,0.0000,0.000,6.091,6.340,1.0000
1179.9320,207.5183,709.8410,0.0000,0.000,6.102,6.341,1.0000
1184.9362,207.0028,714.8187,0.0000,0.000,6.113,6.342,1.0000
1189.9397,206.4814,719.7950,0.0000,0.000,6.124,6.343,1.0000
1194.9422,205.9584,724.7700,0.0000,0.000,6.135,6.344,1.0000
1199.9431,205.4383,729.7438,0.0000,0.000,6.146,6.345,1.0000
1204.9422,204.9248,734.7165,0.0000,0.000,6.157,6.346,1.0000
1209.9400,204.4184,739.6885,0.0000,0.000,6.167,6.346,1.0000
1214.9370,203.9181,744.6604,0.0000,0.000,6.178,6.347,1.0000
1219.9340,203.4228,749.6328,0.0000,0.000,6.189,6.348,1.0000
1224.9316,202.9314,754.6062,0.0000,0.000,6.200,6.349,1.0000
1229.9305,202.4429,759.5811,0.0000,0.000,6.222,6.340,1.0000
1234.9312,201.9562,764.5582,0.0000,0.000,6.259,6.317,1.0000
1239.9346,201.4704,769.5379,0.0000,0.000,6.295,6.294,1.0000
1244.9412,200.9843,774.5208,0.0000,0.000,6.332,6.271,1.0000
1249.9512,200.4966,779.5071,0.0000,0.000,6.369,6.248,1.0000
1254.9633,200.0056,784.4950,0.0000,0.000,6.406,6.225,1.0000
1259.9755,199.5090,789.4826,0.0000,0.000,6.442,6.202,1.0000
1264.9861,199.0049,794.4678,0.0000,0.000,6.479,6.179,1.0000
1269.9933,198.4910,799.4485,0.0000,0.000,6.516,6.157,1.0000
1274.9953,197.9653,804.4228,0.0000,0.000,6.552,6.134,1.0000
1279.9903,197.4257,809.3886,0.0000,0.000,6.589,6.111,1.0000
1284.9766,196.8702,814.3439,0.0000,0.000,6.626,6.088,1.0000
1289.9525,196.2966,819.2866,0.0000,0.000,6.662,6.065,1.0000
1294.9219,195.7155,824.2218,0.0000,0.000,6.699,6.042,1.0000
1299.9000,195.1631,829.1693,0.0000,0.000,6.736,6.019,1.0000
1304.9046,194.6790,834.1503,0.0000,0.000,6.772,5.996,1.0000
1309.9549,194.3026,839.1866,0.0000,0.000,6.809,5.973,1.0000
1315.0611,194.0475,844.2864,0.0000,0.000,6.846,5.950,1.0000
1320.1537,193.7502,849.3703,0.0000,0.000,6.883,5.927,1.0000
1325.1389,193.1745,854.3222,0.0000,0.000,6.480,6.367,1.0000
1329.9673,192.0837,859.0258,0.0000,0.000,5.874,6.998,1.0000
1334.5794,190.1094,863.1939,0.0000,0.000,5.798,7.154,1.0000
1339.1717,186.1916,865.5898,0.0000,0.000,6.207,6.822,1.0000
1344.3462,181.1764,866.8639,0.0000,0.000,6.633,6.445,1.0000
1349.4223,176.2529,868.0992,0.0000,0.000,6.607,6.444,1.0000
1354.4496,171.3350,869.1425,0.0000,0.000,6.579,6.446,1.0000
1359.4781,166.3820,870.0099,0.0000,0.000,6.551,6.447,1.0000
1364.4760,161.4787,870.9782,0.0000,0.000,6.522,6.449,1.0000
1369.4281,156.7169,872.3377,0.0000,0.000,6.494,6.450,1.0000
1374.3957,152.1881,874.3789,0.0000,0.000,6.470,6.442,1.0000
1379.4864,148.0137,877.2928,0.0000,0.000,6.417,6.386,1.0000
1384.6127,144.4148,880.9433,0.0000,0.000,6.428,6.247,1.0000
1389.6369,141.6325,885.1267,0.0000,0.000,6.887,5.834,1.0000
1394.4678,139.9081,889.6395,0.0000,0.000,7.180,6.262,1.0000
1399.1377,139.4536,894.2871,0.0000,0.000,7.133,6.477,1.0000
1403.8836,140.1464,898.9822,0.0000,0.000,6.882,6.543,1.0000
1408.8401,141.6505,903.7050,0.0000,0.000,6.828,6.566,1.0000
1413.9682,143.6262,908.4372,0.0000,0.000,6.786,6.587,1.0000
1419.1409,145.7352,913.1604,0.0000,0.000,6.744,6.607,1.0000
1424.2607,147.7598,917.8629,0.0000,0.000,6.702,6.627,1.0000
1429.3282,149.6988,922.5448,0.0000,0.000,6.660,6.648,1.0000
1434.3535,151.5733,927.2074,0.0000,0.000,6.619,6.668,1.0000
1439.3461,153.4046,931.8520,0.0000,0.000,6.577,6.689,1.0000
1444.3152,155.2138,936.4800,0.0000,0.000,6.535,6.709,1.0000
1449.2697,157.0222,941.0927,0.0000,0.000,6.493,6.730,1.0000
1454.2186,158.8509,945.6914,0.0000,0.000,6.451,6.750,1.0000
1459.1714,160.7212,950.2774,0.0000,0.000,6.409,6.771,1.0000
1464.1375,162.6532,954.8524,0.0000,0.000,6.367,6.791,1.0000
1469.1213,164.6376,959.4241,0.0000,0.000,6.325,6.812,1.0000
1474.1205,166.6350,964.0068,0.0000,0.000,6.283,6.832,1.0000
1479.1321,168.6045,968.6153,0.0000,0.000,6.241,6.852,1.0000
1484.1544,170.5050,973.2641,0.0000,0.000,6.199,6.873,1.0000
1489.1875,172.2956,977.9679,0.0000,0.000,6.157,6.893,1.0000
1494.2348,173.9353,982.7414,0.0000,0.000,6.115,6.914,1.0000
1499.3037,175.3832,987.5992,0.0000,0.000,6.107,6.742,1.0000
1504.4071,176.5982,992.5558,0.0000,0.000,6.135,6.366,1.0000
1509.4525,177.3654,997.5425,0.0000,0.000,6.173,6.193,1.0000
1514.1631,176.9346,1002.2334,0.0000,0.000,5.944,6.199,1.0000
1518.8368,174.5552,1006.2561,0.0000,0.000,6.244,7.275,1.0000
1523.8481,170.5516,1009.2701,0.0000,0.000,6.089,7.086,1.0000
1528.8592,165.8427,1010.9839,0.0000,0.000,6.458,6.699,1.0000
1533.8227,160.8971,1011.4052,0.0000,0.000,6.868,6.377,1.0000
1538.8463,155.9214,1010.7127,0.0000,0.000,6.282,6.961,1.0000
1543.9166,151.1188,1009.0870,0.0000,0.000,6.592,6.713,1.0000
1548.9417,146.6928,1006.7075,0.0000,0.000,6.721,6.856,1.0000
1553.8404,142.8511,1003.6681,0.0000,0.000,6.761,7.498,1.0000
1558.6622,139.8079,999.9278,0.0000,0.000,7.387,8.078,1.0000
1563.5798,137.6732,995.4978,0.0000,0.000,7.387,8.060,1.0000
1568.6453,136.0486,990.6999,0.0000,0.000,7.387,8.041,1.0000
1573.7100,134.4610,985.8904,0.0000,0.000,7.387,8.023,1.0000
1578.7399,132.8161,981.1371,0.0000,0.000,7.387,8.005,1.0000
1583.7472,131.1337,976.4209,0.0000,0.000,7.387,7.987,1.0000
1588.7435,129.4333,971.7228,0.0000,0.000,7.387,7.969,1.0000
1593.7386,127.7321,967.0264,0.0000,0.000,7.387,7.951,1.0000
1598.7345,126.0337,962.3280,0.0000,0.000,7.387,7.933,1.0000
1603.7313,124.3379,957.6277,0.0000,0.000,7.387,7.915,1.0000
1608.7289,122.6445,952.9258,0.0000,0.000,7.388,7.897,1.0000
1613.7272,120.9533,948.2223,0.0000,0.000,7.388,7.879,1.0000
1618.7262,119.2641,943.5173,0.0000,0.000,7.388,7.861,1.0000
1623.7259,117.5766,938.8111,0.0000,0.000,7.388,7.842,1.0000
1628.7260,115.8906,934.1038,0.0000,0.000,7.388,7.824,1.0000
1633.7267,114.2060,929.3954,0.0000,0.000,7.388,7.806,1.0000
1638.7278,112.5224,924.6862,0.0000,0.000,7.388,7.788,1.0000
1643.7293,110.8397,919.9763,0.0000,0.000,7.388,7.770,1.0000
1648.7311,109.1576,915.2657,0.0000,0.000,7.388,7.752,1.0000
1653.7332,107.4759,910.5548,0.0000,0.000,7.388,7.734,1.0000
1658.7356,105.7944,905.8436,0.0000,0.000,7.388,7.716,1.0000
1663.7380,104.1129,901.1322,0.0000,0.000,7.388,7.698,1.0000
1668.7406,102.4312,896.4207,0.0000,0.000,7.389,7.680,1.0000
1673.7432,100.7490,891.7095,0.0000,0.000,7.389,7.662,1.0000
1678.7458,99.0661,886.9984,0.0000,0.000,7.389,7.643,1.0000
1683.7483,97.3825,882.2877,0.0000,0.000,7.389,7.625,1.0000
1688.7509,95.6982,877.5773,0.0000,0.000,7.389,7.607,1.0000
1693.7533,94.0132,872.8671,0.0000,0.000,7.389,7.589,1.0000
1698.7558,92.3275,868.1572,0.0000,0.000,7.389,7.571,1.0000
1703.7582,90.6411,863.4476,0.0000,0.000,7.389,7.553,1.0000
1708.7606,88.9540,858.7383,0.0000,0.000,7.389,7.535,1.0000
1713.7630,87.2663,854.0293,0.0000,0.000,7.389,7.517,1.0000
1718.7653,85.5780,849.3204,0.0000,0.000,7.389,7.499,1.0000
1723.7676,83.8891,844.6119,0.0000,0.000,7.389,7.481,1.0000
1728.7699,82.1995,839.9036,0.0000,0.000,7.390,7.463,1.0000
1733.7721,80.5094,835.1955,0.0000,0.000,7.390,7.444,1.0000
1738.7743,78.8187,830.4877,0.0000,0.000,7.390,7.426,1.0000
1743.7765,77.1274,825.7801,0.0000,0.000,7.390,7.408,1.0000
1748.7787,75.4356,821.0727,0.0000,0.000,7.390,7.390,1.0000
1753.7808,73.7433,816.3655,0.0000,0.000,7.390,7.372,1.0000
1758.7830,72.0504,811.6585,0.0000,0.000,7.390,7.354,1.0000
1763.7851,70.3570,806.9518,0.0000,0.000,7.390,7.336,1.0000
1768.7872,68.6632,802.2452,0.0000,0.000,7.390,7.318,1.0000
1773.7892,66.9689,797.5389,0.0000,0.000,7.390,7.300,1.0000
1778.7913,65.2741,792.8327,0.0000,0.000,7.389,7.292,1.0000
1783.7933,63.5788,788.1267,0.0000,0.000,7.386,7.293,1.0000
1788.7953,61.8832,783.4208,0.0000,0.000,7.384,7.294,1.0000
1793.7973,60.1871,778.7152,0.0000,0.000,7.381,7.294,1.0000
1798.7993,58.4906,774.0097,0.0000,0.000,7.378,7.295,1.0000
1803.8012,56.7937,769.3044,0.0000,0.000,7.376,7.296,1.0000
1808.8032,55.0965,764.5992,0.0000,0.000,7.373,7.296,1.0000
1813.8051,53.3989,759.8941,0.0000,0.000,7.371,7.297,1.0000
1818.8070,51.7009,755.1892,0.0000,0.000,7.368,7.298,1.0000
1823.8089,50.0026,750.4845,0.0000,0.000,7.365,7.298,1.0000
1828.8108,48.3040,745.7798,0.0000,0.000,7.363,7.299,1.0000
1833.8127,46.6051,741.0753,0.0000,0.000,7.360,7.300,1.0000
1838.8145,44.9059,736.3709,0.0000,0.000,7.358,7.300,1.0000
1843.8164,43.2064,731.6666,0.0000,0.000,7.355,7.301,1.0000
1848.8183,41.5067,726.9624,0.0000,0.000,7.352,7.302,1.0000
1853.8201,39.8067,722.2583,0.0000,0.000,7.350,7.302,1.0000
1858.8219,38.1065,717.5543,0.0000,0.000,7.347,7.303,1.0000
1863.8238,36.4061,712.8504,0.0000,0.000,7.345,7.304,1.0000
1868.8256,34.7054,708.1466,0.0000,0.000,7.342,7.304,1.0000
1873.8274,33.0046,703.4428,0.0000,0.000,7.339,7.305,1.0000
1878.8292,31.3036,698.7391,0.0000,0.000,7.337,7.306,1.0000
1883.8310,29.6025,694.0355,0.0000,0.000,7.334,7.306,1.0000
1888.8328,27.9011,689.3319,0.0000,0.000,7.332,7.307,1.0000
1893.8346,26.1997,684.6284,0.0000,0.000,7.329,7.307,1.0000
1898.8364,24.4981,679.9249,0.0000,0.000,7.326,7.308,1.0000
1903.8382,22.7965,675.2215,0.0000,0.000,7.324,7.309,1.0000
1908.8400,21.0947,670.5181,0.0000,0.000,7.321,7.309,1.0000
1913.8418,19.3929,665.8147,0.0000,0.000,7.319,7.310,1.0000
1918.8436,17.6910,661.1113,0.0000,0.000,7.316,7.311,1.0000
1923.8454,15.9891,656.4080,0.0000,0.000,7.313,7.311,1.0000
1928.8472,14.2871,651.7047,0.0000,0.000,7.311,7.312,1.0000
1933.8490,12.5851,647.0013,0.0000,0.000,7.308,7.313,1.0000
1938.8508,10.8831,642.2980,0.0000,0.000,7.306,7.313,1.0000
1943.8526,9.1811,637.5947,0.0000,0.000,7.303,7.314,1.0000
1948.8545,7.4792,632.8913,0.0000,0.000,7.300,7.315,1.0000
1953.8563,5.7772,628.1880,0.0000,0.000,7.298,7.315,1.0000
1958.8581,4.0754,623.4846,0.0000,0.000,7.295,7.316,1.0000
1963.8600,2.3736,618.7811,0.0000,0.000,7.293,7.317,1.0000
1968.8618,0.6718,614.0777,0.0000,0.000,7.290,7.317,1.0000
1973.8637,-1.0298,609.3742,0.0000,0.000,7.287,7.318,1.0000
1978.8655,-2.7313,604.6706,0.0000,0.000,7.285,7.319,1.0000
1983.8674,-4.4327,599.9670,0.0000,0.000,7.282,7.319,1.0000
1988.8693,-6.1340,595.2633,0.0000,0.000,7.280,7.320,1.0000
1993.8712,-7.8351,590.5596,0.0000,0.000,7.277,7.321,1.0000
1998.8731,-9.5360,585.8557,0.0000,0.000,7.274,7.321,1.0000
2003.8750,-11.2368,581.1519,0.0000,0.000,7.272,7.322,1.0000
2008.8769,-12.9373,576.4479,0.0000,0.000,7.269,7.323,1.0000
2013.8789,-14.6377,571.7438,0.0000,0.000,7.267,7.323,1.0000
2018.8808,-16.3378,567.0396,0.0000,0.000,7.264,7.324,1.0000
2023.8828,-18.0377,562.3354,0.0000,0.000,7.261,7.324,1.0000
2028.8848,-19.7373,557.6310,0.0000,0.000,7.259,7.325,1.0000
2033.8868,-21.4367,552.9265,0.0000,0.000,7.256,7.326,1.0000
2038.8888,-23.1358,548.2219,0.0000,0.000,7.253,7.326,1.0000
2043.8909,-24.8346,543.5172,0.0000,0.000,7.251,7.327,1.0000
2048.8929,-26.5331,538.8123,0.0000,0.000,7.248,7.328,1.0000
2053.8950,-28.2312,534.1073,0.0000,0.000,7.246,7.328,1.0000
2058.8970,-29.9290,529.4022,0.0000,0.000,7.243,7.329,1.0000
2063.8991,-31.6264,524.6969,0.0000,0.000,7.240,7.330,1.0000
2068.9012,-33.3234,519.9915,0.0000,0.000,7.238,7.330,1.0000
2073.9033,-35.0200,515.2860,0.0000,0.000,7.235,7.331,1.0000
2078.9053,-36.7162,510.5803,0.0000,0.000,7.233,7.332,1.0000
2083.9074,-38.4120,505.8744,0.0000,0.000,7.231,7.331,1.0000
2088.9095,-40.1073,501.1684,0.0000,0.000,7.250,7.306,1.0000
2093.9116,-41.8022,496.4621,0.0000,0.000,7.269,7.282,1.0000
2098.9137,-43.4966,491.7558,0.0000,0.000,7.288,7.257,1.0000
2103.9158,-45.1904,487.0492,0.0000,0.000,7.216,7.158,1.0000
2108.9179,-46.8838,482.3425,0.0000,0.000,7.121,7.041,1.0000
2113.9200,-48.5766,477.6356,0.0000,0.000,7.026,6.925,1.0000
2118.9220,-50.2689,472.9284,0.0000,0.000,6.932,6.808,1.0000
2123.9241,-51.9606,468.2211,0.0000,0.000,6.837,6.691,1.0000
2128.9261,-53.6517,463.5136,0.0000,0.000,6.786,6.638,1.0000
2133.9282,-55.3422,458.8059,0.0000,0.000,6.778,6.646,1.0000
2138.9302,-57.0322,454.0980,0.0000,0.000,6.770,6.654,1.0000
2143.9323,-58.7214,449.3898,0.0000,0.000,6.761,6.661,1.0000
2148.9343,-60.4101,444.6815,0.0000,0.000,6.753,6.669,1.0000
2153.9363,-62.0980,439.9729,0.0000,0.000,6.744,6.677,1.0000
2158.9383,-63.7853,435.2641,0.0000,0.000,6.736,6.685,1.0000
2163.9402,-65.4719,430.5550,0.0000,0.000,6.728,6.693,1.0000
2168.9422,-67.1578,425.8457,0.0000,0.000,6.719,6.701,1.0000
2173.9441,-68.8429,421.1362,0.0000,0.000,6.711,6.709,1.0000
2178.9460,-70.5273,416.4264,0.0000,0.000,6.702,6.717,1.0000
2183.9479,-72.2109,411.7164,0.0000,0.000,6.694,6.725,1.0000
2188.9498,-73.8938,407.0061,0.0000,0.000,6.686,6.732,1.0000
2193.9517,-75.5758,402.2955,0.0000,0.000,6.677,6.740,1.0000
2198.9535,-77.2571,397.5847,0.0000,0.000,6.669,6.748,1.0000
2203.9553,-78.9375,392.8737,0.0000,0.000,6.661,6.756,1.0000
2208.9571,-80.6172,388.1624,0.0000,0.000,6.652,6.764,1.0000
2213.9589,-82.2964,383.4508,0.0000,0.000,6.644,6.772,1.0000
2218.9606,-83.9749,378.7392,0.0000,0.000,6.635,6.780,1.0000
2223.9624,-85.6530,374.0273,0.0000,0.000,6.627,6.788,1.0000
2228.9641,-87.3308,369.3154,0.0000,0.000,6.619,6.796,1.0000
2233.9659,-89.0082,364.6033,0.0000,0.000,6.610,6.803,1.0000
2238.9676,-90.6854,359.8911,0.0000,0.000,6.602,6.811,1.0000
2243.9693,-92.3625,355.1790,0.0000,0.000,6.593,6.819,1.0000
2248.9711,-94.0396,350.4668,0.0000,0.000,6.585,6.827,1.0000
2253.9728,-95.7167,345.7546,0.0000,0.000,6.595,6.837,1.0000
2258.9746,-97.3939,341.0424,0.0000,0.000,6.635,6.851,1.0000
2263.9763,-99.0713,336.3303,0.0000,0.000,6.675,6.865,1.0000
2268.9781,-100.7490,331.6183,0.0000,0.000,6.714,6.879,1.0000
2273.9799,-102.4270,326.9064,0.0000,0.000,6.754,6.892,1.0000
2278.9817,-104.1055,322.1946,0.0000,0.000,6.794,6.906,1.0000
2283.9836,-105.7846,317.4830,0.0000,0.000,6.833,6.920,1.0000
2288.9854,-107.4643,312.7716,0.0000,0.000,6.873,6.934,1.0000
2293.9873,-109.1446,308.0604,0.0000,0.000,6.913,6.948,1.0000
2298.9893,-110.8258,303.3494,0.0000,0.000,6.952,6.962,1.0000
2303.9912,-112.5078,298.6387,0.0000,0.000,6.992,6.975,1.0000
2308.9932,-114.1908,293.9284,0.0000,0.000,7.032,6.989,1.0000
2313.9953,-115.8748,289.2183,0.0000,0.000,7.071,7.003,1.0000
2318.9974,-117.5599,284.5086,0.0000,0.000,7.111,7.017,1.0000
2323.9995,-119.2462,279.7993,0.0000,0.000,7.151,7.031,1.0000
2329.0017,-120.9338,275.0903,0.0000,0.000,7.190,7.044,1.0000
2334.0040,-122.6227,270.3818,0.0000,0.000,7.228,7.057,1.0000
2339.0063,-124.3131,265.6738,0.0000,0.000,7.247,7.064,1.0000
2344.0087,-126.0051,260.9662,0.0000,0.000,7.266,7.070,1.0000
2349.0111,-127.6986,256.2592,0.0000,0.000,7.285,7.076,1.0000
2354.0136,-129.3938,251.5527,0.0000,0.000,7.304,7.082,1.0000
2359.0162,-131.0909,246.8467,0.0000,0.000,7.323,7.088,1.0000
2364.0188,-132.7897,242.1414,0.0000,0.000,7.342,7.094,1.0000
2369.0216,-134.4906,237.4366,0.0000,0.000,7.360,7.100,1.0000
2374.0244,-136.1924,232.7322,0.0000,0.000,7.177,7.034,1.0000
2379.0270,-137.8902,228.0265,0.0000,0.000,6.995,6.967,1.0000
2384.0291,-139.5779,223.3177,0.0000,0.000,6.812,6.900,1.0000
2389.0307,-141.2496,218.6038,0.0000,0.000,6.629,6.833,1.0000
2394.0314,-142.8991,213.8829,0.0000,0.000,6.446,6.767,1.0000
2399.0313,-144.5204,209.1532,0.0000,0.000,6.263,6.700,1.0000
2404.0304,-146.1074,204.4126,0.0000,0.000,6.081,6.633,1.0000
2409.0289,-147.6542,199.6595,0.0000,0.000,6.027,6.575,1.0000
2414.0272,-149.1546,194.8917,0.0000,0.000,6.040,6.522,1.0000
2419.0257,-150.6066,190.1087,0.0000,0.000,6.052,6.468,1.0000
2424.0249,-152.0160,185.3123,0.0000,0.000,6.065,6.415,1.0000
2429.0250,-153.3903,180.5048,0.0000,0.000,6.077,6.361,1.0000
2434.0261,-154.7365,175.6883,0.0000,0.000,6.090,6.308,1.0000
2439.0281,-156.0620,170.8652,0.0000,0.000,6.113,6.264,1.0000
2444.0307,-157.3740,166.0376,0.0000,0.000,6.169,6.249,1.0000
2449.0339,-158.6796,161.2079,0.0000,0.000,6.225,6.234,1.0000
2454.0372,-159.9862,156.3782,0.0000,0.000,6.281,6.219,1.0000
2459.0404,-161.3008,151.5507,0.0000,0.000,6.338,6.204,1.0000
2464.0434,-162.6290,146.7273,0.0000,0.000,6.394,6.189,1.0000
2469.0460,-163.9736,141.9088,0.0000,0.000,6.450,6.175,1.0000
2474.0481,-165.3377,137.0962,0.0000,0.000,6.448,6.154,1.0000
2479.0497,-166.7241,132.2906,0.0000,0.000,6.426,6.132,1.0000
2484.0508,-168.1358,127.4929,0.0000,0.000,6.404,6.110,1.0000
2489.0514,-169.5756,122.7041,0.0000,0.000,6.382,6.088,1.0000
2494.0516,-171.0466,117.9251,0.0000,0.000,6.360,6.066,1.0000
2499.0516,-172.5515,113.1570,0.0000,0.000,6.338,6.044,1.0000
2504.0516,-174.0930,108.4006,0.0000,0.000,6.316,6.022,1.0000
2509.0519,-175.6697,103.6554,0.0000,0.000,6.314,6.022,1.0000
2514.0526,-177.2767,98.9199,0.0000,0.000,6.321,6.032,1.0000
2519.0538,-178.9093,94.1926,0.0000,0.000,6.327,6.042,1.0000
2524.0556,-180.5628,89.4721,0.0000,0.000,6.334,6.051,1.0000
2529.0578,-182.2325,84.7568,0.0000,0.000,6.340,6.061,1.0000
2534.0603,-183.9135,80.0451,0.0000,0.000,6.347,6.071,1.0000
2539.0631,-185.6012,75.3356,0.0000,0.000,6.353,6.080,1.0000
2544.0659,-187.2907,70.6268,0.0000,0.000,6.359,6.090,1.0000
2549.0685,-188.9789,65.9176,0.0000,0.000,6.366,6.100,1.0000
2554.0710,-190.6652,61.2078,0.0000,0.000,6.372,6.109,1.0000
2559.0735,-192.3500,56.4976,0.0000,0.000,6.379,6.119,1.0000
2564.0758,-194.0332,51.7870,0.0000,0.000,6.385,6.129,1.0000
2569.0781,-195.7149,47.0759,0.0000,0.000,6.392,6.139,1.0000
2574.0802,-197.3953,42.3645,0.0000,0.000,6.398,6.148,1.0000
2579.0823,-199.0745,37.6527,0.0000,0.000,6.405,6.158,1.0000
2584.0843,-200.7525,32.9405,0.0000,0.000,6.411,6.168,1.0000
2589.0863,-202.4295,28.2280,0.0000,0.000,6.418,6.177,1.0000
2594.0882,-204.1055,23.5153,0.0000,0.000,6.424,6.187,1.0000
2599.0900,-205.7807,18.8023,0.0000,0.000,6.431,6.197,1.0000
2604.0918,-207.4551,14.0891,0.0000,0.000,6.437,6.206,1.0000
2609.0936,-209.1289,9.3757,0.0000,0.000,6.443,6.216,1.0000
2614.0953,-210.8022,4.6622,0.0000,0.000,6.450,6.226,1.0000
2619.0970,-212.4750,-0.0515,0.0000,0.000,6.456,6.236,1.0000
2624.0988,-214.1474,-4.7653,0.0000,0.000,6.463,6.245,1.0000
2629.1005,-215.8196,-9.4792,0.0000,0.000,6.469,6.255,1.0000
2634.1022,-217.4917,-14.1932,0.0000,0.000,6.476,6.265,1.0000
2639.1039,-219.1637,-18.9072,0.0000,0.000,6.482,6.274,1.0000
2644.1056,-220.8357,-23.6211,0.0000,0.000,6.489,6.284,1.0000
2649.1073,-222.5079,-28.3351,0.0000,0.000,6.495,6.294,1.0000
2654.1091,-224.1803,-33.0489,0.0000,0.000,6.502,6.303,1.0000
2659.1109,-225.8531,-37.7627,0.0000,0.000,6.508,6.313,1.0000
2664.1127,-227.5263,-42.4764,0.0000,0.000,6.514,6.323,1.0000
2669.1146,-229.2001,-47.1899,0.0000,0.000,6.521,6.332,1.0000
2674.1166,-230.8745,-51.9033,0.0000,0.000,6.527,6.342,1.0000
2679.1186,-232.5496,-56.6165,0.0000,0.000,6.534,6.352,1.0000
2684.1206,-234.2256,-61.3294,0.0000,0.000,6.540,6.362,1.0000
2689.1228,-235.9025,-66.0421,0.0000,0.000,6.547,6.371,1.0000
2694.1250,-237.5805,-70.7545,0.0000,0.000,6.553,6.381,1.0000
2699.1273,-239.2596,-75.4666,0.0000,0.000,6.560,6.391,1.0000
2704.1297,-240.9399,-80.1783,0.0000,0.000,6.566,6.400,1.0000
2709.1322,-242.6216,-84.8897,0.0000,0.000,6.573,6.410,1.0000
2714.1349,-244.3047,-89.6007,0.0000,0.000,6.579,6.420,1.0000
2719.1376,-245.9893,-94.3113,0.0000,0.000,6.585,6.429,1.0000
2724.1401,-247.6726,-99.0221,0.0000,0.000,6.592,6.439,1.0000
2729.1417,-249.3490,-103.7343,0.0000,0.000,6.598,6.449,1.0000
2734.1416,-251.0123,-108.4495,0.0000,0.000,6.605,6.458,1.0000
2739.1392,-252.6564,-113.1689,0.0000,0.000,6.611,6.468,1.0000
2744.1366,-254.2941,-117.8903,0.0000,0.000,6.618,6.478,1.0000
2749.1468,-256.0066,-122.5988,0.0000,0.000,6.624,6.488,1.0000
2754.1783,-257.8398,-127.2844,0.0000,0.000,6.631,6.497,1.0000
2759.1190,-259.1600,-132.0455,0.0000,0.000,6.838,7.013,1.0000
2764.0894,-258.9129,-137.0097,0.0000,0.000,7.244,7.616,1.0000
2769.1835,-256.8630,-141.6732,0.0000,0.000,6.846,7.007,1.0000
2774.0723,-253.3634,-145.0869,0.0000,0.000,5.787,6.215,1.0000
2778.9045,-248.8483,-146.8086,0.0000,0.000,5.493,6.367,1.0000
2783.9041,-243.8866,-147.4224,0.0000,0.000,5.740,6.129,1.0000
2788.9127,-238.8781,-147.4628,0.0000,0.000,6.006,6.056,1.0000
2793.9299,-233.8714,-147.1393,0.0000,0.000,6.056,5.978,1.0000
2798.9522,-228.8755,-146.6251,0.0000,0.000,6.105,5.900,1.0000
2803.9564,-223.8995,-146.0936,0.0000,0.000,6.154,5.821,1.0000
2808.9247,-218.9477,-145.6897,0.0000,0.000,6.203,5.743,1.0000
2813.8876,-213.9941,-145.3855,0.0000,0.000,6.253,5.665,1.0000
2818.8892,-209.0014,-145.0875,0.0000,0.000,6.302,5.587,1.0000
2823.9730,-203.9322,-144.7023,0.0000,0.000,6.351,5.509,1.0000
2829.1612,-198.7702,-144.1821,0.0000,0.000,6.401,5.431,1.0000
2833.8871,-194.0768,-144.7355,0.0000,0.000,6.459,5.334,1.0000
2838.3125,-190.7653,-147.6712,0.0000,0.000,6.231,5.398,1.0000
2843.0412,-188.9731,-152.0471,0.0000,0.000,5.798,5.948,1.0000
2848.1373,-187.9497,-157.0393,0.0000,0.000,5.122,6.097,1.0000
2853.2527,-186.9772,-162.0615,0.0000,0.000,5.253,6.121,1.0000
2858.3236,-185.9460,-167.0264,0.0000,0.000,5.384,6.145,1.0000
2863.3586,-184.8641,-171.9438,0.0000,0.000,5.516,6.169,1.0000
2868.3661,-183.7396,-176.8234,0.0000,0.000,5.647,6.192,1.0000
2873.3542,-182.5805,-181.6749,0.0000,0.000,5.778,6.216,1.0000
2878.3306,-181.3950,-186.5081,0.0000,0.000,5.909,6.240,1.0000
2883.3030,-180.1910,-191.3325,0.0000,0.000,6.040,6.264,1.0000
2888.2789,-178.9768,-196.1580,0.0000,0.000,6.171,6.288,1.0000
2893.2651,-177.7594,-200.9934,0.0000,0.000,6.276,6.321,1.0000
2898.2626,-176.5360,-205.8388,0.0000,0.000,6.201,6.413,1.0000
2903.2683,-175.2976,-210.6889,0.0000,0.000,6.127,6.505,1.0000
2908.2794,-174.0351,-215.5383,0.0000,0.000,6.052,6.597,1.0000
2913.2931,-172.7395,-220.3817,0.0000,0.000,6.066,6.609,1.0000
2918.3070,-171.4016,-225.2138,0.0000,0.000,6.097,6.605,1.0000
2923.3186,-170.0126,-230.0291,0.0000,0.000,6.128,6.601,1.0000
2928.3262,-168.5632,-234.8223,0.0000,0.000,6.160,6.597,1.0000
2933.3281,-167.0444,-239.5880,0.0000,0.000,6.191,6.593,1.0000
2938.3239,-165.4508,-244.3228,0.0000,0.000,6.222,6.589,1.0000
2943.3166,-163.7970,-249.0337,0.0000,0.000,6.253,6.585,1.0000
2948.3098,-162.1049,-253.7315,0.0000,0.000,6.291,6.675,1.0000
2953.3064,-160.3959,-258.4267,0.0000,0.000,6.330,6.775,1.0000
2958.3089,-158.6907,-263.1296,0.0000,0.000,6.368,6.875,1.0000
2963.3158,-156.9802,-267.8353,0.0000,0.000,6.406,6.974,1.0000
2968.3220,-155.2261,-272.5241,0.0000,0.000,6.445,7.074,1.0000
2973.3234,-153.3883,-277.1756,0.0000,0.000,6.483,7.174,1.0000
2978.3183,-151.4281,-281.7698,0.0000,0.000,6.522,7.274,1.0000
2983.3092,-149.3320,-286.2992,0.0000,0.000,6.551,7.288,1.0000
2988.2998,-147.1118,-290.7688,0.0000,0.000,6.565,7.149,1.0000
2993.2925,-144.7810,-295.1840,0.0000,0.000,6.578,7.011,1.0000
2998.2887,-142.3527,-299.5505,0.0000,0.000,6.592,6.872,1.0000
3003.2891,-139.8401,-303.8737,0.0000,0.000,6.605,6.734,1.0000
3008.2932,-137.2564,-308.1592,0.0000,0.000,6.585,6.647,1.0000
3013.3001,-134.6149,-312.4126,0.0000,0.000,6.506,6.651,1.0000
3018.3082,-131.9287,-316.6394,0.0000,0.000,6.428,6.656,1.0000
3023.3157,-129.2099,-320.8444,0.0000,0.000,6.349,6.660,1.0000
3028.3212,-126.4594,-325.0266,0.0000,0.000,6.270,6.665,1.0000
3033.3246,-123.6713,-329.1811,0.0000,0.000,6.191,6.670,1.0000
3038.3254,-120.8397,-333.3030,0.0000,0.000,6.118,6.670,1.0000
3043.3237,-117.9586,-337.3874,0.0000,0.000,6.152,6.599,1.0000
3048.3199,-115.0221,-341.4295,0.0000,0.000,6.186,6.527,1.0000
3053.3145,-112.0242,-345.4244,0.0000,0.000,6.220,6.456,1.0000
3058.3086,-108.9589,-349.3672,0.0000,0.000,6.244,6.405,1.0000
3063.3036,-105.8204,-353.2530,0.0000,0.000,6.220,6.444,1.0000
3068.3007,-102.6063,-357.0793,0.0000,0.000,6.197,6.483,1.0000
3073.3000,-99.3200,-360.8467,0.0000,0.000,6.173,6.522,1.0000
3078.3016,-95.9656,-364.5566,0.0000,0.000,6.150,6.561,1.0000
3083.3051,-92.5470,-368.2102,0.0000,0.000,6.126,6.600,1.0000
3088.3102,-89.0683,-371.8087,0.0000,0.000,6.122,6.597,1.0000
3093.3161,-85.5336,-375.3534,0.0000,0.000,6.124,6.583,1.0000
3098.3221,-81.9468,-378.8455,0.0000,0.000,6.125,6.568,1.0000
3103.3271,-78.3119,-382.2862,0.0000,0.000,6.126,6.554,1.0000
3108.3301,-74.6331,-385.6769,0.0000,0.000,6.128,6.539,1.0000
3113.3311,-70.9149,-389.0212,0.0000,0.000,6.129,6.524,1.0000
3118.3309,-67.1624,-392.3252,0.0000,0.000,6.129,6.510,1.0000
3123.3301,-63.3808,-395.5950,0.0000,0.000,6.129,6.496,1.0000
3128.3293,-59.5751,-398.8368,0.0000,0.000,6.128,6.482,1.0000
3133.3288,-55.7506,-402.0566,0.0000,0.000,6.128,6.468,1.0000
3138.3286,-51.9123,-405.2606,0.0000,0.000,6.127,6.454,1.0000
3143.3288,-48.0654,-408.4549,0.0000,0.000,6.127,6.440,1.0000
3148.3295,-44.2149,-411.6457,0.0000,0.000,6.127,6.426,1.0000
3153.3305,-40.3658,-414.8385,0.0000,0.000,6.126,6.412,1.0000
3158.3318,-36.5196,-418.0353,0.0000,0.000,6.126,6.398,1.0000
3163.3335,-32.6758,-421.2356,0.0000,0.000,6.125,6.383,1.0000
3168.3354,-28.8341,-424.4387,0.0000,0.000,6.125,6.369,1.0000
3173.3375,-24.9940,-427.6443,0.0000,0.000,6.125,6.355,1.0000
3178.3398,-21.1553,-430.8517,0.0000,0.000,6.124,6.341,1.0000
3183.3423,-17.3175,-434.0604,0.0000,0.000,6.124,6.327,1.0000
3188.3448,-13.4803,-437.2700,0.0000,0.000,6.123,6.313,1.0000
3193.3475,-9.6432,-440.4798,0.0000,0.000,6.123,6.299,1.0000
3198.3502,-5.8058,-443.6894,0.0000,0.000,6.122,6.285,1.0000
3203.3528,-1.9678,-446.8983,0.0000,0.000,6.122,6.271,1.0000
3208.3555,1.8711,-450.1058,0.0000,0.000,6.122,6.257,1.0000
3213.3580,5.7115,-453.3116,0.0000,0.000,6.121,6.243,1.0000
3218.3604,9.5537,-456.5151,0.0000,0.000,6.121,6.229,1.0000
3223.3627,13.3980,-459.7157,0.0000,0.000,6.120,6.215,1.0000
3228.3648,17.2449,-462.9129,0.0000,0.000,6.120,6.201,1.0000
3233.3666,21.0947,-466.1062,0.0000,0.000,6.119,6.186,1.0000
3238.3682,24.9478,-469.2952,0.0000,0.000,6.120,6.174,1.0000
3243.3696,28.8041,-472.4800,0.0000,0.000,6.128,6.182,1.0000
3248.3708,32.6630,-475.6614,0.0000,0.000,6.137,6.190,1.0000
3253.3720,36.5239,-478.8403,0.0000,0.000,6.146,6.197,1.0000
3258.3732,40.3861,-482.0176,0.0000,0.000,6.154,6.205,1.0000
3263.3745,44.2490,-485.1941,0.0000,0.000,6.163,6.213,1.0000
3268.3759,48.1121,-488.3707,0.0000,0.000,6.172,6.221,1.0000
3273.3775,51.9747,-491.5483,0.0000,0.000,6.181,6.229,1.0000
3278.3795,55.8361,-494.7277,0.0000,0.000,6.189,6.237,1.0000
3283.3818,59.6959,-497.9097,0.0000,0.000,6.198,6.244,1.0000
3288.3845,63.5544,-501.0939,0.0000,0.000,6.207,6.252,1.0000
3293.3873,67.4121,-504.2792,0.0000,0.000,6.215,6.260,1.0000
3298.3903,71.2699,-507.4647,0.0000,0.000,6.224,6.268,1.0000
3303.3932,75.1283,-510.6493,0.0000,0.000,6.233,6.276,1.0000
3308.3959,78.9881,-513.8319,0.0000,0.000,6.241,6.283,1.0000
3313.3984,82.8500,-517.0116,0.0000,0.000,6.250,6.291,1.0000
3318.4005,86.7147,-520.1873,0.0000,0.000,6.259,6.299,1.0000
3323.4021,90.5829,-523.3580,0.0000,0.000,6.267,6.307,1.0000
3328.4032,94.4548,-526.5232,0.0000,0.000,6.276,6.315,1.0000
3333.4038,98.3288,-529.6853,0.0000,0.000,6.285,6.323,1.0000
3338.4042,102.2023,-532.8475,0.0000,0.000,6.293,6.330,1.0000
3343.4045,106.0730,-536.0131,0.0000,0.000,6.302,6.338,1.0000
3348.4050,109.9384,-539.1854,0.0000,0.000,6.311,6.346,1.0000
3353.4058,113.7961,-542.3676,0.0000,0.000,6.319,6.354,1.0000
3358.4073,117.6437,-545.5630,0.0000,0.000,6.328,6.362,1.0000
3363.4097,121.4788,-548.7749,0.0000,0.000,6.311,6.381,1.0000
3368.4133,125.2989,-552.0064,0.0000,0.000,6.288,6.404,1.0000
3373.4183,129.1043,-555.2575,0.0000,0.000,6.265,6.427,1.0000
3378.4241,132.9020,-558.5186,0.0000,0.000,6.242,6.449,1.0000
3383.4297,136.7007,-561.7785,0.0000,0.000,6.219,6.472,1.0000
3388.4344,140.5085,-565.0261,0.0000,0.000,6.196,6.495,1.0000
3393.4374,144.3341,-568.2502,0.0000,0.000,6.173,6.517,1.0000
3398.4382,148.1858,-571.4398,0.0000,0.000,6.150,6.540,1.0000
3403.4368,152.0719,-574.5835,0.0000,0.000,6.127,6.563,1.0000
3408.4334,156.0011,-577.6703,0.0000,0.000,6.104,6.585,1.0000
3413.4292,159.9806,-580.6904,0.0000,0.000,6.106,6.560,1.0000
3418.4253,164.0088,-583.6458,0.0000,0.000,6.109,6.532,1.0000
3423.4228,168.0791,-586.5453,0.0000,0.000,6.112,6.504,1.0000
3428.4221,172.1849,-589.3977,0.0000,0.000,6.115,6.476,1.0000
3433.4233,176.3195,-592.2116,0.0000,0.000,6.118,6.448,1.0000
3438.4263,180.4762,-594.9957,0.0000,0.000,6.121,6.420,1.0000
3443.4305,184.6483,-597.7590,0.0000,0.000,6.116,6.417,1.0000
3448.4354,188.8293,-600.5100,0.0000,0.000,6.105,6.440,1.0000
3453.4402,193.0124,-603.2576,0.0000,0.000,6.093,6.463,1.0000
3458.4442,197.1921,-606.0090,0.0000,0.000,6.081,6.486,1.0000
3463.4474,201.3686,-608.7638,0.0000,0.000,6.069,6.509,1.0000
3468.4499,205.5436,-611.5196,0.0000,0.000,6.057,6.532,1.0000
3473.4518,209.7191,-614.2736,0.0000,0.000,6.046,6.554,1.0000
3478.4532,213.8967,-617.0233,0.0000,0.000,6.034,6.577,1.0000
3483.4542,218.0784,-619.7662,0.0000,0.000,6.022,6.600,1.0000
3488.4549,222.2659,-622.4997,0.0000,0.000,6.010,6.623,1.0000
3493.4555,226.4612,-625.2211,0.0000,0.000,5.999,6.646,1.0000
3498.4562,230.6659,-627.9280,0.0000,0.000,5.987,6.669,1.0000
3503.4570,234.8818,-630.6177,0.0000,0.000,5.975,6.692,1.0000
3508.4578,239.1103,-633.2875,0.0000,0.000,5.963,6.715,1.0000
3513.4584,243.3527,-635.9348,0.0000,0.000,5.951,6.737,1.0000
3518.4588,247.6103,-638.5569,0.0000,0.000,5.940,6.760,1.0000
3523.4587,251.8846,-641.1512,0.0000,0.000,5.928,6.783,1.0000
3528.4584,256.1768,-643.7151,0.0000,0.000,5.922,6.763,1.0000
3533.4577,260.4883,-646.2458,0.0000,0.000,5.919,6.721,1.0000
3538.4569,264.8204,-648.7407,0.0000,0.000,5.916,6.679,1.0000
3543.4561,269.1745,-651.1972,0.0000,0.000,5.912,6.637,1.0000
3548.4556,273.5503,-653.6152,0.0000,0.000,5.909,6.595,1.0000
3553.4557,277.9456,-655.9990,0.0000,0.000,5.906,6.553,1.0000
3558.4564,282.3578,-658.3527,0.0000,0.000,5.903,6.511,1.0000
3563.4579,286.7844,-660.6807,0.0000,0.000,5.900,6.470,1.0000
3568.4600,291.2229,-662.9874,0.0000,0.000,5.897,6.428,1.0000
3573.4626,295.6708,-665.2772,0.0000,0.000,5.894,6.386,1.0000
3578.4656,300.1254,-667.5544,0.0000,0.000,5.890,6.344,1.0000
3583.4687,304.5844,-669.8234,0.0000,0.000,5.887,6.302,1.0000
3588.4717,309.0456,-672.0879,0.0000,0.000,5.904,6.305,1.0000
3593.4745,313.5083,-674.3489,0.0000,0.000,5.923,6.314,1.0000
3598.4771,317.9725,-676.6066,0.0000,0.000,5.942,6.323,1.0000
3603.4796,322.4382,-678.8610,0.0000,0.000,5.961,6.331,1.0000
3608.4820,326.9053,-681.1125,0.0000,0.000,5.980,6.340,1.0000
3613.4842,331.3737,-683.3610,0.0000,0.000,5.999,6.349,1.0000
3618.4864,335.8433,-685.6068,0.0000,0.000,6.018,6.357,1.0000
3623.4884,340.3142,-687.8500,0.0000,0.000,6.037,6.366,1.0000
3628.4903,344.7861,-690.0908,0.0000,0.000,6.056,6.375,1.0000
3633.4922,349.2591,-692.3292,0.0000,0.000,6.075,6.383,1.0000
3638.4940,353.7332,-694.5656,0.0000,0.000,6.094,6.392,1.0000
3643.4958,358.2081,-696.7999,0.0000,0.000,6.113,6.401,1.0000
3648.4975,362.6839,-699.0324,0.0000,0.000,6.132,6.409,1.0000
3653.4991,367.1605,-701.2632,0.0000,0.000,6.151,6.418,1.0000
3658.5007,371.6379,-703.4925,0.0000,0.000,6.169,6.427,1.0000
3663.5023,376.1159,-705.7204,0.0000,0.000,6.188,6.435,1.0000
3668.5039,380.5945,-707.9470,0.0000,0.000,6.207,6.444,1.0000
3673.5055,385.0736,-710.1726,0.0000,0.000,6.226,6.453,1.0000
3678.5071,389.5532,-712.3972,0.0000,0.000,6.245,6.461,1.0000
3683.5087,394.0332,-714.6211,0.0000,0.000,6.264,6.470,1.0000
3688.5103,398.5136,-716.8443,0.0000,0.000,6.283,6.479,1.0000
3693.5119,402.9942,-719.0670,0.0000,0.000,6.302,6.487,1.0000
3698.5136,407.4750,-721.2894,0.0000,0.000,6.321,6.496,1.0000
3703.5153,411.9559,-723.5116,0.0000,0.000,6.340,6.505,1.0000
3708.5171,416.4370,-725.7338,0.0000,0.000,6.359,6.513,1.0000
3713.5189,420.9180,-727.9561,0.0000,0.000,6.378,6.522,1.0000
3718.5208,425.3990,-730.1786,0.0000,0.000,6.397,6.531,1.0000
3723.5227,429.8798,-732.4016,0.0000,0.000,6.416,6.539,1.0000
3728.5248,434.3605,-734.6252,0.0000,0.000,6.435,6.548,1.0000
3733.5269,438.8409,-736.8494,0.0000,0.000,6.454,6.557,1.0000
3738.5292,443.3210,-739.0746,0.0000,0.000,6.473,6.565,1.0000
3743.5315,447.8006,-741.3007,0.0000,0.000,6.492,6.574,1.0000
3748.5340,452.2799,-743.5280,0.0000,0.000,6.511,6.583,1.0000
3753.5365,456.7586,-745.7567,0.0000,0.000,6.530,6.591,1.0000
3758.5392,461.2366,-747.9871,0.0000,0.000,6.549,6.600,1.0000
3763.5417,465.7102,-750.2257,0.0000,0.000,6.568,6.609,1.0000
3768.5435,470.1732,-752.4838,0.0000,0.000,6.587,6.617,1.0000
3773.5441,474.6192,-754.7728,0.0000,0.000,6.606,6.626,1.0000
3778.5434,479.0417,-757.1041,0.0000,0.000,6.625,6.634,1.0000
3783.5392,483.4960,-759.3662,0.0000,0.000,6.644,6.643,1.0000
3788.5582,488.1905,-761.1415,0.0000,0.000,6.520,6.809,1.0000
3793.6879,493.2569,-761.9455,0.0000,0.000,6.244,7.185,1.0000
3798.4852,497.9844,-761.1309,0.0000,0.000,6.702,6.949,1.0000
3803.0236,501.3765,-758.1157,0.0000,0.000,6.764,7.162,1.0000
3808.1029,503.5151,-753.5085,0.0000,0.000,6.531,7.117,1.0000
3813.3425,505.0035,-748.4848,0.0000,0.000,6.530,7.065,1.0000
3818.3210,506.2067,-743.6539,0.0000,0.000,6.568,7.021,1.0000
3823.2264,507.1577,-738.8415,0.0000,0.000,6.606,6.977,1.0000
3828.1952,507.9312,-733.9334,0.0000,0.000,6.644,6.933,1.0000
3833.2100,508.6935,-728.9768,0.0000,0.000,6.683,6.889,1.0000
3838.2412,509.6174,-724.0311,0.0000,0.000,6.721,6.845,1.0000
3843.2766,510.8757,-719.1555,0.0000,0.000,6.759,6.801,1.0000
3848.3178,512.6194,-714.4255,0.0000,0.000,6.945,6.176,1.0000
3853.3128,514.9073,-709.9852,0.0000,0.000,6.890,5.956,1.0000
3858.2237,517.7732,-705.9973,0.0000,0.000,6.687,5.896,1.0000
3863.0688,521.2514,-702.6244,0.0000,0.000,6.161,6.121,1.0000
3867.9394,525.3678,-700.0208,0.0000,0.000,6.266,6.551,1.0000
3872.9337,530.0226,-698.2112,0.0000,0.000,6.376,6.206,1.0000
3878.0460,535.0166,-697.1176,0.0000,0.000,6.484,6.091,1.0000
3883.1975,540.1476,-696.6592,0.0000,0.000,6.504,6.121,1.0000
3888.2647,545.2140,-696.7542,0.0000,0.000,6.402,6.237,1.0000
3893.1777,550.1143,-697.1077,0.0000,0.000,6.301,6.353,1.0000
3898.0415,554.9752,-696.9404,0.0000,0.000,6.348,6.227,1.0000
3903.1060,559.8249,-695.4814,0.0000,0.000,6.380,6.818,1.0000
3907.9990,563.7204,-692.5205,0.0000,0.000,6.834,7.171,1.0000
3912.7048,565.5234,-688.1738,0.0000,0.000,6.812,7.224,1.0000
3917.8236,565.8252,-683.0639,0.0000,0.000,6.834,7.204,1.0000
3922.9455,565.8365,-677.9420,0.0000,0.000,6.857,7.184,1.0000
3927.9396,565.8983,-672.9483,0.0000,0.000,6.879,7.163,1.0000
3932.9114,565.9881,-667.9773,0.0000,0.000,6.902,7.143,1.0000
3937.8914,566.0958,-662.9985,0.0000,0.000,6.925,7.123,1.0000
3942.8788,566.2175,-658.0125,0.0000,0.000,6.947,7.103,1.0000
3947.8726,566.3490,-653.0205,0.0000,0.000,6.970,7.083,1.0000
3952.8718,566.4862,-648.0232,0.0000,0.000,6.992,7.063,1.0000
3957.8753,566.6250,-643.0216,0.0000,0.000,7.015,7.042,1.0000
3962.8820,566.7612,-638.0168,0.0000,0.000,7.038,7.022,1.0000
3967.8909,566.8907,-633.0095,0.0000,0.000,7.028,7.037,1.0000
3972.9010,567.0095,-628.0009,0.0000,0.000,7.014,7.057,1.0000
3977.9112,567.1134,-622.9917,0.0000,0.000,7.000,7.076,1.0000
3982.9206,567.1983,-617.9830,0.0000,0.000,6.986,7.096,1.0000
3987.9283,567.2601,-612.9757,0.0000,0.000,6.972,7.116,1.0000
3992.9334,567.2947,-607.9708,0.0000,0.000,6.958,7.136,1.0000
3997.9351,567.2980,-602.9691,0.0000,0.000,6.944,7.155,1.0000
4002.9326,567.2657,-597.9716,0.0000,0.000,6.960,7.156,1.0000
4007.9254,567.1940,-592.9794,0.0000,0.000,6.975,7.158,1.0000
4012.9129,567.0785,-587.9932,0.0000,0.000,6.991,7.159,1.0000
4017.8947,566.9153,-583.0141,0.0000,0.000,7.007,7.160,1.0000
4022.8750,566.7089,-578.0381,0.0000,0.000,6.949,7.160,1.0000
4027.8666,566.4813,-573.0516,0.0000,0.000,6.834,7.008,1.0000
4032.8834,566.2565,-568.0399,0.0000,0.000,6.713,6.731,1.0000
4037.9391,566.0589,-562.9880,0.0000,0.000,6.592,6.454,1.0000
4043.0302,565.8570,-557.9009,0.0000,0.000,6.471,6.176,1.0000
4048.0533,565.2519,-552.9144,0.0000,0.000,6.028,6.154,1.0000
4052.9794,563.6936,-548.2413,0.0000,0.000,5.590,6.213,1.0000
4057.5649,560.6165,-544.8416,0.0000,0.000,5.463,6.497,1.0000
4062.2019,556.1038,-543.7751,0.0000,0.000,5.615,6.120,1.0000
4067.2808,551.0595,-544.3660,0.0000,0.000,5.667,6.110,1.0000
4072.5505,545.9135,-545.5018,0.0000,0.000,5.720,6.100,1.0000
4077.5825,540.9514,-546.3374,0.0000,0.000,5.772,6.089,1.0000
4082.4878,536.0884,-546.9796,0.0000,0.000,5.825,6.079,1.0000
4087.4277,531.1969,-547.6696,0.0000,0.000,5.878,6.069,1.0000
4092.4150,526.2675,-548.4277,0.0000,0.000,5.930,6.058,1.0000
4097.4312,521.3155,-549.2275,0.0000,0.000,5.983,6.048,1.0000
4102.4570,516.3563,-550.0427,0.0000,0.000,6.035,6.038,1.0000
4107.4770,511.4018,-550.8513,0.0000,0.000,6.088,6.027,1.0000
4112.4896,506.4526,-551.6457,0.0000,0.000,6.141,6.017,1.0000
4117.4958,501.5068,-552.4213,0.0000,0.000,6.193,6.007,1.0000
4122.4968,496.5628,-553.1737,0.0000,0.000,6.246,5.996,1.0000
4127.4938,491.6185,-553.8983,0.0000,0.000,6.298,5.986,1.0000
4132.4883,486.6723,-554.5906,0.0000,0.000,6.351,5.976,1.0000
4137.4815,481.7222,-555.2460,0.0000,0.000,6.404,5.965,1.0000
4142.4751,476.7666,-555.8601,0.0000,0.000,6.423,5.989,1.0000
4147.4706,471.8035,-556.4282,0.0000,0.000,6.431,6.023,1.0000
4152.4692,466.8322,-556.9501,0.0000,0.000,6.439,6.058,1.0000
4157.4707,461.8541,-557.4333,0.0000,0.000,6.447,6.093,1.0000
4162.4746,456.8707,-557.8860,0.0000,0.000,6.455,6.127,1.0000
4167.4804,451.8835,-558.3167,0.0000,0.000,6.463,6.162,1.0000
4172.4872,446.8940,-558.7336,0.0000,0.000,6.472,6.197,1.0000
4177.4943,441.9039,-559.1450,0.0000,0.000,6.480,6.231,1.0000
4182.5007,436.9146,-559.5594,0.0000,0.000,6.488,6.266,1.0000
4187.5057,431.9278,-559.9850,0.0000,0.000,6.496,6.301,1.0000
4192.5086,426.9447,-560.4300,0.0000,0.000,6.504,6.335,1.0000
4197.5092,421.9659,-560.8957,0.0000,0.000,6.512,6.370,1.0000
4202.5082,416.9900,-561.3767,0.0000,0.000,6.520,6.405,1.0000
4207.5063,412.0161,-561.8669,0.0000,0.000,6.528,6.439,1.0000
4212.5040,407.0428,-562.3602,0.0000,0.000,6.537,6.474,1.0000
4217.5019,402.0690,-562.8508,0.0000,0.000,6.545,6.509,1.0000
4222.5006,397.0935,-563.3324,0.0000,0.000,6.553,6.543,1.0000
4227.5007,392.1153,-563.7992,0.0000,0.000,6.561,6.578,1.0000
4232.5029,387.1330,-564.2452,0.0000,0.000,6.569,6.613,1.0000
4237.5078,382.1457,-564.6652,0.0000,0.000,6.577,6.647,1.0000
4242.5151,377.1545,-565.0652,0.0000,0.000,6.585,6.682,1.0000
4247.5236,372.1614,-565.4582,0.0000,0.000,6.593,6.717,1.0000
4252.5321,367.1688,-565.8571,0.0000,0.000,6.602,6.751,1.0000
4257.5395,362.1789,-566.2752,0.0000,0.000,6.610,6.786,1.0000
4262.5446,357.1940,-566.7254,0.0000,0.000,6.618,6.821,1.0000
4267.5468,352.2164,-567.2208,0.0000,0.000,6.626,6.855,1.0000
4272.5457,347.2483,-567.7746,0.0000,0.000,6.634,6.890,1.0000
4277.5413,342.2920,-568.3995,0.0000,0.000,6.639,6.910,1.0000
4282.5348,337.3475,-569.0978,0.0000,0.000,6.610,6.788,1.0000
4287.5282,332.4114,-569.8517,0.0000,0.000,6.582,6.666,1.0000
4292.5228,327.4796,-570.6413,0.0000,0.000,6.554,6.544,1.0000
4297.5196,322.5481,-571.4467,0.0000,0.000,6.525,6.422,1.0000
4302.5195,317.6129,-572.2482,0.0000,0.000,6.497,6.300,1.0000
4307.5233,312.6699,-573.0258,0.0000,0.000,6.468,6.179,1.0000
4312.5320,307.7152,-573.7597,0.0000,0.000,6.440,6.057,1.0000
4317.5474,302.7448,-574.4301,0.0000,0.000,6.412,5.935,1.0000
4322.5713,297.7551,-575.0153,0.0000,0.000,6.383,5.813,1.0000
4327.5892,292.7562,-575.4507,0.0000,0.000,6.412,5.727,1.0000
4332.5764,287.7721,-575.6254,0.0000,0.000,6.416,5.728,1.0000
4337.5248,282.8277,-575.4263,0.0000,0.000,6.246,5.936,1.0000
4342.4525,277.9479,-574.7404,0.0000,0.000,6.098,6.121,1.0000
4347.4045,273.1531,-573.5028,0.0000,0.000,5.986,6.269,1.0000
4352.4066,268.4500,-571.7993,0.0000,0.000,5.964,6.402,1.0000
4357.4512,263.8423,-569.7456,0.0000,0.000,6.130,6.256,1.0000
4362.5071,259.3340,-567.4573,0.0000,0.000,6.463,5.857,1.0000
4367.5405,254.9250,-565.0291,0.0000,0.000,6.690,5.582,1.0000
4372.5524,250.6035,-562.4905,0.0000,0.000,6.674,5.588,1.0000
4377.5499,246.3554,-559.8584,0.0000,0.000,6.658,5.595,1.0000
4382.5385,242.1662,-557.1497,0.0000,0.000,6.642,5.602,1.0000
4387.5224,238.0219,-554.3811,0.0000,0.000,6.626,5.608,1.0000
4392.5050,233.9083,-551.5697,0.0000,0.000,6.610,5.615,1.0000
4397.4889,229.8111,-548.7322,0.0000,0.000,6.595,5.622,1.0000
4402.4762,225.7160,-545.8855,0.0000,0.000,6.579,5.628,1.0000
4407.4690,221.6091,-543.0463,0.0000,0.000,6.563,5.635,1.0000
4412.4682,217.4821,-540.2248,0.0000,0.000,6.547,5.642,1.0000
4417.4729,213.3379,-537.4191,0.0000,0.000,6.531,5.648,1.0000
4422.4816,209.1800,-534.6263,0.0000,0.000,6.516,5.655,1.0000
4427.4930,205.0123,-531.8435,0.0000,0.000,6.500,5.662,1.0000
4432.5056,200.8385,-529.0677,0.0000,0.000,6.484,5.668,1.0000
4437.5178,196.6623,-526.2960,0.0000,0.000,6.468,5.675,1.0000
4442.5283,192.4876,-523.5254,0.0000,0.000,6.452,5.682,1.0000
4447.5356,188.3179,-520.7528,0.0000,0.000,6.436,5.688,1.0000
4452.5384,184.1571,-517.9751,0.0000,0.000,6.421,5.695,1.0000
4457.5367,180.0088,-515.1868,0.0000,0.000,6.405,5.702,1.0000
4462.5312,175.8765,-512.3817,0.0000,0.000,6.389,5.708,1.0000
4467.5224,171.7638,-509.5536,0.0000,0.000,6.373,5.715,1.0000
4472.5112,167.6749,-506.6955,0.0000,0.000,6.357,5.722,1.0000
4477.4986,163.6296,-503.7784,0.0000,0.000,6.341,5.728,1.0000
4482.4877,159.6639,-500.7511,0.0000,0.000,6.236,5.801,1.0000
4487.4871,155.8144,-497.5612,0.0000,0.000,6.084,5.908,1.0000
4492.5127,152.1177,-494.1566,0.0000,0.000,5.942,5.989,1.0000
4497.5605,148.6530,-490.4856,0.0000,0.000,5.850,5.952,1.0000
4502.5654,145.6281,-486.4983,0.0000,0.000,5.981,5.756,1.0000
4507.5167,143.2487,-482.1562,0.0000,0.000,6.275,5.469,1.0000
4512.4777,141.4451,-477.5347,0.0000,0.000,6.257,5.711,1.0000
4517.4583,139.9932,-472.7704,0.0000,0.000,6.240,5.953,1.0000
4522.4518,138.7669,-467.9298,0.0000,0.000,6.228,6.023,1.0000
4527.4593,137.6993,-463.0374,0.0000,0.000,6.220,5.998,1.0000
4532.4750,136.7241,-458.1174,0.0000,0.000,6.211,5.973,1.0000
4537.4892,135.7755,-453.1937,0.0000,0.000,6.203,5.948,1.0000
4542.4957,134.8118,-448.2809,0.0000,0.000,6.195,5.923,1.0000
4547.4958,133.8319,-443.3777,0.0000,0.000,6.186,5.898,1.0000
4552.4919,132.8387,-438.4814,0.0000,0.000,6.178,5.873,1.0000
4557.4861,131.8351,-433.5891,0.0000,0.000,6.170,5.848,1.0000
4562.4805,130.8240,-428.6981,0.0000,0.000,6.161,5.823,1.0000
4567.4773,129.8082,-423.8056,0.0000,0.000,6.153,5.798,1.0000
4572.4786,128.7906,-418.9089,0.0000,0.000,6.145,5.773,1.0000
4577.4866,127.7741,-414.0051,0.0000,0.000,6.136,5.748,1.0000
4582.5031,126.7617,-409.0919,0.0000,0.000,6.128,5.723,1.0000
4587.5228,125.7583,-404.1735,0.0000,0.000,6.119,5.698,1.0000
4592.5334,124.7710,-399.2612,0.0000,0.000,6.111,5.673,1.0000
4597.5223,123.8068,-394.3663,0.0000,0.000,6.103,5.648,1.0000
4602.4773,122.8728,-389.5002,0.0000,0.000,6.094,5.623,1.0000
4607.4221,121.9243,-384.6472,0.0000,0.000,6.086,5.598,1.0000
4612.4902,120.7669,-379.7130,0.0000,0.000,6.078,5.573,1.0000
4617.6803,119.5089,-374.6777,0.0000,0.000,6.069,5.548,1.0000
4622.5904,119.2112,-369.7766,0.0000,0.000,6.118,5.505,1.0000
4627.2077,120.9134,-365.4845,0.0000,0.000,6.244,5.282,1.0000
4632.0388,124.7977,-362.6119,0.0000,0.000,5.089,5.148,1.0000
4637.0897,129.5767,-360.9770,0.0000,0.000,5.145,5.255,1.0000
4642.1326,134.5341,-360.0526,0.0000,0.000,5.399,5.122,1.0000
4647.1645,139.5154,-359.3403,0.0000,0.000,5.374,5.127,1.0000
4652.1700,144.4742,-358.6584,0.0000,0.000,5.348,5.131,1.0000
4657.1593,149.4190,-357.9941,0.0000,0.000,5.323,5.135,1.0000
4662.1427,154.3589,-357.3363,0.0000,0.000,5.297,5.139,1.0000
4667.1306,159.3025,-356.6736,0.0000,0.000,5.272,5.143,1.0000
4672.1283,164.2547,-356.0005,0.0000,0.000,5.246,5.148,1.0000
4677.1337,169.2135,-355.3194,0.0000,0.000,5.221,5.152,1.0000
4682.1439,174.1766,-354.6336,0.0000,0.000,5.196,5.156,1.0000
4687.1563,179.1417,-353.9465,0.0000,0.000,5.170,5.160,1.0000
4692.1679,184.1062,-353.2612,0.0000,0.000,5.145,5.164,1.0000
4697.1761,189.0680,-352.5811,0.0000,0.000,5.119,5.169,1.0000
4702.1780,194.0246,-351.9094,0.0000,0.000,5.094,5.173,1.0000
4707.1708,198.9736,-351.2494,0.0000,0.000,5.068,5.177,1.0000
4712.1524,203.9131,-350.6038,0.0000,0.000,5.043,5.181,1.0000
4717.1312,208.8509,-349.9652,0.0000,0.000,5.018,5.185,1.0000
4722.1255,213.8030,-349.3174,0.0000,0.000,4.992,5.190,1.0000
4727.1537,218.7858,-348.6436,0.0000,0.000,4.967,5.194,1.0000
4732.2342,223.8155,-347.9268,0.0000,0.000,4.941,5.198,1.0000
4737.2574,228.7432,-346.9520,0.0000,0.000,4.797,5.427,1.0000
4741.9360,232.9893,-344.9873,0.0000,0.000,4.616,5.947,1.0000
4746.6409,235.9866,-341.3607,0.0000,0.000,5.055,5.631,1.0000
4751.7913,237.8244,-336.5494,0.0000,0.000,5.473,5.751,1.0000
4756.9514,238.8895,-331.5004,0.0000,0.000,5.860,6.093,1.0000
4761.9750,239.4244,-326.5053,0.0000,0.000,6.069,6.269,1.0000
4766.9408,239.6017,-321.5427,0.0000,0.000,6.055,6.264,1.0000
4771.8944,239.5939,-316.5891,0.0000,0.000,6.042,6.260,1.0000
4776.8619,239.5714,-311.6217,0.0000,0.000,6.028,6.255,1.0000
4781.8537,239.6230,-306.6301,0.0000,0.000,6.014,6.251,1.0000
4786.8632,239.7266,-301.6217,0.0000,0.000,6.000,6.247,1.0000
4791.8816,239.8521,-296.6049,0.0000,0.000,5.986,6.242,1.0000
4796.8998,239.9697,-291.5880,0.0000,0.000,5.972,6.238,1.0000
4801.9129,240.0645,-286.5759,0.0000,0.000,5.958,6.233,1.0000
4806.9210,240.1414,-281.5684,0.0000,0.000,5.944,6.229,1.0000
4811.9247,240.2068,-276.5651,0.0000,0.000,5.931,6.224,1.0000
4816.9246,240.2669,-271.5656,0.0000,0.000,5.917,6.220,1.0000
4821.9211,240.3281,-266.5694,0.0000,0.000,5.903,6.215,1.0000
4826.9149,240.3969,-261.5761,0.0000,0.000,5.889,6.211,1.0000
4831.9064,240.4794,-256.5853,0.0000,0.000,5.875,6.206,1.0000
4836.8962,240.5822,-251.5965,0.0000,0.000,5.861,6.202,1.0000
4841.8858,240.7078,-246.6086,0.0000,0.000,5.847,6.197,1.0000
4846.8883,240.8025,-241.6069,0.0000,0.000,5.834,6.193,1.0000
4851.9284,240.7669,-236.5669,0.0000,0.000,5.820,6.188,1.0000
4856.9784,240.3857,-231.5313,0.0000,0.000,5.754,5.928,1.0000
4861.9588,239.1806,-226.6989,0.0000,0.000,5.286,5.764,1.0000
4866.8778,236.8048,-222.3917,0.0000,0.000,4.559,5.795,1.0000
4871.6458,233.2964,-219.1629,0.0000,0.000,5.046,5.629,1.0000
4876.4627,228.7902,-217.4609,0.0000,0.000,5.666,5.353,1.0000
4881.5690,223.7340,-216.7476,0.0000,0.000,5.578,5.339,1.0000
4886.6822,218.6565,-216.1437,0.0000,0.000,5.489,5.326,1.0000
4891.7047,213.6881,-215.4091,0.0000,0.000,5.400,5.312,1.0000
4896.6767,208.7852,-214.5832,0.0000,0.000,5.311,5.298,1.0000
4901.6363,203.9036,-213.7066,0.0000,0.000,5.222,5.284,1.0000
4906.6195,198.9998,-212.8204,0.0000,0.000,5.133,5.271,1.0000
4911.6335,194.0555,-211.9879,0.0000,0.000,5.044,5.257,1.0000
4916.6527,189.0836,-211.3003,0.0000,0.000,4.956,5.243,1.0000
4921.6571,184.0994,-210.8506,0.0000,0.000,4.871,5.272,1.0000
4926.6398,179.1181,-210.7317,0.0000,0.000,4.794,5.382,1.0000
4931.6139,174.1513,-211.0004,0.0000,0.000,4.980,5.094,1.0000
4936.6013,169.1970,-211.5740,0.0000,0.000,5.128,4.872,1.0000
4941.6067,164.2500,-212.3365,0.0000,0.000,5.110,4.940,1.0000
4946.6216,159.3052,-213.1719,0.0000,0.000,5.091,5.007,1.0000
4951.6330,154.3577,-213.9696,0.0000,0.000,5.072,5.074,1.0000
4956.6377,149.4058,-214.6950,0.0000,0.000,5.078,5.078,1.0000
4961.6384,144.4508,-215.3694,0.0000,0.000,5.088,5.072,1.0000
4966.6374,139.4938,-216.0156,0.0000,0.000,5.097,5.066,1.0000
4971.6364,134.5358,-216.6553,0.0000,0.000,5.107,5.061,1.0000
4976.6363,129.5775,-217.2978,0.0000,0.000,5.117,5.055,1.0000
4981.6368,124.6187,-217.9431,0.0000,0.000,5.126,5.049,1.0000
4986.6380,119.6596,-218.5910,0.0000,0.000,5.136,5.044,1.0000
4991.6398,114.7003,-219.2412,0.0000,0.000,5.145,5.038,1.0000
4996.6420,109.7409,-219.8937,0.0000,0.000,5.155,5.032,1.0000
5001.6446,104.7813,-220.5482,0.0000,0.000,5.164,5.027,1.0000
5006.6475,99.8216,-221.2046,0.0000,0.000,5.174,5.021,1.0000
5011.6505,94.8620,-221.8625,0.0000,0.000,5.183,5.015,1.0000
5016.6538,89.9024,-222.5220,0.0000,0.000,5.193,5.009,1.0000
5021.6570,84.9430,-223.1827,0.0000,0.000,5.202,5.004,1.0000
5026.6602,79.9838,-223.8444,0.0000,0.000,5.212,4.998,1.0000
5031.6633,75.0248,-224.5071,0.0000,0.000,5.221,4.992,1.0000
5036.6662,70.0661,-225.1704,0.0000,0.000,5.231,4.987,1.0000
5041.6687,65.1077,-225.8343,0.0000,0.000,5.240,4.981,1.0000
5046.6709,60.1499,-226.4984,0.0000,0.000,5.250,4.975,1.0000
5051.6726,55.1925,-227.1627,0.0000,0.000,5.260,4.970,1.0000
5056.6737,50.2356,-227.8270,0.0000,0.000,5.269,4.964,1.0000
5061.6743,45.2793,-228.4910,0.0000,0.000,5.279,4.958,1.0000
5066.6746,40.3233,-229.1546,0.0000,0.000,5.288,4.953,1.0000
5071.6745,35.3675,-229.8177,0.0000,0.000,5.298,4.947,1.0000
5076.6744,30.4117,-230.4801,0.0000,0.000,5.307,4.941,1.0000
5081.6744,25.4557,-231.1417,0.0000,0.000,5.317,4.936,1.0000
5086.6746,20.4993,-231.8023,0.0000,0.000,5.326,4.930,1.0000
5091.6751,15.5425,-232.4618,0.0000,0.000,5.336,4.924,1.0000
5096.6762,10.5849,-233.1200,0.0000,0.000,5.345,4.918,1.0000
5101.6780,5.6264,-233.7768,0.0000,0.000,5.355,4.913,1.0000
5106.6806,0.6669,-234.4321,0.0000,0.000,5.364,4.907,1.0000
5111.6842,-4.2938,-235.0856,0.0000,0.000,5.374,4.901,1.0000
5116.6889,-9.2559,-235.7373,0.0000,0.000,5.383,4.896,1.0000
5121.6949,-14.2196,-236.3870,0.0000,0.000,5.393,4.890,1.0000
5126.7024,-19.1851,-237.0345,0.0000,0.000,5.403,4.884,1.0000
5131.7115,-24.1524,-237.6797,0.0000,0.000,5.412,4.879,1.0000
5136.7224,-29.1219,-238.3225,0.0000,0.000,5.422,4.873,1.0000
5141.7349,-34.0934,-238.9616,0.0000,0.000,5.431,4.867,1.0000
5146.7142,-39.0505,-239.4322,0.0000,0.000,5.441,4.862,1.0000
5151.6096,-43.9419,-239.2357,0.0000,0.000,5.267,5.126,1.0000
5156.5543,-48.7117,-237.9321,0.0000,0.000,5.424,5.330,1.0000
5161.6376,-53.2976,-235.7390,0.0000,0.000,5.801,5.485,1.0000
5166.7210,-57.6387,-233.0941,0.0000,0.000,6.015,5.677,1.0000
5171.7479,-61.6973,-230.1280,0.0000,0.000,6.105,5.902,1.0000
5176.7283,-65.4452,-226.8481,0.0000,0.000,5.986,6.184,1.0000
5181.6768,-68.8544,-223.2613,0.0000,0.000,6.230,5.956,1.0000
5186.6130,-71.8985,-219.3755,0.0000,0.000,6.586,5.551,1.0000
5191.5656,-74.6064,-215.2287,0.0000,0.000,6.565,5.597,1.0000
5196.5523,-77.0714,-210.8939,0.0000,0.000,6.545,5.643,1.0000
5201.5684,-79.3905,-206.4460,0.0000,0.000,6.524,5.689,1.0000
5206.5961,-81.6606,-201.9600,0.0000,0.000,6.504,5.734,1.0000
5211.6176,-83.9579,-197.4949,0.0000,0.000,6.484,5.780,1.0000
5216.6312,-86.2871,-193.0551,0.0000,0.000,6.463,5.826,1.0000
5221.6391,-88.6370,-188.6329,0.0000,0.000,6.443,5.872,1.0000
5226.6427,-90.9968,-184.2206,0.0000,0.000,6.422,5.918,1.0000
5231.6437,-93.3558,-179.8110,0.0000,0.000,6.402,5.964,1.0000
5236.6428,-95.7108,-175.4013,0.0000,0.000,6.381,6.009,1.0000
5241.6405,-98.0630,-170.9918,0.0000,0.000,6.361,6.055,1.0000
5246.6371,-100.4138,-166.5828,0.0000,0.000,6.340,6.101,1.0000
5251.6328,-102.7646,-162.1747,0.0000,0.000,6.320,6.147,1.0000
5256.6282,-105.1169,-157.7678,0.0000,0.000,6.300,6.193,1.0000
5261.6236,-107.4721,-153.3625,0.0000,0.000,6.279,6.239,1.0000
5266.6193,-109.8315,-148.9590,0.0000,0.000,6.259,6.284,1.0000
5271.6158,-112.1966,-144.5578,0.0000,0.000,6.238,6.330,1.0000
5276.6133,-114.5688,-140.1592,0.0000,0.000,6.218,6.376,1.0000
5281.6123,-116.9495,-135.7635,0.0000,0.000,6.197,6.422,1.0000
5286.6131,-119.3401,-131.3711,0.0000,0.000,6.200,6.412,1.0000
5291.6162,-121.7420,-126.9822,0.0000,0.000,6.220,6.359,1.0000
5296.6219,-124.1566,-122.5974,0.0000,0.000,6.240,6.307,1.0000
5301.6308,-126.5853,-118.2168,0.0000,0.000,6.260,6.254,1.0000
5306.6431,-129.0296,-113.8408,0.0000,0.000,6.280,6.202,1.0000
5311.6594,-131.4908,-109.4698,0.0000,0.000,6.300,6.150,1.0000
5316.6800,-133.9696,-105.1038,0.0000,0.000,6.320,6.097,1.0000
5321.7007,-136.4436,-100.7349,0.0000,0.000,6.340,6.045,1.0000
5326.7132,-138.8647,-96.3459,0.0000,0.000,6.360,5.992,1.0000
5331.7103,-141.1835,-91.9194,0.0000,0.000,6.381,5.940,1.0000
5336.6883,-143.3506,-87.4378,0.0000,0.000,6.256,6.064,1.0000
5341.6487,-145.3164,-82.8837,0.0000,0.000,6.118,6.203,1.0000
5346.5996,-147.0317,-78.2394,0.0000,0.000,6.205,6.147,1.0000
5351.5578,-148.4469,-73.4874,0.0000,0.000,6.330,6.038,1.0000
5356.5500,-149.5126,-68.6103,0.0000,0.000,6.160,5.873,1.0000
5361.6091,-150.1935,-63.5973,0.0000,0.000,5.989,5.709,1.0000
5366.7071,-150.6231,-58.5174,0.0000,0.000,5.926,5.796,1.0000
5371.7505,-151.0425,-53.4914,0.0000,0.000,5.922,6.021,1.0000
5376.6875,-151.4249,-48.5692,0.0000,0.000,6.159,6.000,1.0000
5381.5933,-151.2391,-43.6669,0.0000,0.000,6.598,5.818,1.0000
5386.5688,-150.0736,-38.8299,0.0000,0.000,6.983,6.534,1.0000
5391.5518,-147.8455,-34.3727,0.0000,0.000,7.191,6.881,1.0000
5396.5554,-144.5593,-30.5996,0.0000,0.000,6.960,6.593,1.0000
5401.5984,-140.5196,-27.5808,0.0000,0.000,6.650,6.702,1.0000
5406.5779,-136.1001,-25.2866,0.0000,0.000,6.862,6.597,1.0000
5411.5269,-131.4473,-23.6003,0.0000,0.000,6.983,6.539,1.0000
5416.5012,-126.6266,-22.3738,0.0000,0.000,6.922,6.574,1.0000
5421.5086,-121.7034,-21.4591,0.0000,0.000,6.888,6.607,1.0000
5426.5261,-116.7420,-20.7109,0.0000,0.000,6.887,6.635,1.0000
5431.5367,-111.7764,-20.0413,0.0000,0.000,6.885,6.664,1.0000
5436.5420,-106.8093,-19.4233,0.0000,0.000,6.884,6.693,1.0000
5441.5442,-101.8422,-18.8324,0.0000,0.000,6.882,6.722,1.0000
5446.5448,-96.8763,-18.2443,0.0000,0.000,6.880,6.751,1.0000
5451.5452,-91.9125,-17.6404,0.0000,0.000,6.879,6.780,1.0000
5456.5457,-86.9507,-17.0198,0.0000,0.000,6.877,6.808,1.0000
5461.5462,-81.9906,-16.3849,0.0000,0.000,6.876,6.837,1.0000
5466.5469,-77.0319,-15.7385,0.0000,0.000,6.874,6.866,1.0000
5471.5477,-72.0742,-15.0829,0.0000,0.000,6.872,6.895,1.0000
5476.5486,-67.1173,-14.4208,0.0000,0.000,6.871,6.924,1.0000
5481.5497,-62.1608,-13.7547,0.0000,0.000,6.869,6.953,1.0000
5486.5508,-57.2045,-13.0872,0.0000,0.000,6.868,6.981,1.0000
5491.5520,-52.2479,-12.4206,0.0000,0.000,6.866,7.010,1.0000
5496.5533,-47.2909,-11.7559,0.0000,0.000,6.865,7.039,1.0000
5501.5547,-42.3337,-11.0930,0.0000,0.000,6.863,7.068,1.0000
5506.5561,-37.3762,-10.4319,0.0000,0.000,6.861,7.097,1.0000
5511.5576,-32.4183,-9.7726,0.0000,0.000,6.860,7.126,1.0000
5516.5591,-27.4602,-9.1150,0.0000,0.000,6.858,7.154,1.0000
5521.5607,-22.5018,-8.4591,0.0000,0.000,6.857,7.183,1.0000
5526.5624,-17.5431,-7.8049,0.0000,0.000,6.855,7.212,1.0000
5531.5641,-12.5842,-7.1523,0.0000,0.000,6.855,7.126,1.0000
5536.5658,-7.6249,-6.5013,0.0000,0.000,6.854,6.999,1.0000
5541.5677,-2.6655,-5.8519,0.0000,0.000,6.854,6.873,1.0000
