# Red Bull Ring — TUMFTM racetrack-database (LGPL-3.0), flat 2-D centre line + measured widths; upstream commit e59595d.
s_m,x_m,y_m,z_m,banking_deg,width_left_m,width_right_m,grip_scale
0.0000,-1.2082,-0.9346,0.0000,0.000,5.970,6.167,1.0000
4.9973,-6.0341,-2.2319,0.0000,0.000,5.963,6.159,1.0000
9.9946,-10.8601,-3.5291,0.0000,0.000,5.957,6.151,1.0000
14.9918,-15.6861,-4.8263,0.0000,0.000,5.951,6.143,1.0000
19.9891,-20.5121,-6.1235,0.0000,0.000,5.945,6.135,1.0000
24.9863,-25.3380,-7.4206,0.0000,0.000,5.938,6.127,1.0000
29.9836,-30.1639,-8.7178,0.0000,0.000,5.932,6.119,1.0000
34.9808,-34.9898,-10.0150,0.0000,0.000,5.926,6.111,1.0000
39.9779,-39.8157,-11.3123,0.0000,0.000,5.920,6.103,1.0000
44.9751,-44.6414,-12.6097,0.0000,0.000,5.913,6.095,1.0000
49.9722,-49.4672,-13.9071,0.0000,0.000,5.907,6.087,1.0000
54.9692,-54.2928,-15.2046,0.0000,0.000,5.901,6.079,1.0000
59.9663,-59.1185,-16.5023,0.0000,0.000,5.895,6.071,1.0000
64.9633,-63.9440,-17.7999,0.0000,0.000,5.888,6.063,1.0000
69.9602,-68.7695,-19.0977,0.0000,0.000,5.882,6.056,1.0000
74.9572,-73.5950,-20.3955,0.0000,0.000,5.876,6.048,1.0000
79.9541,-78.4204,-21.6934,0.0000,0.000,5.869,6.040,1.0000
84.9510,-83.2458,-22.9913,0.0000,0.000,5.863,6.032,1.0000
89.9479,-88.0712,-24.2894,0.0000,0.000,5.857,6.024,1.0000
94.9448,-92.8965,-25.5874,0.0000,0.000,5.851,6.016,1.0000
99.9416,-97.7218,-26.8856,0.0000,0.000,5.844,6.008,1.0000
104.9385,-102.5471,-28.1837,0.0000,0.000,5.838,6.000,1.0000
109.9353,-107.3723,-29.4820,0.0000,0.000,5.832,5.992,1.0000
114.9321,-112.1975,-30.7803,0.0000,0.000,5.826,5.984,1.0000
119.9289,-117.0227,-32.0786,0.0000,0.000,5.819,5.976,1.0000
124.9257,-121.8479,-33.3770,0.0000,0.000,5.813,5.968,1.0000
129.9225,-126.6730,-34.6754,0.0000,0.000,5.807,5.960,1.0000
134.9193,-131.4982,-35.9738,0.0000,0.000,5.801,5.952,1.0000
139.9161,-136.3233,-37.2723,0.0000,0.000,5.794,5.945,1.0000
144.9129,-141.1484,-38.5708,0.0000,0.000,5.788,5.937,1.0000
149.9097,-145.9735,-39.8694,0.0000,0.000,5.782,5.929,1.0000
154.9065,-150.7986,-41.1680,0.0000,0.000,5.776,5.921,1.0000
159.9033,-155.6237,-42.4666,0.0000,0.000,5.769,5.913,1.0000
164.9001,-160.4488,-43.7652,0.0000,0.000,5.763,5.905,1.0000
169.8969,-165.2740,-45.0639,0.0000,0.000,5.757,5.897,1.0000
174.8938,-170.0991,-46.3625,0.0000,0.000,5.751,5.889,1.0000
179.8906,-174.9242,-47.6612,0.0000,0.000,5.744,5.881,1.0000
184.8875,-179.7493,-48.9599,0.0000,0.000,5.738,5.873,1.0000
189.8843,-184.5745,-50.2586,0.0000,0.000,5.732,5.865,1.0000
194.8812,-189.3997,-51.5573,0.0000,0.000,5.726,5.857,1.0000
199.8781,-194.2248,-52.8560,0.0000,0.000,5.719,5.849,1.0000
204.8751,-199.0501,-54.1548,0.0000,0.000,5.713,5.841,1.0000
209.8720,-203.8753,-55.4535,0.0000,0.000,5.707,5.833,1.0000
214.8690,-208.7006,-56.7522,0.0000,0.000,5.701,5.826,1.0000
219.8660,-213.5258,-58.0509,0.0000,0.000,5.694,5.818,1.0000
224.8631,-218.3512,-59.3496,0.0000,0.000,5.688,5.810,1.0000
229.8601,-223.1765,-60.6483,0.0000,0.000,5.682,5.802,1.0000
234.8572,-228.0019,-61.9470,0.0000,0.000,5.676,5.794,1.0000
239.8544,-232.8274,-63.2457,0.0000,0.000,5.669,5.786,1.0000
244.8515,-237.6528,-64.5443,0.0000,0.000,5.663,5.778,1.0000
249.8487,-242.4784,-65.8430,0.0000,0.000,5.657,5.770,1.0000
254.8460,-247.3039,-67.1416,0.0000,0.000,5.651,5.762,1.0000
259.8433,-252.1295,-68.4402,0.0000,0.000,5.644,5.754,1.0000
264.8406,-256.9552,-69.7387,0.0000,0.000,5.638,5.746,1.0000
269.8380,-261.7809,-71.0372,0.0000,0.000,5.632,5.738,1.0000
274.8354,-266.6067,-72.3357,0.0000,0.000,5.626,5.730,1.0000
279.8329,-271.4326,-73.6342,0.0000,0.000,5.619,5.722,1.0000
284.8304,-276.2585,-74.9326,0.0000,0.000,5.613,5.715,1.0000
289.8280,-281.0844,-76.2310,0.0000,0.000,5.607,5.707,1.0000
294.8256,-285.9105,-77.5293,0.0000,0.000,5.601,5.699,1.0000
299.8233,-290.7366,-78.8276,0.0000,0.000,5.594,5.691,1.0000
304.8211,-295.5628,-80.1258,0.0000,0.000,5.588,5.683,1.0000
309.8189,-300.3890,-81.4240,0.0000,0.000,5.582,5.675,1.0000
314.8167,-305.2153,-82.7222,0.0000,0.000,5.576,5.667,1.0000
319.8145,-310.0416,-84.0202,0.0000,0.000,5.569,5.659,1.0000
324.8123,-314.8679,-85.3182,0.0000,0.000,5.563,5.651,1.0000
329.8098,-319.6939,-86.6160,0.0000,0.000,5.557,5.643,1.0000
334.8071,-324.5198,-87.9137,0.0000,0.000,5.551,5.635,1.0000
339.8040,-329.3453,-89.2113,0.0000,0.000,5.544,5.627,1.0000
344.8004,-334.1704,-90.5087,0.0000,0.000,5.538,5.619,1.0000
349.7964,-338.9950,-91.8059,0.0000,0.000,5.532,5.611,1.0000
354.7918,-343.8190,-93.1029,0.0000,0.000,5.525,5.604,1.0000
359.7864,-348.6424,-94.3996,0.0000,0.000,5.519,5.596,1.0000
364.7803,-353.4651,-95.6962,0.0000,0.000,5.513,5.588,1.0000
369.7734,-358.2870,-96.9924,0.0000,0.000,5.507,5.580,1.0000
374.7655,-363.1080,-98.2883,0.0000,0.000,5.500,5.572,1.0000
379.7567,-367.9280,-99.5840,0.0000,0.000,5.494,5.564,1.0000
384.7479,-372.7481,-100.8799,0.0000,0.000,5.488,5.556,1.0000
389.7417,-377.5703,-102.1775,0.0000,0.000,5.482,5.548,1.0000
394.7406,-382.3971,-103.4782,0.0000,0.000,5.475,5.540,1.0000
399.7473,-387.2306,-104.7832,0.0000,0.000,5.469,5.532,1.0000
404.7642,-392.0733,-106.0942,0.0000,0.000,5.463,5.524,1.0000
409.7940,-396.9273,-107.4124,0.0000,0.000,5.457,5.516,1.0000
414.8349,-401.7912,-108.7362,0.0000,0.000,5.450,5.508,1.0000
419.8191,-406.6073,-110.0199,0.0000,0.000,5.444,5.500,1.0000
424.6499,-411.2916,-111.2004,0.0000,0.000,5.438,5.493,1.0000
429.5297,-416.0060,-112.4600,0.0000,0.000,5.432,5.485,1.0000
434.7481,-420.9955,-113.9886,0.0000,0.000,5.425,5.477,1.0000
439.9967,-426.0876,-115.2606,0.0000,0.000,5.427,5.469,1.0000
444.9232,-431.0044,-115.5710,0.0000,0.000,6.131,5.532,1.0000
449.5827,-435.4919,-114.3165,0.0000,0.000,6.838,6.383,1.0000
454.3819,-439.4676,-111.6284,0.0000,0.000,6.968,6.234,1.0000
459.4224,-442.9242,-107.9598,0.0000,0.000,6.835,6.002,1.0000
464.5401,-445.8550,-103.7645,0.0000,0.000,6.062,5.848,1.0000
469.5651,-448.3168,-99.3837,0.0000,0.000,5.602,6.133,1.0000
474.5374,-450.5022,-94.9175,0.0000,0.000,5.563,6.052,1.0000
479.4963,-452.6215,-90.4342,0.0000,0.000,5.623,5.884,1.0000
484.4658,-454.8468,-85.9909,0.0000,0.000,5.684,5.716,1.0000
489.4496,-457.2025,-81.5990,0.0000,0.000,5.651,5.595,1.0000
494.4456,-459.6774,-77.2590,0.0000,0.000,5.513,5.529,1.0000
499.4511,-462.2601,-72.9713,0.0000,0.000,5.410,5.455,1.0000
504.4622,-464.9395,-68.7366,0.0000,0.000,5.422,5.351,1.0000
509.4749,-467.7042,-64.5554,0.0000,0.000,5.411,5.271,1.0000
514.4843,-470.5431,-60.4280,0.0000,0.000,5.350,5.241,1.0000
519.4875,-473.4439,-56.3515,0.0000,0.000,5.349,5.316,1.0000
524.4861,-476.3921,-52.3150,0.0000,0.000,5.499,5.656,1.0000
529.4815,-479.3730,-48.3064,0.0000,0.000,5.513,5.739,1.0000
534.4748,-482.3718,-44.3139,0.0000,0.000,5.452,5.677,1.0000
539.4668,-485.3739,-40.3256,0.0000,0.000,5.391,5.616,1.0000
544.4581,-488.3645,-36.3294,0.0000,0.000,5.386,5.546,1.0000
549.4496,-491.3291,-32.3136,0.0000,0.000,5.458,5.465,1.0000
554.4419,-494.2619,-28.2735,0.0000,0.000,5.529,5.383,1.0000
559.4354,-497.1686,-24.2133,0.0000,0.000,5.600,5.301,1.0000
564.4298,-500.0553,-20.1376,0.0000,0.000,5.672,5.220,1.0000
569.4250,-502.9283,-16.0513,0.0000,0.000,5.743,5.138,1.0000
574.4208,-505.7941,-11.9591,0.0000,0.000,5.814,5.056,1.0000
579.4169,-508.6587,-7.8659,0.0000,0.000,5.886,4.974,1.0000
584.4130,-511.5275,-3.7755,0.0000,0.000,5.587,5.247,1.0000
589.4091,-514.4012,0.3114,0.0000,0.000,5.287,5.521,1.0000
594.4051,-517.2795,4.3950,0.0000,0.000,5.173,5.622,1.0000
599.4012,-520.1620,8.4756,0.0000,0.000,5.186,5.605,1.0000
604.3973,-523.0486,12.5534,0.0000,0.000,5.200,5.588,1.0000
609.3934,-525.9389,16.6287,0.0000,0.000,5.213,5.572,1.0000
614.3896,-528.8326,20.7015,0.0000,0.000,5.226,5.555,1.0000
619.3858,-531.7293,24.7722,0.0000,0.000,5.240,5.538,1.0000
624.3820,-534.6289,28.8410,0.0000,0.000,5.253,5.521,1.0000
629.3783,-537.5309,32.9081,0.0000,0.000,5.266,5.505,1.0000
634.3746,-540.4351,36.9737,0.0000,0.000,5.280,5.488,1.0000
639.3711,-543.3411,41.0381,0.0000,0.000,5.293,5.471,1.0000
644.3675,-546.2488,45.1014,0.0000,0.000,5.306,5.454,1.0000
649.3641,-549.1577,49.1638,0.0000,0.000,5.320,5.437,1.0000
654.3607,-552.0675,53.2257,0.0000,0.000,5.333,5.421,1.0000
659.3574,-554.9780,57.2872,0.0000,0.000,5.346,5.404,1.0000
664.3541,-557.8889,61.3486,0.0000,0.000,5.360,5.387,1.0000
669.3509,-560.7998,65.4100,0.0000,0.000,5.373,5.370,1.0000
674.3479,-563.7104,69.4717,0.0000,0.000,5.386,5.354,1.0000
679.3449,-566.6205,73.5339,0.0000,0.000,5.400,5.337,1.0000
684.3419,-569.5297,77.5968,0.0000,0.000,5.413,5.320,1.0000
689.3391,-572.4378,81.6606,0.0000,0.000,5.426,5.303,1.0000
694.3364,-575.3444,85.7257,0.0000,0.000,5.458,5.281,1.0000
699.3337,-578.2492,89.7921,0.0000,0.000,5.495,5.256,1.0000
704.3312,-581.1519,93.8601,0.0000,0.000,5.533,5.232,1.0000
709.3288,-584.0522,97.9300,0.0000,0.000,5.570,5.207,1.0000
714.3265,-586.9498,102.0019,0.0000,0.000,5.608,5.183,1.0000
719.3242,-589.8437,106.0765,0.0000,0.000,5.645,5.158,1.0000
724.3215,-592.7268,110.1583,0.0000,0.000,5.683,5.134,1.0000
729.3178,-595.5892,114.2534,0.0000,0.000,5.720,5.109,1.0000
734.3127,-598.4210,118.3680,0.0000,0.000,5.758,5.085,1.0000
739.3060,-601.2124,122.5082,0.0000,0.000,5.795,5.060,1.0000
744.2978,-603.9534,126.6801,0.0000,0.000,5.832,5.036,1.0000
749.2887,-606.6343,130.8899,0.0000,0.000,5.859,5.012,1.0000
754.2798,-609.2481,135.1419,0.0000,0.000,5.833,4.994,1.0000
759.2721,-611.8011,139.4320,0.0000,0.000,5.806,4.976,1.0000
764.2661,-614.3027,143.7542,0.0000,0.000,5.780,4.957,1.0000
769.2618,-616.7626,148.1023,0.0000,0.000,5.754,4.939,1.0000
774.2590,-619.1903,152.4702,0.0000,0.000,5.728,4.920,1.0000
779.2573,-621.5955,156.8518,0.0000,0.000,5.701,4.902,1.0000
784.2560,-623.9876,161.2409,0.0000,0.000,5.675,4.883,1.0000
789.2544,-626.3735,165.6332,0.0000,0.000,5.649,4.865,1.0000
794.2526,-628.7534,170.0284,0.0000,0.000,5.623,4.846,1.0000
799.2505,-631.1263,174.4271,0.0000,0.000,5.596,4.828,1.0000
804.2482,-633.4916,178.8295,0.0000,0.000,5.570,4.810,1.0000
809.2455,-635.8484,183.2362,0.0000,0.000,5.544,4.791,1.0000
814.2425,-638.1958,187.6475,0.0000,0.000,5.518,4.773,1.0000
819.2392,-640.5331,192.0639,0.0000,0.000,5.491,4.754,1.0000
824.2357,-642.8594,196.4857,0.0000,0.000,5.465,4.736,1.0000
829.2319,-645.1739,200.9135,0.0000,0.000,5.447,4.740,1.0000
834.2279,-647.4759,205.3476,0.0000,0.000,5.432,4.754,1.0000
839.2237,-649.7645,209.7883,0.0000,0.000,5.417,4.769,1.0000
844.2193,-652.0388,214.2363,0.0000,0.000,5.403,4.783,1.0000
849.2149,-654.2981,218.6918,0.0000,0.000,5.388,4.797,1.0000
854.2105,-656.5418,223.1551,0.0000,0.000,5.373,4.811,1.0000
859.2061,-658.7704,227.6261,0.0000,0.000,5.358,4.825,1.0000
864.2018,-660.9845,232.1043,0.0000,0.000,5.343,4.839,1.0000
869.1976,-663.1848,236.5895,0.0000,0.000,5.328,4.853,1.0000
874.1935,-665.3722,241.0811,0.0000,0.000,5.314,4.867,1.0000
879.1896,-667.5474,245.5788,0.0000,0.000,5.299,4.881,1.0000
884.1859,-669.7110,250.0824,0.0000,0.000,5.284,4.895,1.0000
889.1824,-671.8638,254.5913,0.0000,0.000,5.269,4.909,1.0000
894.1791,-674.0066,259.1052,0.0000,0.000,5.254,4.923,1.0000
899.1760,-676.1399,263.6238,0.0000,0.000,5.239,4.937,1.0000
904.1731,-678.2647,268.1467,0.0000,0.000,5.233,4.951,1.0000
909.1704,-680.3816,272.6734,0.0000,0.000,5.231,4.965,1.0000
914.1678,-682.4913,277.2037,0.0000,0.000,5.230,4.980,1.0000
919.1654,-684.5946,281.7371,0.0000,0.000,5.228,4.994,1.0000
924.1631,-686.6922,286.2733,0.0000,0.000,5.226,5.008,1.0000
929.1609,-688.7848,290.8119,0.0000,0.000,5.225,5.022,1.0000
934.1588,-690.8732,295.3526,0.0000,0.000,5.223,5.036,1.0000
939.1567,-692.9580,299.8949,0.0000,0.000,5.221,5.050,1.0000
944.1546,-695.0401,304.4385,0.0000,0.000,5.219,5.064,1.0000
949.1524,-697.1201,308.9830,0.0000,0.000,5.218,5.078,1.0000
954.1503,-699.1987,313.5280,0.0000,0.000,5.216,5.093,1.0000
959.1480,-701.2767,318.0732,0.0000,0.000,5.214,5.107,1.0000
964.1455,-703.3549,322.6182,0.0000,0.000,5.213,5.121,1.0000
969.1429,-705.4339,327.1626,0.0000,0.000,5.211,5.135,1.0000
974.1401,-707.5145,331.7061,0.0000,0.000,5.209,5.149,1.0000
979.1370,-709.5973,336.2482,0.0000,0.000,5.208,5.163,1.0000
984.1337,-711.6832,340.7886,0.0000,0.000,5.206,5.177,1.0000
989.1300,-713.7726,345.3271,0.0000,0.000,5.204,5.191,1.0000
994.1261,-715.8642,349.8643,0.0000,0.000,5.202,5.206,1.0000
999.1220,-717.9556,354.4014,0.0000,0.000,5.201,5.220,1.0000
1004.1177,-720.0443,358.9395,0.0000,0.000,5.199,5.234,1.0000
1009.1135,-722.1282,363.4799,0.0000,0.000,5.197,5.248,1.0000
1014.1093,-724.2046,368.0237,0.0000,0.000,5.196,5.262,1.0000
1019.1052,-726.2714,372.5721,0.0000,0.000,5.194,5.276,1.0000
1024.1014,-728.3284,377.1252,0.0000,0.000,5.192,5.290,1.0000
1029.0978,-730.3864,381.6780,0.0000,0.000,5.191,5.305,1.0000
1034.0943,-732.4595,386.2242,0.0000,0.000,5.189,5.319,1.0000
1039.0911,-734.5615,390.7574,0.0000,0.000,5.187,5.333,1.0000
1044.0885,-736.7065,395.2710,0.0000,0.000,5.185,5.347,1.0000
1049.0874,-738.9084,399.7588,0.0000,0.000,5.204,5.351,1.0000
1054.0891,-741.1812,404.2143,0.0000,0.000,5.238,5.346,1.0000
1059.0933,-743.5403,408.6276,0.0000,0.000,5.277,5.351,1.0000
1064.0948,-746.0053,412.9795,0.0000,0.000,5.311,5.359,1.0000
1069.0892,-748.5960,417.2493,0.0000,0.000,5.306,5.360,1.0000
1074.0750,-751.3302,421.4186,0.0000,0.000,5.300,5.360,1.0000
1079.0578,-754.1782,425.5072,0.0000,0.000,5.402,5.364,1.0000
1084.0438,-757.0684,429.5702,0.0000,0.000,5.459,5.370,1.0000
1089.0367,-759.9281,433.6628,0.0000,0.000,5.467,5.377,1.0000
1094.0385,-762.7222,437.8116,0.0000,0.000,5.476,5.384,1.0000
1099.0476,-765.4724,441.9981,0.0000,0.000,5.484,5.391,1.0000
1104.0604,-768.2052,446.2005,0.0000,0.000,5.493,5.398,1.0000
1109.0730,-770.9470,450.3968,0.0000,0.000,5.501,5.406,1.0000
1114.0818,-773.7244,454.5650,0.0000,0.000,5.509,5.413,1.0000
1119.0841,-776.5639,458.6833,0.0000,0.000,5.512,5.421,1.0000
1124.0792,-779.4874,462.7334,0.0000,0.000,5.467,5.435,1.0000
1129.0691,-782.4948,466.7153,0.0000,0.000,5.422,5.450,1.0000
1134.0564,-785.5793,470.6344,0.0000,0.000,5.378,5.465,1.0000
1139.0429,-788.7341,474.4961,0.0000,0.000,5.328,5.498,1.0000
1144.0301,-791.9524,478.3058,0.0000,0.000,5.270,5.558,1.0000
1149.0189,-795.2275,482.0690,0.0000,0.000,5.213,5.617,1.0000
1154.0100,-798.5526,485.7912,0.0000,0.000,5.155,5.676,1.0000
1159.0035,-801.9209,489.4777,0.0000,0.000,5.143,5.689,1.0000
1163.9996,-805.3256,493.1340,0.0000,0.000,5.149,5.683,1.0000
1168.9978,-808.7598,496.7655,0.0000,0.000,5.156,5.677,1.0000
1173.9977,-812.2170,500.3777,0.0000,0.000,5.162,5.671,1.0000
1178.9987,-815.6901,503.9759,0.0000,0.000,5.169,5.665,1.0000
1184.0001,-819.1725,507.5657,0.0000,0.000,5.175,5.659,1.0000
1189.0010,-822.6575,511.1523,0.0000,0.000,5.182,5.653,1.0000
1194.0009,-826.1408,514.7392,0.0000,0.000,5.189,5.647,1.0000
1199.0000,-829.6225,518.3265,0.0000,0.000,5.195,5.641,1.0000
1203.9982,-833.1029,521.9139,0.0000,0.000,5.202,5.635,1.0000
1208.9958,-836.5822,525.5013,0.0000,0.000,5.208,5.630,1.0000
1213.9927,-840.0609,529.0885,0.0000,0.000,5.215,5.624,1.0000
1218.9891,-843.5393,532.6753,0.0000,0.000,5.221,5.618,1.0000
1223.9851,-847.0176,536.2615,0.0000,0.000,5.228,5.612,1.0000
1228.9807,-850.4963,539.8470,0.0000,0.000,5.234,5.606,1.0000
1233.9761,-853.9755,543.4315,0.0000,0.000,5.241,5.600,1.0000
1238.9714,-857.4557,547.0149,0.0000,0.000,5.248,5.594,1.0000
1243.9667,-860.9372,550.5971,0.0000,0.000,5.254,5.588,1.0000
1248.9619,-864.4203,554.1777,0.0000,0.000,5.261,5.582,1.0000
1253.9574,-867.9053,557.7566,0.0000,0.000,5.267,5.576,1.0000
1258.9530,-871.3926,561.3337,0.0000,0.000,5.274,5.570,1.0000
1263.9490,-874.8825,564.9087,0.0000,0.000,5.280,5.564,1.0000
1268.9452,-878.3755,568.4810,0.0000,0.000,5.287,5.558,1.0000
1273.9417,-881.8719,572.0503,0.0000,0.000,5.293,5.552,1.0000
1278.9385,-885.3721,575.6162,0.0000,0.000,5.300,5.546,1.0000
1283.9355,-888.8766,579.1783,0.0000,0.000,5.307,5.540,1.0000
1288.9328,-892.3858,582.7363,0.0000,0.000,5.313,5.535,1.0000
1293.9304,-895.9000,586.2896,0.0000,0.000,5.320,5.529,1.0000
1298.9283,-899.4197,589.8380,0.0000,0.000,5.327,5.524,1.0000
1303.9265,-902.9453,593.3809,0.0000,0.000,5.333,5.518,1.0000
1308.9250,-906.4771,596.9181,0.0000,0.000,5.340,5.512,1.0000
1313.9239,-910.0156,600.4491,0.0000,0.000,5.347,5.507,1.0000
1318.9231,-913.5612,603.9734,0.0000,0.000,5.354,5.501,1.0000
1323.9227,-917.1142,607.4908,0.0000,0.000,5.360,5.496,1.0000
1328.9226,-920.6739,611.0017,0.0000,0.000,5.367,5.490,1.0000
1333.9218,-924.2359,614.5096,0.0000,0.000,5.374,5.485,1.0000
1338.9195,-927.7950,618.0181,0.0000,0.000,5.380,5.479,1.0000
1343.9147,-931.3462,621.5310,0.0000,0.000,5.387,5.474,1.0000
1348.9066,-934.8846,625.0523,0.0000,0.000,5.394,5.467,1.0000
1353.8944,-938.4049,628.5857,0.0000,0.000,5.418,5.379,1.0000
1358.8773,-941.9021,632.1353,0.0000,0.000,5.441,5.291,1.0000
1363.8596,-945.3526,635.7294,0.0000,0.000,5.368,5.407,1.0000
1368.8565,-948.7032,639.4365,0.0000,0.000,5.306,5.521,1.0000
1373.8919,-951.8978,643.3287,0.0000,0.000,5.512,5.185,1.0000
1378.9367,-954.7732,647.4738,0.0000,0.000,5.561,5.099,1.0000
1383.8516,-956.8544,651.9263,0.0000,0.000,5.511,5.181,1.0000
1388.7225,-957.6097,656.7383,0.0000,0.000,5.435,5.305,1.0000
1393.8277,-956.5836,661.7393,0.0000,0.000,5.500,5.056,1.0000
1398.6493,-953.7121,665.6127,0.0000,0.000,5.730,5.165,1.0000
1403.4066,-949.2138,667.1607,0.0000,0.000,5.549,5.530,1.0000
1408.5681,-944.0672,667.5528,0.0000,0.000,5.540,5.473,1.0000
1413.6403,-939.0123,667.9709,0.0000,0.000,5.479,5.473,1.0000
1418.6257,-934.0539,668.4900,0.0000,0.000,5.418,5.473,1.0000
1423.5821,-929.1339,669.0895,0.0000,0.000,5.431,5.439,1.0000
1428.5517,-924.2082,669.7485,0.0000,0.000,5.450,5.403,1.0000
1433.5373,-919.2715,670.4444,0.0000,0.000,5.468,5.367,1.0000
1438.5345,-914.3250,671.1544,0.0000,0.000,5.487,5.331,1.0000
1443.5389,-909.3699,671.8556,0.0000,0.000,5.506,5.295,1.0000
1448.5464,-904.4074,672.5253,0.0000,0.000,5.525,5.259,1.0000
1453.5530,-899.4387,673.1406,0.0000,0.000,5.544,5.222,1.0000
1458.5557,-894.4651,673.6789,0.0000,0.000,5.563,5.186,1.0000
1463.5537,-889.4874,674.1287,0.0000,0.000,5.560,5.198,1.0000
1468.5486,-884.5060,674.4962,0.0000,0.000,5.550,5.226,1.0000
1473.5419,-879.5214,674.7891,0.0000,0.000,5.539,5.254,1.0000
1478.5346,-874.5338,675.0149,0.0000,0.000,5.529,5.282,1.0000
1483.5275,-869.5436,675.1815,0.0000,0.000,5.519,5.310,1.0000
1488.5211,-864.5513,675.2965,0.0000,0.000,5.508,5.339,1.0000
1493.5157,-859.5572,675.3675,0.0000,0.000,5.538,5.324,1.0000
1498.5114,-854.5616,675.4023,0.0000,0.000,5.584,5.293,1.0000
1503.5081,-849.5650,675.4086,0.0000,0.000,5.629,5.262,1.0000
1508.5054,-844.5677,675.3940,0.0000,0.000,5.675,5.231,1.0000
1513.5031,-839.5700,675.3662,0.0000,0.000,5.617,5.294,1.0000
1518.5009,-834.5724,675.3329,0.0000,0.000,5.507,5.403,1.0000
1523.4982,-829.5752,675.3018,0.0000,0.000,5.397,5.513,1.0000
1528.4946,-824.5788,675.2800,0.0000,0.000,5.287,5.622,1.0000
1533.4904,-819.5831,675.2689,0.0000,0.000,5.178,5.731,1.0000
1538.4856,-814.5878,675.2668,0.0000,0.000,5.223,5.688,1.0000
1543.4806,-809.5929,675.2717,0.0000,0.000,5.325,5.589,1.0000
1548.4755,-804.5979,675.2819,0.0000,0.000,5.427,5.490,1.0000
1553.4707,-799.6028,675.2956,0.0000,0.000,5.529,5.391,1.0000
1558.4663,-794.6072,675.3109,0.0000,0.000,5.612,5.308,1.0000
1563.4624,-789.6111,675.3238,0.0000,0.000,5.616,5.294,1.0000
1568.4584,-784.6151,675.3188,0.0000,0.000,5.620,5.280,1.0000
1573.4534,-779.6203,675.2766,0.0000,0.000,5.624,5.265,1.0000
1578.4472,-774.6275,675.1779,0.0000,0.000,5.628,5.251,1.0000
1583.4400,-769.6377,675.0035,0.0000,0.000,5.596,5.284,1.0000
1588.4332,-764.6517,674.7342,0.0000,0.000,5.540,5.348,1.0000
1593.4291,-759.6706,674.3506,0.0000,0.000,5.483,5.413,1.0000
1598.4300,-754.6947,673.8517,0.0000,0.000,5.427,5.477,1.0000
1603.4343,-749.7222,673.2882,0.0000,0.000,5.389,5.510,1.0000
1608.4374,-744.7515,672.7203,0.0000,0.000,5.376,5.497,1.0000
1613.4349,-739.7805,672.2059,0.0000,0.000,5.364,5.484,1.0000
1618.4277,-734.8079,671.7569,0.0000,0.000,5.352,5.471,1.0000
1623.4204,-729.8327,671.3400,0.0000,0.000,5.340,5.457,1.0000
1628.4167,-724.8540,670.9199,0.0000,0.000,5.327,5.444,1.0000
1633.4173,-719.8746,670.4598,0.0000,0.000,5.315,5.431,1.0000
1638.4178,-714.9034,669.9198,0.0000,0.000,5.331,5.390,1.0000
1643.4154,-709.9496,669.2600,0.0000,0.000,5.352,5.336,1.0000
1648.4106,-705.0188,668.4602,0.0000,0.000,5.383,5.253,1.0000
1653.4064,-700.1051,667.5580,0.0000,0.000,5.399,5.242,1.0000
1658.4034,-695.2005,666.6015,0.0000,0.000,5.408,5.260,1.0000
1663.4006,-690.2981,665.6331,0.0000,0.000,5.418,5.278,1.0000
1668.3977,-685.3959,664.6633,0.0000,0.000,5.427,5.297,1.0000
1673.3948,-680.4941,663.6924,0.0000,0.000,5.437,5.315,1.0000
1678.3918,-675.5925,662.7203,0.0000,0.000,5.446,5.333,1.0000
1683.3888,-670.6912,661.7474,0.0000,0.000,5.456,5.352,1.0000
1688.3857,-665.7901,660.7735,0.0000,0.000,5.465,5.370,1.0000
1693.3826,-660.8891,659.7990,0.0000,0.000,5.475,5.389,1.0000
1698.3795,-655.9884,658.8239,0.0000,0.000,5.484,5.407,1.0000
1703.3763,-651.0877,657.8484,0.0000,0.000,5.494,5.425,1.0000
1708.3731,-646.1871,656.8725,0.0000,0.000,5.503,5.444,1.0000
1713.3699,-641.2866,655.8964,0.0000,0.000,5.513,5.462,1.0000
1718.3666,-636.3861,654.9203,0.0000,0.000,5.522,5.480,1.0000
1723.3634,-631.4856,653.9441,0.0000,0.000,5.532,5.499,1.0000
1728.3602,-626.5851,652.9682,0.0000,0.000,5.542,5.517,1.0000
1733.3569,-621.6845,651.9925,0.0000,0.000,5.551,5.535,1.0000
1738.3537,-616.7838,651.0173,0.0000,0.000,5.561,5.554,1.0000
1743.3505,-611.8830,650.0426,0.0000,0.000,5.570,5.572,1.0000
1748.3473,-606.9820,649.0686,0.0000,0.000,5.580,5.590,1.0000
1753.3442,-602.0808,648.0954,0.0000,0.000,5.589,5.609,1.0000
1758.3411,-597.1795,647.1231,0.0000,0.000,5.599,5.627,1.0000
1763.3380,-592.2778,646.1518,0.0000,0.000,5.608,5.645,1.0000
1768.3350,-587.3759,645.1817,0.0000,0.000,5.618,5.664,1.0000
1773.3320,-582.4737,644.2129,0.0000,0.000,5.627,5.682,1.0000
1778.3291,-577.5711,643.2455,0.0000,0.000,5.637,5.700,1.0000
1783.3263,-572.6682,642.2796,0.0000,0.000,5.646,5.719,1.0000
1788.3235,-567.7649,641.3155,0.0000,0.000,5.649,5.737,1.0000
1793.3209,-562.8611,640.3531,0.0000,0.000,5.643,5.757,1.0000
1798.3183,-557.9568,639.3926,0.0000,0.000,5.637,5.777,1.0000
1803.3157,-553.0522,638.4339,0.0000,0.000,5.631,5.796,1.0000
1808.3133,-548.1472,637.4768,0.0000,0.000,5.625,5.816,1.0000
1813.3108,-543.2418,636.5212,0.0000,0.000,5.619,5.835,1.0000
1818.3084,-538.3363,635.5667,0.0000,0.000,5.613,5.855,1.0000
1823.3059,-533.4305,634.6133,0.0000,0.000,5.607,5.875,1.0000
1828.3034,-528.5247,633.6607,0.0000,0.000,5.601,5.894,1.0000
1833.3008,-523.6188,632.7086,0.0000,0.000,5.595,5.914,1.0000
1838.2981,-518.7130,631.7570,0.0000,0.000,5.589,5.933,1.0000
1843.2953,-513.8072,630.8056,0.0000,0.000,5.583,5.953,1.0000
1848.2923,-508.9015,629.8542,0.0000,0.000,5.577,5.972,1.0000
1853.2892,-503.9961,628.9026,0.0000,0.000,5.571,5.992,1.0000
1858.2858,-499.0910,627.9506,0.0000,0.000,5.565,6.012,1.0000
1863.2823,-494.1862,626.9980,0.0000,0.000,5.559,6.031,1.0000
1868.2785,-489.2817,626.0452,0.0000,0.000,5.553,6.051,1.0000
1873.2744,-484.3770,625.0944,0.0000,0.000,5.547,6.070,1.0000
1878.2702,-479.4718,624.1481,0.0000,0.000,5.541,6.090,1.0000
1883.2657,-474.5653,623.2089,0.0000,0.000,5.535,6.109,1.0000
1888.2609,-469.6573,622.2794,0.0000,0.000,5.529,6.129,1.0000
1893.2561,-464.7471,621.3622,0.0000,0.000,5.523,6.149,1.0000
1898.2511,-459.8343,620.4597,0.0000,0.000,5.517,6.168,1.0000
1903.2460,-454.9184,619.5747,0.0000,0.000,5.511,6.188,1.0000
1908.2411,-449.9988,618.7095,0.0000,0.000,5.505,6.207,1.0000
1913.2364,-445.0751,617.8669,0.0000,0.000,5.499,6.227,1.0000
1918.2321,-440.1468,617.0494,0.0000,0.000,5.538,6.151,1.0000
1923.2283,-435.2133,616.2595,0.0000,0.000,5.591,6.046,1.0000
1928.2255,-430.2742,615.4998,0.0000,0.000,5.644,5.941,1.0000
1933.2238,-425.3292,614.7725,0.0000,0.000,5.697,5.837,1.0000
1938.2228,-420.3785,614.0784,0.0000,0.000,5.750,5.732,1.0000
1943.2223,-415.4230,613.4172,0.0000,0.000,5.803,5.628,1.0000
1948.2216,-410.4633,612.7891,0.0000,0.000,5.856,5.523,1.0000
1953.2204,-405.5000,612.1938,0.0000,0.000,5.909,5.419,1.0000
1958.2182,-400.5340,611.6315,0.0000,0.000,5.858,5.549,1.0000
1963.2144,-395.5659,611.1020,0.0000,0.000,5.742,5.829,1.0000
1968.2089,-390.5962,610.6051,0.0000,0.000,5.626,6.109,1.0000
1973.2020,-385.6248,610.1401,0.0000,0.000,5.510,6.389,1.0000
1978.1941,-380.6516,609.7061,0.0000,0.000,5.488,6.233,1.0000
1983.1858,-375.6763,609.3022,0.0000,0.000,5.469,6.066,1.0000
1988.1775,-370.6987,608.9275,0.0000,0.000,5.451,5.898,1.0000
1993.1696,-365.7186,608.5811,0.0000,0.000,5.432,5.731,1.0000
1998.1625,-360.7359,608.2621,0.0000,0.000,5.424,5.684,1.0000
2003.1566,-355.7504,607.9691,0.0000,0.000,5.418,5.667,1.0000
2008.1517,-350.7626,607.6995,0.0000,0.000,5.413,5.651,1.0000
2013.1479,-345.7726,607.4508,0.0000,0.000,5.408,5.634,1.0000
2018.1451,-340.7807,607.2203,0.0000,0.000,5.403,5.617,1.0000
2023.1430,-335.7874,607.0053,0.0000,0.000,5.398,5.600,1.0000
2028.1417,-330.7928,606.8032,0.0000,0.000,5.392,5.584,1.0000
2033.1408,-325.7974,606.6114,0.0000,0.000,5.387,5.567,1.0000
2038.1403,-320.8013,606.4273,0.0000,0.000,5.382,5.550,1.0000
2043.1399,-315.8049,606.2481,0.0000,0.000,5.377,5.534,1.0000
2048.1394,-310.8085,606.0714,0.0000,0.000,5.371,5.517,1.0000
2053.1386,-305.8125,605.8944,0.0000,0.000,5.366,5.500,1.0000
2058.1373,-300.8170,605.7145,0.0000,0.000,5.361,5.483,1.0000
2063.1352,-295.8225,605.5291,0.0000,0.000,5.356,5.467,1.0000
2068.1323,-290.8292,605.3357,0.0000,0.000,5.350,5.450,1.0000
2073.1285,-285.8371,605.1337,0.0000,0.000,5.345,5.433,1.0000
2078.1240,-280.8459,604.9240,0.0000,0.000,5.340,5.417,1.0000
2083.1191,-275.8555,604.7072,0.0000,0.000,5.335,5.400,1.0000
2088.1140,-270.8657,604.4842,0.0000,0.000,5.329,5.383,1.0000
2093.1088,-265.8761,604.2556,0.0000,0.000,5.324,5.367,1.0000
2098.1037,-260.8866,604.0223,0.0000,0.000,5.319,5.350,1.0000
2103.0989,-255.8970,603.7851,0.0000,0.000,5.314,5.341,1.0000
2108.0947,-250.9071,603.5446,0.0000,0.000,5.310,5.357,1.0000
2113.0911,-245.9166,603.3017,0.0000,0.000,5.306,5.373,1.0000
2118.0883,-240.9253,603.0571,0.0000,0.000,5.302,5.389,1.0000
2123.0866,-235.9331,602.8116,0.0000,0.000,5.298,5.405,1.0000
2128.0861,-230.9396,602.5660,0.0000,0.000,5.294,5.421,1.0000
2133.0871,-225.9447,602.3210,0.0000,0.000,5.290,5.438,1.0000
2138.0893,-220.9484,602.0782,0.0000,0.000,5.286,5.454,1.0000
2143.0916,-215.9516,601.8425,0.0000,0.000,5.282,5.470,1.0000
2148.0927,-210.9555,601.6192,0.0000,0.000,5.278,5.486,1.0000
2153.0911,-205.9613,601.4137,0.0000,0.000,5.274,5.502,1.0000
2158.0856,-200.9701,601.2315,0.0000,0.000,5.270,5.518,1.0000
2163.0751,-195.9830,601.0780,0.0000,0.000,5.266,5.534,1.0000
2168.0583,-191.0013,600.9581,0.0000,0.000,5.258,5.494,1.0000
2173.0347,-186.0268,600.8186,0.0000,0.000,5.246,5.403,1.0000
2178.0087,-181.0636,600.4906,0.0000,0.000,5.346,5.232,1.0000
2183.0058,-176.1156,599.7918,0.0000,0.000,5.694,4.884,1.0000
2188.0484,-171.2275,598.5532,0.0000,0.000,5.486,5.046,1.0000
2193.0622,-166.5880,596.6525,0.0000,0.000,5.237,5.271,1.0000
2198.0169,-162.4173,593.9777,0.0000,0.000,5.360,5.259,1.0000
2202.9769,-158.9275,590.4530,0.0000,0.000,5.464,5.075,1.0000
2207.9586,-156.2781,586.2343,0.0000,0.000,5.470,4.973,1.0000
2212.9145,-154.6077,581.5683,0.0000,0.000,5.555,4.997,1.0000
2217.8124,-154.0538,576.7018,0.0000,0.000,5.450,5.081,1.0000
2222.7250,-154.6105,571.8209,0.0000,0.000,5.229,5.223,1.0000
2227.7458,-155.9964,566.9952,0.0000,0.000,5.242,5.375,1.0000
2232.8296,-157.8988,562.2807,0.0000,0.000,5.346,5.304,1.0000
2237.8779,-160.0609,557.7188,0.0000,0.000,5.498,5.113,1.0000
2242.8861,-162.4171,553.2995,0.0000,0.000,5.478,5.182,1.0000
2247.8707,-164.9423,549.0020,0.0000,0.000,5.468,5.284,1.0000
2252.8442,-167.6114,544.8053,0.0000,0.000,5.580,5.300,1.0000
2257.8160,-170.3993,540.6887,0.0000,0.000,5.491,5.398,1.0000
2262.7925,-173.2808,536.6313,0.0000,0.000,5.337,5.521,1.0000
2267.7779,-176.2309,532.6124,0.0000,0.000,5.316,5.527,1.0000
2272.7733,-179.2339,528.6205,0.0000,0.000,5.381,5.459,1.0000
2277.7756,-182.2921,524.6619,0.0000,0.000,5.442,5.409,1.0000
2282.7818,-185.4098,520.7450,0.0000,0.000,5.497,5.397,1.0000
2287.7891,-188.5913,516.8783,0.0000,0.000,5.552,5.386,1.0000
2292.7953,-191.8409,513.0702,0.0000,0.000,5.567,5.368,1.0000
2297.7986,-195.1631,509.3291,0.0000,0.000,5.566,5.347,1.0000
2302.7976,-198.5621,505.6634,0.0000,0.000,5.565,5.326,1.0000
2307.7917,-202.0423,502.0816,0.0000,0.000,5.547,5.334,1.0000
2312.7808,-205.6080,498.5921,0.0000,0.000,5.512,5.374,1.0000
2317.7655,-209.2635,495.2032,0.0000,0.000,5.555,5.344,1.0000
2322.7472,-213.0133,491.9235,0.0000,0.000,5.646,5.274,1.0000
2327.7280,-216.8615,488.7614,0.0000,0.000,5.707,5.228,1.0000
2332.7109,-220.8126,485.7252,0.0000,0.000,5.636,5.287,1.0000
2337.6998,-224.8702,482.8227,0.0000,0.000,5.565,5.347,1.0000
2342.6967,-229.0290,480.0524,0.0000,0.000,5.497,5.406,1.0000
2347.7015,-233.2773,477.4067,0.0000,0.000,5.463,5.453,1.0000
2352.7127,-237.6035,474.8778,0.0000,0.000,5.428,5.499,1.0000
2357.7277,-241.9961,472.4579,0.0000,0.000,5.394,5.546,1.0000
2362.7431,-246.4434,470.1393,0.0000,0.000,5.406,5.499,1.0000
2367.7546,-250.9337,467.9140,0.0000,0.000,5.426,5.435,1.0000
2372.7575,-255.4570,465.7765,0.0000,0.000,5.447,5.372,1.0000
2377.7503,-260.0132,463.7345,0.0000,0.000,5.546,5.254,1.0000
2382.7337,-264.6063,461.8012,0.0000,0.000,5.772,5.048,1.0000
2387.7092,-269.2403,459.9897,0.0000,0.000,5.794,5.014,1.0000
2392.6795,-273.9193,458.3134,0.0000,0.000,5.687,5.105,1.0000
2397.6482,-278.6473,456.7853,0.0000,0.000,5.521,5.297,1.0000
2402.6206,-283.4282,455.4188,0.0000,0.000,5.413,5.434,1.0000
2407.6024,-288.2636,454.2201,0.0000,0.000,5.334,5.544,1.0000
2412.5963,-293.1461,453.1708,0.0000,0.000,5.261,5.646,1.0000
2417.6024,-298.0661,452.2469,0.0000,0.000,5.345,5.584,1.0000
2422.6184,-303.0143,451.4246,0.0000,0.000,5.429,5.523,1.0000
2427.6408,-307.9811,450.6798,0.0000,0.000,5.430,5.536,1.0000
2432.6646,-312.9571,449.9885,0.0000,0.000,5.401,5.576,1.0000
2437.6841,-317.9329,449.3271,0.0000,0.000,5.440,5.538,1.0000
2442.6942,-322.9023,448.6904,0.0000,0.000,5.602,5.353,1.0000
2447.6914,-327.8660,448.1116,0.0000,0.000,5.764,5.169,1.0000
2452.6742,-332.8253,447.6286,0.0000,0.000,5.790,5.121,1.0000
2457.6429,-337.7817,447.2794,0.0000,0.000,5.720,5.168,1.0000
2462.6010,-342.7366,447.1018,0.0000,0.000,5.652,5.217,1.0000
2467.5560,-347.6915,447.1338,0.0000,0.000,5.595,5.304,1.0000
2472.5196,-352.6477,447.4043,0.0000,0.000,5.533,5.393,1.0000
2477.5007,-357.6058,447.8831,0.0000,0.000,5.299,5.549,1.0000
2482.5010,-362.5659,448.5155,0.0000,0.000,5.064,5.704,1.0000
2487.5172,-367.5286,449.2464,0.0000,0.000,4.988,5.744,1.0000
2492.5426,-372.4939,450.0211,0.0000,0.000,5.035,5.695,1.0000
2497.5693,-377.4623,450.7848,0.0000,0.000,5.081,5.645,1.0000
2502.5896,-382.4339,451.4824,0.0000,0.000,5.128,5.595,1.0000
2507.5995,-387.4086,452.0754,0.0000,0.000,5.174,5.546,1.0000
2512.6012,-392.3842,452.5857,0.0000,0.000,5.221,5.496,1.0000
2517.5966,-397.3580,453.0490,0.0000,0.000,5.267,5.446,1.0000
2522.5867,-402.3276,453.5013,0.0000,0.000,5.314,5.397,1.0000
2527.5722,-407.2902,453.9782,0.0000,0.000,5.360,5.347,1.0000
2532.5544,-412.2433,454.5158,0.0000,0.000,5.407,5.297,1.0000
2537.5359,-417.1843,455.1496,0.0000,0.000,5.453,5.248,1.0000
2542.5203,-422.1121,455.8986,0.0000,0.000,5.500,5.198,1.0000
2547.5097,-427.0291,456.7458,0.0000,0.000,5.506,5.194,1.0000
2552.5049,-431.9380,457.6701,0.0000,0.000,5.497,5.210,1.0000
2557.5053,-436.8415,458.6500,0.0000,0.000,5.487,5.226,1.0000
2562.5100,-441.7423,459.6645,0.0000,0.000,5.477,5.242,1.0000
2567.5174,-446.6431,460.6920,0.0000,0.000,5.467,5.258,1.0000
2572.5259,-451.5467,461.7118,0.0000,0.000,5.457,5.273,1.0000
2577.5339,-456.4533,462.7143,0.0000,0.000,5.447,5.289,1.0000
2582.5404,-461.3609,463.7046,0.0000,0.000,5.437,5.305,1.0000
2587.5440,-466.2669,464.6884,0.0000,0.000,5.427,5.321,1.0000
2592.5436,-471.1688,465.6716,0.0000,0.000,5.417,5.337,1.0000
2597.5378,-476.0643,466.6600,0.0000,0.000,5.407,5.352,1.0000
2602.5256,-480.9508,467.6595,0.0000,0.000,5.397,5.368,1.0000
2607.5064,-485.8276,468.6723,0.0000,0.000,5.387,5.384,1.0000
2612.4833,-490.6999,469.6872,0.0000,0.000,5.367,5.388,1.0000
2617.4599,-495.5746,470.6894,0.0000,0.000,5.337,5.380,1.0000
2622.4400,-500.4583,471.6643,0.0000,0.000,5.307,5.373,1.0000
2627.4276,-505.3578,472.5974,0.0000,0.000,5.277,5.366,1.0000
2632.4272,-510.2800,473.4740,0.0000,0.000,5.389,5.358,1.0000
2637.4439,-515.2316,474.2795,0.0000,0.000,5.505,5.407,1.0000
2642.4766,-520.2136,474.9918,0.0000,0.000,5.361,5.597,1.0000
2647.5117,-525.2150,475.5730,0.0000,0.000,5.217,5.787,1.0000
2652.5365,-530.2231,475.9832,0.0000,0.000,5.493,5.744,1.0000
2657.5423,-535.2250,476.1824,0.0000,0.000,5.785,5.591,1.0000
2662.5257,-540.2080,476.1307,0.0000,0.000,5.822,5.475,1.0000
2667.4890,-545.1595,475.7879,0.0000,0.000,5.515,5.619,1.0000
2672.4421,-550.0666,475.1148,0.0000,0.000,5.445,5.583,1.0000
2677.3969,-554.9154,474.0950,0.0000,0.000,5.383,5.537,1.0000
2682.3598,-559.6902,472.7416,0.0000,0.000,5.194,5.583,1.0000
2687.3342,-564.3752,471.0697,0.0000,0.000,5.021,5.618,1.0000
2692.3218,-568.9548,469.0942,0.0000,0.000,5.210,5.398,1.0000
2697.3221,-573.4133,466.8301,0.0000,0.000,5.143,5.505,1.0000
2702.3337,-577.7349,464.2926,0.0000,0.000,4.998,5.713,1.0000
2707.3533,-581.9035,461.4962,0.0000,0.000,5.098,5.624,1.0000
2712.3747,-585.8973,458.4526,0.0000,0.000,5.363,5.338,1.0000
2717.3902,-589.6899,455.1705,0.0000,0.000,5.628,5.051,1.0000
2722.3944,-593.2551,451.6589,0.0000,0.000,5.471,5.110,1.0000
2727.3838,-596.5663,447.9266,0.0000,0.000,5.293,5.185,1.0000
2732.3581,-599.5974,443.9825,0.0000,0.000,5.025,5.458,1.0000
2737.3201,-602.3218,439.8353,0.0000,0.000,4.813,5.649,1.0000
2742.2769,-604.7216,435.4982,0.0000,0.000,4.794,5.518,1.0000
2747.2368,-606.7967,430.9933,0.0000,0.000,4.967,5.375,1.0000
2752.2056,-608.5497,426.3440,0.0000,0.000,5.143,5.286,1.0000
2757.1866,-609.9830,421.5737,0.0000,0.000,5.184,5.291,1.0000
2762.1808,-611.0992,416.7058,0.0000,0.000,5.271,5.301,1.0000
2767.1874,-611.9007,411.7637,0.0000,0.000,5.363,5.305,1.0000
2772.2041,-612.3901,406.7709,0.0000,0.000,5.424,5.296,1.0000
2777.2275,-612.5697,401.7508,0.0000,0.000,5.402,5.289,1.0000
2782.2532,-612.4422,396.7267,0.0000,0.000,5.333,5.284,1.0000
2787.2764,-612.0101,391.7222,0.0000,0.000,5.251,5.297,1.0000
2792.2921,-611.2757,386.7605,0.0000,0.000,5.215,5.296,1.0000
2797.2955,-610.2417,381.8651,0.0000,0.000,5.263,5.271,1.0000
2802.2822,-608.9105,377.0594,0.0000,0.000,5.185,5.379,1.0000
2807.2494,-607.2862,372.3652,0.0000,0.000,5.021,5.579,1.0000
2812.2078,-605.3986,367.7802,0.0000,0.000,5.108,5.567,1.0000
2817.1717,-603.2970,363.2831,0.0000,0.000,5.244,5.515,1.0000
2822.1482,-601.0314,358.8522,0.0000,0.000,5.247,5.507,1.0000
2827.1386,-598.6517,354.4658,0.0000,0.000,5.243,5.501,1.0000
2832.1399,-596.2079,350.1022,0.0000,0.000,5.240,5.495,1.0000
2837.1472,-593.7500,345.7396,0.0000,0.000,5.237,5.489,1.0000
2842.1555,-591.3226,341.3589,0.0000,0.000,5.234,5.483,1.0000
2847.1633,-588.9316,336.9588,0.0000,0.000,5.230,5.478,1.0000
2852.1702,-586.5647,332.5467,0.0000,0.000,5.227,5.472,1.0000
2857.1756,-584.2096,328.1299,0.0000,0.000,5.224,5.466,1.0000
2862.1789,-581.8540,323.7158,0.0000,0.000,5.220,5.460,1.0000
2867.1795,-579.4858,319.3116,0.0000,0.000,5.217,5.454,1.0000
2872.1767,-577.0925,314.9248,0.0000,0.000,5.214,5.448,1.0000
2877.1705,-574.6648,310.5608,0.0000,0.000,5.211,5.443,1.0000
2882.1618,-572.2048,306.2178,0.0000,0.000,5.207,5.437,1.0000
2887.1515,-569.7177,301.8921,0.0000,0.000,5.204,5.431,1.0000
2892.1404,-567.2089,297.5800,0.0000,0.000,5.205,5.422,1.0000
2897.1292,-564.6835,293.2776,0.0000,0.000,5.245,5.381,1.0000
2902.1185,-562.1467,288.9813,0.0000,0.000,5.286,5.340,1.0000
2907.1089,-559.6039,284.6873,0.0000,0.000,5.326,5.299,1.0000
2912.1010,-557.0601,280.3920,0.0000,0.000,5.367,5.258,1.0000
2917.0953,-554.5207,276.0915,0.0000,0.000,5.407,5.218,1.0000
2922.0924,-551.9909,271.7821,0.0000,0.000,5.448,5.177,1.0000
2927.0929,-549.4758,267.4600,0.0000,0.000,5.488,5.136,1.0000
2932.0976,-546.9808,263.1216,0.0000,0.000,5.529,5.095,1.0000
2937.1072,-544.5110,258.7632,0.0000,0.000,5.569,5.054,1.0000
2942.1226,-542.0714,254.3811,0.0000,0.000,5.610,5.013,1.0000
2947.1418,-539.6509,249.9841,0.0000,0.000,5.650,4.972,1.0000
2952.1587,-537.2168,245.5973,0.0000,0.000,5.691,4.932,1.0000
2957.1673,-534.7348,241.2469,0.0000,0.000,5.731,4.891,1.0000
2962.1632,-532.1706,236.9592,0.0000,0.000,5.545,5.072,1.0000
2967.1445,-529.4900,232.7606,0.0000,0.000,5.180,5.431,1.0000
2972.1134,-526.6587,228.6774,0.0000,0.000,4.814,5.789,1.0000
2977.0761,-523.6435,224.7356,0.0000,0.000,4.880,5.770,1.0000
2982.0362,-520.4288,220.9583,0.0000,0.000,5.051,5.660,1.0000
2986.9931,-517.0133,217.3659,0.0000,0.000,5.040,5.662,1.0000
2991.9486,-513.3962,213.9787,0.0000,0.000,4.966,5.701,1.0000
2996.9068,-509.5767,210.8172,0.0000,0.000,4.956,5.692,1.0000
3001.8750,-505.5538,207.9017,0.0000,0.000,5.189,5.492,1.0000
3006.8635,-501.3269,205.2526,0.0000,0.000,5.422,5.292,1.0000
3011.8785,-496.9037,202.8893,0.0000,0.000,5.416,5.301,1.0000
3016.9107,-492.3127,200.8288,0.0000,0.000,5.202,5.491,1.0000
3021.9484,-487.5853,199.0878,0.0000,0.000,4.988,5.681,1.0000
3026.9806,-482.7532,197.6830,0.0000,0.000,5.120,5.558,1.0000
3031.9975,-477.8478,196.6311,0.0000,0.000,5.305,5.388,1.0000
3036.9916,-472.9005,195.9488,0.0000,0.000,5.447,5.260,1.0000
3041.9583,-467.9428,195.6524,0.0000,0.000,5.150,5.579,1.0000
3046.9057,-462.9961,195.7380,0.0000,0.000,4.852,5.897,1.0000
3051.8523,-458.0687,196.1737,0.0000,0.000,4.896,5.866,1.0000
3056.8104,-453.1680,196.9258,0.0000,0.000,5.108,5.663,1.0000
3061.7860,-448.3011,197.9604,0.0000,0.000,5.314,5.465,1.0000
3066.7794,-443.4755,199.2438,0.0000,0.000,5.345,5.418,1.0000
3071.7861,-438.6982,200.7420,0.0000,0.000,5.376,5.371,1.0000
3076.7971,-433.9781,202.4244,0.0000,0.000,5.377,5.344,1.0000
3081.7989,-429.3468,204.3137,0.0000,0.000,5.278,5.386,1.0000
3086.7839,-424.8553,206.4764,0.0000,0.000,5.176,5.432,1.0000
3091.7599,-420.5550,208.9800,0.0000,0.000,4.936,5.688,1.0000
3096.7486,-416.4896,211.8712,0.0000,0.000,5.149,5.509,1.0000
3101.7534,-412.6702,215.1055,0.0000,0.000,5.627,5.074,1.0000
3106.7595,-409.0985,218.6133,0.0000,0.000,5.486,5.222,1.0000
3111.7455,-405.7722,222.3274,0.0000,0.000,5.316,5.388,1.0000
3116.7179,-402.6508,226.1981,0.0000,0.000,5.132,5.557,1.0000
3121.6916,-399.6762,230.1842,0.0000,0.000,5.066,5.573,1.0000
3126.6730,-396.7898,234.2442,0.0000,0.000,5.180,5.354,1.0000
3131.6641,-393.9332,238.3370,0.0000,0.000,5.288,5.261,1.0000
3136.6647,-391.0479,242.4212,0.0000,0.000,5.380,5.263,1.0000
3141.6759,-388.0756,246.4557,0.0000,0.000,5.427,5.102,1.0000
3146.6982,-384.9654,250.3991,0.0000,0.000,5.473,4.941,1.0000
3151.7166,-381.7002,254.2099,0.0000,0.000,5.321,5.141,1.0000
3156.7144,-378.2721,257.8468,0.0000,0.000,5.184,5.367,1.0000
3161.6805,-374.6735,261.2691,0.0000,0.000,5.156,5.502,1.0000
3166.6250,-370.9190,264.4865,0.0000,0.000,5.254,5.440,1.0000
3171.5748,-367.0540,267.5788,0.0000,0.000,5.543,5.081,1.0000
3176.5491,-363.1263,270.6311,0.0000,0.000,5.674,4.949,1.0000
3181.5558,-359.1685,273.6976,0.0000,0.000,5.661,5.024,1.0000
3186.5852,-355.1762,276.7564,0.0000,0.000,5.501,5.229,1.0000
3191.6253,-351.1394,279.7742,0.0000,0.000,5.277,5.488,1.0000
3196.6655,-347.0481,282.7177,0.0000,0.000,5.195,5.573,1.0000
3201.6967,-342.8923,285.5536,0.0000,0.000,5.135,5.632,1.0000
3206.7125,-338.6620,288.2486,0.0000,0.000,5.168,5.606,1.0000
3211.7098,-334.3473,290.7697,0.0000,0.000,5.278,5.509,1.0000
3216.6910,-329.9448,293.1000,0.0000,0.000,5.390,5.399,1.0000
3221.6625,-325.4601,295.2456,0.0000,0.000,5.510,5.245,1.0000
3226.6297,-320.8997,297.2144,0.0000,0.000,5.629,5.090,1.0000
3231.5968,-316.2701,299.0141,0.0000,0.000,5.727,4.971,1.0000
3236.5672,-311.5777,300.6528,0.0000,0.000,5.770,4.941,1.0000
3241.5429,-306.8288,302.1381,0.0000,0.000,5.813,4.912,1.0000
3246.5253,-302.0300,303.4781,0.0000,0.000,5.785,4.961,1.0000
3251.5147,-297.1877,304.6806,0.0000,0.000,5.639,5.138,1.0000
3256.5107,-292.3082,305.7534,0.0000,0.000,5.494,5.315,1.0000
3261.5120,-287.3981,306.7045,0.0000,0.000,5.349,5.492,1.0000
3266.5169,-282.4637,307.5416,0.0000,0.000,5.335,5.518,1.0000
3271.5227,-277.5116,308.2726,0.0000,0.000,5.453,5.392,1.0000
3276.5265,-272.5481,308.9055,0.0000,0.000,5.570,5.266,1.0000
3281.5260,-267.5782,309.4493,0.0000,0.000,5.622,5.203,1.0000
3286.5227,-262.6033,309.9160,0.0000,0.000,5.423,5.382,1.0000
3291.5178,-257.6244,310.3180,0.0000,0.000,5.224,5.560,1.0000
3296.5121,-252.6424,310.6681,0.0000,0.000,5.026,5.739,1.0000
3301.5062,-247.6580,310.9785,0.0000,0.000,5.144,5.618,1.0000
3306.5000,-242.6722,311.2619,0.0000,0.000,5.351,5.414,1.0000
3311.4936,-237.6858,311.5307,0.0000,0.000,5.558,5.210,1.0000
3316.4870,-232.6993,311.7926,0.0000,0.000,5.734,5.037,1.0000
3321.4803,-227.7126,312.0485,0.0000,0.000,5.719,5.058,1.0000
3326.4739,-222.7252,312.2989,0.0000,0.000,5.703,5.079,1.0000
3331.4680,-217.7372,312.5440,0.0000,0.000,5.688,5.100,1.0000
3336.4629,-212.7481,312.7843,0.0000,0.000,5.672,5.121,1.0000
3341.4587,-207.7578,313.0201,0.0000,0.000,5.657,5.141,1.0000
3346.4558,-202.7661,313.2515,0.0000,0.000,5.641,5.162,1.0000
3351.4540,-197.7729,313.4751,0.0000,0.000,5.626,5.183,1.0000
3356.4527,-192.7786,313.6843,0.0000,0.000,5.611,5.204,1.0000
3361.4515,-187.7833,313.8721,0.0000,0.000,5.595,5.225,1.0000
3366.4500,-182.7874,314.0319,0.0000,0.000,5.580,5.246,1.0000
3371.4480,-177.7910,314.1568,0.0000,0.000,5.564,5.267,1.0000
3376.4453,-172.7943,314.2400,0.0000,0.000,5.549,5.287,1.0000
3381.4420,-167.7977,314.2759,0.0000,0.000,5.534,5.308,1.0000
3386.4385,-162.8012,314.2686,0.0000,0.000,5.522,5.321,1.0000
3391.4351,-157.8048,314.2279,0.0000,0.000,5.510,5.334,1.0000
3396.4319,-152.8084,314.1630,0.0000,0.000,5.499,5.347,1.0000
3401.4289,-147.8121,314.0836,0.0000,0.000,5.487,5.360,1.0000
3406.4259,-142.8158,313.9992,0.0000,0.000,5.475,5.374,1.0000
3411.4229,-137.8194,313.9194,0.0000,0.000,5.464,5.387,1.0000
3416.4197,-132.8230,313.8522,0.0000,0.000,5.452,5.400,1.0000
3421.4164,-127.8267,313.7991,0.0000,0.000,5.440,5.413,1.0000
3426.4129,-122.8303,313.7597,0.0000,0.000,5.429,5.427,1.0000
3431.4094,-117.8338,313.7332,0.0000,0.000,5.417,5.440,1.0000
3436.4059,-112.8374,313.7193,0.0000,0.000,5.405,5.453,1.0000
3441.4023,-107.8410,313.7175,0.0000,0.000,5.382,5.465,1.0000
3446.3987,-102.8446,313.7270,0.0000,0.000,5.354,5.476,1.0000
3451.3952,-97.8481,313.7475,0.0000,0.000,5.327,5.488,1.0000
3456.3917,-92.8517,313.7784,0.0000,0.000,5.299,5.499,1.0000
3461.3883,-87.8553,313.8192,0.0000,0.000,5.272,5.510,1.0000
3466.3849,-82.8589,313.8693,0.0000,0.000,5.244,5.522,1.0000
3471.3816,-77.8626,313.9281,0.0000,0.000,5.216,5.533,1.0000
3476.3784,-72.8662,313.9953,0.0000,0.000,5.203,5.538,1.0000
3481.3753,-67.8699,314.0702,0.0000,0.000,5.215,5.530,1.0000
3486.3722,-62.8737,314.1523,0.0000,0.000,5.226,5.523,1.0000
3491.3692,-57.8774,314.2411,0.0000,0.000,5.238,5.515,1.0000
3496.3663,-52.8813,314.3360,0.0000,0.000,5.250,5.507,1.0000
3501.3635,-47.8851,314.4365,0.0000,0.000,5.262,5.500,1.0000
3506.3607,-42.8890,314.5421,0.0000,0.000,5.274,5.492,1.0000
3511.3579,-37.8930,314.6523,0.0000,0.000,5.286,5.485,1.0000
3516.3552,-32.8971,314.7665,0.0000,0.000,5.298,5.477,1.0000
3521.3524,-27.9012,314.8841,0.0000,0.000,5.310,5.469,1.0000
3526.3497,-22.9054,315.0047,0.0000,0.000,5.322,5.462,1.0000
3531.3470,-17.9096,315.1277,0.0000,0.000,5.334,5.454,1.0000
3536.3442,-12.9139,315.2526,0.0000,0.000,5.346,5.447,1.0000
3541.3414,-7.9184,315.3788,0.0000,0.000,5.358,5.439,1.0000
3546.3385,-2.9229,315.5059,0.0000,0.000,5.370,5.431,1.0000
3551.3355,2.0725,315.6334,0.0000,0.000,5.382,5.424,1.0000
3556.3325,7.0679,315.7610,0.0000,0.000,5.394,5.416,1.0000
3561.3294,12.0631,315.8888,0.0000,0.000,5.406,5.408,1.0000
3566.3262,17.0583,316.0165,0.0000,0.000,5.418,5.401,1.0000
3571.3230,22.0535,316.1441,0.0000,0.000,5.430,5.393,1.0000
3576.3197,27.0486,316.2714,0.0000,0.000,5.425,5.395,1.0000
3581.3164,32.0437,316.3983,0.0000,0.000,5.419,5.398,1.0000
3586.3131,37.0388,316.5247,0.0000,0.000,5.413,5.401,1.0000
3591.3098,42.0339,316.6504,0.0000,0.000,5.407,5.404,1.0000
3596.3065,47.0290,316.7754,0.0000,0.000,5.401,5.406,1.0000
3601.3032,52.0241,316.8994,0.0000,0.000,5.395,5.409,1.0000
3606.2999,57.0193,317.0225,0.0000,0.000,5.389,5.412,1.0000
3611.2966,62.0145,317.1444,0.0000,0.000,5.383,5.414,1.0000
3616.2933,67.0098,317.2651,0.0000,0.000,5.377,5.417,1.0000
3621.2901,72.0052,317.3843,0.0000,0.000,5.371,5.420,1.0000
3626.2869,77.0006,317.5021,0.0000,0.000,5.365,5.422,1.0000
3631.2838,81.9962,317.6182,0.0000,0.000,5.359,5.425,1.0000
3636.2808,86.9919,317.7326,0.0000,0.000,5.353,5.428,1.0000
3641.2778,91.9876,317.8451,0.0000,0.000,5.347,5.430,1.0000
3646.2750,96.9835,317.9555,0.0000,0.000,5.342,5.433,1.0000
3651.2722,101.9796,318.0639,0.0000,0.000,5.336,5.436,1.0000
3656.2695,106.9758,318.1700,0.0000,0.000,5.330,5.438,1.0000
3661.2670,111.9722,318.2738,0.0000,0.000,5.324,5.441,1.0000
3666.2646,116.9687,318.3750,0.0000,0.000,5.318,5.444,1.0000
3671.2623,121.9655,318.4737,0.0000,0.000,5.312,5.447,1.0000
3676.2602,126.9625,318.5695,0.0000,0.000,5.306,5.449,1.0000
3681.2582,131.9596,318.6626,0.0000,0.000,5.300,5.452,1.0000
3686.2564,136.9570,318.7535,0.0000,0.000,5.294,5.455,1.0000
3691.2548,141.9545,318.8475,0.0000,0.000,5.288,5.457,1.0000
3696.2533,146.9519,318.9514,0.0000,0.000,5.282,5.460,1.0000
3701.2519,151.9491,319.0720,0.0000,0.000,5.276,5.463,1.0000
3706.2509,156.9459,319.2159,0.0000,0.000,5.270,5.465,1.0000
3711.2503,161.9423,319.3901,0.0000,0.000,5.264,5.468,1.0000
3716.2504,166.9380,319.6010,0.0000,0.000,5.258,5.471,1.0000
3721.2507,171.9325,319.8425,0.0000,0.000,5.252,5.473,1.0000
3726.2472,176.9238,320.0693,0.0000,0.000,5.246,5.476,1.0000
3731.2359,181.9099,320.2294,0.0000,0.000,5.240,5.479,1.0000
3736.2149,186.8887,320.2706,0.0000,0.000,5.234,5.481,1.0000
3741.1859,191.8581,320.1408,0.0000,0.000,5.276,5.275,1.0000
3746.1563,196.8159,319.7878,0.0000,0.000,5.385,4.770,1.0000
3751.1400,201.7599,319.1598,0.0000,0.000,5.764,4.870,1.0000
3756.1456,206.6769,318.2219,0.0000,0.000,5.644,5.107,1.0000
3761.1628,211.5350,316.9685,0.0000,0.000,5.620,5.184,1.0000
3766.1809,216.3005,315.3966,0.0000,0.000,5.390,5.278,1.0000
3771.1916,220.9398,313.5033,0.0000,0.000,4.869,5.415,1.0000
3776.1899,225.4192,311.2856,0.0000,0.000,4.994,5.394,1.0000
3781.1745,229.7050,308.7405,0.0000,0.000,5.415,5.299,1.0000
3786.1484,233.7641,305.8659,0.0000,0.000,5.745,5.194,1.0000
3791.1179,237.5727,302.6737,0.0000,0.000,5.831,5.058,1.0000
3796.0870,241.1172,299.1910,0.0000,0.000,5.918,4.923,1.0000
3801.0573,244.3839,295.4451,0.0000,0.000,5.965,4.831,1.0000
3806.0279,247.3594,291.4635,0.0000,0.000,5.785,4.987,1.0000
3810.9967,250.0303,287.2736,0.0000,0.000,5.618,5.126,1.0000
3815.9604,252.3832,282.9029,0.0000,0.000,5.569,5.100,1.0000
3820.9218,254.4205,278.3791,0.0000,0.000,5.463,5.258,1.0000
3825.8965,256.1917,273.7304,0.0000,0.000,5.237,5.798,1.0000
3830.8928,257.7553,268.9850,0.0000,0.000,5.269,5.818,1.0000
3835.9099,259.1695,264.1714,0.0000,0.000,5.347,5.748,1.0000
3840.9406,260.4925,259.3178,0.0000,0.000,5.425,5.677,1.0000
3845.9741,261.7827,254.4525,0.0000,0.000,5.503,5.606,1.0000
3850.9981,263.0981,249.6037,0.0000,0.000,5.580,5.536,1.0000
3856.0067,264.4719,244.7872,0.0000,0.000,5.658,5.465,1.0000
3861.0031,265.8945,239.9976,0.0000,0.000,5.736,5.394,1.0000
3865.9912,267.3526,235.2274,0.0000,0.000,5.814,5.324,1.0000
3870.9742,268.8325,230.4693,0.0000,0.000,5.786,5.321,1.0000
3875.9553,270.3207,225.7156,0.0000,0.000,5.755,5.320,1.0000
3880.9377,271.8037,220.9590,0.0000,0.000,5.724,5.318,1.0000
3885.9244,273.2683,216.1923,0.0000,0.000,5.693,5.317,1.0000
3890.9166,274.7094,211.4126,0.0000,0.000,5.662,5.316,1.0000
3895.9135,276.1303,206.6220,0.0000,0.000,5.632,5.315,1.0000
3900.9141,277.5344,201.8226,0.0000,0.000,5.601,5.314,1.0000
3905.9174,278.9255,197.0165,0.0000,0.000,5.570,5.313,1.0000
3910.9225,280.3070,192.2059,0.0000,0.000,5.539,5.312,1.0000
3915.9282,281.6826,187.3929,0.0000,0.000,5.508,5.310,1.0000
3920.9335,283.0558,182.5796,0.0000,0.000,5.478,5.309,1.0000
3925.9373,284.4302,177.7684,0.0000,0.000,5.447,5.308,1.0000
3930.9384,285.8094,172.9611,0.0000,0.000,5.416,5.307,1.0000
3935.9360,287.1970,168.1601,0.0000,0.000,5.385,5.306,1.0000
3940.9288,288.5966,163.3674,0.0000,0.000,5.354,5.305,1.0000
3945.9159,290.0118,158.5853,0.0000,0.000,5.323,5.304,1.0000
3950.8964,291.4460,153.8158,0.0000,0.000,5.293,5.302,1.0000
3955.8717,292.9001,149.0577,0.0000,0.000,5.262,5.301,1.0000
3960.8568,294.3585,144.2908,0.0000,0.000,5.228,5.315,1.0000
3965.8713,295.7997,139.4878,0.0000,0.000,5.193,5.331,1.0000
3970.9348,297.2010,134.6221,0.0000,0.000,5.158,5.347,1.0000
3975.9971,298.4077,129.7057,0.0000,0.000,5.338,4.979,1.0000
3980.9234,299.0306,124.8190,0.0000,0.000,5.458,5.131,1.0000
3985.7074,298.6565,120.0495,0.0000,0.000,5.548,5.026,1.0000
3990.5570,297.0321,115.4801,0.0000,0.000,5.491,5.179,1.0000
3995.6001,294.3996,111.1786,0.0000,0.000,5.055,5.603,1.0000
4000.7632,291.0968,107.2102,0.0000,0.000,5.036,5.663,1.0000
4005.8653,287.4556,103.6362,0.0000,0.000,5.420,5.261,1.0000
4010.8341,283.6611,100.4283,0.0000,0.000,5.677,4.985,1.0000
4015.7441,279.7456,97.4656,0.0000,0.000,5.803,5.039,1.0000
4020.6601,275.7346,94.6233,0.0000,0.000,5.637,5.329,1.0000
4025.6151,271.6479,91.8212,0.0000,0.000,5.462,5.627,1.0000
4030.6031,267.4951,89.0583,0.0000,0.000,5.360,5.863,1.0000
4035.6141,263.2846,86.3415,0.0000,0.000,5.625,5.789,1.0000
4040.6381,259.0249,83.6776,0.0000,0.000,5.891,5.714,1.0000
4045.6653,254.7247,81.0735,0.0000,0.000,6.021,5.791,1.0000
4050.6859,250.3924,78.5362,0.0000,0.000,6.107,5.919,1.0000
4055.6906,246.0365,76.0720,0.0000,0.000,6.192,6.047,1.0000
4060.6780,241.6614,73.6777,0.0000,0.000,6.277,6.175,1.0000
4065.6553,237.2675,71.3395,0.0000,0.000,6.425,6.246,1.0000
4070.6295,232.8550,69.0433,0.0000,0.000,6.583,6.307,1.0000
4075.6071,228.4243,66.7749,0.0000,0.000,6.741,6.368,1.0000
4080.5947,223.9755,64.5201,0.0000,0.000,6.775,6.484,1.0000
4085.5985,219.5088,62.2647,0.0000,0.000,6.614,6.688,1.0000
4090.6193,215.0209,60.0137,0.0000,0.000,6.452,6.891,1.0000
4095.6418,210.4967,57.8326,0.0000,0.000,6.509,6.978,1.0000
4100.6509,205.9190,55.7987,0.0000,0.000,6.724,6.982,1.0000
4105.6394,201.2713,53.9867,0.0000,0.000,6.898,6.608,1.0000
4110.6156,196.5548,52.4005,0.0000,0.000,7.069,6.221,1.0000
4115.5915,191.7893,50.9684,0.0000,0.000,6.923,6.175,1.0000
4120.5723,186.9958,49.6156,0.0000,0.000,6.619,6.298,1.0000
4125.5584,182.1889,48.2908,0.0000,0.000,6.314,6.421,1.0000
4130.5492,177.3720,46.9851,0.0000,0.000,6.201,6.460,1.0000
4135.5437,172.5471,45.6942,0.0000,0.000,6.195,6.452,1.0000
4140.5411,167.7166,44.4138,0.0000,0.000,6.188,6.444,1.0000
4145.5403,162.8824,43.1397,0.0000,0.000,6.182,6.436,1.0000
4150.5404,158.0469,41.8675,0.0000,0.000,6.176,6.428,1.0000
4155.5404,153.2120,40.5930,0.0000,0.000,6.170,6.420,1.0000
4160.5398,148.3790,39.3141,0.0000,0.000,6.163,6.412,1.0000
4165.5387,143.5476,38.0311,0.0000,0.000,6.157,6.404,1.0000
4170.5370,138.7177,36.7444,0.0000,0.000,6.151,6.396,1.0000
4175.5349,133.8891,35.4543,0.0000,0.000,6.145,6.389,1.0000
4180.5324,129.0618,34.1613,0.0000,0.000,6.138,6.381,1.0000
4185.5296,124.2355,32.8656,0.0000,0.000,6.132,6.373,1.0000
4190.5265,119.4101,31.5678,0.0000,0.000,6.126,6.365,1.0000
4195.5232,114.5854,30.2681,0.0000,0.000,6.120,6.357,1.0000
4200.5197,109.7613,28.9670,0.0000,0.000,6.113,6.349,1.0000
4205.5160,104.9376,27.6649,0.0000,0.000,6.107,6.341,1.0000
4210.5123,100.1142,26.3620,0.0000,0.000,6.101,6.333,1.0000
4215.5086,95.2909,25.0588,0.0000,0.000,6.095,6.325,1.0000
4220.5049,90.4675,23.7557,0.0000,0.000,6.088,6.317,1.0000
4225.5013,85.6439,22.4530,0.0000,0.000,6.082,6.309,1.0000
4230.4978,80.8201,21.1508,0.0000,0.000,6.076,6.301,1.0000
4235.4944,75.9961,19.8490,0.0000,0.000,6.070,6.293,1.0000
4240.4910,71.1718,18.5477,0.0000,0.000,6.063,6.285,1.0000
4245.4878,66.3474,17.2468,0.0000,0.000,6.057,6.278,1.0000
4250.4846,61.5228,15.9462,0.0000,0.000,6.051,6.270,1.0000
4255.4814,56.6981,14.6461,0.0000,0.000,6.045,6.262,1.0000
4260.4783,51.8732,13.3463,0.0000,0.000,6.038,6.254,1.0000
4265.4753,47.0481,12.0468,0.0000,0.000,6.032,6.246,1.0000
4270.4724,42.2229,10.7477,0.0000,0.000,6.026,6.238,1.0000
4275.4694,37.3976,9.4488,0.0000,0.000,6.020,6.230,1.0000
4280.4666,32.5722,8.1502,0.0000,0.000,6.013,6.222,1.0000
4285.4637,27.7466,6.8518,0.0000,0.000,6.007,6.214,1.0000
4290.4609,22.9210,5.5537,0.0000,0.000,6.001,6.206,1.0000
4295.4581,18.0953,4.2557,0.0000,0.000,5.995,6.198,1.0000
4300.4554,13.2695,2.9579,0.0000,0.000,5.988,6.190,1.0000
4305.4526,8.4436,1.6603,0.0000,0.000,5.982,6.182,1.0000
4310.4499,3.6178,0.3628,0.0000,0.000,5.976,6.174,1.0000
