# Motorsport Arena Oschersleben — TUMFTM racetrack-database (LGPL-3.0), flat 2-D centre line + measured widths; upstream commit e59595d.
s_m,x_m,y_m,z_m,banking_deg,width_left_m,width_right_m,grip_scale
0.0000,2.2701,-1.0152,0.0000,0.000,7.083,7.044,1.0000
4.9997,-2.5290,0.3869,0.0000,0.000,7.102,7.061,1.0000
9.9995,-7.3281,1.7893,0.0000,0.000,7.121,7.078,1.0000
14.9993,-12.1271,3.1919,0.0000,0.000,7.088,7.041,1.0000
19.9992,-16.9262,4.5946,0.0000,0.000,6.945,6.890,1.0000
24.9991,-21.7252,5.9975,0.0000,0.000,6.802,6.740,1.0000
29.9990,-26.5242,7.4006,0.0000,0.000,6.659,6.589,1.0000
34.9990,-31.3233,8.8039,0.0000,0.000,6.516,6.438,1.0000
39.9990,-36.1223,10.2074,0.0000,0.000,6.373,6.287,1.0000
44.9991,-40.9213,11.6111,0.0000,0.000,6.229,6.136,1.0000
49.9993,-45.7203,13.0149,0.0000,0.000,6.086,5.985,1.0000
54.9994,-50.5194,14.4190,0.0000,0.000,6.073,5.983,1.0000
59.9997,-55.3184,15.8232,0.0000,0.000,6.066,5.989,1.0000
65.0000,-60.1174,17.2276,0.0000,0.000,6.060,5.995,1.0000
70.0004,-64.9165,18.6321,0.0000,0.000,6.054,6.001,1.0000
75.0008,-69.7156,20.0369,0.0000,0.000,6.047,6.007,1.0000
80.0013,-74.5146,21.4418,0.0000,0.000,6.041,6.013,1.0000
85.0019,-79.3137,22.8469,0.0000,0.000,6.034,6.019,1.0000
90.0025,-84.1129,24.2521,0.0000,0.000,6.028,6.025,1.0000
95.0032,-88.9120,25.6575,0.0000,0.000,6.022,6.031,1.0000
100.0040,-93.7112,27.0631,0.0000,0.000,6.015,6.037,1.0000
105.0049,-98.5104,28.4689,0.0000,0.000,6.009,6.043,1.0000
110.0058,-103.3097,29.8748,0.0000,0.000,6.003,6.049,1.0000
115.0068,-108.1089,31.2809,0.0000,0.000,5.996,6.055,1.0000
120.0079,-112.9083,32.6871,0.0000,0.000,5.990,6.061,1.0000
125.0091,-117.7076,34.0935,0.0000,0.000,5.984,6.067,1.0000
130.0104,-122.5070,35.5001,0.0000,0.000,5.977,6.073,1.0000
135.0117,-127.3065,36.9068,0.0000,0.000,5.971,6.079,1.0000
140.0132,-132.1060,38.3137,0.0000,0.000,5.965,6.085,1.0000
145.0147,-136.9055,39.7208,0.0000,0.000,5.958,6.091,1.0000
150.0163,-141.7051,41.1280,0.0000,0.000,5.952,6.097,1.0000
155.0181,-146.5047,42.5353,0.0000,0.000,5.945,6.103,1.0000
160.0199,-151.3045,43.9428,0.0000,0.000,5.939,6.109,1.0000
165.0218,-156.1042,45.3505,0.0000,0.000,5.933,6.115,1.0000
170.0238,-160.9041,46.7583,0.0000,0.000,5.926,6.121,1.0000
175.0260,-165.7040,48.1662,0.0000,0.000,5.920,6.127,1.0000
180.0282,-170.5039,49.5743,0.0000,0.000,5.914,6.133,1.0000
185.0306,-175.3040,50.9825,0.0000,0.000,5.907,6.139,1.0000
190.0330,-180.1041,52.3909,0.0000,0.000,5.901,6.145,1.0000
195.0356,-184.9042,53.7994,0.0000,0.000,5.895,6.151,1.0000
200.0383,-189.7045,55.2081,0.0000,0.000,5.888,6.157,1.0000
205.0411,-194.5049,56.6169,0.0000,0.000,5.882,6.163,1.0000
210.0440,-199.3053,58.0258,0.0000,0.000,5.875,6.169,1.0000
215.0470,-204.1058,59.4349,0.0000,0.000,5.869,6.175,1.0000
220.0501,-208.9063,60.8441,0.0000,0.000,5.863,6.181,1.0000
225.0532,-213.7068,62.2534,0.0000,0.000,5.856,6.187,1.0000
230.0561,-218.5070,63.6628,0.0000,0.000,5.850,6.193,1.0000
235.0586,-223.3069,65.0723,0.0000,0.000,5.844,6.199,1.0000
240.0608,-228.1064,66.4818,0.0000,0.000,5.837,6.205,1.0000
245.0624,-232.9053,67.8914,0.0000,0.000,5.831,6.211,1.0000
250.0634,-237.7035,69.3011,0.0000,0.000,5.825,6.217,1.0000
255.0636,-242.5008,70.7107,0.0000,0.000,5.818,6.223,1.0000
260.0629,-247.2973,72.1203,0.0000,0.000,5.812,6.229,1.0000
265.0612,-252.0927,73.5299,0.0000,0.000,5.806,6.235,1.0000
270.0583,-256.8869,74.9395,0.0000,0.000,5.799,6.241,1.0000
275.0542,-261.6798,76.3490,0.0000,0.000,5.793,6.247,1.0000
280.0487,-266.4714,77.7585,0.0000,0.000,5.786,6.253,1.0000
285.0417,-271.2614,79.1678,0.0000,0.000,5.780,6.259,1.0000
290.0331,-276.0497,80.5771,0.0000,0.000,5.774,6.265,1.0000
295.0228,-280.8362,81.9862,0.0000,0.000,5.767,6.271,1.0000
300.0106,-285.6209,83.3952,0.0000,0.000,5.761,6.277,1.0000
304.9964,-290.4035,84.8040,0.0000,0.000,5.755,6.283,1.0000
309.9802,-295.1840,86.2127,0.0000,0.000,5.748,6.289,1.0000
314.9617,-299.9623,87.6212,0.0000,0.000,5.742,6.295,1.0000
319.9409,-304.7382,89.0295,0.0000,0.000,5.736,6.301,1.0000
324.9176,-309.5116,90.4375,0.0000,0.000,5.729,6.307,1.0000
329.8918,-314.2824,91.8454,0.0000,0.000,5.723,6.313,1.0000
334.8668,-319.0541,93.2526,0.0000,0.000,5.717,6.319,1.0000
339.8521,-323.8372,94.6584,0.0000,0.000,5.710,6.325,1.0000
344.8581,-328.6425,96.0617,0.0000,0.000,5.704,6.331,1.0000
349.8952,-333.4811,97.4616,0.0000,0.000,5.697,6.337,1.0000
354.9735,-338.3640,98.8571,0.0000,0.000,5.691,6.343,1.0000
360.1032,-343.3019,100.2467,0.0000,0.000,5.685,6.349,1.0000
365.2646,-348.2880,101.5803,0.0000,0.000,5.678,6.355,1.0000
370.3877,-353.2831,102.7183,0.0000,0.000,5.693,6.214,1.0000
375.4120,-358.2444,103.5117,0.0000,0.000,5.738,5.870,1.0000
380.3059,-363.1291,103.8113,0.0000,0.000,5.760,5.569,1.0000
385.0836,-367.8944,103.4681,0.0000,0.000,5.662,5.496,1.0000
389.8242,-372.5008,102.3484,0.0000,0.000,5.131,5.916,1.0000
394.6393,-376.9442,100.4932,0.0000,0.000,5.261,5.806,1.0000
399.5818,-381.2431,98.0542,0.0000,0.000,5.287,5.852,1.0000
404.6462,-385.4161,95.1847,0.0000,0.000,5.253,6.126,1.0000
409.7876,-389.4821,92.0381,0.0000,0.000,5.811,6.074,1.0000
414.9372,-393.4599,88.7678,0.0000,0.000,6.540,6.393,1.0000
420.0197,-397.3703,85.5210,0.0000,0.000,7.273,6.753,1.0000
425.0167,-401.2551,82.3781,0.0000,0.000,7.995,7.268,1.0000
429.9487,-405.1696,79.3778,0.0000,0.000,8.436,7.680,1.0000
434.8422,-409.1692,76.5585,0.0000,0.000,8.400,7.916,1.0000
439.7312,-413.3093,73.9582,0.0000,0.000,8.270,8.064,1.0000
444.6598,-417.6454,71.6151,0.0000,0.000,7.940,8.026,1.0000
449.6618,-422.2099,69.5692,0.0000,0.000,7.610,7.988,1.0000
454.7116,-426.9640,67.8664,0.0000,0.000,7.281,7.307,1.0000
459.7756,-431.8548,66.5536,0.0000,0.000,7.029,6.733,1.0000
464.8267,-436.8294,65.6777,0.0000,0.000,6.904,6.505,1.0000
469.8476,-441.8350,65.2858,0.0000,0.000,6.728,6.203,1.0000
474.8332,-446.8187,65.4246,0.0000,0.000,6.539,5.881,1.0000
479.7947,-451.7306,66.1238,0.0000,0.000,5.947,5.711,1.0000
484.7508,-456.5305,67.3581,0.0000,0.000,5.382,5.527,1.0000
489.7128,-461.1798,69.0920,0.0000,0.000,5.432,5.047,1.0000
494.6849,-465.6398,71.2897,0.0000,0.000,5.449,4.634,1.0000
499.6657,-469.8721,73.9157,0.0000,0.000,5.131,4.918,1.0000
504.6502,-473.8386,76.9343,0.0000,0.000,4.813,5.202,1.0000
509.6385,-477.5116,80.3095,0.0000,0.000,5.060,4.920,1.0000
514.6351,-480.8744,84.0051,0.0000,0.000,5.345,4.599,1.0000
519.6408,-483.9107,87.9848,0.0000,0.000,5.313,4.560,1.0000
524.6535,-486.6043,92.2123,0.0000,0.000,5.139,4.647,1.0000
529.6690,-488.9389,96.6513,0.0000,0.000,5.001,4.762,1.0000
534.6820,-490.8983,101.2656,0.0000,0.000,4.970,4.960,1.0000
539.6872,-492.4661,106.0189,0.0000,0.000,5.036,4.996,1.0000
544.6798,-493.6262,110.8748,0.0000,0.000,5.245,4.789,1.0000
549.6569,-494.3623,115.7971,0.0000,0.000,5.161,4.777,1.0000
554.6182,-494.6581,120.7496,0.0000,0.000,5.051,4.782,1.0000
559.5671,-494.4973,125.6960,0.0000,0.000,5.029,4.817,1.0000
564.5120,-493.8679,130.6006,0.0000,0.000,5.045,4.799,1.0000
569.4646,-492.7801,135.4322,0.0000,0.000,5.107,4.705,1.0000
574.4340,-491.2522,140.1609,0.0000,0.000,5.052,4.744,1.0000
579.4263,-489.3024,144.7567,0.0000,0.000,4.925,4.866,1.0000
584.4454,-486.9487,149.1897,0.0000,0.000,5.088,4.779,1.0000
589.4935,-484.2094,153.4300,0.0000,0.000,5.265,4.681,1.0000
594.5682,-481.1042,157.4438,0.0000,0.000,5.175,4.764,1.0000
599.6461,-477.6606,161.1756,0.0000,0.000,5.082,4.849,1.0000
604.7007,-473.9092,164.5632,0.0000,0.000,5.041,4.869,1.0000
609.7123,-469.8803,167.5439,0.0000,0.000,5.127,4.729,1.0000
614.6712,-465.6044,170.0552,0.0000,0.000,5.211,4.593,1.0000
619.5807,-461.1119,172.0353,0.0000,0.000,5.050,4.762,1.0000
624.4716,-456.4361,173.4699,0.0000,0.000,4.890,4.932,1.0000
629.3860,-451.6153,174.4246,0.0000,0.000,5.195,4.682,1.0000
634.3435,-446.6882,174.9725,0.0000,0.000,5.514,4.419,1.0000
639.3428,-441.6935,175.1868,0.0000,0.000,5.502,4.458,1.0000
644.3667,-436.6698,175.1408,0.0000,0.000,5.309,4.662,1.0000
649.3886,-431.6535,174.9050,0.0000,0.000,5.162,4.829,1.0000
654.4010,-426.6555,174.5245,0.0000,0.000,5.035,4.979,1.0000
659.4087,-421.6724,174.0292,0.0000,0.000,4.913,5.123,1.0000
664.4142,-416.7006,173.4488,0.0000,0.000,4.914,5.126,1.0000
669.4189,-411.7364,172.8133,0.0000,0.000,4.914,5.129,1.0000
674.4230,-406.7762,172.1524,0.0000,0.000,4.914,5.132,1.0000
679.4264,-401.8170,171.4891,0.0000,0.000,4.914,5.135,1.0000
684.4289,-396.8584,170.8271,0.0000,0.000,4.915,5.138,1.0000
689.4307,-391.9005,170.1662,0.0000,0.000,4.915,5.141,1.0000
694.4319,-386.9430,169.5066,0.0000,0.000,4.915,5.144,1.0000
699.4324,-381.9860,168.8481,0.0000,0.000,4.915,5.147,1.0000
704.4324,-377.0295,168.1907,0.0000,0.000,4.915,5.150,1.0000
709.4318,-372.0733,167.5345,0.0000,0.000,4.916,5.153,1.0000
714.4308,-367.1175,166.8793,0.0000,0.000,4.916,5.156,1.0000
719.4293,-362.1619,166.2253,0.0000,0.000,4.916,5.159,1.0000
724.4274,-357.2066,165.5723,0.0000,0.000,4.916,5.162,1.0000
729.4252,-352.2515,164.9203,0.0000,0.000,4.916,5.165,1.0000
734.4227,-347.2966,164.2694,0.0000,0.000,4.917,5.168,1.0000
739.4200,-342.3418,163.6195,0.0000,0.000,4.917,5.171,1.0000
744.4171,-337.3870,162.9705,0.0000,0.000,4.917,5.174,1.0000
749.4140,-332.4323,162.3225,0.0000,0.000,4.917,5.177,1.0000
754.4109,-327.4775,161.6755,0.0000,0.000,4.918,5.180,1.0000
759.4077,-322.5226,161.0294,0.0000,0.000,4.918,5.183,1.0000
764.4045,-317.5676,160.3842,0.0000,0.000,4.918,5.186,1.0000
769.4013,-312.6125,159.7399,0.0000,0.000,4.918,5.189,1.0000
774.3983,-307.6571,159.0964,0.0000,0.000,4.918,5.192,1.0000
779.3954,-302.7015,158.4538,0.0000,0.000,4.919,5.195,1.0000
784.3927,-297.7456,157.8120,0.0000,0.000,4.919,5.198,1.0000
789.3903,-292.7893,157.1711,0.0000,0.000,4.919,5.201,1.0000
794.3881,-287.8326,156.5309,0.0000,0.000,4.919,5.204,1.0000
799.3863,-282.8755,155.8914,0.0000,0.000,4.919,5.207,1.0000
804.3849,-277.9179,155.2528,0.0000,0.000,4.920,5.210,1.0000
809.3839,-272.9597,154.6148,0.0000,0.000,4.920,5.213,1.0000
814.3834,-268.0010,153.9776,0.0000,0.000,4.920,5.216,1.0000
819.3835,-263.0416,153.3411,0.0000,0.000,4.920,5.219,1.0000
824.3841,-258.0816,152.7052,0.0000,0.000,4.920,5.222,1.0000
829.3854,-253.1208,152.0700,0.0000,0.000,4.921,5.225,1.0000
834.3873,-248.1593,151.4354,0.0000,0.000,4.921,5.228,1.0000
839.3900,-243.1970,150.8014,0.0000,0.000,4.921,5.231,1.0000
844.3934,-238.2338,150.1680,0.0000,0.000,4.921,5.234,1.0000
849.3977,-233.2697,149.5352,0.0000,0.000,4.922,5.237,1.0000
854.4029,-228.3046,148.9029,0.0000,0.000,4.922,5.240,1.0000
859.4089,-223.3386,148.2712,0.0000,0.000,4.922,5.243,1.0000
864.4160,-218.3715,147.6400,0.0000,0.000,4.922,5.246,1.0000
869.4240,-213.4033,147.0093,0.0000,0.000,4.922,5.249,1.0000
874.4331,-208.4340,146.3790,0.0000,0.000,4.923,5.252,1.0000
879.4434,-203.4635,145.7492,0.0000,0.000,4.923,5.255,1.0000
884.4548,-198.4918,145.1199,0.0000,0.000,4.923,5.258,1.0000
889.4674,-193.5188,144.4909,0.0000,0.000,4.923,5.261,1.0000
894.4813,-188.5444,143.8624,0.0000,0.000,4.923,5.264,1.0000
899.4965,-183.5687,143.2342,0.0000,0.000,4.924,5.267,1.0000
904.5130,-178.5916,142.6064,0.0000,0.000,4.924,5.270,1.0000
909.5290,-173.6141,141.9866,0.0000,0.000,4.928,5.246,1.0000
914.5245,-168.6465,141.4589,0.0000,0.000,4.941,5.149,1.0000
919.4753,-163.7052,141.1520,0.0000,0.000,4.955,5.052,1.0000
924.3743,-158.8064,141.1948,0.0000,0.000,4.925,5.065,1.0000
929.2425,-153.9663,141.7165,0.0000,0.000,4.860,5.164,1.0000
934.1398,-149.2011,142.8461,0.0000,0.000,4.907,5.133,1.0000
939.1606,-144.5330,144.6950,0.0000,0.000,5.016,5.029,1.0000
944.3006,-140.0442,147.1990,0.0000,0.000,4.808,5.259,1.0000
949.4535,-135.8510,150.1937,0.0000,0.000,4.609,5.484,1.0000
954.5106,-132.0542,153.5343,0.0000,0.000,5.026,5.105,1.0000
959.4817,-128.6750,157.1803,0.0000,0.000,5.382,4.753,1.0000
964.4171,-125.7090,161.1249,0.0000,0.000,4.671,4.884,1.0000
969.3554,-123.1570,165.3528,0.0000,0.000,4.242,4.921,1.0000
974.3045,-121.0350,169.8239,0.0000,0.000,4.350,4.782,1.0000
979.2654,-119.3619,174.4941,0.0000,0.000,4.382,4.778,1.0000
984.2389,-118.1564,179.3192,0.0000,0.000,4.365,4.862,1.0000
989.2270,-117.4371,184.2552,0.0000,0.000,4.422,4.875,1.0000
994.2342,-117.2228,189.2578,0.0000,0.000,4.543,4.828,1.0000
999.2614,-117.5281,194.2758,0.0000,0.000,4.476,4.446,1.0000
1004.2921,-118.3557,199.2380,0.0000,0.000,4.326,4.074,1.0000
1009.3092,-119.7066,204.0698,0.0000,0.000,4.246,4.450,1.0000
1014.3016,-121.5815,208.6967,0.0000,0.000,4.292,4.839,1.0000
1019.2674,-123.9812,213.0442,0.0000,0.000,4.528,5.250,1.0000
1024.2178,-126.9048,217.0391,0.0000,0.000,4.786,5.319,1.0000
1029.1755,-130.3161,220.6365,0.0000,0.000,5.063,5.112,1.0000
1034.1544,-134.1461,223.8178,0.0000,0.000,4.983,5.107,1.0000
1039.1551,-138.3243,226.5656,0.0000,0.000,4.769,5.179,1.0000
1044.1682,-142.7803,228.8623,0.0000,0.000,4.744,5.253,1.0000
1049.1773,-147.4439,230.6904,0.0000,0.000,4.765,5.327,1.0000
1054.1643,-152.2454,232.0378,0.0000,0.000,4.812,5.316,1.0000
1059.1438,-157.1303,233.0040,0.0000,0.000,4.879,5.243,1.0000
1064.1336,-162.0577,233.7903,0.0000,0.000,4.946,5.170,1.0000
1069.1301,-166.9903,234.5870,0.0000,0.000,5.013,5.098,1.0000
1074.1301,-171.9161,235.4449,0.0000,0.000,5.080,5.025,1.0000
1079.1320,-176.8373,236.3396,0.0000,0.000,5.087,5.007,1.0000
1084.1339,-181.7559,237.2493,0.0000,0.000,5.079,5.003,1.0000
1089.1355,-186.6724,238.1677,0.0000,0.000,5.070,5.000,1.0000
1094.1367,-191.5872,239.0937,0.0000,0.000,5.061,4.997,1.0000
1099.1377,-196.5005,240.0259,0.0000,0.000,5.052,4.994,1.0000
1104.1385,-201.4127,240.9630,0.0000,0.000,5.043,4.990,1.0000
1109.1391,-206.3239,241.9039,0.0000,0.000,5.034,4.987,1.0000
1114.1395,-211.2346,242.8471,0.0000,0.000,5.025,4.984,1.0000
1119.1397,-216.1448,243.7915,0.0000,0.000,5.016,4.980,1.0000
1124.1399,-221.0550,244.7358,0.0000,0.000,5.007,4.977,1.0000
1129.1399,-225.9654,245.6787,0.0000,0.000,4.998,4.974,1.0000
1134.1399,-230.8762,246.6188,0.0000,0.000,4.989,4.970,1.0000
1139.1399,-235.7877,247.5551,0.0000,0.000,4.980,4.967,1.0000
1144.1399,-240.7000,248.4874,0.0000,0.000,4.971,4.964,1.0000
1149.1399,-245.6131,249.4158,0.0000,0.000,4.962,4.961,1.0000
1154.1399,-250.5268,250.3406,0.0000,0.000,4.953,4.957,1.0000
1159.1399,-255.4411,251.2623,0.0000,0.000,4.944,4.954,1.0000
1164.1399,-260.3560,252.1809,0.0000,0.000,4.935,4.951,1.0000
1169.1399,-265.2714,253.0969,0.0000,0.000,4.941,4.950,1.0000
1174.1399,-270.1872,254.0105,0.0000,0.000,4.948,4.949,1.0000
1179.1399,-275.1035,254.9219,0.0000,0.000,4.955,4.948,1.0000
1184.1400,-280.0201,255.8315,0.0000,0.000,4.961,4.948,1.0000
1189.1401,-284.9370,256.7396,0.0000,0.000,4.968,4.947,1.0000
1194.1402,-289.8542,257.6463,0.0000,0.000,4.975,4.947,1.0000
1199.1403,-294.7716,258.5521,0.0000,0.000,4.982,4.946,1.0000
1204.1404,-299.6892,259.4572,0.0000,0.000,4.988,4.945,1.0000
1209.1406,-304.6068,260.3618,0.0000,0.000,4.995,4.945,1.0000
1214.1408,-309.5245,261.2663,0.0000,0.000,5.002,4.944,1.0000
1219.1410,-314.4422,262.1709,0.0000,0.000,5.009,4.943,1.0000
1224.1412,-319.3598,263.0760,0.0000,0.000,5.015,4.943,1.0000
1229.1414,-324.2774,263.9817,0.0000,0.000,5.022,4.942,1.0000
1234.1417,-329.1947,264.8884,0.0000,0.000,5.029,4.941,1.0000
1239.1420,-334.1119,265.7964,0.0000,0.000,5.036,4.941,1.0000
1244.1423,-339.0288,266.7059,0.0000,0.000,5.043,4.940,1.0000
1249.1427,-343.9454,267.6173,0.0000,0.000,5.049,4.939,1.0000
1254.1431,-348.8616,268.5307,0.0000,0.000,5.056,4.939,1.0000
1259.1435,-353.7775,269.4463,0.0000,0.000,5.063,4.938,1.0000
1264.1439,-358.6930,270.3639,0.0000,0.000,5.070,4.937,1.0000
1269.1443,-363.6082,271.2832,0.0000,0.000,5.076,4.937,1.0000
1274.1447,-368.5231,272.2040,0.0000,0.000,5.083,4.936,1.0000
1279.1451,-373.4377,273.1263,0.0000,0.000,5.090,4.935,1.0000
1284.1455,-378.3521,274.0498,0.0000,0.000,5.097,4.935,1.0000
1289.1459,-383.2662,274.9744,0.0000,0.000,5.103,4.934,1.0000
1294.1462,-388.1802,275.8997,0.0000,0.000,5.110,4.933,1.0000
1299.1464,-393.0940,276.8257,0.0000,0.000,5.117,4.933,1.0000
1304.1467,-398.0076,277.7522,0.0000,0.000,5.122,4.934,1.0000
1309.1468,-402.9211,278.6790,0.0000,0.000,5.098,4.966,1.0000
1314.1469,-407.8345,279.6059,0.0000,0.000,5.074,4.998,1.0000
1319.1469,-412.7478,280.5327,0.0000,0.000,5.050,5.030,1.0000
1324.1468,-417.6611,281.4592,0.0000,0.000,5.026,5.062,1.0000
1329.1465,-422.5744,282.3852,0.0000,0.000,5.002,5.094,1.0000
1334.1462,-427.4877,283.3106,0.0000,0.000,4.979,5.126,1.0000
1339.1458,-432.4010,284.2352,0.0000,0.000,4.955,5.158,1.0000
1344.1452,-437.3144,285.1588,0.0000,0.000,4.931,5.190,1.0000
1349.1444,-442.2278,286.0811,0.0000,0.000,4.907,5.222,1.0000
1354.1436,-447.1414,287.0021,0.0000,0.000,4.883,5.254,1.0000
1359.1425,-452.0551,287.9215,0.0000,0.000,4.859,5.286,1.0000
1364.1413,-456.9689,288.8392,0.0000,0.000,4.835,5.319,1.0000
1369.1398,-461.8830,289.7539,0.0000,0.000,4.811,5.351,1.0000
1374.1335,-466.8035,290.6058,0.0000,0.000,4.787,5.383,1.0000
1379.1168,-471.7457,291.2446,0.0000,0.000,4.894,5.231,1.0000
1384.1038,-476.7255,291.5122,0.0000,0.000,5.016,5.057,1.0000
1389.1220,-481.7391,291.2995,0.0000,0.000,5.029,4.977,1.0000
1394.1569,-486.7291,290.6280,0.0000,0.000,4.911,5.009,1.0000
1399.1765,-491.6297,289.5412,0.0000,0.000,4.803,5.062,1.0000
1404.1675,-496.4030,288.0834,0.0000,0.000,4.722,5.169,1.0000
1409.1487,-501.0540,286.3002,0.0000,0.000,4.694,5.216,1.0000
1414.1330,-505.5915,284.2376,0.0000,0.000,4.766,5.155,1.0000
1419.1249,-510.0240,281.9415,0.0000,0.000,4.837,5.094,1.0000
1424.1221,-514.3602,279.4577,0.0000,0.000,4.891,5.061,1.0000
1429.1178,-518.6101,276.8317,0.0000,0.000,4.942,5.034,1.0000
1434.1121,-522.7948,274.1057,0.0000,0.000,4.992,5.008,1.0000
1439.1079,-526.9419,271.3201,0.0000,0.000,5.042,4.981,1.0000
1444.1060,-531.0788,268.5151,0.0000,0.000,5.092,4.954,1.0000
1449.1067,-535.2330,265.7313,0.0000,0.000,5.142,4.927,1.0000
1454.1109,-539.4319,263.0090,0.0000,0.000,5.192,4.901,1.0000
1459.1214,-543.6981,260.3814,0.0000,0.000,5.242,4.874,1.0000
1464.1374,-548.0092,257.8172,0.0000,0.000,5.293,4.847,1.0000
1469.1535,-552.3193,255.2512,0.0000,0.000,5.343,4.821,1.0000
1474.1642,-556.5821,252.6177,0.0000,0.000,5.393,4.794,1.0000
1479.1680,-560.7514,249.8509,0.0000,0.000,5.151,4.977,1.0000
1484.1712,-564.7809,246.8852,0.0000,0.000,4.876,5.183,1.0000
1489.1791,-568.6216,243.6716,0.0000,0.000,4.602,5.389,1.0000
1494.1736,-572.2169,240.2048,0.0000,0.000,4.561,5.430,1.0000
1499.1396,-575.5090,236.4868,0.0000,0.000,4.586,5.425,1.0000
1504.0722,-578.4402,232.5196,0.0000,0.000,4.693,5.478,1.0000
1508.9787,-580.9528,228.3053,0.0000,0.000,4.803,5.534,1.0000
1513.8810,-582.9890,223.8459,0.0000,0.000,4.908,5.313,1.0000
1518.8173,-584.5321,219.1570,0.0000,0.000,5.012,5.067,1.0000
1523.8165,-585.6725,214.2896,0.0000,0.000,5.050,5.003,1.0000
1528.8765,-586.5182,209.3007,0.0000,0.000,5.066,5.000,1.0000
1533.9728,-587.1771,204.2472,0.0000,0.000,5.081,4.996,1.0000
1539.0672,-587.7570,199.1859,0.0000,0.000,5.097,4.993,1.0000
1544.1179,-588.3629,194.1717,0.0000,0.000,5.113,4.989,1.0000
1549.1150,-589.0402,189.2207,0.0000,0.000,5.129,4.986,1.0000
1554.0771,-589.7817,184.3143,0.0000,0.000,5.145,4.982,1.0000
1559.0231,-590.5783,179.4329,0.0000,0.000,5.160,4.979,1.0000
1563.9716,-591.4209,174.5566,0.0000,0.000,5.176,4.975,1.0000
1568.9408,-592.3004,169.6659,0.0000,0.000,5.192,4.972,1.0000
1573.9438,-593.2012,164.7446,0.0000,0.000,5.208,4.969,1.0000
1578.9712,-594.0757,159.7939,0.0000,0.000,5.224,4.965,1.0000
1584.0077,-594.8676,154.8201,0.0000,0.000,5.240,4.962,1.0000
1589.0410,-595.5200,149.8293,0.0000,0.000,5.255,4.958,1.0000
1594.0632,-595.9765,144.8278,0.0000,0.000,4.908,5.224,1.0000
1599.0727,-596.1794,139.8224,0.0000,0.000,4.526,5.515,1.0000
1604.0461,-596.0164,134.8517,0.0000,0.000,4.616,5.368,1.0000
1608.9492,-595.2933,130.0022,0.0000,0.000,4.741,5.220,1.0000
1613.8189,-593.8092,125.3642,0.0000,0.000,5.026,5.121,1.0000
1618.7735,-591.5119,120.9744,0.0000,0.000,5.097,5.148,1.0000
1623.8456,-588.7320,116.7319,0.0000,0.000,4.897,5.335,1.0000
1628.9488,-585.8586,112.5146,0.0000,0.000,4.832,5.371,1.0000
1634.0065,-583.1556,108.2398,0.0000,0.000,5.141,4.986,1.0000
1639.0064,-580.7014,103.8836,0.0000,0.000,5.450,4.601,1.0000
1643.9512,-578.5592,99.4269,0.0000,0.000,5.509,4.517,1.0000
1648.8569,-576.7924,94.8505,0.0000,0.000,5.441,4.585,1.0000
1653.7557,-575.4642,90.1351,0.0000,0.000,5.350,4.699,1.0000
1658.6934,-574.6330,85.2679,0.0000,0.000,5.201,4.925,1.0000
1663.6821,-574.3149,80.2893,0.0000,0.000,5.074,5.086,1.0000
1668.7078,-574.5041,75.2672,0.0000,0.000,5.027,5.005,1.0000
1673.7533,-575.1951,70.2693,0.0000,0.000,5.000,4.927,1.0000
1678.8006,-576.3822,65.3635,0.0000,0.000,5.106,4.867,1.0000
1683.8340,-578.0596,60.6179,0.0000,0.000,5.213,4.808,1.0000
1688.8438,-580.2194,56.0976,0.0000,0.000,5.393,4.698,1.0000
1693.8350,-582.8340,51.8459,0.0000,0.000,5.640,4.544,1.0000
1698.8152,-585.8658,47.8949,0.0000,0.000,5.641,4.610,1.0000
1703.7881,-589.2773,44.2767,0.0000,0.000,5.219,5.056,1.0000
1708.7554,-593.0308,41.0233,0.0000,0.000,5.000,5.289,1.0000
1713.7180,-597.0889,38.1666,0.0000,0.000,5.124,5.165,1.0000
1718.6798,-601.4120,35.7316,0.0000,0.000,5.248,5.042,1.0000
1723.6478,-605.9567,33.7249,0.0000,0.000,5.379,4.877,1.0000
1728.6251,-610.6784,32.1505,0.0000,0.000,5.512,4.703,1.0000
1733.6112,-615.5330,31.0126,0.0000,0.000,5.554,4.666,1.0000
1738.6032,-620.4760,30.3151,0.0000,0.000,5.504,4.767,1.0000
1743.5968,-625.4632,30.0619,0.0000,0.000,5.462,4.857,1.0000
1748.5876,-630.4502,30.2572,0.0000,0.000,5.487,4.855,1.0000
1753.5723,-635.3926,30.9049,0.0000,0.000,5.512,4.853,1.0000
1758.5498,-640.2461,32.0091,0.0000,0.000,5.466,4.874,1.0000
1763.5227,-644.9664,33.5737,0.0000,0.000,5.367,4.914,1.0000
1768.4980,-649.5092,35.6028,0.0000,0.000,5.267,4.953,1.0000
1773.4881,-653.8302,38.0988,0.0000,0.000,5.267,4.885,1.0000
1778.4988,-657.8877,41.0389,0.0000,0.000,5.304,4.777,1.0000
1783.5237,-661.6418,44.3789,0.0000,0.000,5.339,4.674,1.0000
1788.5527,-665.0529,48.0742,0.0000,0.000,5.327,4.699,1.0000
1793.5746,-668.0813,52.0802,0.0000,0.000,5.316,4.724,1.0000
1798.5786,-670.6871,56.3523,0.0000,0.000,5.249,4.761,1.0000
1803.5576,-672.8313,60.8458,0.0000,0.000,5.078,4.820,1.0000
1808.5152,-674.4851,65.5194,0.0000,0.000,5.062,4.807,1.0000
1813.4634,-675.6282,70.3339,0.0000,0.000,5.159,4.741,1.0000
1818.4199,-676.2566,75.2504,0.0000,0.000,5.210,4.795,1.0000
1823.4082,-676.4944,80.2330,0.0000,0.000,5.236,4.912,1.0000
1828.4223,-676.5268,85.2470,0.0000,0.000,5.190,4.982,1.0000
1833.4386,-676.5103,90.2632,0.0000,0.000,5.073,5.006,1.0000
1838.4512,-676.4787,95.2757,0.0000,0.000,4.957,5.031,1.0000
1843.4606,-676.4337,100.2850,0.0000,0.000,4.947,5.023,1.0000
1848.4672,-676.3767,105.2912,0.0000,0.000,4.965,5.007,1.0000
1853.4712,-676.3094,110.2948,0.0000,0.000,4.983,4.991,1.0000
1858.4731,-676.2332,115.2961,0.0000,0.000,5.001,4.974,1.0000
1863.4731,-676.1497,120.2954,0.0000,0.000,5.019,4.958,1.0000
1868.4715,-676.0604,125.2930,0.0000,0.000,5.037,4.942,1.0000
1873.4687,-675.9669,130.2893,0.0000,0.000,5.055,4.926,1.0000
1878.4649,-675.8707,135.2846,0.0000,0.000,5.072,4.909,1.0000
1883.4605,-675.7733,140.2793,0.0000,0.000,5.090,4.893,1.0000
1888.4558,-675.6763,145.2736,0.0000,0.000,5.108,4.877,1.0000
1893.4511,-675.5813,150.2680,0.0000,0.000,5.126,4.861,1.0000
1898.4466,-675.4897,155.2626,0.0000,0.000,5.144,4.844,1.0000
1903.4427,-675.4031,160.2580,0.0000,0.000,5.162,4.828,1.0000
1908.4397,-675.3230,165.2544,0.0000,0.000,5.179,4.812,1.0000
1913.4379,-675.2511,170.2521,0.0000,0.000,5.197,4.796,1.0000
1918.4377,-675.1887,175.2514,0.0000,0.000,5.215,4.779,1.0000
1923.4393,-675.1375,180.2528,0.0000,0.000,5.233,4.763,1.0000
1928.4432,-675.0990,185.2565,0.0000,0.000,5.251,4.747,1.0000
1933.4496,-675.0748,190.2629,0.0000,0.000,5.269,4.730,1.0000
1938.4590,-675.0663,195.2723,0.0000,0.000,5.287,4.714,1.0000
1943.4717,-675.0751,200.2850,0.0000,0.000,5.304,4.698,1.0000
1948.4876,-675.0988,205.3009,0.0000,0.000,5.322,4.682,1.0000
1953.5024,-675.1032,210.3156,0.0000,0.000,5.340,4.665,1.0000
1958.5103,-675.0394,215.3231,0.0000,0.000,5.358,4.649,1.0000
1963.5077,-674.8584,220.3172,0.0000,0.000,5.376,4.633,1.0000
1968.4943,-674.5112,225.2917,0.0000,0.000,5.394,4.617,1.0000
1973.4749,-673.9486,230.2405,0.0000,0.000,5.460,4.559,1.0000
1978.4475,-673.1016,235.1404,0.0000,0.000,5.648,4.398,1.0000
1983.3356,-671.7430,239.8359,0.0000,0.000,5.586,4.528,1.0000
1988.1289,-669.5716,244.1092,0.0000,0.000,5.354,4.858,1.0000
1993.0024,-666.3967,247.8066,0.0000,0.000,5.090,5.093,1.0000
1998.0738,-662.4942,251.0453,0.0000,0.000,4.862,5.272,1.0000
2003.2428,-658.2624,254.0136,0.0000,0.000,5.027,5.126,1.0000
2008.3616,-654.0466,256.9168,0.0000,0.000,5.191,4.981,1.0000
2013.3929,-650.0694,259.9985,0.0000,0.000,5.227,5.005,1.0000
2018.3703,-646.5357,263.5038,0.0000,0.000,5.124,5.210,1.0000
2023.3381,-643.6132,267.5210,0.0000,0.000,4.785,5.595,1.0000
2028.2610,-641.4202,271.9285,0.0000,0.000,4.724,5.603,1.0000
2033.1204,-640.0594,276.5935,0.0000,0.000,4.792,5.437,1.0000
2037.9974,-639.4474,281.4319,0.0000,0.000,4.906,5.259,1.0000
2042.9640,-639.3556,286.3976,0.0000,0.000,5.020,5.081,1.0000
2048.0159,-639.5513,291.4457,0.0000,0.000,5.116,4.994,1.0000
2053.1074,-639.8023,296.5311,0.0000,0.000,5.192,5.014,1.0000
2058.1856,-639.8759,301.6087,0.0000,0.000,5.267,5.034,1.0000
2063.2235,-639.5811,306.6380,0.0000,0.000,5.166,4.992,1.0000
2068.2299,-638.8922,311.5967,0.0000,0.000,5.066,4.950,1.0000
2073.2157,-637.8249,316.4670,0.0000,0.000,5.074,4.887,1.0000
2078.1897,-636.3949,321.2310,0.0000,0.000,5.205,4.800,1.0000
2083.1583,-634.6179,325.8709,0.0000,0.000,5.324,4.727,1.0000
2088.1259,-632.5097,330.3690,0.0000,0.000,5.366,4.750,1.0000
2093.0954,-630.0859,334.7073,0.0000,0.000,5.408,4.774,1.0000
2098.0684,-627.3622,338.8682,0.0000,0.000,5.444,4.791,1.0000
2103.0456,-624.3544,342.8337,0.0000,0.000,5.443,4.776,1.0000
2108.0270,-621.0781,346.5861,0.0000,0.000,5.443,4.762,1.0000
2113.0125,-617.5491,350.1075,0.0000,0.000,5.434,4.768,1.0000
2118.0018,-613.7831,353.3803,0.0000,0.000,5.365,4.922,1.0000
2122.9966,-609.7983,356.3919,0.0000,0.000,5.296,5.076,1.0000
2127.9987,-605.6165,359.1364,0.0000,0.000,5.224,5.088,1.0000
2133.0083,-601.2592,361.6083,0.0000,0.000,5.151,5.039,1.0000
2138.0244,-596.7482,363.8020,0.0000,0.000,5.109,5.051,1.0000
2143.0449,-592.1052,365.7121,0.0000,0.000,5.083,5.090,1.0000
2148.0669,-587.3520,367.3330,0.0000,0.000,5.062,5.076,1.0000
2153.0869,-582.5103,368.6592,0.0000,0.000,5.045,5.011,1.0000
2158.1015,-577.6018,369.6851,0.0000,0.000,5.050,4.934,1.0000
2163.1071,-572.6483,370.4054,0.0000,0.000,5.186,4.781,1.0000
2168.1007,-567.6715,370.8143,0.0000,0.000,5.259,4.702,1.0000
2173.0800,-562.6931,370.9065,0.0000,0.000,5.120,4.873,1.0000
2178.0456,-557.7325,370.6820,0.0000,0.000,4.990,5.036,1.0000
2183.0109,-552.7925,370.1816,0.0000,0.000,5.201,4.884,1.0000
2187.9867,-547.8688,369.4633,0.0000,0.000,5.412,4.732,1.0000
2192.9764,-542.9569,368.5855,0.0000,0.000,5.341,4.780,1.0000
2197.9777,-538.0524,367.6063,0.0000,0.000,5.119,4.934,1.0000
2202.9847,-533.1509,366.5841,0.0000,0.000,4.897,5.089,1.0000
2207.9907,-528.2484,365.5714,0.0000,0.000,4.851,5.123,1.0000
2212.9942,-523.3440,364.5803,0.0000,0.000,4.854,5.123,1.0000
2217.9958,-518.4384,363.6051,0.0000,0.000,4.857,5.123,1.0000
2222.9961,-513.5321,362.6403,0.0000,0.000,4.859,5.123,1.0000
2227.9956,-508.6256,361.6803,0.0000,0.000,4.862,5.124,1.0000
2232.9949,-503.7195,360.7194,0.0000,0.000,4.865,5.124,1.0000
2237.9943,-498.8142,359.7539,0.0000,0.000,4.868,5.124,1.0000
2242.9939,-493.9096,358.7840,0.0000,0.000,4.870,5.124,1.0000
2247.9937,-489.0056,357.8105,0.0000,0.000,4.873,5.124,1.0000
2252.9935,-484.1019,356.8343,0.0000,0.000,4.876,5.125,1.0000
2257.9936,-479.1985,355.8560,0.0000,0.000,4.879,5.125,1.0000
2262.9937,-474.2953,354.8765,0.0000,0.000,4.881,5.125,1.0000
2267.9938,-469.3921,353.8965,0.0000,0.000,4.884,5.125,1.0000
2272.9941,-464.4888,352.9168,0.0000,0.000,4.887,5.126,1.0000
2277.9944,-459.5852,351.9381,0.0000,0.000,4.890,5.126,1.0000
2282.9947,-454.6812,350.9614,0.0000,0.000,4.892,5.126,1.0000
2287.9950,-449.7767,349.9873,0.0000,0.000,4.895,5.126,1.0000
2292.9953,-444.8716,349.0165,0.0000,0.000,4.898,5.126,1.0000
2297.9955,-439.9657,348.0494,0.0000,0.000,4.901,5.127,1.0000
2302.9958,-435.0592,347.0857,0.0000,0.000,4.903,5.127,1.0000
2307.9960,-430.1521,346.1253,0.0000,0.000,4.906,5.127,1.0000
2312.9962,-425.2443,345.1682,0.0000,0.000,4.909,5.127,1.0000
2317.9965,-420.3360,344.2140,0.0000,0.000,4.912,5.127,1.0000
2322.9967,-415.4271,343.2627,0.0000,0.000,4.914,5.128,1.0000
2327.9969,-410.5177,342.3141,0.0000,0.000,4.917,5.128,1.0000
2332.9971,-405.6078,341.3681,0.0000,0.000,4.920,5.128,1.0000
2337.9973,-400.6975,340.4245,0.0000,0.000,4.923,5.128,1.0000
2342.9974,-395.7867,339.4831,0.0000,0.000,4.925,5.129,1.0000
2347.9976,-390.8755,338.5439,0.0000,0.000,4.928,5.129,1.0000
2352.9978,-385.9639,337.6066,0.0000,0.000,4.931,5.129,1.0000
2357.9980,-381.0520,336.6712,0.0000,0.000,4.934,5.129,1.0000
2362.9982,-376.1398,335.7374,0.0000,0.000,4.939,5.119,1.0000
2367.9984,-371.2273,334.8051,0.0000,0.000,4.945,5.108,1.0000
2372.9986,-366.3145,333.8742,0.0000,0.000,4.950,5.096,1.0000
2377.9988,-361.4015,332.9445,0.0000,0.000,4.956,5.085,1.0000
2382.9990,-356.4883,332.0158,0.0000,0.000,4.961,5.074,1.0000
2387.9992,-351.5750,331.0880,0.0000,0.000,4.967,5.063,1.0000
2392.9994,-346.6614,330.1611,0.0000,0.000,4.973,5.051,1.0000
2397.9995,-341.7478,329.2347,0.0000,0.000,4.978,5.040,1.0000
2402.9997,-336.8341,328.3087,0.0000,0.000,4.984,5.029,1.0000
2407.9999,-331.9204,327.3831,0.0000,0.000,4.989,5.017,1.0000
2413.0001,-327.0066,326.4576,0.0000,0.000,4.995,5.006,1.0000
2418.0003,-322.0928,325.5321,0.0000,0.000,5.001,4.995,1.0000
2423.0004,-317.1790,324.6065,0.0000,0.000,5.006,4.984,1.0000
2428.0006,-312.2654,323.6806,0.0000,0.000,5.012,4.972,1.0000
2433.0008,-307.3518,322.7542,0.0000,0.000,5.018,4.961,1.0000
2438.0009,-302.4383,321.8273,0.0000,0.000,5.023,4.950,1.0000
2443.0011,-297.5249,320.8995,0.0000,0.000,5.029,4.938,1.0000
2448.0012,-292.6118,319.9709,0.0000,0.000,5.034,4.927,1.0000
2453.0013,-287.6989,319.0413,0.0000,0.000,5.040,4.916,1.0000
2458.0015,-282.7861,318.1104,0.0000,0.000,5.046,4.905,1.0000
2463.0016,-277.8737,317.1782,0.0000,0.000,5.051,4.893,1.0000
2468.0017,-272.9616,316.2444,0.0000,0.000,5.057,4.882,1.0000
2473.0018,-268.0497,315.3090,0.0000,0.000,5.062,4.871,1.0000
2478.0019,-263.1383,314.3718,0.0000,0.000,5.068,4.859,1.0000
2483.0020,-258.2272,313.4327,0.0000,0.000,5.074,4.848,1.0000
2488.0020,-253.3165,312.4914,0.0000,0.000,5.079,4.837,1.0000
2493.0021,-248.4062,311.5479,0.0000,0.000,5.085,4.826,1.0000
2498.0022,-243.4965,310.6020,0.0000,0.000,5.089,4.818,1.0000
2503.0022,-238.5872,309.6535,0.0000,0.000,5.085,4.823,1.0000
2508.0023,-233.6784,308.7023,0.0000,0.000,5.081,4.829,1.0000
2513.0023,-228.7702,307.7483,0.0000,0.000,5.077,4.834,1.0000
2518.0024,-223.8626,306.7912,0.0000,0.000,5.073,4.840,1.0000
2523.0025,-218.9556,305.8310,0.0000,0.000,5.070,4.845,1.0000
2528.0025,-214.0492,304.8677,0.0000,0.000,5.066,4.851,1.0000
2533.0026,-209.1434,303.9015,0.0000,0.000,5.062,4.856,1.0000
2538.0027,-204.2381,302.9325,0.0000,0.000,5.058,4.862,1.0000
2543.0028,-199.3333,301.9610,0.0000,0.000,5.055,4.867,1.0000
2548.0029,-194.4289,300.9871,0.0000,0.000,5.051,4.873,1.0000
2553.0031,-189.5250,300.0110,0.0000,0.000,5.047,4.878,1.0000
2558.0032,-184.6214,299.0329,0.0000,0.000,5.043,4.884,1.0000
2563.0034,-179.7182,298.0530,0.0000,0.000,5.039,4.889,1.0000
2568.0036,-174.8153,297.0715,0.0000,0.000,5.036,4.895,1.0000
2573.0038,-169.9127,296.0885,0.0000,0.000,5.032,4.900,1.0000
2578.0040,-165.0103,295.1043,0.0000,0.000,5.028,4.906,1.0000
2583.0043,-160.1081,294.1189,0.0000,0.000,5.024,4.911,1.0000
2588.0045,-155.2060,293.1327,0.0000,0.000,5.021,4.917,1.0000
2593.0048,-150.3041,292.1458,0.0000,0.000,5.017,4.922,1.0000
2598.0051,-145.4023,291.1583,0.0000,0.000,5.013,4.928,1.0000
2603.0054,-140.5005,290.1705,0.0000,0.000,5.009,4.933,1.0000
2608.0058,-135.5987,289.1825,0.0000,0.000,5.005,4.939,1.0000
2613.0061,-130.6969,288.1946,0.0000,0.000,5.002,4.944,1.0000
2618.0065,-125.7951,287.2068,0.0000,0.000,4.998,4.950,1.0000
2623.0069,-120.8931,286.2195,0.0000,0.000,4.994,4.955,1.0000
2628.0073,-115.9911,285.2327,0.0000,0.000,4.990,4.961,1.0000
2633.0078,-111.0888,284.2467,0.0000,0.000,4.986,4.966,1.0000
2638.0082,-106.1863,283.2616,0.0000,0.000,4.983,4.972,1.0000
2643.0087,-101.2836,282.2778,0.0000,0.000,4.979,4.977,1.0000
2648.0091,-96.3806,281.2955,0.0000,0.000,4.975,4.983,1.0000
2653.0094,-91.4774,280.3150,0.0000,0.000,4.971,4.988,1.0000
2658.0097,-86.5738,279.3367,0.0000,0.000,4.968,4.994,1.0000
2663.0097,-81.6698,278.3610,0.0000,0.000,4.964,4.999,1.0000
2668.0096,-76.7655,277.3882,0.0000,0.000,4.960,5.005,1.0000
2673.0093,-71.8607,276.4185,0.0000,0.000,4.956,5.010,1.0000
2678.0087,-66.9555,275.4525,0.0000,0.000,4.952,5.016,1.0000
2683.0079,-62.0499,274.4903,0.0000,0.000,4.949,5.021,1.0000
2688.0067,-57.1437,273.5323,0.0000,0.000,4.945,5.027,1.0000
2693.0051,-52.2370,272.5789,0.0000,0.000,4.941,5.032,1.0000
2698.0033,-47.3299,271.6295,0.0000,0.000,4.937,5.038,1.0000
2703.0022,-42.4226,270.6768,0.0000,0.000,4.934,5.043,1.0000
2708.0032,-37.5158,269.7109,0.0000,0.000,4.930,5.049,1.0000
2713.0077,-32.6100,268.7217,0.0000,0.000,4.926,5.054,1.0000
2718.0173,-27.7058,267.6993,0.0000,0.000,4.922,5.060,1.0000
2723.0339,-22.8038,266.6334,0.0000,0.000,5.172,4.812,1.0000
2728.0486,-17.9225,265.4845,0.0000,0.000,5.433,4.554,1.0000
2732.9913,-13.2070,264.0029,0.0000,0.000,5.651,4.346,1.0000
2737.8455,-8.8567,261.8493,0.0000,0.000,5.483,4.601,1.0000
2742.7439,-5.0252,258.7975,0.0000,0.000,5.314,4.856,1.0000
2747.7619,-1.6947,255.0440,0.0000,0.000,5.253,4.842,1.0000
2752.8259,1.1925,250.8837,0.0000,0.000,5.206,4.791,1.0000
2757.8473,3.6988,246.5326,0.0000,0.000,5.126,4.806,1.0000
2762.8449,5.8964,242.0441,0.0000,0.000,5.021,4.869,1.0000
2767.8393,7.8588,237.4513,0.0000,0.000,4.984,4.911,1.0000
2772.8387,9.6594,232.7875,0.0000,0.000,4.980,4.942,1.0000
2777.8426,11.3716,228.0856,0.0000,0.000,4.977,4.974,1.0000
2782.8459,13.0688,223.3789,0.0000,0.000,4.973,5.006,1.0000
2787.8451,14.7988,218.6886,0.0000,0.000,4.969,5.037,1.0000
2792.8417,16.5574,214.0117,0.0000,0.000,4.966,5.069,1.0000
2797.8377,18.3340,209.3423,0.0000,0.000,4.962,5.101,1.0000
2802.8349,20.1179,204.6744,0.0000,0.000,4.959,5.132,1.0000
2807.8350,21.8984,200.0020,0.0000,0.000,4.955,5.164,1.0000
2812.8392,23.6688,195.3214,0.0000,0.000,4.952,5.196,1.0000
2817.8412,25.4743,190.6566,0.0000,0.000,4.948,5.227,1.0000
2822.8316,27.3968,186.0514,0.0000,0.000,4.929,5.257,1.0000
2827.8080,29.5194,181.5505,0.0000,0.000,4.858,5.280,1.0000
2832.7810,31.9251,177.1980,0.0000,0.000,4.787,5.304,1.0000
2837.7793,34.6967,173.0385,0.0000,0.000,5.132,5.052,1.0000
2842.8450,37.9122,169.1242,0.0000,0.000,5.190,5.058,1.0000
2847.9256,41.5831,165.6118,0.0000,0.000,5.098,5.135,1.0000
2852.9287,45.6741,162.7318,0.0000,0.000,4.900,5.150,1.0000
2857.8491,50.1397,160.6656,0.0000,0.000,4.730,5.224,1.0000
2862.7891,54.8747,159.2571,0.0000,0.000,4.598,5.372,1.0000
2867.7745,59.7495,158.2131,0.0000,0.000,4.581,5.421,1.0000
2872.7687,64.6582,157.2926,0.0000,0.000,4.758,5.299,1.0000
2877.7631,69.5800,156.4443,0.0000,0.000,4.935,5.178,1.0000
2882.7585,74.5134,155.6599,0.0000,0.000,5.031,5.109,1.0000
2887.7554,79.4568,154.9307,0.0000,0.000,5.028,5.102,1.0000
2892.7541,84.4087,154.2482,0.0000,0.000,5.024,5.096,1.0000
2897.7546,89.3675,153.6041,0.0000,0.000,5.020,5.089,1.0000
2902.7565,94.3316,152.9896,0.0000,0.000,5.016,5.083,1.0000
2907.7597,99.2994,152.3964,0.0000,0.000,5.013,5.077,1.0000
2912.7635,104.2695,151.8159,0.0000,0.000,5.009,5.070,1.0000
2917.7675,109.2402,151.2396,0.0000,0.000,5.005,5.064,1.0000
2922.7711,114.2100,150.6591,0.0000,0.000,5.002,5.058,1.0000
2927.7737,119.1773,150.0658,0.0000,0.000,4.998,5.051,1.0000
2932.7752,124.1415,149.4564,0.0000,0.000,4.994,5.045,1.0000
2937.7757,129.1030,148.8328,0.0000,0.000,4.991,5.039,1.0000
2942.7756,134.0623,148.1975,0.0000,0.000,4.987,5.032,1.0000
2947.7748,139.0198,147.5528,0.0000,0.000,4.983,5.026,1.0000
2952.7736,143.9760,146.9013,0.0000,0.000,4.980,5.019,1.0000
2957.7722,148.9314,146.2453,0.0000,0.000,4.976,5.013,1.0000
2962.7708,153.8864,145.5872,0.0000,0.000,4.972,5.007,1.0000
2967.7693,158.8415,144.9295,0.0000,0.000,4.969,5.000,1.0000
2972.7681,163.7971,144.2745,0.0000,0.000,4.965,4.994,1.0000
2977.7672,168.7538,143.6247,0.0000,0.000,4.961,4.988,1.0000
2982.7668,173.7120,142.9824,0.0000,0.000,4.957,4.981,1.0000
2987.7670,178.6719,142.3489,0.0000,0.000,4.954,4.975,1.0000
2992.7676,183.6332,141.7227,0.0000,0.000,4.950,4.968,1.0000
2997.7687,188.5956,141.1020,0.0000,0.000,4.946,4.962,1.0000
3002.7700,193.5587,140.4852,0.0000,0.000,4.943,4.956,1.0000
3007.7715,198.5222,139.8704,0.0000,0.000,4.939,4.949,1.0000
3012.7729,203.4858,139.2559,0.0000,0.000,4.935,4.943,1.0000
3017.7742,208.4491,138.6401,0.0000,0.000,4.932,4.937,1.0000
3022.7753,213.4117,138.0211,0.0000,0.000,4.928,4.930,1.0000
3027.7760,218.3733,137.3972,0.0000,0.000,4.924,4.924,1.0000
3032.7762,223.3336,136.7668,0.0000,0.000,4.921,4.917,1.0000
3037.7758,228.2922,136.1280,0.0000,0.000,4.917,4.911,1.0000
3042.7746,233.2488,135.4794,0.0000,0.000,4.913,4.905,1.0000
3047.7731,238.2041,134.8242,0.0000,0.000,4.910,4.898,1.0000
3052.7716,243.1594,134.1687,0.0000,0.000,4.906,4.892,1.0000
3057.7705,248.1160,133.5190,0.0000,0.000,4.902,4.886,1.0000
3062.7704,253.0751,132.8816,0.0000,0.000,4.898,4.879,1.0000
3067.7718,258.0380,132.2627,0.0000,0.000,4.895,4.873,1.0000
3072.7749,263.0053,131.6648,0.0000,0.000,4.891,4.866,1.0000
3077.7762,267.9675,131.0411,0.0000,0.000,4.887,4.860,1.0000
3082.7706,272.9082,130.3103,0.0000,0.000,4.960,4.848,1.0000
3087.7587,277.8107,129.3902,0.0000,0.000,5.077,4.832,1.0000
3092.7508,282.6585,128.1987,0.0000,0.000,5.195,4.817,1.0000
3097.7710,287.4351,126.6539,0.0000,0.000,5.226,4.810,1.0000
3102.8276,292.0880,124.6738,0.0000,0.000,5.236,4.805,1.0000
3107.8421,296.4365,122.1769,0.0000,0.000,5.167,4.849,1.0000
3112.7703,300.2714,119.0816,0.0000,0.000,5.070,4.911,1.0000
3117.6654,303.4247,115.3374,0.0000,0.000,5.230,4.577,1.0000
3122.6273,305.9943,111.0927,0.0000,0.000,5.364,4.281,1.0000
3127.6479,308.1841,106.5748,0.0000,0.000,5.143,4.518,1.0000
3132.6612,310.1660,101.9699,0.0000,0.000,4.922,4.756,1.0000
3137.6604,312.0004,97.3194,0.0000,0.000,4.787,4.905,1.0000
3142.6530,313.7237,92.6337,0.0000,0.000,4.797,4.905,1.0000
3147.6439,315.3721,87.9228,0.0000,0.000,4.808,4.904,1.0000
3152.6363,316.9820,83.1972,0.0000,0.000,4.818,4.903,1.0000
3157.6323,318.5890,78.4667,0.0000,0.000,4.829,4.903,1.0000
3162.6325,320.2120,73.7371,0.0000,0.000,4.839,4.902,1.0000
3167.6364,321.8501,69.0090,0.0000,0.000,4.850,4.901,1.0000
3172.6429,323.5015,64.2827,0.0000,0.000,4.860,4.901,1.0000
3177.6512,325.1643,59.5585,0.0000,0.000,4.870,4.900,1.0000
3182.6604,326.8367,54.8367,0.0000,0.000,4.881,4.900,1.0000
3187.6696,328.5168,50.1176,0.0000,0.000,4.891,4.899,1.0000
3192.6780,330.2028,45.4016,0.0000,0.000,4.902,4.898,1.0000
3197.6846,331.8928,40.6888,0.0000,0.000,4.912,4.898,1.0000
3202.6885,333.5850,35.9798,0.0000,0.000,4.937,4.853,1.0000
3207.6888,335.2775,31.2746,0.0000,0.000,4.963,4.808,1.0000
3212.6845,336.9685,26.5738,0.0000,0.000,4.988,4.763,1.0000
3217.6751,338.6560,21.8772,0.0000,0.000,4.995,4.735,1.0000
3222.6616,340.3385,17.1831,0.0000,0.000,5.000,4.708,1.0000
3227.6458,342.0141,12.4890,0.0000,0.000,5.004,4.681,1.0000
3232.6295,343.6812,7.7924,0.0000,0.000,5.009,4.655,1.0000
3237.6146,345.3380,3.0907,0.0000,0.000,5.014,4.628,1.0000
3242.6028,346.9828,-1.6186,0.0000,0.000,5.018,4.601,1.0000
3247.5960,348.6139,-6.3379,0.0000,0.000,5.023,4.574,1.0000
3252.5962,350.2296,-11.0698,0.0000,0.000,5.028,4.548,1.0000
3257.6051,351.8281,-15.8168,0.0000,0.000,5.033,4.521,1.0000
3262.6248,353.4078,-20.5815,0.0000,0.000,5.037,4.494,1.0000
3267.6572,354.9670,-25.3662,0.0000,0.000,5.042,4.467,1.0000
3272.7042,356.5036,-30.1736,0.0000,0.000,5.047,4.440,1.0000
3277.7560,357.9832,-35.0039,0.0000,0.000,5.054,4.419,1.0000
3282.7829,359.3084,-39.8530,0.0000,0.000,5.076,4.425,1.0000
3287.7617,360.3742,-44.7163,0.0000,0.000,5.098,4.430,1.0000
3292.6849,361.0757,-49.5893,0.0000,0.000,5.072,4.553,1.0000
3297.5684,361.3080,-54.4673,0.0000,0.000,4.998,4.797,1.0000
3302.4586,360.9667,-59.3456,0.0000,0.000,4.900,5.004,1.0000
3307.4066,359.9931,-64.1968,0.0000,0.000,4.930,5.090,1.0000
3312.4140,358.4175,-68.9499,0.0000,0.000,5.152,5.025,1.0000
3317.4672,356.2801,-73.5288,0.0000,0.000,5.455,4.952,1.0000
3322.5473,353.6215,-77.8576,0.0000,0.000,5.873,4.871,1.0000
3327.6344,350.4818,-81.8603,0.0000,0.000,5.778,5.163,1.0000
3332.7090,346.9017,-85.4567,0.0000,0.000,5.246,5.772,1.0000
3337.7269,342.9258,-88.5180,0.0000,0.000,5.338,5.737,1.0000
3342.6558,338.6015,-90.8832,0.0000,0.000,5.765,5.355,1.0000
3347.5214,333.9771,-92.3962,0.0000,0.000,5.986,5.224,1.0000
3352.4107,329.1334,-93.0626,0.0000,0.000,6.169,5.137,1.0000
3357.3566,324.1875,-93.0677,0.0000,0.000,6.337,5.023,1.0000
3362.3144,319.2518,-92.6001,0.0000,0.000,6.307,5.210,1.0000
3367.2697,314.3648,-91.7802,0.0000,0.000,5.998,5.820,1.0000
3372.2400,309.5171,-90.6833,0.0000,0.000,5.735,6.342,1.0000
3377.2311,304.6980,-89.3841,0.0000,0.000,5.781,6.280,1.0000
3382.2395,299.8971,-87.9572,0.0000,0.000,5.827,6.218,1.0000
3387.2559,295.1040,-86.4773,0.0000,0.000,5.873,6.156,1.0000
3392.2710,290.3103,-85.0037,0.0000,0.000,5.920,6.094,1.0000
3397.2835,285.5147,-83.5452,0.0000,0.000,5.964,6.036,1.0000
3402.2936,280.7175,-82.1002,0.0000,0.000,5.983,6.053,1.0000
3407.3017,275.9188,-80.6673,0.0000,0.000,6.002,6.070,1.0000
3412.3079,271.1189,-79.2450,0.0000,0.000,6.021,6.087,1.0000
3417.3126,266.3179,-77.8316,0.0000,0.000,6.040,6.104,1.0000
3422.3160,261.5160,-76.4258,0.0000,0.000,6.059,6.122,1.0000
3427.3184,256.7135,-75.0260,0.0000,0.000,6.078,6.139,1.0000
3432.3199,251.9105,-73.6307,0.0000,0.000,6.097,6.156,1.0000
3437.3209,247.1073,-72.2384,0.0000,0.000,6.116,6.173,1.0000
3442.3216,242.3039,-70.8475,0.0000,0.000,6.135,6.190,1.0000
3447.3221,237.5007,-69.4567,0.0000,0.000,6.154,6.207,1.0000
3452.3226,232.6976,-68.0657,0.0000,0.000,6.173,6.224,1.0000
3457.3230,227.8947,-66.6744,0.0000,0.000,6.192,6.241,1.0000
3462.3233,223.0919,-65.2828,0.0000,0.000,6.211,6.258,1.0000
3467.3236,218.2892,-63.8910,0.0000,0.000,6.230,6.275,1.0000
3472.3238,213.4867,-62.4989,0.0000,0.000,6.249,6.292,1.0000
3477.3240,208.6843,-61.1066,0.0000,0.000,6.268,6.309,1.0000
3482.3241,203.8820,-59.7140,0.0000,0.000,6.287,6.327,1.0000
3487.3241,199.0798,-58.3212,0.0000,0.000,6.306,6.344,1.0000
3492.3242,194.2778,-56.9281,0.0000,0.000,6.325,6.361,1.0000
3497.3241,189.4759,-55.5348,0.0000,0.000,6.344,6.378,1.0000
3502.3240,184.6741,-54.1412,0.0000,0.000,6.363,6.395,1.0000
3507.3239,179.8725,-52.7473,0.0000,0.000,6.382,6.412,1.0000
3512.3237,175.0709,-51.3533,0.0000,0.000,6.401,6.429,1.0000
3517.3235,170.2695,-49.9590,0.0000,0.000,6.420,6.446,1.0000
3522.3233,165.4682,-48.5644,0.0000,0.000,6.439,6.463,1.0000
3527.3230,160.6669,-47.1696,0.0000,0.000,6.457,6.480,1.0000
3532.3227,155.8658,-45.7746,0.0000,0.000,6.476,6.497,1.0000
3537.3223,151.0648,-44.3793,0.0000,0.000,6.495,6.515,1.0000
3542.3219,146.2639,-42.9838,0.0000,0.000,6.514,6.532,1.0000
3547.3215,141.4631,-41.5880,0.0000,0.000,6.533,6.549,1.0000
3552.3211,136.6624,-40.1920,0.0000,0.000,6.552,6.566,1.0000
3557.3207,131.8617,-38.7958,0.0000,0.000,6.571,6.583,1.0000
3562.3202,127.0612,-37.3994,0.0000,0.000,6.590,6.600,1.0000
3567.3197,122.2607,-36.0027,0.0000,0.000,6.609,6.617,1.0000
3572.3192,117.4604,-34.6058,0.0000,0.000,6.628,6.634,1.0000
3577.3187,112.6601,-33.2087,0.0000,0.000,6.647,6.651,1.0000
3582.3181,107.8599,-31.8113,0.0000,0.000,6.666,6.668,1.0000
3587.3176,103.0597,-30.4137,0.0000,0.000,6.685,6.685,1.0000
3592.3170,98.2597,-29.0159,0.0000,0.000,6.704,6.702,1.0000
3597.3165,93.4597,-27.6179,0.0000,0.000,6.723,6.720,1.0000
3602.3159,88.6598,-26.2197,0.0000,0.000,6.742,6.737,1.0000
3607.3153,83.8599,-24.8212,0.0000,0.000,6.761,6.754,1.0000
3612.3147,79.0601,-23.4225,0.0000,0.000,6.780,6.771,1.0000
3617.3142,74.2604,-22.0236,0.0000,0.000,6.799,6.788,1.0000
3622.3136,69.4607,-20.6245,0.0000,0.000,6.818,6.805,1.0000
3627.3130,64.6611,-19.2252,0.0000,0.000,6.837,6.822,1.0000
3632.3125,59.8615,-17.8257,0.0000,0.000,6.856,6.839,1.0000
3637.3119,55.0620,-16.4259,0.0000,0.000,6.875,6.856,1.0000
3642.3114,50.2626,-15.0260,0.0000,0.000,6.894,6.873,1.0000
3647.3109,45.4632,-13.6258,0.0000,0.000,6.913,6.890,1.0000
3652.3104,40.6638,-12.2254,0.0000,0.000,6.932,6.908,1.0000
3657.3099,35.8645,-10.8249,0.0000,0.000,6.951,6.925,1.0000
3662.3095,31.0652,-9.4241,0.0000,0.000,6.970,6.942,1.0000
3667.3090,26.2659,-8.0231,0.0000,0.000,6.989,6.959,1.0000
3672.3086,21.4667,-6.6219,0.0000,0.000,7.008,6.976,1.0000
3677.3082,16.6675,-5.2205,0.0000,0.000,7.026,6.993,1.0000
3682.3078,11.8683,-3.8190,0.0000,0.000,7.045,7.010,1.0000
3687.3075,7.0692,-2.4172,0.0000,0.000,7.064,7.027,1.0000
