# Circuit de Spa-Francorchamps — TUMFTM racetrack-database (LGPL-3.0), flat 2-D centre line + measured widths; upstream commit e59595d.
s_m,x_m,y_m,z_m,banking_deg,width_left_m,width_right_m,grip_scale
0.0000,-0.2234,2.0758,0.0000,0.000,6.853,6.687,1.0000
4.9987,-2.8867,6.3059,0.0000,0.000,6.848,6.693,1.0000
9.9974,-5.5486,10.5369,0.0000,0.000,6.843,6.698,1.0000
14.9961,-8.2092,14.7687,0.0000,0.000,6.839,6.704,1.0000
19.9948,-10.8686,19.0012,0.0000,0.000,6.834,6.709,1.0000
24.9934,-13.5268,23.2345,0.0000,0.000,6.829,6.715,1.0000
29.9921,-16.1840,27.4684,0.0000,0.000,6.825,6.720,1.0000
34.9907,-18.8401,31.7029,0.0000,0.000,6.820,6.725,1.0000
39.9894,-21.4952,35.9381,0.0000,0.000,6.815,6.731,1.0000
44.9880,-24.1495,40.1738,0.0000,0.000,6.811,6.736,1.0000
49.9866,-26.8029,44.4100,0.0000,0.000,6.806,6.742,1.0000
54.9852,-29.4555,48.6467,0.0000,0.000,6.801,6.747,1.0000
59.9838,-32.1075,52.8839,0.0000,0.000,6.797,6.753,1.0000
64.9824,-34.7588,57.1214,0.0000,0.000,6.792,6.758,1.0000
69.9810,-37.4095,61.3592,0.0000,0.000,6.787,6.763,1.0000
74.9796,-40.0598,65.5974,0.0000,0.000,6.783,6.769,1.0000
79.9782,-42.7096,69.8359,0.0000,0.000,6.778,6.774,1.0000
84.9768,-45.3590,74.0745,0.0000,0.000,6.773,6.780,1.0000
89.9753,-48.0082,78.3133,0.0000,0.000,6.769,6.785,1.0000
94.9739,-50.6571,82.5523,0.0000,0.000,6.764,6.791,1.0000
99.9725,-53.3058,86.7914,0.0000,0.000,6.759,6.796,1.0000
104.9710,-55.9544,91.0306,0.0000,0.000,6.755,6.802,1.0000
109.9696,-58.6030,95.2697,0.0000,0.000,6.750,6.807,1.0000
114.9681,-61.2516,99.5089,0.0000,0.000,6.745,6.812,1.0000
119.9666,-63.9003,103.7479,0.0000,0.000,6.741,6.818,1.0000
124.9652,-66.5492,107.9869,0.0000,0.000,6.742,6.822,1.0000
129.9637,-69.1983,112.2257,0.0000,0.000,6.748,6.825,1.0000
134.9622,-71.8477,116.4644,0.0000,0.000,6.754,6.829,1.0000
139.9608,-74.4974,120.7028,0.0000,0.000,6.760,6.832,1.0000
144.9593,-77.1476,124.9409,0.0000,0.000,6.765,6.835,1.0000
149.9578,-79.7982,129.1787,0.0000,0.000,6.771,6.838,1.0000
154.9563,-82.4495,133.4162,0.0000,0.000,6.777,6.842,1.0000
159.9548,-85.1013,137.6533,0.0000,0.000,6.783,6.845,1.0000
164.9534,-87.7538,141.8899,0.0000,0.000,6.789,6.848,1.0000
169.9519,-90.4071,146.1261,0.0000,0.000,6.795,6.852,1.0000
174.9504,-93.0612,150.3618,0.0000,0.000,6.800,6.855,1.0000
179.9489,-95.7162,154.5969,0.0000,0.000,6.806,6.858,1.0000
184.9474,-98.3722,158.8314,0.0000,0.000,6.812,6.861,1.0000
189.9459,-101.0292,163.0652,0.0000,0.000,6.818,6.865,1.0000
194.9444,-103.6872,167.2984,0.0000,0.000,6.824,6.868,1.0000
199.9429,-106.3462,171.5310,0.0000,0.000,6.829,6.871,1.0000
204.9414,-109.0061,175.7630,0.0000,0.000,6.835,6.875,1.0000
209.9400,-111.6668,179.9946,0.0000,0.000,6.841,6.878,1.0000
214.9385,-114.3281,184.2258,0.0000,0.000,6.847,6.881,1.0000
219.9371,-116.9900,188.4566,0.0000,0.000,6.853,6.884,1.0000
224.9357,-119.6523,192.6873,0.0000,0.000,6.859,6.888,1.0000
229.9343,-122.3149,196.9177,0.0000,0.000,6.864,6.891,1.0000
234.9329,-124.9778,201.1480,0.0000,0.000,6.870,6.894,1.0000
239.9316,-127.6407,205.3783,0.0000,0.000,6.876,6.898,1.0000
244.9303,-130.3037,209.6086,0.0000,0.000,6.882,6.901,1.0000
249.9291,-132.9665,213.8391,0.0000,0.000,6.888,6.904,1.0000
254.9279,-135.6291,218.0698,0.0000,0.000,6.893,6.907,1.0000
259.9267,-138.2914,222.3007,0.0000,0.000,6.899,6.911,1.0000
264.9256,-140.9533,226.5319,0.0000,0.000,6.905,6.914,1.0000
269.9245,-143.6146,230.7636,0.0000,0.000,6.911,6.917,1.0000
274.9235,-146.2752,234.9957,0.0000,0.000,6.917,6.921,1.0000
279.9226,-148.9350,239.2284,0.0000,0.000,6.923,6.924,1.0000
284.9217,-151.5940,243.4618,0.0000,0.000,6.928,6.927,1.0000
289.9209,-154.2520,247.6958,0.0000,0.000,6.934,6.930,1.0000
294.9201,-156.9088,251.9306,0.0000,0.000,6.940,6.934,1.0000
299.9195,-159.5645,256.1662,0.0000,0.000,6.946,6.937,1.0000
304.9188,-162.2185,260.4030,0.0000,0.000,6.952,6.940,1.0000
309.9179,-164.8684,264.6420,0.0000,0.000,6.958,6.944,1.0000
314.9165,-167.5116,268.8845,0.0000,0.000,6.963,6.947,1.0000
319.9141,-170.1452,273.1319,0.0000,0.000,6.964,6.943,1.0000
324.9106,-172.7664,277.3856,0.0000,0.000,6.962,6.936,1.0000
329.9056,-175.3724,281.6469,0.0000,0.000,6.959,6.928,1.0000
334.8996,-177.9674,285.9138,0.0000,0.000,6.957,6.921,1.0000
339.8945,-180.5659,290.1796,0.0000,0.000,6.955,6.914,1.0000
344.8920,-183.1832,294.4369,0.0000,0.000,6.952,6.906,1.0000
349.8942,-185.8346,298.6785,0.0000,0.000,6.950,6.899,1.0000
354.9034,-188.5356,302.8972,0.0000,0.000,6.948,6.891,1.0000
359.9207,-191.2858,307.0937,0.0000,0.000,6.945,6.884,1.0000
364.9308,-193.9439,311.3404,0.0000,0.000,6.943,6.877,1.0000
369.9258,-196.2938,315.7482,0.0000,0.000,7.026,6.849,1.0000
374.9105,-198.1004,320.3940,0.0000,0.000,7.606,6.707,1.0000
379.8008,-199.0394,325.1932,0.0000,0.000,7.229,6.647,1.0000
384.6285,-198.7605,330.0128,0.0000,0.000,6.326,6.654,1.0000
389.6115,-197.1101,334.7147,0.0000,0.000,6.604,6.676,1.0000
394.7858,-194.4405,339.1471,0.0000,0.000,6.606,6.494,1.0000
399.9485,-191.1720,343.1434,0.0000,0.000,7.569,6.408,1.0000
404.7704,-187.1863,345.8572,0.0000,0.000,8.270,6.825,1.0000
409.4675,-182.4894,345.8184,0.0000,0.000,8.571,7.324,1.0000
414.3631,-177.7652,344.5343,0.0000,0.000,8.488,7.900,1.0000
419.2987,-173.1003,342.9221,0.0000,0.000,8.461,7.963,1.0000
424.2779,-168.4815,341.0623,0.0000,0.000,8.440,7.967,1.0000
429.2919,-163.8953,339.0357,0.0000,0.000,8.420,7.972,1.0000
434.3239,-159.3285,336.9227,0.0000,0.000,8.400,7.976,1.0000
439.3532,-154.7676,334.8032,0.0000,0.000,8.379,7.981,1.0000
444.3686,-150.2048,332.7211,0.0000,0.000,8.359,7.985,1.0000
449.3726,-145.6390,330.6732,0.0000,0.000,8.338,7.989,1.0000
454.3686,-141.0697,328.6530,0.0000,0.000,8.318,7.994,1.0000
459.3598,-136.4964,326.6538,0.0000,0.000,8.297,7.998,1.0000
464.3494,-131.9185,324.6690,0.0000,0.000,8.277,8.002,1.0000
469.3403,-127.3357,322.6924,0.0000,0.000,8.256,8.007,1.0000
474.3332,-122.7490,320.7199,0.0000,0.000,8.236,8.011,1.0000
479.3278,-118.1599,318.7484,0.0000,0.000,8.216,8.015,1.0000
484.3239,-113.5701,316.7748,0.0000,0.000,8.195,8.020,1.0000
489.3212,-108.9813,314.7961,0.0000,0.000,8.175,8.024,1.0000
494.3195,-104.3949,312.8092,0.0000,0.000,8.154,8.029,1.0000
499.3185,-99.8125,310.8111,0.0000,0.000,8.134,8.033,1.0000
504.3180,-95.2359,308.7987,0.0000,0.000,8.113,8.037,1.0000
509.3179,-90.6666,306.7689,0.0000,0.000,8.093,8.042,1.0000
514.3179,-86.1062,304.7187,0.0000,0.000,8.073,8.046,1.0000
519.3181,-81.5564,302.6449,0.0000,0.000,7.963,7.910,1.0000
524.3184,-77.0184,300.5451,0.0000,0.000,7.766,7.638,1.0000
529.3186,-72.4931,298.4182,0.0000,0.000,7.570,7.366,1.0000
534.3187,-67.9808,296.2639,0.0000,0.000,7.373,7.094,1.0000
539.3187,-63.4822,294.0818,0.0000,0.000,7.177,6.822,1.0000
544.3184,-58.9976,291.8714,0.0000,0.000,6.981,6.550,1.0000
549.3178,-54.5276,289.6324,0.0000,0.000,6.784,6.279,1.0000
554.3169,-50.0727,287.3643,0.0000,0.000,6.596,6.129,1.0000
559.3156,-45.6332,285.0667,0.0000,0.000,6.410,6.024,1.0000
564.3140,-41.2099,282.7392,0.0000,0.000,6.224,5.919,1.0000
569.3120,-36.8030,280.3814,0.0000,0.000,6.039,5.814,1.0000
574.3096,-32.4131,277.9929,0.0000,0.000,5.881,5.734,1.0000
579.3068,-28.0407,275.5732,0.0000,0.000,5.809,5.734,1.0000
584.3038,-23.6863,273.1220,0.0000,0.000,5.738,5.733,1.0000
589.3005,-19.3503,270.6388,0.0000,0.000,5.666,5.732,1.0000
594.2969,-15.0333,268.1232,0.0000,0.000,5.595,5.732,1.0000
599.2933,-10.7357,265.5748,0.0000,0.000,5.555,5.701,1.0000
604.2896,-6.4581,262.9932,0.0000,0.000,5.564,5.622,1.0000
609.2859,-2.2008,260.3780,0.0000,0.000,5.574,5.543,1.0000
614.2825,2.0355,257.7287,0.0000,0.000,5.584,5.465,1.0000
619.2793,6.2505,255.0450,0.0000,0.000,5.594,5.386,1.0000
624.2766,10.4436,252.3264,0.0000,0.000,5.567,5.300,1.0000
629.2745,14.6143,249.5726,0.0000,0.000,5.515,5.209,1.0000
634.2730,18.7629,246.7841,0.0000,0.000,5.464,5.118,1.0000
639.2723,22.8901,243.9631,0.0000,0.000,5.413,5.026,1.0000
644.2721,26.9971,241.1116,0.0000,0.000,5.361,4.935,1.0000
649.2723,31.0847,238.2317,0.0000,0.000,5.310,4.844,1.0000
654.2727,35.1539,235.3257,0.0000,0.000,5.232,4.765,1.0000
659.2730,39.2058,232.3955,0.0000,0.000,5.005,4.749,1.0000
664.2730,43.2413,229.4434,0.0000,0.000,4.778,4.733,1.0000
669.2724,47.2613,226.4715,0.0000,0.000,4.551,4.718,1.0000
674.2707,51.2670,223.4818,0.0000,0.000,4.459,4.739,1.0000
679.2677,55.2592,220.4765,0.0000,0.000,4.611,4.828,1.0000
684.2628,59.2389,217.4577,0.0000,0.000,4.764,4.916,1.0000
689.2565,63.2089,214.4285,0.0000,0.000,4.913,4.976,1.0000
694.2508,67.1756,211.3939,0.0000,0.000,5.054,4.956,1.0000
699.2482,71.1457,208.3588,0.0000,0.000,5.194,4.936,1.0000
704.2482,75.1096,205.3111,0.0000,0.000,5.282,4.900,1.0000
709.2477,79.0354,202.2156,0.0000,0.000,5.188,4.809,1.0000
714.2449,82.8917,199.0373,0.0000,0.000,5.093,4.719,1.0000
719.2413,86.6704,195.7685,0.0000,0.000,4.998,4.629,1.0000
724.2385,90.3823,192.4228,0.0000,0.000,4.904,4.538,1.0000
729.2370,94.0382,189.0141,0.0000,0.000,4.864,4.509,1.0000
734.2363,97.6468,185.5541,0.0000,0.000,4.870,4.534,1.0000
739.2353,101.2154,182.0535,0.0000,0.000,4.877,4.558,1.0000
744.2333,104.7500,178.5198,0.0000,0.000,4.884,4.582,1.0000
749.2307,108.2539,174.9566,0.0000,0.000,4.891,4.607,1.0000
754.2279,111.7306,171.3670,0.0000,0.000,4.898,4.631,1.0000
759.2252,115.1833,167.7542,0.0000,0.000,4.905,4.655,1.0000
764.2227,118.6154,164.1216,0.0000,0.000,4.901,4.661,1.0000
769.2206,122.0302,160.4722,0.0000,0.000,4.897,4.667,1.0000
774.2188,125.4310,156.8094,0.0000,0.000,4.893,4.674,1.0000
779.2173,128.8212,153.1363,0.0000,0.000,4.890,4.680,1.0000
784.2161,132.2041,149.4561,0.0000,0.000,4.886,4.686,1.0000
789.2150,135.5831,145.7721,0.0000,0.000,4.882,4.692,1.0000
794.2140,138.9614,142.0875,0.0000,0.000,4.878,4.698,1.0000
799.2129,142.3414,138.4045,0.0000,0.000,4.874,4.705,1.0000
804.2118,145.7231,134.7230,0.0000,0.000,4.871,4.711,1.0000
809.2106,149.1060,131.0428,0.0000,0.000,4.867,4.717,1.0000
814.2094,152.4899,127.3635,0.0000,0.000,4.863,4.723,1.0000
819.2081,155.8744,123.6848,0.0000,0.000,4.859,4.729,1.0000
824.2068,159.2591,120.0064,0.0000,0.000,4.855,4.736,1.0000
829.2055,162.6436,116.3278,0.0000,0.000,4.852,4.742,1.0000
834.2041,166.0277,112.6489,0.0000,0.000,4.848,4.748,1.0000
839.2027,169.4109,108.9693,0.0000,0.000,4.844,4.754,1.0000
844.2013,172.7929,105.2886,0.0000,0.000,4.840,4.760,1.0000
849.1998,176.1734,101.6065,0.0000,0.000,4.837,4.767,1.0000
854.1983,179.5521,97.9229,0.0000,0.000,4.833,4.773,1.0000
859.1968,182.9293,94.2378,0.0000,0.000,4.829,4.779,1.0000
864.1953,186.3049,90.5514,0.0000,0.000,4.826,4.785,1.0000
869.1937,189.6791,86.8637,0.0000,0.000,4.824,4.790,1.0000
874.1922,193.0520,83.1748,0.0000,0.000,4.822,4.795,1.0000
879.1906,196.4238,79.4849,0.0000,0.000,4.821,4.801,1.0000
884.1891,199.7945,75.7940,0.0000,0.000,4.819,4.806,1.0000
889.1875,203.1643,72.1022,0.0000,0.000,4.817,4.811,1.0000
894.1860,206.5332,68.4096,0.0000,0.000,4.815,4.817,1.0000
899.1845,209.9014,64.7163,0.0000,0.000,4.813,4.822,1.0000
904.1830,213.2689,61.0225,0.0000,0.000,4.812,4.827,1.0000
909.1815,216.6360,57.3281,0.0000,0.000,4.810,4.832,1.0000
914.1801,220.0026,53.6333,0.0000,0.000,4.808,4.838,1.0000
919.1787,223.3690,49.9383,0.0000,0.000,4.806,4.843,1.0000
924.1773,226.7352,46.2430,0.0000,0.000,4.804,4.848,1.0000
929.1760,230.1013,42.5476,0.0000,0.000,4.803,4.854,1.0000
934.1747,233.4675,38.8522,0.0000,0.000,4.801,4.859,1.0000
939.1735,236.8338,35.1569,0.0000,0.000,4.799,4.864,1.0000
944.1723,240.2004,31.4617,0.0000,0.000,4.797,4.869,1.0000
949.1712,243.5674,27.7668,0.0000,0.000,4.795,4.875,1.0000
954.1701,246.9349,24.0723,0.0000,0.000,4.794,4.880,1.0000
959.1691,250.3030,20.3782,0.0000,0.000,4.792,4.885,1.0000
964.1682,253.6718,16.6848,0.0000,0.000,4.790,4.891,1.0000
969.1672,257.0415,12.9921,0.0000,0.000,4.788,4.896,1.0000
974.1662,260.4122,9.3004,0.0000,0.000,4.786,4.901,1.0000
979.1651,263.7841,5.6100,0.0000,0.000,4.785,4.906,1.0000
984.1638,267.1573,1.9210,0.0000,0.000,4.783,4.912,1.0000
989.1624,270.5319,-1.7664,0.0000,0.000,4.781,4.917,1.0000
994.1607,273.9082,-5.4520,0.0000,0.000,4.779,4.922,1.0000
999.1586,277.2863,-9.1355,0.0000,0.000,4.777,4.928,1.0000
1004.1562,280.6662,-12.8168,0.0000,0.000,4.776,4.933,1.0000
1009.1535,284.0483,-16.4957,0.0000,0.000,4.774,4.938,1.0000
1014.1502,287.4328,-20.1717,0.0000,0.000,4.786,4.912,1.0000
1019.1468,290.8252,-23.8401,0.0000,0.000,4.804,4.875,1.0000
1024.1435,294.2344,-27.4931,0.0000,0.000,4.821,4.838,1.0000
1029.1411,297.6697,-31.1228,0.0000,0.000,4.839,4.801,1.0000
1034.1405,301.1403,-34.7212,0.0000,0.000,4.856,4.764,1.0000
1039.1427,304.6552,-38.2804,0.0000,0.000,4.783,4.766,1.0000
1044.1473,308.2271,-41.7858,0.0000,0.000,4.437,4.886,1.0000
1049.1461,311.8821,-45.1958,0.0000,0.000,4.113,4.977,1.0000
1054.1327,315.6502,-48.4620,0.0000,0.000,4.144,4.591,1.0000
1059.1069,319.5609,-51.5359,0.0000,0.000,4.175,4.204,1.0000
1064.0767,323.6442,-54.3690,0.0000,0.000,4.193,4.329,1.0000
1069.0595,327.9217,-56.9245,0.0000,0.000,4.209,4.498,1.0000
1074.0675,332.3554,-59.2531,0.0000,0.000,4.226,4.667,1.0000
1079.0949,336.8797,-61.4452,0.0000,0.000,4.310,4.710,1.0000
1084.1250,341.4288,-63.5919,0.0000,0.000,4.484,4.586,1.0000
1089.1379,345.9371,-65.7837,0.0000,0.000,4.658,4.462,1.0000
1094.1174,350.3391,-68.1114,0.0000,0.000,4.833,4.339,1.0000
1099.0703,354.6146,-70.6117,0.0000,0.000,4.752,4.378,1.0000
1104.0305,358.8459,-73.1999,0.0000,0.000,4.607,4.459,1.0000
1109.0276,363.1276,-75.7764,0.0000,0.000,4.463,4.539,1.0000
1114.0634,367.4692,-78.3279,0.0000,0.000,4.318,4.620,1.0000
1119.1012,371.7683,-80.9541,0.0000,0.000,4.355,4.576,1.0000
1124.1104,375.9188,-83.7587,0.0000,0.000,4.459,4.487,1.0000
1129.0908,379.8780,-86.7801,0.0000,0.000,4.633,4.333,1.0000
1134.0561,383.6527,-90.0059,0.0000,0.000,4.892,4.100,1.0000
1139.0181,387.2511,-93.4224,0.0000,0.000,4.695,4.308,1.0000
1143.9859,390.6813,-97.0160,0.0000,0.000,4.506,4.508,1.0000
1148.9666,393.9514,-100.7727,0.0000,0.000,4.576,4.455,1.0000
1153.9637,397.0687,-104.6783,0.0000,0.000,4.638,4.419,1.0000
1158.9751,400.0369,-108.7161,0.0000,0.000,4.635,4.522,1.0000
1163.9959,402.8589,-112.8688,0.0000,0.000,4.632,4.625,1.0000
1169.0197,405.5375,-117.1189,0.0000,0.000,4.649,4.635,1.0000
1174.0389,408.0755,-121.4492,0.0000,0.000,4.687,4.546,1.0000
1179.0461,410.4757,-125.8435,0.0000,0.000,4.724,4.457,1.0000
1184.0408,412.7401,-130.2955,0.0000,0.000,4.758,4.374,1.0000
1189.0263,414.8703,-134.8030,0.0000,0.000,4.778,4.314,1.0000
1194.0055,416.8678,-139.3639,0.0000,0.000,4.799,4.254,1.0000
1198.9812,418.7344,-143.9762,0.0000,0.000,4.819,4.194,1.0000
1203.9560,420.4715,-148.6379,0.0000,0.000,4.793,4.155,1.0000
1208.9324,422.0809,-153.3468,0.0000,0.000,4.669,4.161,1.0000
1213.9125,423.5641,-158.1010,0.0000,0.000,4.546,4.167,1.0000
1218.8984,424.9228,-162.8982,0.0000,0.000,4.423,4.173,1.0000
1223.8920,426.1585,-167.7365,0.0000,0.000,4.315,4.180,1.0000
1228.8950,427.2728,-172.6138,0.0000,0.000,4.301,4.201,1.0000
1233.9088,428.2687,-177.5277,0.0000,0.000,4.286,4.221,1.0000
1238.9327,429.1672,-182.4706,0.0000,0.000,4.272,4.241,1.0000
1243.9631,430.0035,-187.4310,0.0000,0.000,4.258,4.261,1.0000
1248.9949,430.8134,-192.3972,0.0000,0.000,4.342,4.276,1.0000
1254.0224,431.6324,-197.3576,0.0000,0.000,4.525,4.285,1.0000
1259.0402,432.4964,-202.3004,0.0000,0.000,4.658,4.290,1.0000
1264.0438,433.4409,-207.2140,0.0000,0.000,4.524,4.270,1.0000
1269.0307,434.5016,-212.0869,0.0000,0.000,4.390,4.251,1.0000
1274.0012,435.7141,-216.9072,0.0000,0.000,4.245,4.238,1.0000
1278.9591,437.1142,-221.6633,0.0000,0.000,4.075,4.240,1.0000
1283.9130,438.7375,-226.3437,0.0000,0.000,3.951,4.248,1.0000
1288.8756,440.6136,-230.9380,0.0000,0.000,3.888,4.264,1.0000
1293.8556,442.7268,-235.4474,0.0000,0.000,3.902,4.515,1.0000
1298.8540,445.0411,-239.8777,0.0000,0.000,3.968,4.636,1.0000
1303.8674,447.5204,-244.2352,0.0000,0.000,4.103,4.508,1.0000
1308.8884,450.1284,-248.5257,0.0000,0.000,4.239,4.380,1.0000
1313.9067,452.8290,-252.7554,0.0000,0.000,4.298,4.290,1.0000
1318.9147,455.5928,-256.9317,0.0000,0.000,4.340,4.209,1.0000
1323.9145,458.4052,-261.0655,0.0000,0.000,4.382,4.128,1.0000
1328.9091,461.2539,-265.1680,0.0000,0.000,4.380,4.108,1.0000
1333.9008,464.1264,-269.2504,0.0000,0.000,4.349,4.128,1.0000
1338.8917,467.0102,-273.3239,0.0000,0.000,4.319,4.148,1.0000
1343.8840,469.8934,-277.3994,0.0000,0.000,4.288,4.168,1.0000
1348.8781,472.7711,-281.4811,0.0000,0.000,4.257,4.187,1.0000
1353.8740,475.6436,-285.5686,0.0000,0.000,4.226,4.207,1.0000
1358.8713,478.5117,-289.6609,0.0000,0.000,4.195,4.227,1.0000
1363.8699,481.3760,-293.7575,0.0000,0.000,4.164,4.246,1.0000
1368.8695,484.2370,-297.8576,0.0000,0.000,4.134,4.266,1.0000
1373.8698,487.0955,-301.9603,0.0000,0.000,4.125,4.278,1.0000
1378.8707,489.9520,-306.0650,0.0000,0.000,4.135,4.284,1.0000
1383.8717,492.8073,-310.1708,0.0000,0.000,4.146,4.290,1.0000
1388.8728,495.6618,-314.2772,0.0000,0.000,4.157,4.296,1.0000
1393.8735,498.5163,-318.3832,0.0000,0.000,4.168,4.301,1.0000
1398.8738,501.3713,-322.4883,0.0000,0.000,4.179,4.307,1.0000
1403.8735,504.2270,-326.5922,0.0000,0.000,4.190,4.313,1.0000
1408.8728,507.0834,-330.6951,0.0000,0.000,4.200,4.318,1.0000
1413.8716,509.9405,-334.7970,0.0000,0.000,4.211,4.324,1.0000
1418.8701,512.7983,-338.8979,0.0000,0.000,4.222,4.330,1.0000
1423.8682,515.6568,-342.9979,0.0000,0.000,4.233,4.335,1.0000
1428.8661,518.5160,-347.0972,0.0000,0.000,4.244,4.341,1.0000
1433.8637,521.3758,-351.1957,0.0000,0.000,4.255,4.347,1.0000
1438.8612,524.2364,-355.2935,0.0000,0.000,4.266,4.352,1.0000
1443.8586,527.0977,-359.3907,0.0000,0.000,4.276,4.358,1.0000
1448.8560,529.9597,-363.4874,0.0000,0.000,4.287,4.364,1.0000
1453.8533,532.8223,-367.5835,0.0000,0.000,4.298,4.369,1.0000
1458.8508,535.6857,-371.6793,0.0000,0.000,4.309,4.375,1.0000
1463.8483,538.5497,-375.7747,0.0000,0.000,4.320,4.381,1.0000
1468.8460,541.4145,-379.8699,0.0000,0.000,4.331,4.387,1.0000
1473.8439,544.2799,-383.9648,0.0000,0.000,4.342,4.392,1.0000
1478.8421,547.1460,-388.0596,0.0000,0.000,4.352,4.398,1.0000
1483.8406,550.0128,-392.1543,0.0000,0.000,4.363,4.404,1.0000
1488.8395,552.8803,-396.2490,0.0000,0.000,4.374,4.409,1.0000
1493.8389,555.7485,-400.3438,0.0000,0.000,4.385,4.415,1.0000
1498.8387,558.6174,-404.4386,0.0000,0.000,4.396,4.421,1.0000
1503.8391,561.4869,-408.5337,0.0000,0.000,4.407,4.426,1.0000
1508.8400,564.3567,-412.6292,0.0000,0.000,4.415,4.424,1.0000
1513.8411,567.2251,-416.7260,0.0000,0.000,4.416,4.403,1.0000
1518.8423,570.0906,-420.8249,0.0000,0.000,4.417,4.383,1.0000
1523.8433,572.9514,-424.9268,0.0000,0.000,4.419,4.363,1.0000
1528.8438,575.8059,-429.0325,0.0000,0.000,4.420,4.343,1.0000
1533.8436,578.6524,-433.1429,0.0000,0.000,4.422,4.322,1.0000
1538.8424,581.4892,-437.2589,0.0000,0.000,4.423,4.302,1.0000
1543.8401,584.3146,-441.3813,0.0000,0.000,4.424,4.282,1.0000
1548.8365,587.1271,-445.5109,0.0000,0.000,4.426,4.262,1.0000
1553.8314,589.9248,-449.6487,0.0000,0.000,4.427,4.241,1.0000
1558.8245,592.7062,-453.7954,0.0000,0.000,4.429,4.221,1.0000
1563.8160,595.4681,-457.9531,0.0000,0.000,4.548,4.182,1.0000
1568.8063,598.2015,-462.1282,0.0000,0.000,4.721,4.134,1.0000
1573.7964,600.8960,-466.3284,0.0000,0.000,4.795,4.130,1.0000
1578.7876,603.5409,-470.5612,0.0000,0.000,4.693,4.200,1.0000
1583.7817,606.1260,-474.8341,0.0000,0.000,4.591,4.271,1.0000
1588.7809,608.6407,-479.1548,0.0000,0.000,4.489,4.342,1.0000
1593.7858,611.0785,-483.5258,0.0000,0.000,4.434,4.408,1.0000
1598.7943,613.4379,-487.9438,0.0000,0.000,4.425,4.469,1.0000
1603.8040,615.7176,-492.4047,0.0000,0.000,4.417,4.531,1.0000
1608.8124,617.9166,-496.9046,0.0000,0.000,4.409,4.592,1.0000
1613.8173,620.0335,-501.4397,0.0000,0.000,4.400,4.654,1.0000
1618.8172,622.0694,-506.0064,0.0000,0.000,4.504,4.533,1.0000
1623.8137,624.0305,-510.6019,0.0000,0.000,4.613,4.403,1.0000
1628.8080,625.9237,-515.2235,0.0000,0.000,4.721,4.274,1.0000
1633.8014,627.7558,-519.8686,0.0000,0.000,4.830,4.145,1.0000
1638.7946,629.5338,-524.5346,0.0000,0.000,4.873,4.087,1.0000
1643.7883,631.2644,-529.2188,0.0000,0.000,4.778,4.180,1.0000
1648.7826,632.9545,-533.9185,0.0000,0.000,4.684,4.273,1.0000
1653.7779,634.6110,-538.6311,0.0000,0.000,4.590,4.365,1.0000
1658.7740,636.2408,-543.3539,0.0000,0.000,4.522,4.440,1.0000
1663.7708,637.8507,-548.0843,0.0000,0.000,4.536,4.459,1.0000
1668.7681,639.4476,-552.8195,0.0000,0.000,4.550,4.478,1.0000
1673.7657,641.0374,-557.5575,0.0000,0.000,4.564,4.497,1.0000
1678.7634,642.6216,-562.2975,0.0000,0.000,4.578,4.516,1.0000
1683.7613,644.2009,-567.0393,0.0000,0.000,4.592,4.535,1.0000
1688.7593,645.7760,-571.7826,0.0000,0.000,4.605,4.554,1.0000
1693.7575,647.3475,-576.5274,0.0000,0.000,4.619,4.573,1.0000
1698.7558,648.9160,-581.2732,0.0000,0.000,4.633,4.592,1.0000
1703.7543,650.4822,-586.0199,0.0000,0.000,4.647,4.611,1.0000
1708.7528,652.0467,-590.7673,0.0000,0.000,4.661,4.630,1.0000
1713.7513,653.6100,-595.5151,0.0000,0.000,4.675,4.649,1.0000
1718.7500,655.1730,-600.2631,0.0000,0.000,4.689,4.668,1.0000
1723.7486,656.7361,-605.0111,0.0000,0.000,4.703,4.687,1.0000
1728.7473,658.2998,-609.7589,0.0000,0.000,4.716,4.706,1.0000
1733.7460,659.8642,-614.5065,0.0000,0.000,4.730,4.725,1.0000
1738.7447,661.4293,-619.2539,0.0000,0.000,4.739,4.737,1.0000
1743.7435,662.9949,-624.0011,0.0000,0.000,4.742,4.740,1.0000
1748.7422,664.5612,-628.7481,0.0000,0.000,4.745,4.743,1.0000
1753.7410,666.1280,-633.4950,0.0000,0.000,4.748,4.746,1.0000
1758.7398,667.6954,-638.2417,0.0000,0.000,4.751,4.750,1.0000
1763.7386,669.2632,-642.9882,0.0000,0.000,4.754,4.753,1.0000
1768.7374,670.8316,-647.7346,0.0000,0.000,4.757,4.756,1.0000
1773.7362,672.4004,-652.4809,0.0000,0.000,4.760,4.759,1.0000
1778.7350,673.9697,-657.2270,0.0000,0.000,4.763,4.762,1.0000
1783.7338,675.5394,-661.9730,0.0000,0.000,4.766,4.765,1.0000
1788.7327,677.1095,-666.7188,0.0000,0.000,4.769,4.768,1.0000
1793.7315,678.6800,-671.4646,0.0000,0.000,4.772,4.771,1.0000
1798.7304,680.2508,-676.2102,0.0000,0.000,4.775,4.774,1.0000
1803.7292,681.8219,-680.9557,0.0000,0.000,4.778,4.777,1.0000
1808.7281,683.3934,-685.7012,0.0000,0.000,4.781,4.780,1.0000
1813.7270,684.9651,-690.4465,0.0000,0.000,4.784,4.784,1.0000
1818.7258,686.5371,-695.1918,0.0000,0.000,4.787,4.787,1.0000
1823.7247,688.1092,-699.9370,0.0000,0.000,4.790,4.790,1.0000
1828.7235,689.6816,-704.6821,0.0000,0.000,4.793,4.793,1.0000
1833.7224,691.2542,-709.4272,0.0000,0.000,4.796,4.796,1.0000
1838.7213,692.8269,-714.1722,0.0000,0.000,4.799,4.799,1.0000
1843.7201,694.3998,-718.9172,0.0000,0.000,4.802,4.802,1.0000
1848.7190,695.9727,-723.6621,0.0000,0.000,4.805,4.805,1.0000
1853.7178,697.5457,-728.4070,0.0000,0.000,4.808,4.808,1.0000
1858.7167,699.1188,-733.1519,0.0000,0.000,4.811,4.811,1.0000
1863.7155,700.6919,-737.8967,0.0000,0.000,4.814,4.815,1.0000
1868.7144,702.2651,-742.6416,0.0000,0.000,4.817,4.818,1.0000
1873.7132,703.8382,-747.3864,0.0000,0.000,4.820,4.821,1.0000
1878.7120,705.4112,-752.1313,0.0000,0.000,4.823,4.824,1.0000
1883.7108,706.9842,-756.8761,0.0000,0.000,4.826,4.827,1.0000
1888.7096,708.5572,-761.6210,0.0000,0.000,4.829,4.830,1.0000
1893.7083,710.1300,-766.3659,0.0000,0.000,4.832,4.833,1.0000
1898.7071,711.7026,-771.1108,0.0000,0.000,4.835,4.836,1.0000
1903.7058,713.2751,-775.8558,0.0000,0.000,4.838,4.839,1.0000
1908.7046,714.8474,-780.6008,0.0000,0.000,4.841,4.842,1.0000
1913.7033,716.4195,-785.3459,0.0000,0.000,4.844,4.846,1.0000
1918.7020,717.9914,-790.0910,0.0000,0.000,4.847,4.849,1.0000
1923.7007,719.5630,-794.8362,0.0000,0.000,4.850,4.852,1.0000
1928.6993,721.1343,-799.5814,0.0000,0.000,4.853,4.855,1.0000
1933.6980,722.7053,-804.3268,0.0000,0.000,4.856,4.858,1.0000
1938.6966,724.2760,-809.0722,0.0000,0.000,4.859,4.861,1.0000
1943.6952,725.8463,-813.8177,0.0000,0.000,4.862,4.864,1.0000
1948.6937,727.4163,-818.5634,0.0000,0.000,4.865,4.867,1.0000
1953.6923,728.9859,-823.3091,0.0000,0.000,4.868,4.870,1.0000
1958.6908,730.5552,-828.0549,0.0000,0.000,4.871,4.873,1.0000
1963.6893,732.1241,-832.8008,0.0000,0.000,4.874,4.876,1.0000
1968.6878,733.6927,-837.5467,0.0000,0.000,4.877,4.880,1.0000
1973.6863,735.2610,-842.2928,0.0000,0.000,4.880,4.883,1.0000
1978.6847,736.8290,-847.0390,0.0000,0.000,4.883,4.886,1.0000
1983.6832,738.3968,-851.7852,0.0000,0.000,4.886,4.889,1.0000
1988.6816,739.9642,-856.5315,0.0000,0.000,4.889,4.892,1.0000
1993.6800,741.5314,-861.2778,0.0000,0.000,4.892,4.895,1.0000
1998.6784,743.0983,-866.0243,0.0000,0.000,4.895,4.898,1.0000
2003.6768,744.6650,-870.7708,0.0000,0.000,4.896,4.900,1.0000
2008.6752,746.2315,-875.5174,0.0000,0.000,4.895,4.902,1.0000
2013.6735,747.7977,-880.2640,0.0000,0.000,4.894,4.903,1.0000
2018.6719,749.3637,-885.0107,0.0000,0.000,4.893,4.904,1.0000
2023.6702,750.9295,-889.7575,0.0000,0.000,4.893,4.905,1.0000
2028.6686,752.4951,-894.5043,0.0000,0.000,4.892,4.907,1.0000
2033.6669,754.0605,-899.2512,0.0000,0.000,4.891,4.908,1.0000
2038.6652,755.6258,-903.9981,0.0000,0.000,4.890,4.909,1.0000
2043.6636,757.1908,-908.7451,0.0000,0.000,4.889,4.910,1.0000
2048.6619,758.7558,-913.4921,0.0000,0.000,4.888,4.911,1.0000
2053.6602,760.3206,-918.2392,0.0000,0.000,4.887,4.913,1.0000
2058.6586,761.8852,-922.9863,0.0000,0.000,4.886,4.914,1.0000
2063.6569,763.4498,-927.7335,0.0000,0.000,4.885,4.915,1.0000
2068.6552,765.0142,-932.4807,0.0000,0.000,4.884,4.916,1.0000
2073.6535,766.5785,-937.2279,0.0000,0.000,4.884,4.918,1.0000
2078.6519,768.1427,-941.9752,0.0000,0.000,4.883,4.919,1.0000
2083.6502,769.7069,-946.7225,0.0000,0.000,4.882,4.920,1.0000
2088.6485,771.2710,-951.4698,0.0000,0.000,4.881,4.921,1.0000
2093.6469,772.8350,-956.2171,0.0000,0.000,4.880,4.923,1.0000
2098.6453,774.3990,-960.9645,0.0000,0.000,4.879,4.924,1.0000
2103.6436,775.9629,-965.7119,0.0000,0.000,4.878,4.925,1.0000
2108.6420,777.5268,-970.4593,0.0000,0.000,4.877,4.926,1.0000
2113.6404,779.0907,-975.2067,0.0000,0.000,4.876,4.928,1.0000
2118.6388,780.6546,-979.9542,0.0000,0.000,4.875,4.929,1.0000
2123.6372,782.2185,-984.7016,0.0000,0.000,4.875,4.930,1.0000
2128.6356,783.7824,-989.4491,0.0000,0.000,4.874,4.931,1.0000
2133.6340,785.3463,-994.1966,0.0000,0.000,4.873,4.932,1.0000
2138.6325,786.9103,-998.9440,0.0000,0.000,4.872,4.934,1.0000
2143.6309,788.4743,-1003.6915,0.0000,0.000,4.871,4.935,1.0000
2148.6294,790.0383,-1008.4390,0.0000,0.000,4.870,4.936,1.0000
2153.6279,791.6025,-1013.1865,0.0000,0.000,4.869,4.937,1.0000
2158.6264,793.1667,-1017.9339,0.0000,0.000,4.868,4.939,1.0000
2163.6250,794.7309,-1022.6814,0.0000,0.000,4.867,4.940,1.0000
2168.6235,796.2953,-1027.4288,0.0000,0.000,4.866,4.941,1.0000
2173.6221,797.8598,-1032.1763,0.0000,0.000,4.866,4.942,1.0000
2178.6207,799.4244,-1036.9237,0.0000,0.000,4.865,4.944,1.0000
2183.6193,800.9891,-1041.6711,0.0000,0.000,4.864,4.945,1.0000
2188.6180,802.5540,-1046.4185,0.0000,0.000,4.863,4.946,1.0000
2193.6166,804.1190,-1051.1658,0.0000,0.000,4.862,4.947,1.0000
2198.6153,805.6842,-1055.9132,0.0000,0.000,4.861,4.949,1.0000
2203.6141,807.2496,-1060.6605,0.0000,0.000,4.860,4.950,1.0000
2208.6128,808.8151,-1065.4078,0.0000,0.000,4.859,4.951,1.0000
2213.6116,810.3808,-1070.1550,0.0000,0.000,4.858,4.952,1.0000
2218.6104,811.9467,-1074.9022,0.0000,0.000,4.857,4.953,1.0000
2223.6093,813.5129,-1079.6494,0.0000,0.000,4.856,4.955,1.0000
2228.6082,815.0792,-1084.3966,0.0000,0.000,4.856,4.956,1.0000
2233.6071,816.6458,-1089.1437,0.0000,0.000,4.855,4.957,1.0000
2238.6060,818.2126,-1093.8907,0.0000,0.000,4.854,4.958,1.0000
2243.6050,819.7797,-1098.6377,0.0000,0.000,4.853,4.960,1.0000
2248.6040,821.3470,-1103.3847,0.0000,0.000,4.852,4.961,1.0000
2253.6031,822.9147,-1108.1316,0.0000,0.000,4.851,4.962,1.0000
2258.6022,824.4826,-1112.8785,0.0000,0.000,4.850,4.963,1.0000
2263.6013,826.0507,-1117.6253,0.0000,0.000,4.849,4.965,1.0000
2268.6005,827.6192,-1122.3720,0.0000,0.000,4.848,4.966,1.0000
2273.5997,829.1881,-1127.1187,0.0000,0.000,4.847,4.967,1.0000
2278.5990,830.7572,-1131.8653,0.0000,0.000,4.847,4.968,1.0000
2283.5983,832.3267,-1136.6119,0.0000,0.000,4.846,4.970,1.0000
2288.5976,833.8965,-1141.3584,0.0000,0.000,4.845,4.971,1.0000
2293.5970,835.4666,-1146.1048,0.0000,0.000,4.844,4.972,1.0000
2298.5964,837.0372,-1150.8511,0.0000,0.000,4.843,4.973,1.0000
2303.5959,838.6081,-1155.5974,0.0000,0.000,4.842,4.974,1.0000
2308.5955,840.1794,-1160.3436,0.0000,0.000,4.841,4.976,1.0000
2313.5950,841.7511,-1165.0897,0.0000,0.000,4.840,4.977,1.0000
2318.5947,843.3232,-1169.8357,0.0000,0.000,4.839,4.978,1.0000
2323.5944,844.8957,-1174.5817,0.0000,0.000,4.838,4.979,1.0000
2328.5941,846.4687,-1179.3275,0.0000,0.000,4.838,4.981,1.0000
2333.5939,848.0421,-1184.0733,0.0000,0.000,4.837,4.982,1.0000
2338.5937,849.6159,-1188.8190,0.0000,0.000,4.836,4.983,1.0000
2343.5936,851.1903,-1193.5646,0.0000,0.000,4.817,4.981,1.0000
2348.5936,852.7650,-1198.3101,0.0000,0.000,4.789,4.977,1.0000
2353.5936,854.3403,-1203.0554,0.0000,0.000,4.760,4.973,1.0000
2358.5937,855.9160,-1207.8007,0.0000,0.000,4.732,4.970,1.0000
2363.5938,857.4923,-1212.5459,0.0000,0.000,4.735,4.970,1.0000
2368.5940,859.0691,-1217.2910,0.0000,0.000,4.783,4.977,1.0000
2373.5943,860.6463,-1222.0360,0.0000,0.000,4.830,4.983,1.0000
2378.5946,862.2242,-1226.7808,0.0000,0.000,4.877,4.989,1.0000
2383.5938,863.7919,-1231.5279,0.0000,0.000,4.865,4.850,1.0000
2388.5866,865.2967,-1236.2884,0.0000,0.000,4.853,4.710,1.0000
2393.5689,866.6751,-1241.0763,0.0000,0.000,4.842,4.571,1.0000
2398.5417,867.8634,-1245.9051,0.0000,0.000,5.050,4.620,1.0000
2403.5138,868.7983,-1250.7885,0.0000,0.000,5.192,4.675,1.0000
2408.5031,869.4161,-1255.7393,0.0000,0.000,5.298,4.704,1.0000
2413.5074,869.6522,-1260.7380,0.0000,0.000,5.362,4.759,1.0000
2418.4966,869.4405,-1265.7228,0.0000,0.000,5.214,4.880,1.0000
2423.4563,868.7145,-1270.6291,0.0000,0.000,5.220,4.991,1.0000
2428.3954,867.4081,-1275.3922,0.0000,0.000,5.130,5.076,1.0000
2433.3519,865.4551,-1279.9478,0.0000,0.000,5.014,5.095,1.0000
2438.3877,862.8142,-1284.2356,0.0000,0.000,4.899,5.002,1.0000
2443.4958,859.6275,-1288.2277,0.0000,0.000,4.943,4.795,1.0000
2448.5830,856.1181,-1291.9107,0.0000,0.000,4.818,4.587,1.0000
2453.5536,852.4576,-1295.2733,0.0000,0.000,4.584,4.379,1.0000
2458.4540,848.6141,-1298.3133,0.0000,0.000,4.704,4.294,1.0000
2463.3794,844.5063,-1301.0309,0.0000,0.000,4.409,4.439,1.0000
2468.3910,840.1526,-1303.5132,0.0000,0.000,4.295,4.528,1.0000
2473.4319,835.7888,-1306.0367,0.0000,0.000,4.237,4.600,1.0000
2478.4419,831.6762,-1308.8979,0.0000,0.000,4.328,4.449,1.0000
2483.4322,827.9591,-1312.2274,0.0000,0.000,4.433,4.281,1.0000
2488.4199,824.6332,-1315.9444,0.0000,0.000,4.249,4.605,1.0000
2493.4033,821.6862,-1319.9630,0.0000,0.000,4.247,4.622,1.0000
2498.3888,819.1099,-1324.2312,0.0000,0.000,4.352,4.457,1.0000
2503.3798,816.8976,-1328.7052,0.0000,0.000,4.349,4.379,1.0000
2508.3739,815.0561,-1333.3474,0.0000,0.000,4.322,4.414,1.0000
2513.3706,813.6218,-1338.1337,0.0000,0.000,4.291,4.463,1.0000
2518.3763,812.6351,-1343.0412,0.0000,0.000,4.290,4.377,1.0000
2523.3846,812.1446,-1348.0255,0.0000,0.000,4.308,4.282,1.0000
2528.3745,812.2087,-1353.0149,0.0000,0.000,4.242,4.448,1.0000
2533.3448,812.8754,-1357.9403,0.0000,0.000,4.289,4.260,1.0000
2538.3313,814.0301,-1362.7913,0.0000,0.000,4.273,4.273,1.0000
2543.3432,815.4368,-1367.6017,0.0000,0.000,4.212,4.322,1.0000
2548.3564,816.8789,-1372.4030,0.0000,0.000,4.210,4.348,1.0000
2553.3624,818.2951,-1377.2045,0.0000,0.000,4.222,4.368,1.0000
2558.3626,819.6915,-1382.0059,0.0000,0.000,4.234,4.389,1.0000
2563.3586,821.0745,-1386.8066,0.0000,0.000,4.246,4.409,1.0000
2568.3517,822.4504,-1391.6064,0.0000,0.000,4.258,4.430,1.0000
2573.3434,823.8257,-1396.4048,0.0000,0.000,4.270,4.450,1.0000
2578.3348,825.2067,-1401.2015,0.0000,0.000,4.281,4.471,1.0000
2583.3276,826.5998,-1405.9959,0.0000,0.000,4.293,4.491,1.0000
2588.3230,828.0115,-1410.7877,0.0000,0.000,4.305,4.512,1.0000
2593.3226,829.4480,-1415.5765,0.0000,0.000,4.317,4.532,1.0000
2598.3280,830.9158,-1420.3619,0.0000,0.000,4.329,4.553,1.0000
2603.3397,832.4127,-1425.1448,0.0000,0.000,4.341,4.573,1.0000
2608.3535,833.9042,-1429.9316,0.0000,0.000,4.353,4.594,1.0000
2613.3641,835.3476,-1434.7298,0.0000,0.000,4.365,4.614,1.0000
2618.3677,836.7003,-1439.5471,0.0000,0.000,4.404,4.606,1.0000
2623.3628,837.9199,-1444.3910,0.0000,0.000,4.591,4.439,1.0000
2628.3511,838.9636,-1449.2689,0.0000,0.000,4.778,4.271,1.0000
2633.3318,839.7882,-1454.1809,0.0000,0.000,4.879,4.187,1.0000
2638.3006,840.3492,-1459.1179,0.0000,0.000,4.792,4.282,1.0000
2643.2595,840.6022,-1464.0704,0.0000,0.000,4.661,4.335,1.0000
2648.2188,840.5028,-1469.0286,0.0000,0.000,4.474,4.338,1.0000
2653.1981,840.0064,-1473.9831,0.0000,0.000,4.410,4.470,1.0000
2658.2208,839.0728,-1478.9183,0.0000,0.000,4.465,4.432,1.0000
2663.2734,837.6917,-1483.7784,0.0000,0.000,4.355,4.371,1.0000
2668.3264,835.8656,-1488.4900,0.0000,0.000,4.172,4.420,1.0000
2673.3566,833.5970,-1492.9795,0.0000,0.000,4.195,4.417,1.0000
2678.3492,830.8884,-1497.1736,0.0000,0.000,4.251,4.192,1.0000
2683.3019,827.7428,-1500.9990,0.0000,0.000,4.557,3.987,1.0000
2688.2419,824.2009,-1504.4426,0.0000,0.000,4.715,4.200,1.0000
2693.2065,820.3854,-1507.6190,0.0000,0.000,4.693,4.388,1.0000
2698.1959,816.4281,-1510.6578,0.0000,0.000,4.649,4.506,1.0000
2703.1975,812.4165,-1513.6449,0.0000,0.000,4.604,4.625,1.0000
2708.2042,808.3835,-1516.6117,0.0000,0.000,4.564,4.675,1.0000
2713.2104,804.3533,-1519.5815,0.0000,0.000,4.525,4.688,1.0000
2718.2150,800.3302,-1522.5582,0.0000,0.000,4.487,4.700,1.0000
2723.2181,796.3138,-1525.5414,0.0000,0.000,4.463,4.705,1.0000
2728.2200,792.3035,-1528.5308,0.0000,0.000,4.470,4.693,1.0000
2733.2207,788.2989,-1531.5259,0.0000,0.000,4.477,4.682,1.0000
2738.2204,784.2995,-1534.5262,0.0000,0.000,4.484,4.670,1.0000
2743.2192,780.3050,-1537.5315,0.0000,0.000,4.491,4.659,1.0000
2748.2173,776.3147,-1540.5411,0.0000,0.000,4.498,4.647,1.0000
2753.2146,772.3283,-1543.5548,0.0000,0.000,4.505,4.636,1.0000
2758.2114,768.3454,-1546.5721,0.0000,0.000,4.512,4.624,1.0000
2763.2078,764.3653,-1549.5926,0.0000,0.000,4.519,4.613,1.0000
2768.2039,760.3878,-1552.6158,0.0000,0.000,4.526,4.601,1.0000
2773.1998,756.4122,-1555.6414,0.0000,0.000,4.533,4.590,1.0000
2778.1956,752.4382,-1558.6689,0.0000,0.000,4.540,4.578,1.0000
2783.1915,748.4653,-1561.6978,0.0000,0.000,4.548,4.567,1.0000
2788.1875,744.4931,-1564.7279,0.0000,0.000,4.555,4.555,1.0000
2793.1837,740.5210,-1567.7586,0.0000,0.000,4.562,4.544,1.0000
2798.1804,736.5486,-1570.7895,0.0000,0.000,4.569,4.532,1.0000
2803.1775,732.5755,-1573.8202,0.0000,0.000,4.576,4.521,1.0000
2808.1751,728.6012,-1576.8503,0.0000,0.000,4.583,4.509,1.0000
2813.1735,724.6251,-1579.8794,0.0000,0.000,4.590,4.498,1.0000
2818.1727,720.6470,-1582.9070,0.0000,0.000,4.597,4.486,1.0000
2823.1727,716.6666,-1585.9330,0.0000,0.000,4.604,4.475,1.0000
2828.1735,712.6843,-1588.9575,0.0000,0.000,4.611,4.463,1.0000
2833.1748,708.7001,-1591.9807,0.0000,0.000,4.618,4.452,1.0000
2838.1765,704.7146,-1595.0028,0.0000,0.000,4.625,4.440,1.0000
2843.1786,700.7278,-1598.0239,0.0000,0.000,4.632,4.429,1.0000
2848.1809,696.7402,-1601.0441,0.0000,0.000,4.639,4.417,1.0000
2853.1832,692.7520,-1604.0636,0.0000,0.000,4.647,4.406,1.0000
2858.1856,688.7634,-1607.0827,0.0000,0.000,4.654,4.394,1.0000
2863.1877,684.7748,-1610.1013,0.0000,0.000,4.661,4.383,1.0000
2868.1896,680.7864,-1613.1198,0.0000,0.000,4.668,4.371,1.0000
2873.1910,676.7985,-1616.1382,0.0000,0.000,4.675,4.360,1.0000
2878.1919,672.8114,-1619.1568,0.0000,0.000,4.682,4.348,1.0000
2883.1921,668.8254,-1622.1757,0.0000,0.000,4.689,4.337,1.0000
2888.1915,664.8407,-1625.1949,0.0000,0.000,4.696,4.325,1.0000
2893.1899,660.8576,-1628.2148,0.0000,0.000,4.703,4.313,1.0000
2898.1874,656.8764,-1631.2355,0.0000,0.000,4.710,4.302,1.0000
2903.1836,652.8974,-1634.2571,0.0000,0.000,4.717,4.290,1.0000
2908.1786,648.9208,-1637.2797,0.0000,0.000,4.724,4.279,1.0000
2913.1721,644.9470,-1640.3036,0.0000,0.000,4.731,4.267,1.0000
2918.1641,640.9761,-1643.3290,0.0000,0.000,4.738,4.256,1.0000
2923.1544,637.0086,-1646.3558,0.0000,0.000,4.746,4.244,1.0000
2928.1430,633.0446,-1649.3844,0.0000,0.000,4.753,4.233,1.0000
2933.1303,629.0832,-1652.4144,0.0000,0.000,4.760,4.221,1.0000
2938.1176,625.1222,-1655.4448,0.0000,0.000,4.767,4.210,1.0000
2943.1062,621.1591,-1658.4747,0.0000,0.000,4.774,4.198,1.0000
2948.0976,617.1914,-1661.5032,0.0000,0.000,4.781,4.187,1.0000
2953.0929,613.2169,-1664.5292,0.0000,0.000,4.788,4.175,1.0000
2958.0937,609.2331,-1667.5518,0.0000,0.000,4.795,4.164,1.0000
2963.1011,605.2376,-1670.5701,0.0000,0.000,4.802,4.152,1.0000
2968.1166,601.2279,-1673.5831,0.0000,0.000,4.809,4.141,1.0000
2973.1416,597.2018,-1676.5899,0.0000,0.000,4.816,4.129,1.0000
2978.1775,593.1567,-1679.5894,0.0000,0.000,4.823,4.118,1.0000
2983.2255,589.0902,-1682.5805,0.0000,0.000,4.830,4.106,1.0000
2988.2712,584.9873,-1685.5174,0.0000,0.000,4.837,4.095,1.0000
2993.2712,580.8067,-1688.2600,0.0000,0.000,4.657,4.327,1.0000
2998.1965,576.5034,-1690.6560,0.0000,0.000,4.372,4.696,1.0000
3003.0532,572.0327,-1692.5532,0.0000,0.000,4.618,4.490,1.0000
3007.8992,567.3497,-1693.7996,0.0000,0.000,4.904,4.228,1.0000
3012.8522,562.4181,-1694.2594,0.0000,0.000,4.744,4.282,1.0000
3017.9585,557.3171,-1694.0254,0.0000,0.000,4.656,4.311,1.0000
3023.1094,552.2099,-1693.3553,0.0000,0.000,4.663,4.308,1.0000
3028.1542,547.2428,-1692.4738,0.0000,0.000,4.495,4.478,1.0000
3033.0931,542.4330,-1691.3520,0.0000,0.000,4.191,4.782,1.0000
3038.0135,537.7453,-1689.8567,0.0000,0.000,4.516,4.485,1.0000
3042.9693,533.1833,-1687.9205,0.0000,0.000,4.971,4.064,1.0000
3047.9500,528.7993,-1685.5567,0.0000,0.000,4.765,4.136,1.0000
3052.9424,524.6479,-1682.7836,0.0000,0.000,4.533,4.285,1.0000
3057.9365,520.7841,-1679.6194,0.0000,0.000,4.351,4.471,1.0000
3062.9276,517.2628,-1676.0823,0.0000,0.000,4.355,4.462,1.0000
3067.9175,514.1360,-1672.1935,0.0000,0.000,4.499,4.289,1.0000
3072.9093,511.4363,-1667.9948,0.0000,0.000,4.629,4.129,1.0000
3077.9025,509.1883,-1663.5363,0.0000,0.000,4.547,4.196,1.0000
3082.8955,507.4167,-1658.8682,0.0000,0.000,4.484,4.255,1.0000
3087.8874,506.1460,-1654.0406,0.0000,0.000,4.485,4.291,1.0000
3092.8802,505.4006,-1649.1039,0.0000,0.000,4.499,4.307,1.0000
3097.8779,505.1935,-1644.1104,0.0000,0.000,4.570,4.236,1.0000
3102.8811,505.5133,-1639.1175,0.0000,0.000,4.583,4.179,1.0000
3107.8853,506.3457,-1634.1829,0.0000,0.000,4.517,4.190,1.0000
3112.8840,507.6765,-1629.3646,0.0000,0.000,4.303,4.419,1.0000
3117.8703,509.4915,-1624.7204,0.0000,0.000,4.368,4.342,1.0000
3122.8406,511.7745,-1620.3055,0.0000,0.000,4.445,4.265,1.0000
3127.8095,514.4852,-1616.1411,0.0000,0.000,4.482,4.265,1.0000
3132.7927,517.5662,-1612.2245,0.0000,0.000,4.497,4.279,1.0000
3137.7927,520.9597,-1608.5524,0.0000,0.000,4.503,4.298,1.0000
3142.8008,524.6079,-1605.1214,0.0000,0.000,4.755,4.136,1.0000
3147.7996,528.4533,-1601.9276,0.0000,0.000,4.790,4.145,1.0000
3152.7845,532.4504,-1598.9488,0.0000,0.000,4.309,4.551,1.0000
3157.7679,536.5673,-1596.1408,0.0000,0.000,4.170,4.657,1.0000
3162.7564,540.7731,-1593.4582,0.0000,0.000,4.267,4.557,1.0000
3167.7518,545.0369,-1590.8555,0.0000,0.000,4.275,4.568,1.0000
3172.7524,549.3277,-1588.2873,0.0000,0.000,4.280,4.582,1.0000
3177.7556,553.6173,-1585.7124,0.0000,0.000,4.286,4.595,1.0000
3182.7595,557.8961,-1583.1178,0.0000,0.000,4.292,4.609,1.0000
3187.7634,562.1616,-1580.5017,0.0000,0.000,4.297,4.622,1.0000
3192.7662,566.4116,-1577.8625,0.0000,0.000,4.303,4.636,1.0000
3197.7670,570.6438,-1575.1985,0.0000,0.000,4.309,4.650,1.0000
3202.7650,574.8560,-1572.5082,0.0000,0.000,4.314,4.663,1.0000
3207.7607,579.0491,-1569.7927,0.0000,0.000,4.320,4.677,1.0000
3212.7548,583.2260,-1567.0550,0.0000,0.000,4.325,4.690,1.0000
3217.7483,587.3894,-1564.2981,0.0000,0.000,4.355,4.672,1.0000
3222.7420,591.5425,-1561.5250,0.0000,0.000,4.389,4.648,1.0000
3227.7368,595.6879,-1558.7388,0.0000,0.000,4.423,4.623,1.0000
3232.7334,599.8287,-1555.9425,0.0000,0.000,4.458,4.598,1.0000
3237.7324,603.9678,-1553.1391,0.0000,0.000,4.492,4.573,1.0000
3242.7347,608.1079,-1550.3316,0.0000,0.000,4.526,4.548,1.0000
3247.7410,612.2521,-1547.5230,0.0000,0.000,4.541,4.500,1.0000
3252.7519,616.4032,-1544.7163,0.0000,0.000,4.545,4.439,1.0000
3257.7664,620.5573,-1541.9077,0.0000,0.000,4.549,4.377,1.0000
3262.7724,624.6662,-1539.0480,0.0000,0.000,4.511,4.359,1.0000
3267.7571,628.6634,-1536.0698,0.0000,0.000,4.345,4.475,1.0000
3272.7168,632.4827,-1532.9057,0.0000,0.000,4.179,4.591,1.0000
3277.6625,636.0577,-1529.4882,0.0000,0.000,4.221,4.668,1.0000
3282.6254,639.3222,-1525.7501,0.0000,0.000,4.266,4.704,1.0000
3287.6341,642.2196,-1521.6645,0.0000,0.000,4.242,4.664,1.0000
3292.6739,644.7126,-1517.2844,0.0000,0.000,4.406,4.547,1.0000
3297.7222,646.7663,-1512.6728,0.0000,0.000,4.604,4.417,1.0000
3302.7568,648.3459,-1507.8924,0.0000,0.000,4.534,4.411,1.0000
3307.7590,649.4163,-1503.0060,0.0000,0.000,4.465,4.467,1.0000
3312.7191,649.9473,-1498.0745,0.0000,0.000,4.402,4.569,1.0000
3317.6615,649.9658,-1493.1322,0.0000,0.000,4.389,4.758,1.0000
3322.6168,649.5384,-1488.1953,0.0000,0.000,4.302,4.852,1.0000
3327.5980,648.7325,-1483.2797,0.0000,0.000,4.260,4.806,1.0000
3332.6026,647.6157,-1478.4013,0.0000,0.000,4.382,4.614,1.0000
3337.6160,646.2552,-1473.5760,0.0000,0.000,4.447,4.495,1.0000
3342.6216,644.7130,-1468.8139,0.0000,0.000,4.473,4.425,1.0000
3347.6218,643.0316,-1464.1048,0.0000,0.000,4.526,4.455,1.0000
3352.6209,641.2493,-1459.4344,0.0000,0.000,4.587,4.508,1.0000
3357.6202,639.4042,-1454.7880,0.0000,0.000,4.647,4.560,1.0000
3362.6198,637.5347,-1450.1511,0.0000,0.000,4.707,4.613,1.0000
3367.6189,635.6749,-1445.5108,0.0000,0.000,4.767,4.665,1.0000
3372.6176,633.8329,-1440.8639,0.0000,0.000,4.828,4.718,1.0000
3377.6159,632.0065,-1436.2112,0.0000,0.000,4.888,4.770,1.0000
3382.6139,630.1933,-1431.5536,0.0000,0.000,4.948,4.823,1.0000
3387.6119,628.3911,-1426.8919,0.0000,0.000,5.008,4.876,1.0000
3392.6098,626.5975,-1422.2269,0.0000,0.000,5.068,4.928,1.0000
3397.6078,624.8104,-1417.5594,0.0000,0.000,5.129,4.981,1.0000
3402.6059,623.0272,-1412.8902,0.0000,0.000,5.189,5.033,1.0000
3407.6041,621.2459,-1408.2202,0.0000,0.000,5.249,5.086,1.0000
3412.6026,619.4641,-1403.5500,0.0000,0.000,5.309,5.138,1.0000
3417.6014,617.6794,-1398.8807,0.0000,0.000,5.369,5.191,1.0000
3422.6005,615.8899,-1394.2128,0.0000,0.000,5.430,5.243,1.0000
3427.5999,614.0973,-1389.5458,0.0000,0.000,5.490,5.296,1.0000
3432.5994,612.3059,-1384.8783,0.0000,0.000,5.544,5.344,1.0000
3437.5989,610.5198,-1380.2088,0.0000,0.000,5.581,5.381,1.0000
3442.5981,608.7434,-1375.5358,0.0000,0.000,5.617,5.417,1.0000
3447.5970,606.9809,-1370.8579,0.0000,0.000,5.654,5.454,1.0000
3452.5955,605.2367,-1366.1736,0.0000,0.000,5.691,5.490,1.0000
3457.5936,603.5150,-1361.4814,0.0000,0.000,5.728,5.527,1.0000
3462.5913,601.8200,-1356.7799,0.0000,0.000,5.765,5.563,1.0000
3467.5888,600.1561,-1352.0676,0.0000,0.000,5.802,5.600,1.0000
3472.5861,598.5276,-1347.3431,0.0000,0.000,5.827,5.605,1.0000
3477.5837,596.9381,-1342.6050,0.0000,0.000,5.835,5.560,1.0000
3482.5815,595.3880,-1337.8536,0.0000,0.000,5.842,5.516,1.0000
3487.5798,593.8759,-1333.0896,0.0000,0.000,5.849,5.471,1.0000
3492.5783,592.4008,-1328.3136,0.0000,0.000,5.856,5.427,1.0000
3497.5771,590.9615,-1323.5265,0.0000,0.000,5.864,5.382,1.0000
3502.5762,589.5569,-1318.7289,0.0000,0.000,5.871,5.338,1.0000
3507.5753,588.1857,-1313.9215,0.0000,0.000,5.878,5.294,1.0000
3512.5743,586.8468,-1309.1051,0.0000,0.000,5.828,5.229,1.0000
3517.5732,585.5390,-1304.2803,0.0000,0.000,5.637,5.117,1.0000
3522.5717,584.2612,-1299.4479,0.0000,0.000,5.446,5.005,1.0000
3527.5696,583.0122,-1294.6086,0.0000,0.000,5.255,4.893,1.0000
3532.5666,581.7907,-1289.7631,0.0000,0.000,5.064,4.781,1.0000
3537.5630,580.5948,-1284.9120,0.0000,0.000,4.873,4.669,1.0000
3542.5589,579.4217,-1280.0558,0.0000,0.000,4.682,4.557,1.0000
3547.5545,578.2690,-1275.1950,0.0000,0.000,4.490,4.445,1.0000
3552.5502,577.1340,-1270.3300,0.0000,0.000,4.389,4.384,1.0000
3557.5459,576.0140,-1265.4613,0.0000,0.000,4.399,4.388,1.0000
3562.5420,574.9066,-1260.5896,0.0000,0.000,4.409,4.392,1.0000
3567.5385,573.8090,-1255.7151,0.0000,0.000,4.418,4.395,1.0000
3572.5355,572.7186,-1250.8385,0.0000,0.000,4.428,4.399,1.0000
3577.5331,571.6329,-1245.9603,0.0000,0.000,4.437,4.402,1.0000
3582.5314,570.5492,-1241.0808,0.0000,0.000,4.447,4.406,1.0000
3587.5305,569.4652,-1236.2007,0.0000,0.000,4.457,4.409,1.0000
3592.5304,568.3803,-1231.3200,0.0000,0.000,4.466,4.413,1.0000
3597.5308,567.2946,-1226.4389,0.0000,0.000,4.476,4.417,1.0000
3602.5317,566.2081,-1221.5574,0.0000,0.000,4.485,4.420,1.0000
3607.5330,565.1209,-1216.6757,0.0000,0.000,4.495,4.424,1.0000
3612.5346,564.0331,-1211.7938,0.0000,0.000,4.504,4.427,1.0000
3617.5364,562.9448,-1206.9118,0.0000,0.000,4.514,4.431,1.0000
3622.5383,561.8560,-1202.0299,0.0000,0.000,4.524,4.434,1.0000
3627.5401,560.7668,-1197.1481,0.0000,0.000,4.533,4.438,1.0000
3632.5418,559.6773,-1192.2665,0.0000,0.000,4.543,4.441,1.0000
3637.5433,558.5876,-1187.3852,0.0000,0.000,4.552,4.445,1.0000
3642.5444,557.4977,-1182.5042,0.0000,0.000,4.562,4.449,1.0000
3647.5451,556.4078,-1177.6238,0.0000,0.000,4.572,4.452,1.0000
3652.5452,555.3179,-1172.7439,0.0000,0.000,4.581,4.456,1.0000
3657.5446,554.2281,-1167.8647,0.0000,0.000,4.591,4.459,1.0000
3662.5433,553.1384,-1162.9863,0.0000,0.000,4.600,4.463,1.0000
3667.5411,552.0489,-1158.1087,0.0000,0.000,4.610,4.466,1.0000
3672.5379,550.9598,-1153.2320,0.0000,0.000,4.619,4.470,1.0000
3677.5336,549.8710,-1148.3564,0.0000,0.000,4.627,4.468,1.0000
3682.5281,548.7828,-1143.4819,0.0000,0.000,4.628,4.453,1.0000
3687.5214,547.6950,-1138.6086,0.0000,0.000,4.630,4.437,1.0000
3692.5132,546.6079,-1133.7366,0.0000,0.000,4.631,4.422,1.0000
3697.5037,545.5219,-1128.8656,0.0000,0.000,4.632,4.406,1.0000
3702.4936,544.4384,-1123.9948,0.0000,0.000,4.634,4.391,1.0000
3707.4836,543.3588,-1119.1230,0.0000,0.000,4.635,4.375,1.0000
3712.4744,542.2845,-1114.2492,0.0000,0.000,4.637,4.360,1.0000
3717.4666,541.2171,-1109.3725,0.0000,0.000,4.638,4.345,1.0000
3722.4610,540.1579,-1104.4916,0.0000,0.000,4.640,4.329,1.0000
3727.4583,539.1085,-1099.6058,0.0000,0.000,4.641,4.314,1.0000
3732.4592,538.0701,-1094.7138,0.0000,0.000,4.642,4.298,1.0000
3737.4646,537.0444,-1089.8147,0.0000,0.000,4.644,4.283,1.0000
3742.4750,536.0326,-1084.9075,0.0000,0.000,4.645,4.267,1.0000
3747.4914,535.0364,-1079.9910,0.0000,0.000,4.647,4.252,1.0000
3752.5135,534.0525,-1075.0663,0.0000,0.000,4.648,4.236,1.0000
3757.5376,533.0622,-1070.1407,0.0000,0.000,4.650,4.221,1.0000
3762.5593,532.0431,-1065.2235,0.0000,0.000,4.651,4.205,1.0000
3767.5749,530.9728,-1060.3235,0.0000,0.000,4.631,4.200,1.0000
3772.5810,529.8290,-1055.4497,0.0000,0.000,4.501,4.246,1.0000
3777.5757,528.5894,-1050.6113,0.0000,0.000,4.371,4.292,1.0000
3782.5583,527.2316,-1045.8172,0.0000,0.000,4.274,4.390,1.0000
3787.5302,525.7334,-1041.0765,0.0000,0.000,4.201,4.527,1.0000
3792.4948,524.0723,-1036.3981,0.0000,0.000,4.129,4.665,1.0000
3797.4580,522.2260,-1031.7910,0.0000,0.000,4.092,4.671,1.0000
3802.4287,520.1723,-1027.2644,0.0000,0.000,4.072,4.617,1.0000
3807.4133,517.8975,-1022.8291,0.0000,0.000,4.082,4.580,1.0000
3812.4086,515.4051,-1018.5001,0.0000,0.000,4.207,4.609,1.0000
3817.4106,512.7004,-1014.2924,0.0000,0.000,4.328,4.635,1.0000
3822.4156,509.7888,-1010.2215,0.0000,0.000,4.373,4.628,1.0000
3827.4205,506.6757,-1006.3025,0.0000,0.000,4.417,4.620,1.0000
3832.4232,503.3664,-1002.5508,0.0000,0.000,4.423,4.641,1.0000
3837.4222,499.8664,-998.9814,0.0000,0.000,4.365,4.705,1.0000
3842.4172,496.1810,-995.6099,0.0000,0.000,4.308,4.770,1.0000
3847.4090,492.3156,-992.4512,0.0000,0.000,4.525,4.491,1.0000
3852.3998,488.2757,-989.5209,0.0000,0.000,4.700,4.260,1.0000
3857.3935,484.0665,-986.8340,0.0000,0.000,4.474,4.505,1.0000
3862.3954,479.7020,-984.3905,0.0000,0.000,4.315,4.638,1.0000
3867.4068,475.2255,-982.1376,0.0000,0.000,4.262,4.593,1.0000
3872.4189,470.6868,-980.0114,0.0000,0.000,4.209,4.547,1.0000
3877.4184,466.1079,-978.0042,0.0000,0.000,4.244,4.482,1.0000
3882.3998,461.4577,-976.2180,0.0000,0.000,4.308,4.411,1.0000
3887.3742,456.7002,-974.7653,0.0000,0.000,4.283,4.434,1.0000
3892.3588,451.8320,-973.6942,0.0000,0.000,4.154,4.567,1.0000
3897.3545,446.8878,-972.9792,0.0000,0.000,4.304,4.515,1.0000
3902.3548,441.9030,-972.5853,0.0000,0.000,4.523,4.399,1.0000
3907.3608,436.9003,-972.4037,0.0000,0.000,4.474,4.404,1.0000
3912.3692,431.8935,-972.2769,0.0000,0.000,4.426,4.408,1.0000
3917.3741,426.8917,-972.1021,0.0000,0.000,4.377,4.413,1.0000
3922.3755,421.8950,-971.8843,0.0000,0.000,4.329,4.418,1.0000
3927.3739,416.9025,-971.6410,0.0000,0.000,4.281,4.423,1.0000
3932.3695,411.9133,-971.3894,0.0000,0.000,4.232,4.427,1.0000
3937.3624,406.9263,-971.1470,0.0000,0.000,4.184,4.432,1.0000
3942.3527,401.9407,-970.9311,0.0000,0.000,4.135,4.437,1.0000
3947.3409,396.9554,-970.7591,0.0000,0.000,4.087,4.441,1.0000
3952.3279,391.9697,-970.6484,0.0000,0.000,4.038,4.446,1.0000
3957.3152,386.9825,-970.6163,0.0000,0.000,3.990,4.451,1.0000
3962.3052,381.9928,-970.6802,0.0000,0.000,4.290,4.588,1.0000
3967.3014,376.9998,-970.8574,0.0000,0.000,4.227,4.541,1.0000
3972.3063,372.0043,-971.1631,0.0000,0.000,4.164,4.494,1.0000
3977.3172,367.0128,-971.6043,0.0000,0.000,4.102,4.447,1.0000
3982.3306,362.0333,-972.1865,0.0000,0.000,4.088,4.405,1.0000
3987.3435,357.0737,-972.9151,0.0000,0.000,4.181,4.375,1.0000
3992.3532,352.1420,-973.7956,0.0000,0.000,4.274,4.345,1.0000
3997.3580,347.2460,-974.8334,0.0000,0.000,4.295,4.348,1.0000
4002.3566,342.3936,-976.0339,0.0000,0.000,4.298,4.361,1.0000
4007.3486,337.5929,-977.4025,0.0000,0.000,4.300,4.373,1.0000
4012.3344,332.8516,-978.9448,0.0000,0.000,4.192,4.479,1.0000
4017.3152,328.1778,-980.6661,0.0000,0.000,4.084,4.585,1.0000
4022.2930,323.5792,-982.5719,0.0000,0.000,3.976,4.691,1.0000
4027.2710,319.0612,-984.6619,0.0000,0.000,3.868,4.797,1.0000
4032.2525,314.6237,-986.9257,0.0000,0.000,4.006,4.675,1.0000
4037.2396,310.2662,-989.3511,0.0000,0.000,4.154,4.544,1.0000
4042.2331,305.9880,-991.9264,0.0000,0.000,4.287,4.442,1.0000
4047.2327,301.7887,-994.6397,0.0000,0.000,4.395,4.387,1.0000
4052.2372,297.6681,-997.4796,0.0000,0.000,4.504,4.332,1.0000
4057.2444,293.6307,-1000.4413,0.0000,0.000,4.382,4.467,1.0000
4062.2522,289.6845,-1003.5245,0.0000,0.000,4.209,4.643,1.0000
4067.2590,285.8374,-1006.7289,0.0000,0.000,4.393,4.530,1.0000
4072.2636,282.0974,-1010.0542,0.0000,0.000,4.710,4.309,1.0000
4077.2652,278.4722,-1013.5001,0.0000,0.000,4.680,4.324,1.0000
4082.2641,274.9669,-1017.0641,0.0000,0.000,4.576,4.387,1.0000
4087.2609,271.5836,-1020.7412,0.0000,0.000,4.456,4.459,1.0000
4092.2561,268.3240,-1024.5263,0.0000,0.000,4.302,4.546,1.0000
4097.2502,265.1898,-1028.4144,0.0000,0.000,4.148,4.634,1.0000
4102.2433,262.1828,-1032.4005,0.0000,0.000,4.147,4.667,1.0000
4107.2352,259.3049,-1036.4794,0.0000,0.000,4.177,4.688,1.0000
4112.2260,256.5578,-1040.6462,0.0000,0.000,4.206,4.710,1.0000
4117.2153,253.9434,-1044.8956,0.0000,0.000,4.151,4.681,1.0000
4122.2028,251.4633,-1049.2227,0.0000,0.000,4.086,4.645,1.0000
4127.1879,249.1194,-1053.6224,0.0000,0.000,4.046,4.607,1.0000
4132.1703,246.9126,-1058.0895,0.0000,0.000,4.142,4.553,1.0000
4137.1525,244.8347,-1062.6177,0.0000,0.000,4.239,4.498,1.0000
4142.1378,242.8708,-1067.1998,0.0000,0.000,4.335,4.444,1.0000
4147.1281,241.0063,-1071.8287,0.0000,0.000,4.365,4.426,1.0000
4152.1244,239.2263,-1076.4972,0.0000,0.000,4.370,4.422,1.0000
4157.1267,237.5161,-1081.1981,0.0000,0.000,4.375,4.418,1.0000
4162.1345,235.8609,-1085.9244,0.0000,0.000,4.380,4.414,1.0000
4167.1462,234.2459,-1090.6688,0.0000,0.000,4.386,4.410,1.0000
4172.1602,232.6564,-1095.4242,0.0000,0.000,4.391,4.405,1.0000
4177.1745,231.0775,-1100.1834,0.0000,0.000,4.396,4.401,1.0000
4182.1869,229.4946,-1104.9392,0.0000,0.000,4.401,4.397,1.0000
4187.1954,227.8930,-1109.6848,0.0000,0.000,4.406,4.393,1.0000
4192.1993,226.2665,-1114.4170,0.0000,0.000,4.411,4.389,1.0000
4197.1994,224.6181,-1119.1376,0.0000,0.000,4.417,4.384,1.0000
4202.1964,222.9510,-1123.8483,0.0000,0.000,4.422,4.380,1.0000
4207.1911,221.2687,-1128.5511,0.0000,0.000,4.427,4.376,1.0000
4212.1840,219.5745,-1133.2479,0.0000,0.000,4.432,4.372,1.0000
4217.1759,217.8719,-1137.9403,0.0000,0.000,4.437,4.368,1.0000
4222.1672,216.1641,-1142.6304,0.0000,0.000,4.442,4.364,1.0000
4227.1587,214.4545,-1147.3200,0.0000,0.000,4.448,4.359,1.0000
4232.1509,212.7466,-1152.0110,0.0000,0.000,4.451,4.357,1.0000
4237.1444,211.0437,-1156.7051,0.0000,0.000,4.452,4.359,1.0000
4242.1397,209.3490,-1161.4042,0.0000,0.000,4.453,4.362,1.0000
4247.1370,207.6628,-1166.1084,0.0000,0.000,4.454,4.364,1.0000
4252.1359,205.9839,-1170.8170,0.0000,0.000,4.455,4.367,1.0000
4257.1362,204.3108,-1175.5290,0.0000,0.000,4.456,4.369,1.0000
4262.1375,202.6420,-1180.2437,0.0000,0.000,4.457,4.371,1.0000
4267.1396,200.9763,-1184.9603,0.0000,0.000,4.458,4.374,1.0000
4272.1421,199.3122,-1189.6779,0.0000,0.000,4.459,4.376,1.0000
4277.1447,197.6483,-1194.3957,0.0000,0.000,4.460,4.378,1.0000
4282.1472,195.9833,-1199.1129,0.0000,0.000,4.460,4.381,1.0000
4287.1491,194.3156,-1203.8286,0.0000,0.000,4.461,4.383,1.0000
4292.1502,192.6439,-1208.5421,0.0000,0.000,4.462,4.386,1.0000
4297.1502,190.9669,-1213.2525,0.0000,0.000,4.463,4.388,1.0000
4302.1490,189.2842,-1217.9596,0.0000,0.000,4.464,4.390,1.0000
4307.1469,187.5969,-1222.6641,0.0000,0.000,4.465,4.393,1.0000
4312.1441,185.9061,-1227.3664,0.0000,0.000,4.466,4.395,1.0000
4317.1406,184.2128,-1232.0674,0.0000,0.000,4.467,4.397,1.0000
4322.1369,182.5180,-1236.7674,0.0000,0.000,4.468,4.400,1.0000
4327.1331,180.8229,-1241.4672,0.0000,0.000,4.469,4.402,1.0000
4332.1293,179.1284,-1246.1673,0.0000,0.000,4.469,4.404,1.0000
4337.1258,177.4356,-1250.8683,0.0000,0.000,4.470,4.407,1.0000
4342.1228,175.7457,-1255.5709,0.0000,0.000,4.471,4.409,1.0000
4347.1205,174.0596,-1260.2756,0.0000,0.000,4.472,4.412,1.0000
4352.1192,172.3783,-1264.9830,0.0000,0.000,4.473,4.414,1.0000
4357.1187,170.7014,-1269.6929,0.0000,0.000,4.474,4.416,1.0000
4362.1188,169.0277,-1274.4046,0.0000,0.000,4.475,4.419,1.0000
4367.1193,167.3558,-1279.1173,0.0000,0.000,4.476,4.421,1.0000
4372.1200,165.6845,-1283.8305,0.0000,0.000,4.477,4.423,1.0000
4377.1207,164.0125,-1288.5433,0.0000,0.000,4.478,4.426,1.0000
4382.1210,162.3384,-1293.2552,0.0000,0.000,4.478,4.428,1.0000
4387.1209,160.6611,-1297.9653,0.0000,0.000,4.479,4.431,1.0000
4392.1201,158.9792,-1302.6730,0.0000,0.000,4.480,4.433,1.0000
4397.1183,157.2915,-1307.3777,0.0000,0.000,4.481,4.435,1.0000
4402.1153,155.5966,-1312.0785,0.0000,0.000,4.482,4.438,1.0000
4407.1110,153.8934,-1316.7749,0.0000,0.000,4.483,4.440,1.0000
4412.1058,152.1852,-1321.4684,0.0000,0.000,4.484,4.442,1.0000
4417.1006,150.4799,-1326.1631,0.0000,0.000,4.485,4.445,1.0000
4422.0966,148.7859,-1330.8631,0.0000,0.000,4.486,4.447,1.0000
4427.0948,147.1114,-1335.5726,0.0000,0.000,4.487,4.449,1.0000
4432.0966,145.4648,-1340.2955,0.0000,0.000,4.487,4.452,1.0000
4437.1027,143.8488,-1345.0336,0.0000,0.000,4.374,4.465,1.0000
4442.1102,142.2310,-1349.7726,0.0000,0.000,4.249,4.479,1.0000
4447.1147,140.5662,-1354.4921,0.0000,0.000,4.368,4.476,1.0000
4452.1136,138.8088,-1359.1719,0.0000,0.000,4.465,4.366,1.0000
4457.1070,136.9133,-1363.7915,0.0000,0.000,4.481,4.242,1.0000
4462.0990,134.8358,-1368.3307,0.0000,0.000,4.387,4.114,1.0000
4467.0892,132.5516,-1372.7674,0.0000,0.000,4.266,3.986,1.0000
4472.0745,130.0488,-1377.0790,0.0000,0.000,4.274,3.882,1.0000
4477.0552,127.3155,-1381.2426,0.0000,0.000,4.317,3.785,1.0000
4482.0348,124.3398,-1385.2354,0.0000,0.000,4.360,3.688,1.0000
4487.0213,121.1101,-1389.0346,0.0000,0.000,4.299,3.743,1.0000
4492.0222,117.6211,-1392.6173,0.0000,0.000,4.179,3.884,1.0000
4497.0324,113.8890,-1395.9601,0.0000,0.000,4.055,4.026,1.0000
4502.0442,109.9350,-1399.0396,0.0000,0.000,3.926,4.169,1.0000
4507.0507,105.7799,-1401.8324,0.0000,0.000,3.920,4.146,1.0000
4512.0465,101.4446,-1404.3150,0.0000,0.000,4.203,3.729,1.0000
4517.0293,96.9502,-1406.4664,0.0000,0.000,4.324,3.546,1.0000
4522.0039,92.3175,-1408.2790,0.0000,0.000,4.224,3.684,1.0000
4526.9767,87.5675,-1409.7509,0.0000,0.000,4.139,3.816,1.0000
4531.9527,82.7213,-1410.8799,0.0000,0.000,4.155,3.907,1.0000
4536.9363,77.7997,-1411.6637,0.0000,0.000,4.172,3.997,1.0000
4541.9313,72.8238,-1412.1002,0.0000,0.000,4.259,3.873,1.0000
4546.9319,67.8238,-1412.1681,0.0000,0.000,4.359,3.708,1.0000
4551.9221,62.8463,-1411.8111,0.0000,0.000,4.460,3.544,1.0000
4556.9006,57.9388,-1410.9733,0.0000,0.000,4.296,3.738,1.0000
4561.8881,53.1128,-1409.7145,0.0000,0.000,4.099,3.980,1.0000
4566.8888,48.3403,-1408.2212,0.0000,0.000,3.978,4.174,1.0000
4571.8854,43.6002,-1406.6407,0.0000,0.000,4.227,4.145,1.0000
4576.8735,38.9002,-1404.9699,0.0000,0.000,4.476,4.115,1.0000
4581.8541,34.2543,-1403.1750,0.0000,0.000,4.564,4.192,1.0000
4586.8315,29.6761,-1401.2219,0.0000,0.000,4.586,4.312,1.0000
4591.8137,25.1794,-1399.0767,0.0000,0.000,4.552,4.435,1.0000
4596.8128,20.7771,-1396.7080,0.0000,0.000,4.487,4.560,1.0000
4601.8349,16.4536,-1394.1529,0.0000,0.000,4.450,4.608,1.0000
4606.8673,12.1626,-1391.5237,0.0000,0.000,4.429,4.615,1.0000
4611.8910,7.8563,-1388.9366,0.0000,0.000,4.407,4.622,1.0000
4616.8902,3.4869,-1386.5074,0.0000,0.000,4.374,4.612,1.0000
4621.8619,-0.9935,-1384.3525,0.0000,0.000,4.323,4.578,1.0000
4626.8233,-5.6243,-1382.5716,0.0000,0.000,4.272,4.544,1.0000
4631.7946,-10.3934,-1381.1685,0.0000,0.000,4.193,4.579,1.0000
4636.7844,-15.2698,-1380.1107,0.0000,0.000,4.134,4.620,1.0000
4641.7927,-20.2224,-1379.3661,0.0000,0.000,4.210,4.519,1.0000
4646.8119,-25.2202,-1378.9022,0.0000,0.000,4.334,4.429,1.0000
4651.8285,-30.2322,-1378.6872,0.0000,0.000,4.478,4.344,1.0000
4656.8257,-35.2292,-1378.7341,0.0000,0.000,4.380,4.443,1.0000
4661.7989,-40.1859,-1379.1385,0.0000,0.000,4.127,4.658,1.0000
4666.7660,-45.0774,-1380.0017,0.0000,0.000,3.968,4.763,1.0000
4671.7525,-49.8844,-1381.3273,0.0000,0.000,4.083,4.540,1.0000
4676.7540,-54.5933,-1383.0131,0.0000,0.000,4.199,4.316,1.0000
4681.7515,-59.1901,-1384.9736,0.0000,0.000,4.227,4.330,1.0000
4686.7421,-63.6597,-1387.1939,0.0000,0.000,4.235,4.399,1.0000
4691.7288,-67.9865,-1389.6730,0.0000,0.000,4.190,4.491,1.0000
4696.7154,-72.1547,-1392.4102,0.0000,0.000,4.112,4.597,1.0000
4701.7073,-76.1487,-1395.4047,0.0000,0.000,4.206,4.553,1.0000
4706.7109,-79.9524,-1398.6555,0.0000,0.000,4.425,4.400,1.0000
4711.7207,-83.5336,-1402.1588,0.0000,0.000,4.454,4.425,1.0000
4716.7216,-86.8434,-1405.9077,0.0000,0.000,4.288,4.632,1.0000
4721.7066,-89.8401,-1409.8914,0.0000,0.000,4.234,4.691,1.0000
4726.6907,-92.5741,-1414.0588,0.0000,0.000,4.299,4.594,1.0000
4731.6830,-95.1536,-1418.3330,0.0000,0.000,4.356,4.512,1.0000
4736.6788,-97.6763,-1422.6451,0.0000,0.000,4.371,4.505,1.0000
4741.6758,-100.1713,-1426.9746,0.0000,0.000,4.387,4.498,1.0000
4746.6739,-102.6433,-1431.3187,0.0000,0.000,4.402,4.491,1.0000
4751.6732,-105.0969,-1435.6744,0.0000,0.000,4.418,4.484,1.0000
4756.6733,-107.5367,-1440.0389,0.0000,0.000,4.433,4.478,1.0000
4761.6741,-109.9674,-1444.4092,0.0000,0.000,4.449,4.471,1.0000
4766.6753,-112.3936,-1448.7824,0.0000,0.000,4.464,4.464,1.0000
4771.6765,-114.8199,-1453.1556,0.0000,0.000,4.480,4.457,1.0000
4776.6774,-117.2510,-1457.5259,0.0000,0.000,4.495,4.450,1.0000
4781.6779,-119.6914,-1461.8904,0.0000,0.000,4.511,4.444,1.0000
4786.6776,-122.1458,-1466.2462,0.0000,0.000,4.526,4.437,1.0000
4791.6764,-124.6175,-1470.5912,0.0000,0.000,4.542,4.430,1.0000
4796.6745,-127.1057,-1474.9260,0.0000,0.000,4.557,4.423,1.0000
4801.6721,-129.6088,-1479.2515,0.0000,0.000,4.573,4.416,1.0000
4806.6692,-132.1251,-1483.5688,0.0000,0.000,4.588,4.410,1.0000
4811.6660,-134.6530,-1487.8790,0.0000,0.000,4.611,4.451,1.0000
4816.6627,-137.1910,-1492.1832,0.0000,0.000,4.634,4.500,1.0000
4821.6594,-139.7373,-1496.4823,0.0000,0.000,4.658,4.550,1.0000
4826.6560,-142.2903,-1500.7775,0.0000,0.000,4.681,4.600,1.0000
4831.6528,-144.8485,-1505.0698,0.0000,0.000,4.705,4.649,1.0000
4836.6498,-147.4101,-1509.3602,0.0000,0.000,4.728,4.699,1.0000
4841.6471,-149.9736,-1513.6499,0.0000,0.000,4.722,4.708,1.0000
4846.6446,-152.5374,-1517.9397,0.0000,0.000,4.671,4.660,1.0000
4851.6426,-155.0997,-1522.2309,0.0000,0.000,4.621,4.612,1.0000
4856.6411,-157.6591,-1526.5244,0.0000,0.000,4.571,4.564,1.0000
4861.6401,-160.2138,-1530.8214,0.0000,0.000,4.521,4.516,1.0000
4866.6397,-162.7622,-1535.1228,0.0000,0.000,4.470,4.467,1.0000
4871.6401,-165.3027,-1539.4297,0.0000,0.000,4.420,4.419,1.0000
4876.6413,-167.8337,-1543.7431,0.0000,0.000,4.370,4.371,1.0000
4881.6434,-170.3536,-1548.0642,0.0000,0.000,4.341,4.378,1.0000
4886.6466,-172.8607,-1552.3939,0.0000,0.000,4.321,4.407,1.0000
4891.6510,-175.3533,-1556.7333,0.0000,0.000,4.301,4.435,1.0000
4896.6568,-177.8300,-1561.0835,0.0000,0.000,4.280,4.463,1.0000
4901.6631,-180.2969,-1565.4398,0.0000,0.000,4.260,4.492,1.0000
4906.6653,-182.7851,-1569.7792,0.0000,0.000,4.240,4.520,1.0000
4911.6589,-185.3309,-1574.0752,0.0000,0.000,4.219,4.548,1.0000
4916.6415,-187.9703,-1578.3012,0.0000,0.000,4.510,4.330,1.0000
4921.6135,-190.7395,-1582.4308,0.0000,0.000,4.771,4.147,1.0000
4926.5795,-193.6759,-1586.4355,0.0000,0.000,4.968,4.040,1.0000
4931.5391,-196.8527,-1590.2442,0.0000,0.000,4.759,4.243,1.0000
4936.5053,-200.3803,-1593.7397,0.0000,0.000,4.521,4.470,1.0000
4941.5279,-204.3566,-1596.8082,0.0000,0.000,4.629,4.415,1.0000
4946.5980,-208.7173,-1599.3948,0.0000,0.000,4.760,4.341,1.0000
4951.6318,-213.2984,-1601.4811,0.0000,0.000,4.841,4.261,1.0000
4956.5794,-217.9929,-1603.0435,0.0000,0.000,4.869,4.174,1.0000
4961.4878,-222.7973,-1604.0482,0.0000,0.000,4.790,4.194,1.0000
4966.4256,-227.7176,-1604.4635,0.0000,0.000,4.459,4.467,1.0000
4971.4332,-232.7236,-1604.3368,0.0000,0.000,4.437,4.504,1.0000
4976.4864,-237.7481,-1603.7983,0.0000,0.000,4.630,4.378,1.0000
4981.5288,-242.7214,-1602.9662,0.0000,0.000,4.676,4.292,1.0000
4986.5170,-247.5684,-1601.7881,0.0000,0.000,4.685,4.216,1.0000
4991.4543,-252.2107,-1600.1068,0.0000,0.000,4.628,4.215,1.0000
4996.3992,-256.5937,-1597.8176,0.0000,0.000,4.564,4.222,1.0000
5001.3978,-260.7983,-1595.1143,0.0000,0.000,4.444,4.359,1.0000
5006.4192,-264.9496,-1592.2893,0.0000,0.000,4.325,4.505,1.0000
5011.4342,-269.1115,-1589.4911,0.0000,0.000,4.319,4.513,1.0000
5016.4429,-273.2845,-1586.7212,0.0000,0.000,4.313,4.520,1.0000
5021.4463,-277.4664,-1583.9744,0.0000,0.000,4.308,4.528,1.0000
5026.4455,-281.6551,-1581.2453,0.0000,0.000,4.302,4.536,1.0000
5031.4417,-285.8482,-1578.5287,0.0000,0.000,4.296,4.543,1.0000
5036.4358,-290.0435,-1575.8195,0.0000,0.000,4.291,4.551,1.0000
5041.4288,-294.2389,-1573.1122,0.0000,0.000,4.285,4.559,1.0000
5046.4217,-298.4321,-1570.4018,0.0000,0.000,4.279,4.566,1.0000
5051.4155,-302.6208,-1567.6829,0.0000,0.000,4.274,4.574,1.0000
5056.4112,-306.8028,-1564.9503,0.0000,0.000,4.268,4.582,1.0000
5061.4098,-310.9760,-1562.1988,0.0000,0.000,4.262,4.589,1.0000
5066.4116,-315.1416,-1559.4299,0.0000,0.000,4.257,4.597,1.0000
5071.4153,-319.3065,-1556.6569,0.0000,0.000,4.251,4.604,1.0000
5076.4192,-323.4786,-1553.8940,0.0000,0.000,4.245,4.612,1.0000
5081.4219,-327.6653,-1551.1557,0.0000,0.000,4.240,4.620,1.0000
5086.4223,-331.8745,-1548.4563,0.0000,0.000,4.234,4.627,1.0000
5091.4198,-336.1121,-1545.8073,0.0000,0.000,4.228,4.635,1.0000
5096.4149,-340.3671,-1543.1909,0.0000,0.000,4.223,4.643,1.0000
5101.4083,-344.6183,-1540.5714,0.0000,0.000,4.346,4.570,1.0000
5106.4009,-348.8442,-1537.9128,0.0000,0.000,4.534,4.456,1.0000
5111.3946,-353.0232,-1535.1792,0.0000,0.000,4.722,4.343,1.0000
5116.3933,-357.1338,-1532.3349,0.0000,0.000,4.778,4.324,1.0000
5121.3955,-361.1514,-1529.3548,0.0000,0.000,4.731,4.379,1.0000
5126.3942,-365.0484,-1526.2242,0.0000,0.000,4.684,4.434,1.0000
5131.3853,-368.7970,-1522.9289,0.0000,0.000,4.699,4.420,1.0000
5136.3685,-372.3694,-1519.4546,0.0000,0.000,4.752,4.365,1.0000
5141.3482,-375.7378,-1515.7871,0.0000,0.000,4.805,4.310,1.0000
5146.3326,-378.8789,-1511.9170,0.0000,0.000,4.673,4.463,1.0000
5151.3273,-381.7933,-1507.8608,0.0000,0.000,4.523,4.636,1.0000
5156.3326,-384.4901,-1503.6441,0.0000,0.000,4.583,4.521,1.0000
5161.3453,-386.9784,-1499.2925,0.0000,0.000,4.665,4.377,1.0000
5166.3590,-389.2673,-1494.8318,0.0000,0.000,4.683,4.316,1.0000
5171.3646,-391.3656,-1490.2873,0.0000,0.000,4.639,4.338,1.0000
5176.3556,-393.2746,-1485.6757,0.0000,0.000,4.596,4.359,1.0000
5181.3349,-394.9820,-1480.9984,0.0000,0.000,4.606,4.320,1.0000
5186.3075,-396.4742,-1476.2550,0.0000,0.000,4.659,4.233,1.0000
5191.2803,-397.7375,-1471.4453,0.0000,0.000,4.711,4.147,1.0000
5196.2622,-398.7583,-1466.5690,0.0000,0.000,4.689,4.178,1.0000
5201.2627,-399.5232,-1461.6274,0.0000,0.000,4.622,4.278,1.0000
5206.2787,-400.0211,-1456.6361,0.0000,0.000,4.556,4.378,1.0000
5211.3001,-400.2422,-1451.6197,0.0000,0.000,4.486,4.365,1.0000
5216.3175,-400.1769,-1446.6027,0.0000,0.000,4.417,4.346,1.0000
5221.3235,-399.8154,-1441.6097,0.0000,0.000,4.377,4.302,1.0000
5226.3132,-399.1495,-1436.6647,0.0000,0.000,4.383,4.219,1.0000
5231.2939,-398.2024,-1431.7749,0.0000,0.000,4.400,4.143,1.0000
5236.2781,-397.0296,-1426.9306,0.0000,0.000,4.484,4.111,1.0000
5241.2706,-395.6880,-1422.1217,0.0000,0.000,4.569,4.079,1.0000
5246.2706,-394.2345,-1417.3377,0.0000,0.000,4.586,4.092,1.0000
5251.2729,-392.7259,-1412.5683,0.0000,0.000,4.597,4.109,1.0000
5256.2716,-391.2115,-1407.8045,0.0000,0.000,4.608,4.127,1.0000
5261.2665,-389.6992,-1403.0441,0.0000,0.000,4.619,4.144,1.0000
5266.2590,-388.1826,-1398.2874,0.0000,0.000,4.631,4.161,1.0000
5271.2511,-386.6553,-1393.5348,0.0000,0.000,4.642,4.178,1.0000
5276.2442,-385.1110,-1388.7864,0.0000,0.000,4.653,4.195,1.0000
5281.2403,-383.5433,-1384.0427,0.0000,0.000,4.664,4.212,1.0000
5286.2400,-381.9467,-1379.3047,0.0000,0.000,4.675,4.229,1.0000
5291.2425,-380.3169,-1374.5753,0.0000,0.000,4.686,4.246,1.0000
5296.2464,-378.6497,-1369.8572,0.0000,0.000,4.697,4.263,1.0000
5301.2510,-376.9410,-1365.1533,0.0000,0.000,4.709,4.280,1.0000
5306.2553,-375.1867,-1360.4666,0.0000,0.000,4.732,4.287,1.0000
5311.2586,-373.3826,-1355.7999,0.0000,0.000,4.761,4.289,1.0000
5316.2603,-371.5246,-1351.1561,0.0000,0.000,4.789,4.292,1.0000
5321.2602,-369.6085,-1346.5379,0.0000,0.000,4.818,4.294,1.0000
5326.2579,-367.6302,-1341.9485,0.0000,0.000,4.735,4.347,1.0000
5331.2535,-365.5856,-1337.3904,0.0000,0.000,4.604,4.422,1.0000
5336.2472,-363.4706,-1332.8667,0.0000,0.000,4.472,4.497,1.0000
5341.2395,-361.2841,-1328.3787,0.0000,0.000,4.462,4.476,1.0000
5346.2312,-359.0277,-1323.9261,0.0000,0.000,4.471,4.439,1.0000
5351.2226,-356.7033,-1319.5090,0.0000,0.000,4.480,4.403,1.0000
5356.2142,-354.3128,-1315.1269,0.0000,0.000,4.485,4.383,1.0000
5361.2065,-351.8579,-1310.7799,0.0000,0.000,4.478,4.423,1.0000
5366.1998,-349.3405,-1306.4677,0.0000,0.000,4.470,4.464,1.0000
5371.1942,-346.7625,-1302.1901,0.0000,0.000,4.453,4.468,1.0000
5376.1900,-344.1256,-1297.9469,0.0000,0.000,4.425,4.433,1.0000
5381.1872,-341.4318,-1293.7379,0.0000,0.000,4.397,4.398,1.0000
5386.1859,-338.6828,-1289.5630,0.0000,0.000,4.369,4.364,1.0000
5391.1860,-335.8804,-1285.4220,0.0000,0.000,4.349,4.327,1.0000
5396.1874,-333.0266,-1281.3147,0.0000,0.000,4.387,4.272,1.0000
5401.1900,-330.1231,-1277.2410,0.0000,0.000,4.425,4.216,1.0000
5406.1936,-327.1717,-1273.2005,0.0000,0.000,4.463,4.161,1.0000
5411.1978,-324.1744,-1269.1932,0.0000,0.000,4.502,4.106,1.0000
5416.2024,-321.1329,-1265.2189,0.0000,0.000,4.513,4.075,1.0000
5421.2070,-318.0491,-1261.2773,0.0000,0.000,4.509,4.059,1.0000
5426.2111,-314.9248,-1257.3684,0.0000,0.000,4.505,4.043,1.0000
5431.2143,-311.7619,-1253.4918,0.0000,0.000,4.501,4.027,1.0000
5436.2160,-308.5621,-1249.6475,0.0000,0.000,4.497,4.012,1.0000
5441.2157,-305.3273,-1245.8352,0.0000,0.000,4.516,4.048,1.0000
5446.2129,-302.0597,-1242.0544,0.0000,0.000,4.534,4.084,1.0000
5451.2082,-298.7626,-1238.3018,0.0000,0.000,4.553,4.121,1.0000
5456.2021,-295.4400,-1234.5736,0.0000,0.000,4.572,4.157,1.0000
5461.1953,-292.0959,-1230.8657,0.0000,0.000,4.591,4.193,1.0000
5466.1881,-288.7341,-1227.1742,0.0000,0.000,4.609,4.229,1.0000
5471.1810,-285.3587,-1223.4951,0.0000,0.000,4.628,4.266,1.0000
5476.1743,-281.9736,-1219.8244,0.0000,0.000,4.647,4.302,1.0000
5481.1682,-278.5827,-1216.1583,0.0000,0.000,4.665,4.338,1.0000
5486.1629,-275.1900,-1212.4927,0.0000,0.000,4.684,4.375,1.0000
5491.1588,-271.7993,-1208.8236,0.0000,0.000,4.703,4.411,1.0000
5496.1560,-268.4147,-1205.1471,0.0000,0.000,4.722,4.447,1.0000
5501.1547,-265.0396,-1201.4599,0.0000,0.000,4.740,4.483,1.0000
5506.1549,-261.6713,-1197.7644,0.0000,0.000,4.743,4.504,1.0000
5511.1559,-258.3039,-1194.0670,0.0000,0.000,4.747,4.525,1.0000
5516.1571,-254.9314,-1190.3740,0.0000,0.000,4.750,4.545,1.0000
5521.1582,-251.5477,-1186.6915,0.0000,0.000,4.754,4.566,1.0000
5526.1585,-248.1466,-1183.0259,0.0000,0.000,4.757,4.587,1.0000
5531.1579,-244.7223,-1179.3834,0.0000,0.000,4.761,4.608,1.0000
5536.1562,-241.2685,-1175.7703,0.0000,0.000,4.780,4.612,1.0000
5541.1534,-237.7794,-1172.1929,0.0000,0.000,4.838,4.574,1.0000
5546.1500,-234.2487,-1168.6574,0.0000,0.000,4.896,4.537,1.0000
5551.1465,-230.6704,-1165.1700,0.0000,0.000,4.955,4.500,1.0000
5556.1438,-227.0394,-1161.7365,0.0000,0.000,5.013,4.462,1.0000
5561.1420,-223.3553,-1158.3589,0.0000,0.000,5.071,4.425,1.0000
5566.1408,-219.6190,-1155.0379,0.0000,0.000,5.050,4.433,1.0000
5571.1400,-215.8318,-1151.7746,0.0000,0.000,4.963,4.478,1.0000
5576.1393,-211.9949,-1148.5698,0.0000,0.000,4.877,4.523,1.0000
5581.1384,-208.1094,-1145.4243,0.0000,0.000,4.790,4.568,1.0000
5586.1372,-204.1764,-1142.3390,0.0000,0.000,4.704,4.613,1.0000
5591.1353,-200.1971,-1139.3147,0.0000,0.000,4.618,4.659,1.0000
5596.1324,-196.1727,-1136.3524,0.0000,0.000,4.628,4.635,1.0000
5601.1284,-192.1042,-1133.4529,0.0000,0.000,4.756,4.527,1.0000
5606.1229,-187.9929,-1130.6170,0.0000,0.000,4.884,4.419,1.0000
5611.1160,-183.8404,-1127.8442,0.0000,0.000,5.011,4.311,1.0000
5616.1087,-179.6503,-1125.1295,0.0000,0.000,4.981,4.349,1.0000
5621.1018,-175.4264,-1122.4670,0.0000,0.000,4.888,4.446,1.0000
5626.0958,-171.1724,-1119.8510,0.0000,0.000,4.794,4.542,1.0000
5631.0911,-166.8921,-1117.2756,0.0000,0.000,4.701,4.638,1.0000
5636.0878,-162.5895,-1114.7350,0.0000,0.000,4.637,4.707,1.0000
5641.0860,-158.2682,-1112.2234,0.0000,0.000,4.650,4.705,1.0000
5646.0853,-153.9321,-1109.7350,0.0000,0.000,4.662,4.704,1.0000
5651.0856,-149.5851,-1107.2640,0.0000,0.000,4.674,4.703,1.0000
5656.0865,-145.2308,-1104.8045,0.0000,0.000,4.687,4.701,1.0000
5661.0875,-140.8731,-1102.3509,0.0000,0.000,4.699,4.700,1.0000
5666.0883,-136.5148,-1099.8987,0.0000,0.000,4.711,4.698,1.0000
5671.0889,-132.1568,-1097.4464,0.0000,0.000,4.724,4.697,1.0000
5676.0891,-127.8000,-1094.9926,0.0000,0.000,4.736,4.695,1.0000
5681.0891,-123.4453,-1092.5358,0.0000,0.000,4.748,4.694,1.0000
5686.0887,-119.0934,-1090.0747,0.0000,0.000,4.761,4.693,1.0000
5691.0880,-114.7451,-1087.6078,0.0000,0.000,4.773,4.691,1.0000
5696.0868,-110.4015,-1085.1338,0.0000,0.000,4.785,4.690,1.0000
5701.0852,-106.0631,-1082.6512,0.0000,0.000,4.798,4.688,1.0000
5706.0833,-101.7310,-1080.1587,0.0000,0.000,4.821,4.701,1.0000
5711.0809,-97.4058,-1077.6548,0.0000,0.000,4.857,4.730,1.0000
5716.0782,-93.0885,-1075.1381,0.0000,0.000,4.894,4.759,1.0000
5721.0751,-88.7791,-1072.6086,0.0000,0.000,4.930,4.788,1.0000
5726.0719,-84.4753,-1070.0699,0.0000,0.000,4.967,4.817,1.0000
5731.0686,-80.1743,-1067.5266,0.0000,0.000,5.003,4.846,1.0000
5736.0653,-75.8734,-1064.9830,0.0000,0.000,5.040,4.876,1.0000
5741.0622,-71.5698,-1062.4438,0.0000,0.000,5.076,4.905,1.0000
5746.0593,-67.2609,-1059.9133,0.0000,0.000,5.113,4.934,1.0000
5751.0568,-62.9437,-1057.3959,0.0000,0.000,5.149,4.963,1.0000
5756.0548,-58.6156,-1054.8962,0.0000,0.000,5.186,4.992,1.0000
5761.0537,-54.2739,-1052.4187,0.0000,0.000,5.222,5.021,1.0000
5766.0537,-49.9158,-1049.9677,0.0000,0.000,5.259,5.051,1.0000
5771.0554,-45.5386,-1047.5477,0.0000,0.000,5.296,5.080,1.0000
5776.0588,-41.1430,-1045.1576,0.0000,0.000,5.248,5.054,1.0000
5781.0633,-36.7356,-1042.7869,0.0000,0.000,5.155,5.000,1.0000
5786.0680,-32.3237,-1040.4242,0.0000,0.000,5.063,4.945,1.0000
5791.0720,-27.9143,-1038.0583,0.0000,0.000,4.970,4.891,1.0000
5796.0743,-23.5148,-1035.6777,0.0000,0.000,4.878,4.836,1.0000
5801.0742,-19.1322,-1033.2711,0.0000,0.000,4.785,4.781,1.0000
5806.0711,-14.7738,-1030.8271,0.0000,0.000,4.693,4.727,1.0000
5811.0648,-10.4468,-1028.3343,0.0000,0.000,4.601,4.740,1.0000
5816.0556,-6.1582,-1025.7815,0.0000,0.000,4.509,4.840,1.0000
5821.0445,-1.9154,-1023.1572,0.0000,0.000,4.417,4.940,1.0000
5826.0329,2.2747,-1020.4503,0.0000,0.000,4.326,5.040,1.0000
5831.0222,6.4087,-1017.6569,0.0000,0.000,4.470,4.952,1.0000
5836.0129,10.4868,-1014.7800,0.0000,0.000,4.661,4.828,1.0000
5841.0054,14.5092,-1011.8228,0.0000,0.000,4.852,4.704,1.0000
5845.9999,18.4765,-1008.7887,0.0000,0.000,4.909,4.686,1.0000
5850.9964,22.3890,-1005.6810,0.0000,0.000,4.748,4.843,1.0000
5855.9947,26.2469,-1002.5031,0.0000,0.000,4.587,5.000,1.0000
5860.9946,30.0508,-999.2582,0.0000,0.000,4.559,5.015,1.0000
5865.9956,33.8010,-995.9496,0.0000,0.000,4.619,4.935,1.0000
5870.9972,37.4978,-992.5808,0.0000,0.000,4.678,4.855,1.0000
5875.9986,41.1415,-989.1549,0.0000,0.000,4.722,4.804,1.0000
5880.9990,44.7326,-985.6752,0.0000,0.000,4.721,4.834,1.0000
5885.9982,48.2702,-982.1429,0.0000,0.000,4.720,4.864,1.0000
5890.9963,51.7531,-978.5582,0.0000,0.000,4.719,4.894,1.0000
5895.9934,55.1800,-974.9212,0.0000,0.000,4.717,4.924,1.0000
5900.9897,58.5496,-971.2321,0.0000,0.000,4.698,4.926,1.0000
5905.9855,61.8606,-967.4910,0.0000,0.000,4.673,4.919,1.0000
5910.9811,65.1117,-963.6982,0.0000,0.000,4.648,4.912,1.0000
5915.9766,68.3016,-959.8537,0.0000,0.000,4.623,4.905,1.0000
5920.9725,71.4290,-955.9577,0.0000,0.000,4.597,4.898,1.0000
5925.9692,74.4926,-952.0104,0.0000,0.000,4.553,4.876,1.0000
5930.9672,77.4912,-948.0119,0.0000,0.000,4.505,4.850,1.0000
5935.9667,80.4233,-943.9624,0.0000,0.000,4.457,4.825,1.0000
5940.9674,83.2841,-939.8609,0.0000,0.000,4.525,4.735,1.0000
5945.9678,86.0656,-935.7056,0.0000,0.000,4.631,4.624,1.0000
5950.9669,88.7595,-931.4944,0.0000,0.000,4.731,4.521,1.0000
5955.9644,91.3577,-927.2254,0.0000,0.000,4.721,4.571,1.0000
5960.9603,93.8520,-922.8967,0.0000,0.000,4.710,4.622,1.0000
5965.9555,96.2368,-918.5076,0.0000,0.000,4.674,4.750,1.0000
5970.9514,98.5213,-914.0645,0.0000,0.000,4.620,4.932,1.0000
5975.9489,100.7195,-909.5764,0.0000,0.000,4.565,5.115,1.0000
5980.9479,102.8454,-905.0520,0.0000,0.000,4.567,5.064,1.0000
5985.9473,104.9130,-900.5002,0.0000,0.000,4.578,4.980,1.0000
5990.9458,106.9359,-895.9294,0.0000,0.000,4.589,4.895,1.0000
5995.9430,108.9218,-891.3437,0.0000,0.000,4.600,4.810,1.0000
6000.9394,110.8751,-886.7449,0.0000,0.000,4.610,4.726,1.0000
6005.9356,112.8003,-882.1346,0.0000,0.000,4.621,4.641,1.0000
6010.9317,114.7018,-877.5144,0.0000,0.000,4.628,4.620,1.0000
6015.9281,116.5839,-872.8861,0.0000,0.000,4.634,4.622,1.0000
6020.9249,118.4512,-868.2513,0.0000,0.000,4.641,4.624,1.0000
6025.9224,120.3080,-863.6116,0.0000,0.000,4.647,4.626,1.0000
6030.9205,122.1588,-858.9687,0.0000,0.000,4.653,4.628,1.0000
6035.9195,124.0078,-854.3243,0.0000,0.000,4.659,4.631,1.0000
6040.9194,125.8596,-849.6799,0.0000,0.000,4.665,4.633,1.0000
6045.9203,127.7185,-845.0373,0.0000,0.000,4.671,4.635,1.0000
6050.9221,129.5856,-840.3971,0.0000,0.000,4.677,4.637,1.0000
6055.9243,131.4595,-835.7591,0.0000,0.000,4.684,4.639,1.0000
6060.9267,133.3382,-831.1229,0.0000,0.000,4.690,4.641,1.0000
6065.9288,135.2199,-826.4883,0.0000,0.000,4.696,4.643,1.0000
6070.9301,137.1030,-821.8550,0.0000,0.000,4.702,4.645,1.0000
6075.9303,138.9855,-817.2227,0.0000,0.000,4.708,4.647,1.0000
6080.9290,140.8657,-812.5911,0.0000,0.000,4.714,4.650,1.0000
6085.9258,142.7417,-807.9599,0.0000,0.000,4.720,4.652,1.0000
6090.9202,144.6119,-803.3288,0.0000,0.000,4.727,4.654,1.0000
6095.9120,146.4743,-798.6975,0.0000,0.000,4.729,4.654,1.0000
6100.9008,148.3277,-794.0658,0.0000,0.000,4.726,4.652,1.0000
6105.8884,150.1764,-789.4334,0.0000,0.000,4.722,4.650,1.0000
6110.8776,152.0277,-784.8004,0.0000,0.000,4.719,4.648,1.0000
6115.8714,153.8891,-780.1665,0.0000,0.000,4.715,4.645,1.0000
6120.8725,155.7680,-775.5317,0.0000,0.000,4.712,4.643,1.0000
6125.8841,157.6718,-770.8958,0.0000,0.000,4.709,4.641,1.0000
6130.9065,159.5976,-766.2573,0.0000,0.000,4.705,4.639,1.0000
6135.9323,161.5113,-761.6101,0.0000,0.000,4.702,4.636,1.0000
6140.9529,163.3730,-756.9475,0.0000,0.000,4.688,4.636,1.0000
6145.9611,165.1429,-752.2624,0.0000,0.000,4.620,4.645,1.0000
6150.9519,166.7813,-747.5482,0.0000,0.000,4.560,4.646,1.0000
6155.9238,168.2494,-742.7980,0.0000,0.000,4.527,4.623,1.0000
6160.8828,169.5328,-738.0079,0.0000,0.000,4.493,4.600,1.0000
6165.8397,170.6414,-733.1766,0.0000,0.000,4.411,4.676,1.0000
6170.8040,171.5862,-728.3030,0.0000,0.000,4.292,4.827,1.0000
6175.7844,172.3780,-723.3860,0.0000,0.000,4.306,4.850,1.0000
6180.7883,173.0278,-718.4244,0.0000,0.000,4.478,4.719,1.0000
6185.8196,173.5423,-713.4196,0.0000,0.000,4.595,4.611,1.0000
6190.8668,173.9059,-708.3855,0.0000,0.000,4.607,4.546,1.0000
6195.9153,174.0954,-703.3405,0.0000,0.000,4.642,4.506,1.0000
6200.9528,174.0875,-698.3030,0.0000,0.000,4.721,4.521,1.0000
6205.9696,173.8591,-693.2914,0.0000,0.000,4.723,4.541,1.0000
6210.9603,173.3895,-688.3228,0.0000,0.000,4.680,4.563,1.0000
6215.9320,172.6843,-683.4014,0.0000,0.000,4.608,4.618,1.0000
6220.8955,171.7648,-678.5239,0.0000,0.000,4.512,4.703,1.0000
6225.8590,170.6522,-673.6866,0.0000,0.000,4.415,4.787,1.0000
6230.8282,169.3679,-668.8863,0.0000,0.000,4.398,4.868,1.0000
6235.8063,167.9331,-664.1194,0.0000,0.000,4.381,4.949,1.0000
6240.7947,166.3691,-659.3825,0.0000,0.000,4.372,5.011,1.0000
6245.7930,164.6973,-654.6721,0.0000,0.000,4.423,4.939,1.0000
6250.7993,162.9390,-649.9847,0.0000,0.000,4.474,4.867,1.0000
6255.8106,161.1155,-645.3170,0.0000,0.000,4.526,4.795,1.0000
6260.8231,159.2480,-640.6654,0.0000,0.000,4.552,4.762,1.0000
6265.8330,157.3556,-636.0267,0.0000,0.000,4.564,4.755,1.0000
6270.8396,155.4446,-631.3991,0.0000,0.000,4.575,4.748,1.0000
6275.8434,153.5174,-626.7813,0.0000,0.000,4.586,4.741,1.0000
6280.8448,151.5762,-622.1720,0.0000,0.000,4.597,4.734,1.0000
6285.8442,149.6233,-617.5698,0.0000,0.000,4.608,4.727,1.0000
6290.8420,147.6608,-612.9734,0.0000,0.000,4.619,4.720,1.0000
6295.8386,145.6911,-608.3814,0.0000,0.000,4.631,4.713,1.0000
6300.8344,143.7164,-603.7926,0.0000,0.000,4.642,4.706,1.0000
6305.8295,141.7389,-599.2054,0.0000,0.000,4.653,4.699,1.0000
6310.8245,139.7610,-594.6188,0.0000,0.000,4.664,4.692,1.0000
6315.8197,137.7848,-590.0312,0.0000,0.000,4.675,4.685,1.0000
6320.8152,135.8120,-585.4417,0.0000,0.000,4.686,4.678,1.0000
6325.8111,133.8427,-580.8503,0.0000,0.000,4.698,4.671,1.0000
6330.8075,131.8766,-576.2570,0.0000,0.000,4.709,4.664,1.0000
6335.8042,129.9133,-571.6621,0.0000,0.000,4.720,4.657,1.0000
6340.8013,127.9527,-567.0657,0.0000,0.000,4.731,4.650,1.0000
6345.7988,125.9943,-562.4679,0.0000,0.000,4.742,4.643,1.0000
6350.7967,124.0379,-557.8689,0.0000,0.000,4.753,4.636,1.0000
6355.7948,122.0833,-553.2688,0.0000,0.000,4.765,4.629,1.0000
6360.7933,120.1301,-548.6677,0.0000,0.000,4.776,4.622,1.0000
6365.7920,118.1780,-544.0659,0.0000,0.000,4.787,4.615,1.0000
6370.7911,116.2267,-539.4634,0.0000,0.000,4.798,4.608,1.0000
6375.7903,114.2760,-534.8604,0.0000,0.000,4.809,4.601,1.0000
6380.7898,112.3256,-530.2571,0.0000,0.000,4.820,4.594,1.0000
6385.7896,110.3751,-525.6535,0.0000,0.000,4.832,4.587,1.0000
6390.7895,108.4243,-521.0499,0.0000,0.000,4.843,4.580,1.0000
6395.7896,106.4729,-516.4463,0.0000,0.000,4.854,4.573,1.0000
6400.7898,104.5205,-511.8429,0.0000,0.000,4.865,4.566,1.0000
6405.7902,102.5670,-507.2399,0.0000,0.000,4.876,4.559,1.0000
6410.7908,100.6120,-502.6374,0.0000,0.000,4.887,4.552,1.0000
6415.7914,98.6552,-498.0355,0.0000,0.000,4.898,4.545,1.0000
6420.7921,96.6964,-493.4344,0.0000,0.000,4.910,4.538,1.0000
6425.7928,94.7352,-488.8343,0.0000,0.000,4.921,4.531,1.0000
6430.7936,92.7729,-484.2347,0.0000,0.000,4.932,4.524,1.0000
6435.7939,90.8152,-479.6335,0.0000,0.000,4.943,4.517,1.0000
6440.7935,88.8686,-475.0284,0.0000,0.000,4.954,4.510,1.0000
6445.7920,86.9398,-470.4171,0.0000,0.000,4.965,4.503,1.0000
6450.7892,85.0352,-465.7971,0.0000,0.000,4.977,4.496,1.0000
6455.7848,83.1614,-461.1662,0.0000,0.000,4.988,4.489,1.0000
6460.7790,81.3249,-456.5219,0.0000,0.000,5.004,4.510,1.0000
6465.7719,79.5323,-451.8619,0.0000,0.000,5.032,4.584,1.0000
6470.7637,77.7902,-447.1839,0.0000,0.000,5.059,4.658,1.0000
6475.7552,76.1051,-442.4855,0.0000,0.000,5.087,4.732,1.0000
6480.7472,74.4835,-437.7643,0.0000,0.000,5.114,4.806,1.0000
6485.7405,72.9308,-433.0184,0.0000,0.000,5.142,4.883,1.0000
6490.7357,71.4466,-428.2488,0.0000,0.000,5.180,5.025,1.0000
6495.7328,70.0283,-423.4572,0.0000,0.000,5.218,5.167,1.0000
6500.7319,68.6735,-418.6453,0.0000,0.000,5.255,5.309,1.0000
6505.7326,67.3794,-413.8148,0.0000,0.000,5.293,5.451,1.0000
6510.7348,66.1438,-408.9676,0.0000,0.000,5.333,5.582,1.0000
6515.7382,64.9640,-404.1054,0.0000,0.000,5.411,5.537,1.0000
6520.7421,63.8374,-399.2299,0.0000,0.000,5.488,5.493,1.0000
6525.7461,62.7617,-394.3429,0.0000,0.000,5.566,5.448,1.0000
6530.7495,61.7343,-389.4461,0.0000,0.000,5.613,5.391,1.0000
6535.7516,60.7526,-384.5413,0.0000,0.000,5.657,5.332,1.0000
6540.7518,59.8141,-379.6300,0.0000,0.000,5.701,5.273,1.0000
6545.7505,58.9165,-374.7125,0.0000,0.000,5.708,5.260,1.0000
6550.7481,58.0572,-369.7894,0.0000,0.000,5.679,5.290,1.0000
6555.7449,57.2339,-364.8609,0.0000,0.000,5.650,5.321,1.0000
6560.7411,56.4440,-359.9275,0.0000,0.000,5.622,5.351,1.0000
6565.7372,55.6851,-354.9894,0.0000,0.000,5.594,5.379,1.0000
6570.7332,54.9549,-350.0470,0.0000,0.000,5.573,5.386,1.0000
6575.7293,54.2508,-345.1008,0.0000,0.000,5.552,5.393,1.0000
6580.7257,53.5705,-340.1510,0.0000,0.000,5.532,5.400,1.0000
6585.7223,52.9114,-335.1980,0.0000,0.000,5.511,5.408,1.0000
6590.7193,52.2712,-330.2421,0.0000,0.000,5.491,5.415,1.0000
6595.7168,51.6473,-325.2838,0.0000,0.000,5.470,5.422,1.0000
6600.7145,51.0375,-320.3234,0.0000,0.000,5.449,5.429,1.0000
6605.7127,50.4391,-315.3612,0.0000,0.000,5.429,5.436,1.0000
6610.7112,49.8499,-310.3975,0.0000,0.000,5.411,5.442,1.0000
6615.7099,49.2672,-305.4329,0.0000,0.000,5.409,5.442,1.0000
6620.7088,48.6888,-300.4675,0.0000,0.000,5.406,5.441,1.0000
6625.7079,48.1121,-295.5018,0.0000,0.000,5.404,5.441,1.0000
6630.7070,47.5348,-290.5362,0.0000,0.000,5.401,5.440,1.0000
6635.7061,46.9543,-285.5709,0.0000,0.000,5.399,5.440,1.0000
6640.7051,46.3683,-280.6063,0.0000,0.000,5.396,5.439,1.0000
6645.7040,45.7743,-275.6429,0.0000,0.000,5.394,5.439,1.0000
6650.7027,45.1708,-270.6807,0.0000,0.000,5.391,5.438,1.0000
6655.7013,44.5593,-265.7197,0.0000,0.000,5.389,5.438,1.0000
6660.6999,43.9415,-260.7594,0.0000,0.000,5.387,5.437,1.0000
6665.6985,43.3195,-255.7997,0.0000,0.000,5.384,5.437,1.0000
6670.6972,42.6950,-250.8401,0.0000,0.000,5.384,5.435,1.0000
6675.6961,42.0701,-245.8804,0.0000,0.000,5.393,5.427,1.0000
6680.6952,41.4466,-240.9204,0.0000,0.000,5.402,5.420,1.0000
6685.6945,40.8264,-235.9597,0.0000,0.000,5.410,5.412,1.0000
6690.6942,40.2114,-230.9979,0.0000,0.000,5.419,5.405,1.0000
6695.6943,39.6035,-226.0349,0.0000,0.000,5.428,5.397,1.0000
6700.6949,39.0046,-221.0704,0.0000,0.000,5.437,5.390,1.0000
6705.6956,38.4131,-216.1047,0.0000,0.000,5.445,5.382,1.0000
6710.6957,37.8218,-211.1397,0.0000,0.000,5.454,5.375,1.0000
6715.6942,37.2231,-206.1772,0.0000,0.000,5.463,5.367,1.0000
6720.6902,36.6090,-201.2191,0.0000,0.000,5.472,5.360,1.0000
6725.6829,35.9719,-196.2673,0.0000,0.000,5.420,5.345,1.0000
6730.6699,35.3287,-191.3219,0.0000,0.000,5.341,5.327,1.0000
6735.6401,34.9472,-186.3664,0.0000,0.000,5.294,5.282,1.0000
6740.6406,35.2416,-181.3745,0.0000,0.000,5.455,5.061,1.0000
6745.7664,36.5868,-176.4284,0.0000,0.000,5.278,5.253,1.0000
6750.7178,39.1411,-172.1867,0.0000,0.000,5.608,5.194,1.0000
6755.4200,42.9740,-169.4629,0.0000,0.000,5.515,5.313,1.0000
6760.3836,47.8039,-168.3183,0.0000,0.000,5.686,5.370,1.0000
6765.5984,53.0140,-168.0983,0.0000,0.000,5.612,5.664,1.0000
6770.6174,58.0324,-168.1747,0.0000,0.000,5.639,5.541,1.0000
6775.4290,62.8369,-168.4374,0.0000,0.000,5.621,5.406,1.0000
6780.3409,67.7088,-169.0629,0.0000,0.000,5.446,5.230,1.0000
6785.5725,72.8404,-170.0807,0.0000,0.000,5.271,5.055,1.0000
6790.7393,77.9612,-170.7692,0.0000,0.000,5.082,5.060,1.0000
6795.4724,82.6565,-170.1726,0.0000,0.000,4.866,5.515,1.0000
6800.1466,86.6446,-167.7349,0.0000,0.000,5.019,5.654,1.0000
6805.1728,90.0112,-164.0026,0.0000,0.000,5.512,5.266,1.0000
6810.3492,92.8954,-159.7042,0.0000,0.000,5.434,5.318,1.0000
6815.2831,94.9110,-155.2008,0.0000,0.000,5.351,5.610,1.0000
6820.1309,95.0130,-150.3541,0.0000,0.000,5.364,5.671,1.0000
6825.1081,93.5219,-145.6055,0.0000,0.000,5.392,5.813,1.0000
6830.0648,91.1768,-141.2386,0.0000,0.000,5.679,5.619,1.0000
6835.0704,88.3956,-137.0768,0.0000,0.000,6.070,5.865,1.0000
6840.0881,85.5559,-132.9400,0.0000,0.000,6.386,6.097,1.0000
6845.0973,82.7797,-128.7705,0.0000,0.000,6.401,6.115,1.0000
6850.1005,80.0533,-124.5754,0.0000,0.000,6.416,6.134,1.0000
6855.0999,77.3615,-120.3625,0.0000,0.000,6.431,6.153,1.0000
6860.0973,74.6894,-116.1395,0.0000,0.000,6.445,6.171,1.0000
6865.0941,72.0223,-111.9140,0.0000,0.000,6.460,6.190,1.0000
6870.0912,69.3532,-107.6895,0.0000,0.000,6.475,6.208,1.0000
6875.0884,66.6820,-103.4661,0.0000,0.000,6.490,6.227,1.0000
6880.0858,64.0089,-99.2437,0.0000,0.000,6.504,6.245,1.0000
6885.0833,61.3342,-95.0222,0.0000,0.000,6.519,6.264,1.0000
6890.0810,58.6580,-90.8014,0.0000,0.000,6.534,6.283,1.0000
6895.0789,55.9804,-86.5813,0.0000,0.000,6.549,6.301,1.0000
6900.0769,53.3018,-82.3617,0.0000,0.000,6.563,6.320,1.0000
6905.0750,50.6222,-78.1426,0.0000,0.000,6.578,6.338,1.0000
6910.0733,47.9418,-73.9238,0.0000,0.000,6.593,6.357,1.0000
6915.0716,45.2610,-69.7052,0.0000,0.000,6.608,6.375,1.0000
6920.0701,42.5797,-65.4868,0.0000,0.000,6.622,6.394,1.0000
6925.0686,39.8983,-61.2683,0.0000,0.000,6.637,6.413,1.0000
6930.0672,37.2169,-57.0498,0.0000,0.000,6.652,6.431,1.0000
6935.0659,34.5357,-52.8310,0.0000,0.000,6.667,6.450,1.0000
6940.0646,31.8548,-48.6120,0.0000,0.000,6.681,6.468,1.0000
6945.0634,29.1746,-44.3925,0.0000,0.000,6.696,6.487,1.0000
6950.0622,26.4951,-40.1725,0.0000,0.000,6.711,6.506,1.0000
6955.0610,23.8166,-35.9519,0.0000,0.000,6.726,6.524,1.0000
6960.0599,21.1392,-31.7305,0.0000,0.000,6.740,6.543,1.0000
6965.0587,18.4631,-27.5083,0.0000,0.000,6.755,6.561,1.0000
6970.0575,15.7886,-23.2851,0.0000,0.000,6.770,6.580,1.0000
6975.0564,13.1158,-19.0609,0.0000,0.000,6.785,6.598,1.0000
6980.0552,10.4447,-14.8356,0.0000,0.000,6.799,6.617,1.0000
6985.0539,7.7753,-10.6092,0.0000,0.000,6.814,6.636,1.0000
6990.0527,5.1075,-6.3818,0.0000,0.000,6.829,6.654,1.0000
6995.0514,2.4413,-2.1535,0.0000,0.000,6.844,6.673,1.0000
