# Albert Park Circuit — TUMFTM racetrack-database (LGPL-3.0), flat 2-D centre line + measured widths; upstream commit e59595d.
s_m,x_m,y_m,z_m,banking_deg,width_left_m,width_right_m,grip_scale
0.0000,-0.9611,-1.2626,0.0000,0.000,6.293,6.341,1.0000
5.0020,-4.5633,2.2079,0.0000,0.000,6.306,6.354,1.0000
10.0042,-8.1654,5.6787,0.0000,0.000,6.319,6.367,1.0000
15.0064,-11.7673,9.1498,0.0000,0.000,6.332,6.380,1.0000
20.0087,-15.3690,12.6212,0.0000,0.000,6.345,6.393,1.0000
25.0110,-18.9706,16.0928,0.0000,0.000,6.358,6.406,1.0000
30.0135,-22.5720,19.5647,0.0000,0.000,6.371,6.419,1.0000
35.0160,-26.1734,23.0368,0.0000,0.000,6.384,6.432,1.0000
40.0185,-29.7746,26.5090,0.0000,0.000,6.397,6.445,1.0000
45.0211,-33.3759,29.9813,0.0000,0.000,6.410,6.458,1.0000
50.0238,-36.9771,33.4538,0.0000,0.000,6.423,6.471,1.0000
55.0265,-40.5782,36.9263,0.0000,0.000,6.435,6.484,1.0000
60.0292,-44.1794,40.3989,0.0000,0.000,6.448,6.497,1.0000
65.0319,-47.7806,43.8715,0.0000,0.000,6.461,6.510,1.0000
70.0347,-51.3819,47.3441,0.0000,0.000,6.474,6.523,1.0000
75.0375,-54.9832,50.8166,0.0000,0.000,6.487,6.536,1.0000
80.0404,-58.5847,54.2890,0.0000,0.000,6.500,6.549,1.0000
85.0432,-62.1862,57.7614,0.0000,0.000,6.513,6.562,1.0000
90.0460,-65.7879,61.2336,0.0000,0.000,6.526,6.575,1.0000
95.0489,-69.3897,64.7056,0.0000,0.000,6.539,6.588,1.0000
100.0517,-72.9918,68.1775,0.0000,0.000,6.552,6.601,1.0000
105.0545,-76.5940,71.6491,0.0000,0.000,6.565,6.614,1.0000
110.0573,-80.1964,75.1205,0.0000,0.000,6.578,6.627,1.0000
115.0601,-83.7991,78.5915,0.0000,0.000,6.591,6.640,1.0000
120.0628,-87.4021,82.0623,0.0000,0.000,6.604,6.653,1.0000
125.0656,-91.0053,85.5327,0.0000,0.000,6.617,6.666,1.0000
130.0682,-94.6089,89.0028,0.0000,0.000,6.630,6.679,1.0000
135.0709,-98.2128,92.4724,0.0000,0.000,6.642,6.692,1.0000
140.0735,-101.8170,95.9416,0.0000,0.000,6.655,6.705,1.0000
145.0760,-105.4216,99.4104,0.0000,0.000,6.668,6.718,1.0000
150.0785,-109.0266,102.8786,0.0000,0.000,6.681,6.731,1.0000
155.0809,-112.6321,106.3463,0.0000,0.000,6.694,6.744,1.0000
160.0833,-116.2379,109.8135,0.0000,0.000,6.707,6.757,1.0000
165.0855,-119.8442,113.2801,0.0000,0.000,6.720,6.769,1.0000
170.0877,-123.4510,116.7461,0.0000,0.000,6.733,6.782,1.0000
175.0898,-127.0583,120.2114,0.0000,0.000,6.746,6.795,1.0000
180.0919,-130.6661,123.6761,0.0000,0.000,6.759,6.808,1.0000
185.0938,-134.2745,127.1400,0.0000,0.000,6.772,6.821,1.0000
190.0956,-137.8834,130.6032,0.0000,0.000,6.785,6.834,1.0000
195.0973,-141.4930,134.0657,0.0000,0.000,6.798,6.847,1.0000
200.0989,-145.1031,137.5274,0.0000,0.000,6.811,6.860,1.0000
205.1004,-148.7138,140.9882,0.0000,0.000,6.821,6.869,1.0000
210.1018,-152.3252,144.4482,0.0000,0.000,6.826,6.864,1.0000
215.1031,-155.9373,147.9073,0.0000,0.000,6.829,6.861,1.0000
220.1042,-159.5501,151.3655,0.0000,0.000,6.808,6.882,1.0000
225.1052,-163.1636,154.8227,0.0000,0.000,6.786,6.904,1.0000
230.1060,-166.7778,158.2790,0.0000,0.000,6.765,6.925,1.0000
235.1067,-170.3928,161.7343,0.0000,0.000,6.743,6.947,1.0000
240.1073,-174.0086,165.1885,0.0000,0.000,6.721,6.969,1.0000
245.1077,-177.6251,168.6417,0.0000,0.000,6.700,6.990,1.0000
250.1079,-181.2425,172.0938,0.0000,0.000,6.678,7.012,1.0000
255.1080,-184.8608,175.5448,0.0000,0.000,6.689,7.001,1.0000
260.1079,-188.4799,178.9946,0.0000,0.000,6.719,6.971,1.0000
265.1077,-192.0999,182.4432,0.0000,0.000,6.748,6.942,1.0000
270.1073,-195.7207,185.8907,0.0000,0.000,6.778,6.912,1.0000
275.1066,-199.3426,189.3369,0.0000,0.000,6.808,6.882,1.0000
280.1058,-202.9654,192.7818,0.0000,0.000,6.837,6.853,1.0000
285.1048,-206.5891,196.2254,0.0000,0.000,6.867,6.823,1.0000
290.1036,-210.2138,199.6677,0.0000,0.000,6.892,6.798,1.0000
295.1023,-213.8396,203.1086,0.0000,0.000,6.904,6.786,1.0000
300.1007,-217.4664,206.5481,0.0000,0.000,6.917,6.773,1.0000
305.0989,-221.0943,209.9862,0.0000,0.000,6.929,6.761,1.0000
310.0968,-224.7232,213.4229,0.0000,0.000,6.942,6.748,1.0000
315.0946,-228.3532,216.8581,0.0000,0.000,6.954,6.736,1.0000
320.0922,-231.9844,220.2918,0.0000,0.000,6.967,6.723,1.0000
325.0895,-235.6167,223.7239,0.0000,0.000,6.979,6.711,1.0000
330.0866,-239.2502,227.1545,0.0000,0.000,6.963,6.727,1.0000
335.0834,-242.8848,230.5834,0.0000,0.000,6.946,6.744,1.0000
340.0819,-246.5204,234.0139,0.0000,0.000,6.930,6.760,1.0000
345.0928,-250.1550,237.4633,0.0000,0.000,6.914,6.776,1.0000
350.1294,-253.7863,240.9534,0.0000,0.000,6.898,6.792,1.0000
355.2057,-257.4122,244.5061,0.0000,0.000,6.881,6.809,1.0000
360.3301,-261.0206,248.1447,0.0000,0.000,6.869,6.821,1.0000
365.4161,-264.4215,251.9263,0.0000,0.000,6.857,6.833,1.0000
370.3349,-267.2693,255.9369,0.0000,0.000,6.929,6.761,1.0000
375.0780,-269.2131,260.2634,0.0000,0.000,7.161,6.529,1.0000
379.8475,-269.9196,264.9803,0.0000,0.000,7.278,6.412,1.0000
384.8312,-269.3753,269.9342,0.0000,0.000,6.957,6.733,1.0000
389.9085,-267.8439,274.7750,0.0000,0.000,6.708,6.982,1.0000
394.9398,-265.6645,279.3098,0.0000,0.000,6.786,6.904,1.0000
399.9539,-263.3415,283.7533,0.0000,0.000,6.863,6.827,1.0000
404.9593,-261.2269,288.2901,0.0000,0.000,6.941,6.749,1.0000
409.9597,-259.2316,292.8752,0.0000,0.000,6.862,6.828,1.0000
414.9498,-257.2706,297.4638,0.0000,0.000,6.732,6.958,1.0000
419.9341,-255.4349,302.0978,0.0000,0.000,6.686,7.004,1.0000
424.9229,-253.8110,306.8149,0.0000,0.000,6.691,6.999,1.0000
429.9188,-252.4072,311.6095,0.0000,0.000,6.719,6.971,1.0000
434.9217,-251.2205,316.4695,0.0000,0.000,6.822,6.868,1.0000
439.9305,-250.2474,321.3830,0.0000,0.000,6.846,6.844,1.0000
444.9435,-249.4849,326.3376,0.0000,0.000,6.823,6.867,1.0000
449.9582,-248.9296,331.3215,0.0000,0.000,6.780,6.910,1.0000
454.9715,-248.5783,336.3224,0.0000,0.000,6.720,6.970,1.0000
459.9797,-248.4278,341.3284,0.0000,0.000,6.667,7.023,1.0000
464.9792,-248.4752,346.3277,0.0000,0.000,6.712,6.978,1.0000
469.9705,-248.7198,351.3130,0.0000,0.000,6.757,6.933,1.0000
474.9559,-249.1622,356.2787,0.0000,0.000,6.802,6.888,1.0000
479.9378,-249.8031,361.2193,0.0000,0.000,6.712,6.978,1.0000
484.9192,-250.6429,366.1293,0.0000,0.000,6.617,7.073,1.0000
489.9028,-251.6822,371.0033,0.0000,0.000,6.541,7.149,1.0000
494.8917,-252.9217,375.8358,0.0000,0.000,6.607,7.083,1.0000
499.8891,-254.3619,380.6212,0.0000,0.000,6.689,7.001,1.0000
504.8979,-256.0033,385.3534,0.0000,0.000,6.782,6.908,1.0000
509.9149,-257.8461,390.0198,0.0000,0.000,6.855,6.835,1.0000
514.9351,-259.8903,394.6049,0.0000,0.000,6.927,6.763,1.0000
519.9540,-262.1358,399.0934,0.0000,0.000,6.979,6.711,1.0000
524.9680,-264.5826,403.4698,0.0000,0.000,6.848,6.842,1.0000
529.9745,-267.2308,407.7187,0.0000,0.000,6.722,6.968,1.0000
534.9722,-270.0802,411.8244,0.0000,0.000,6.663,7.027,1.0000
539.9609,-273.1309,415.7717,0.0000,0.000,6.612,7.078,1.0000
544.9423,-276.3824,419.5456,0.0000,0.000,6.610,7.080,1.0000
549.9233,-279.8146,423.1554,0.0000,0.000,6.607,7.083,1.0000
554.9118,-283.3807,426.6436,0.0000,0.000,6.615,7.075,1.0000
559.9089,-287.0321,430.0550,0.0000,0.000,6.714,6.976,1.0000
564.9111,-290.7206,433.4340,0.0000,0.000,6.812,6.878,1.0000
569.9151,-294.4173,436.8065,0.0000,0.000,6.911,6.779,1.0000
574.9201,-298.1200,440.1740,0.0000,0.000,6.948,6.742,1.0000
579.9254,-301.8282,443.5359,0.0000,0.000,6.959,6.731,1.0000
584.9303,-305.5412,446.8920,0.0000,0.000,6.969,6.721,1.0000
589.9345,-309.2583,450.2423,0.0000,0.000,6.980,6.710,1.0000
594.9380,-312.9786,453.5882,0.0000,0.000,6.991,6.699,1.0000
599.9410,-316.7010,456.9309,0.0000,0.000,7.001,6.689,1.0000
604.9433,-320.4243,460.2716,0.0000,0.000,7.012,6.678,1.0000
609.9452,-324.1476,463.6116,0.0000,0.000,7.022,6.668,1.0000
614.9467,-327.8699,466.9522,0.0000,0.000,7.033,6.657,1.0000
619.9477,-331.5899,470.2945,0.0000,0.000,7.044,6.646,1.0000
624.9484,-335.3068,473.6400,0.0000,0.000,7.054,6.636,1.0000
629.9489,-339.0194,476.9898,0.0000,0.000,7.065,6.625,1.0000
634.9492,-342.7268,480.3452,0.0000,0.000,7.075,6.615,1.0000
639.9493,-346.4277,483.7074,0.0000,0.000,7.086,6.604,1.0000
644.9494,-350.1213,487.0777,0.0000,0.000,7.097,6.593,1.0000
649.9496,-353.8063,490.4573,0.0000,0.000,7.107,6.583,1.0000
654.9500,-357.4819,493.8476,0.0000,0.000,7.118,6.572,1.0000
659.9506,-361.1468,497.2497,0.0000,0.000,7.129,6.561,1.0000
664.9517,-364.8002,500.6650,0.0000,0.000,7.139,6.551,1.0000
669.9534,-368.4409,504.0945,0.0000,0.000,7.150,6.540,1.0000
674.9555,-372.0686,507.5385,0.0000,0.000,7.156,6.534,1.0000
679.9580,-375.6826,510.9974,0.0000,0.000,7.125,6.565,1.0000
684.9608,-379.2827,514.4713,0.0000,0.000,7.095,6.595,1.0000
689.9638,-382.8682,517.9603,0.0000,0.000,7.064,6.626,1.0000
694.9669,-386.4389,521.4648,0.0000,0.000,7.034,6.656,1.0000
699.9700,-389.9942,524.9849,0.0000,0.000,7.003,6.687,1.0000
704.9731,-393.5337,528.5208,0.0000,0.000,6.973,6.717,1.0000
709.9761,-397.0569,532.0728,0.0000,0.000,6.942,6.748,1.0000
714.9789,-400.5635,535.6410,0.0000,0.000,6.912,6.778,1.0000
719.9814,-404.0529,539.2257,0.0000,0.000,6.881,6.809,1.0000
724.9837,-407.5247,542.8270,0.0000,0.000,6.889,6.801,1.0000
729.9857,-410.9785,546.4451,0.0000,0.000,6.918,6.772,1.0000
734.9874,-414.4139,550.0804,0.0000,0.000,6.947,6.743,1.0000
739.9886,-417.8303,553.7329,0.0000,0.000,6.976,6.714,1.0000
744.9895,-421.2273,557.4028,0.0000,0.000,7.005,6.685,1.0000
749.9899,-424.6045,561.0905,0.0000,0.000,7.034,6.656,1.0000
754.9900,-427.9620,564.7956,0.0000,0.000,7.062,6.628,1.0000
759.9899,-431.3010,568.5172,0.0000,0.000,7.091,6.599,1.0000
764.9897,-434.6227,572.2541,0.0000,0.000,7.120,6.570,1.0000
769.9896,-437.9287,576.0050,0.0000,0.000,7.149,6.541,1.0000
774.9896,-441.2201,579.7689,0.0000,0.000,7.142,6.548,1.0000
779.9899,-444.4984,583.5445,0.0000,0.000,7.117,6.573,1.0000
784.9904,-447.7649,587.3307,0.0000,0.000,7.092,6.598,1.0000
789.9913,-451.0210,591.1264,0.0000,0.000,7.067,6.623,1.0000
794.9926,-454.2680,594.9303,0.0000,0.000,7.042,6.648,1.0000
799.9942,-457.5073,598.7413,0.0000,0.000,7.017,6.673,1.0000
804.9963,-460.7402,602.5582,0.0000,0.000,6.992,6.698,1.0000
809.9987,-463.9680,606.3798,0.0000,0.000,6.967,6.723,1.0000
815.0014,-467.1922,610.2050,0.0000,0.000,6.942,6.748,1.0000
820.0045,-470.4140,614.0327,0.0000,0.000,6.917,6.773,1.0000
825.0079,-473.6348,617.8615,0.0000,0.000,6.892,6.798,1.0000
830.0116,-476.8561,621.6905,0.0000,0.000,6.867,6.823,1.0000
835.0156,-480.0786,625.5187,0.0000,0.000,6.842,6.848,1.0000
840.0196,-483.3002,629.3477,0.0000,0.000,6.817,6.873,1.0000
845.0234,-486.5175,633.1801,0.0000,0.000,6.801,6.889,1.0000
850.0269,-489.7270,637.0185,0.0000,0.000,6.812,6.878,1.0000
855.0297,-492.9254,640.8654,0.0000,0.000,6.823,6.867,1.0000
860.0318,-496.1090,644.7236,0.0000,0.000,6.834,6.856,1.0000
865.0331,-499.2745,648.5956,0.0000,0.000,6.845,6.845,1.0000
870.0334,-502.4184,652.4840,0.0000,0.000,6.855,6.835,1.0000
875.0329,-505.5372,656.3913,0.0000,0.000,6.902,6.788,1.0000
880.0315,-508.6280,660.3198,0.0000,0.000,6.975,6.715,1.0000
885.0294,-511.6880,664.2714,0.0000,0.000,7.049,6.641,1.0000
890.0267,-514.7147,668.2479,0.0000,0.000,7.122,6.568,1.0000
895.0236,-517.7054,672.2510,0.0000,0.000,7.195,6.495,1.0000
900.0206,-520.6577,676.2826,0.0000,0.000,7.214,6.476,1.0000
905.0181,-523.5689,680.3445,0.0000,0.000,7.165,6.525,1.0000
910.0164,-526.4365,684.4385,0.0000,0.000,7.115,6.575,1.0000
915.0163,-529.2578,688.5664,0.0000,0.000,7.066,6.624,1.0000
920.0184,-532.0318,692.7288,0.0000,0.000,7.017,6.673,1.0000
925.0226,-534.7634,696.9218,0.0000,0.000,6.968,6.722,1.0000
930.0287,-537.4586,701.1404,0.0000,0.000,6.918,6.772,1.0000
935.0360,-540.1235,705.3797,0.0000,0.000,6.869,6.821,1.0000
940.0439,-542.7642,709.6347,0.0000,0.000,6.861,6.829,1.0000
945.0514,-545.3869,713.9005,0.0000,0.000,6.864,6.826,1.0000
950.0577,-547.9977,718.1721,0.0000,0.000,6.867,6.823,1.0000
955.0618,-550.6027,722.4446,0.0000,0.000,6.870,6.820,1.0000
960.0626,-553.2078,726.7133,0.0000,0.000,6.873,6.817,1.0000
965.0603,-555.8154,730.9768,0.0000,0.000,6.876,6.814,1.0000
970.0559,-558.4257,735.2361,0.0000,0.000,6.879,6.811,1.0000
975.0503,-561.0390,739.4923,0.0000,0.000,6.883,6.807,1.0000
980.0444,-563.6552,743.7464,0.0000,0.000,6.886,6.804,1.0000
985.0393,-566.2746,747.9994,0.0000,0.000,6.889,6.801,1.0000
990.0359,-568.8971,752.2523,0.0000,0.000,6.892,6.798,1.0000
995.0351,-571.5230,756.5063,0.0000,0.000,6.895,6.795,1.0000
1000.0378,-574.1523,760.7624,0.0000,0.000,6.898,6.792,1.0000
1005.0439,-576.7831,765.0214,0.0000,0.000,6.901,6.789,1.0000
1010.0524,-579.4127,769.2842,0.0000,0.000,6.904,6.786,1.0000
1015.0627,-582.0380,773.5516,0.0000,0.000,6.907,6.783,1.0000
1020.0738,-584.6561,777.8244,0.0000,0.000,6.910,6.780,1.0000
1025.0849,-587.2640,782.1034,0.0000,0.000,6.913,6.777,1.0000
1030.0952,-589.8589,786.3894,0.0000,0.000,6.916,6.774,1.0000
1035.1039,-592.4378,790.6832,0.0000,0.000,6.919,6.771,1.0000
1040.1104,-594.9977,794.9857,0.0000,0.000,6.885,6.805,1.0000
1045.1137,-597.5357,799.2976,0.0000,0.000,6.849,6.841,1.0000
1050.1134,-600.0488,803.6197,0.0000,0.000,6.813,6.877,1.0000
1055.1088,-602.5341,807.9529,0.0000,0.000,6.777,6.913,1.0000
1060.0993,-604.9887,812.2980,0.0000,0.000,6.758,6.932,1.0000
1065.0844,-607.4096,816.6558,0.0000,0.000,6.849,6.841,1.0000
1070.0636,-609.7939,821.0271,0.0000,0.000,6.978,6.712,1.0000
1075.0367,-612.1386,825.4127,0.0000,0.000,7.108,6.582,1.0000
1080.0032,-614.4408,829.8134,0.0000,0.000,7.234,6.456,1.0000
1084.9680,-616.6739,834.2476,0.0000,0.000,7.062,6.628,1.0000
1089.9769,-618.6605,838.8457,0.0000,0.000,6.889,6.801,1.0000
1095.1273,-620.1609,843.7728,0.0000,0.000,6.654,7.036,1.0000
1100.3175,-620.8465,848.9175,0.0000,0.000,6.721,6.969,1.0000
1105.2870,-620.2974,853.8565,0.0000,0.000,6.993,6.697,1.0000
1110.1133,-618.4028,858.2955,0.0000,0.000,7.101,6.589,1.0000
1114.9593,-615.4093,862.1063,0.0000,0.000,7.246,6.444,1.0000
1119.8609,-611.5830,865.1699,0.0000,0.000,7.222,6.468,1.0000
1124.7775,-607.1882,867.3741,0.0000,0.000,6.864,6.826,1.0000
1129.7426,-602.4315,868.7977,0.0000,0.000,6.588,7.102,1.0000
1134.8047,-597.4562,869.7308,0.0000,0.000,6.610,7.080,1.0000
1139.9133,-592.4021,870.4746,0.0000,0.000,6.804,6.886,1.0000
1144.9809,-587.4061,871.3239,0.0000,0.000,6.706,6.519,1.0000
1149.9827,-582.5213,872.3991,0.0000,0.000,6.011,5.832,1.0000
1154.9503,-577.7081,873.6283,0.0000,0.000,5.441,5.266,1.0000
1159.9097,-572.9226,874.9297,0.0000,0.000,5.168,4.988,1.0000
1164.8820,-568.1214,876.2232,0.0000,0.000,4.894,4.710,1.0000
1169.8760,-563.2846,877.4663,0.0000,0.000,4.621,4.432,1.0000
1174.8865,-558.4179,878.6580,0.0000,0.000,4.348,4.154,1.0000
1179.9075,-553.5283,879.7993,0.0000,0.000,4.100,3.950,1.0000
1184.9333,-548.6226,880.8914,0.0000,0.000,3.975,4.075,1.0000
1189.9576,-543.7079,881.9353,0.0000,0.000,3.911,4.139,1.0000
1194.9745,-538.7911,882.9321,0.0000,0.000,3.859,4.191,1.0000
1199.9777,-533.8791,883.8829,0.0000,0.000,3.807,4.243,1.0000
1204.9609,-528.9789,884.7888,0.0000,0.000,3.756,4.294,1.0000
1209.9230,-524.0950,885.6663,0.0000,0.000,3.704,4.346,1.0000
1214.8787,-519.2246,886.5821,0.0000,0.000,3.652,4.398,1.0000
1219.8483,-514.3632,887.6128,0.0000,0.000,3.601,4.449,1.0000
1224.8568,-509.5061,888.8353,0.0000,0.000,3.549,4.501,1.0000
1229.9296,-504.6577,890.3272,0.0000,0.000,3.511,4.539,1.0000
1235.0157,-499.9205,892.1786,0.0000,0.000,3.816,4.234,1.0000
1240.0383,-495.4598,894.4869,0.0000,0.000,4.054,3.996,1.0000
1244.9720,-491.4416,897.3498,0.0000,0.000,4.207,3.843,1.0000
1249.8662,-488.0230,900.8521,0.0000,0.000,3.982,4.068,1.0000
1254.7958,-485.2606,904.9350,0.0000,0.000,3.673,4.377,1.0000
1259.7815,-483.1484,909.4512,0.0000,0.000,3.549,4.501,1.0000
1264.8016,-481.6797,914.2517,0.0000,0.000,3.886,4.164,1.0000
1269.8077,-480.8470,919.1880,0.0000,0.000,4.161,3.889,1.0000
1274.7862,-480.5868,924.1597,0.0000,0.000,4.106,3.944,1.0000
1279.7786,-480.7376,929.1498,0.0000,0.000,4.062,3.988,1.0000
1284.7938,-481.1279,934.1499,0.0000,0.000,4.053,3.997,1.0000
1289.8164,-481.5872,939.1514,0.0000,0.000,4.023,4.027,1.0000
1294.8316,-482.0068,944.1490,0.0000,0.000,3.988,4.062,1.0000
1299.8399,-482.3859,949.1429,0.0000,0.000,3.954,4.096,1.0000
1304.8429,-482.7346,954.1338,0.0000,0.000,3.937,4.113,1.0000
1309.8421,-483.0629,959.1222,0.0000,0.000,3.974,4.076,1.0000
1314.8388,-483.3807,964.1088,0.0000,0.000,4.011,4.039,1.0000
1319.8344,-483.6982,969.0943,0.0000,0.000,4.048,4.002,1.0000
1324.8301,-484.0252,974.0793,0.0000,0.000,4.085,3.965,1.0000
1329.8274,-484.3718,979.0645,0.0000,0.000,4.122,3.928,1.0000
1334.8269,-484.7424,984.0502,0.0000,0.000,4.139,3.911,1.0000
1339.8285,-485.1321,989.0367,0.0000,0.000,4.145,3.905,1.0000
1344.8319,-485.5352,994.0238,0.0000,0.000,4.150,3.900,1.0000
1349.8365,-485.9457,999.0115,0.0000,0.000,4.155,3.895,1.0000
1354.8419,-486.3580,1003.9999,0.0000,0.000,4.160,3.890,1.0000
1359.8477,-486.7662,1008.9890,0.0000,0.000,4.165,3.885,1.0000
1364.8533,-487.1644,1013.9788,0.0000,0.000,4.170,3.880,1.0000
1369.8584,-487.5469,1018.9693,0.0000,0.000,4.175,3.875,1.0000
1374.8626,-487.9079,1023.9604,0.0000,0.000,4.181,3.869,1.0000
1379.8657,-488.2415,1028.9523,0.0000,0.000,4.186,3.864,1.0000
1384.8673,-488.5420,1033.9450,0.0000,0.000,4.191,3.859,1.0000
1389.8675,-488.8035,1038.9383,0.0000,0.000,4.196,3.854,1.0000
1394.8663,-489.0202,1043.9324,0.0000,0.000,4.253,3.905,1.0000
1399.8639,-489.1863,1048.9272,0.0000,0.000,4.408,4.060,1.0000
1404.8607,-489.2961,1053.9228,0.0000,0.000,4.563,4.216,1.0000
1409.8572,-489.3436,1058.9191,0.0000,0.000,4.718,4.371,1.0000
1414.8544,-489.3243,1063.9163,0.0000,0.000,4.873,4.527,1.0000
1419.8530,-489.2586,1068.9144,0.0000,0.000,5.136,5.080,1.0000
1424.8531,-489.1919,1073.9141,0.0000,0.000,5.308,5.492,1.0000
1429.8548,-489.1708,1078.9157,0.0000,0.000,5.271,5.529,1.0000
1434.8594,-489.2417,1083.9198,0.0000,0.000,5.322,5.498,1.0000
1439.8689,-489.4332,1088.9256,0.0000,0.000,5.488,5.379,1.0000
1444.8807,-489.7220,1093.9291,0.0000,0.000,5.654,5.259,1.0000
1449.8895,-490.0757,1098.9255,0.0000,0.000,5.821,5.140,1.0000
1454.8889,-490.4617,1103.9099,0.0000,0.000,5.987,5.020,1.0000
1459.8288,-490.6743,1108.8453,0.0000,0.000,6.153,4.901,1.0000
1464.6305,-490.0109,1113.6009,0.0000,0.000,6.237,4.876,1.0000
1469.5477,-488.0847,1118.1252,0.0000,0.000,5.754,5.494,1.0000
1474.6361,-485.5114,1122.5148,0.0000,0.000,5.272,6.112,1.0000
1479.6499,-482.4387,1126.4768,0.0000,0.000,5.711,5.679,1.0000
1484.6298,-478.9682,1130.0482,0.0000,0.000,5.906,5.484,1.0000
1489.6199,-475.2346,1133.3589,0.0000,0.000,6.014,5.376,1.0000
1494.6228,-471.3722,1136.5387,0.0000,0.000,5.989,5.401,1.0000
1499.6257,-467.4843,1139.6873,0.0000,0.000,5.964,5.426,1.0000
1504.6266,-463.5864,1142.8203,0.0000,0.000,5.939,5.451,1.0000
1509.6258,-459.6792,1145.9389,0.0000,0.000,5.914,5.476,1.0000
1514.6237,-455.7632,1149.0443,0.0000,0.000,5.889,5.501,1.0000
1519.6206,-451.8389,1152.1377,0.0000,0.000,5.864,5.526,1.0000
1524.6168,-447.9070,1155.2202,0.0000,0.000,5.839,5.551,1.0000
1529.6126,-443.9680,1158.2931,0.0000,0.000,5.814,5.576,1.0000
1534.6084,-440.0225,1161.3576,0.0000,0.000,5.789,5.601,1.0000
1539.6045,-436.0710,1164.4148,0.0000,0.000,5.764,5.626,1.0000
1544.6011,-432.1142,1167.4659,0.0000,0.000,5.739,5.651,1.0000
1549.5985,-428.1525,1170.5122,0.0000,0.000,5.740,5.650,1.0000
1554.5971,-424.1866,1173.5547,0.0000,0.000,5.758,5.632,1.0000
1559.5970,-420.2170,1176.5948,0.0000,0.000,5.776,5.614,1.0000
1564.5987,-416.2443,1179.6335,0.0000,0.000,5.795,5.595,1.0000
1569.6022,-412.2691,1182.6721,0.0000,0.000,5.813,5.577,1.0000
1574.6080,-408.2919,1185.7118,0.0000,0.000,5.831,5.559,1.0000
1579.6163,-404.3132,1188.7537,0.0000,0.000,5.849,5.541,1.0000
1584.6267,-400.3323,1191.7962,0.0000,0.000,5.867,5.523,1.0000
1589.6385,-396.3459,1194.8337,0.0000,0.000,5.886,5.504,1.0000
1594.6506,-392.3506,1197.8601,0.0000,0.000,5.904,5.486,1.0000
1599.6620,-388.3433,1200.8693,0.0000,0.000,5.922,5.468,1.0000
1604.6718,-384.3205,1203.8552,0.0000,0.000,5.940,5.450,1.0000
1609.6794,-380.2788,1206.8117,0.0000,0.000,5.958,5.432,1.0000
1614.6841,-376.2151,1209.7328,0.0000,0.000,5.976,5.414,1.0000
1619.6855,-372.1258,1212.6124,0.0000,0.000,5.913,5.477,1.0000
1624.6834,-368.0078,1215.4444,0.0000,0.000,5.850,5.540,1.0000
1629.6777,-363.8575,1218.2228,0.0000,0.000,5.787,5.603,1.0000
1634.6688,-359.6718,1220.9414,0.0000,0.000,5.741,5.649,1.0000
1639.6572,-355.4473,1223.5941,0.0000,0.000,5.733,5.657,1.0000
1644.6437,-351.1806,1226.1750,0.0000,0.000,5.724,5.666,1.0000
1649.6297,-346.8684,1228.6779,0.0000,0.000,5.714,5.676,1.0000
1654.6166,-342.5074,1231.0968,0.0000,0.000,5.702,5.688,1.0000
1659.6065,-338.0943,1233.4256,0.0000,0.000,5.690,5.700,1.0000
1664.6015,-333.6270,1235.6604,0.0000,0.000,5.678,5.712,1.0000
1669.6027,-329.1107,1237.8083,0.0000,0.000,5.731,5.659,1.0000
1674.6097,-324.5521,1239.8797,0.0000,0.000,5.817,5.573,1.0000
1679.6220,-319.9584,1241.8847,0.0000,0.000,5.902,5.488,1.0000
1684.6381,-315.3363,1243.8337,0.0000,0.000,5.842,5.548,1.0000
1689.6564,-310.6930,1245.7369,0.0000,0.000,5.728,5.662,1.0000
1694.6746,-306.0353,1247.6046,0.0000,0.000,5.613,5.777,1.0000
1699.6903,-301.3702,1249.4470,0.0000,0.000,5.585,5.805,1.0000
1704.7010,-296.7045,1251.2742,0.0000,0.000,5.626,5.764,1.0000
1709.7062,-292.0414,1253.0925,0.0000,0.000,5.667,5.723,1.0000
1714.7067,-287.3808,1254.9047,0.0000,0.000,5.695,5.695,1.0000
1719.7036,-282.7227,1256.7135,0.0000,0.000,5.686,5.704,1.0000
1724.6981,-278.0670,1258.5217,0.0000,0.000,5.677,5.713,1.0000
1729.6913,-273.4136,1260.3320,0.0000,0.000,5.668,5.722,1.0000
1734.6841,-268.7624,1262.1471,0.0000,0.000,5.658,5.732,1.0000
1739.6776,-264.1134,1263.9698,0.0000,0.000,5.649,5.741,1.0000
1744.6731,-259.4664,1265.8028,0.0000,0.000,5.640,5.750,1.0000
1749.6711,-254.8218,1267.6488,0.0000,0.000,5.630,5.760,1.0000
1754.6712,-250.1812,1269.5106,0.0000,0.000,5.621,5.769,1.0000
1759.6730,-245.5462,1271.3908,0.0000,0.000,5.612,5.778,1.0000
1764.6760,-240.9187,1273.2922,0.0000,0.000,5.602,5.788,1.0000
1769.6797,-236.3002,1275.2174,0.0000,0.000,5.579,5.811,1.0000
1774.6837,-231.6925,1277.1692,0.0000,0.000,5.557,5.833,1.0000
1779.6877,-227.0974,1279.1503,0.0000,0.000,5.534,5.856,1.0000
1784.6914,-222.5165,1281.1635,0.0000,0.000,5.511,5.879,1.0000
1789.6947,-217.9515,1283.2113,0.0000,0.000,5.488,5.902,1.0000
1794.6973,-213.4042,1285.2965,0.0000,0.000,5.544,5.846,1.0000
1799.6992,-208.8764,1287.4219,0.0000,0.000,5.622,5.768,1.0000
1804.7004,-204.3696,1289.5902,0.0000,0.000,5.700,5.690,1.0000
1809.7011,-199.8856,1291.8040,0.0000,0.000,5.711,5.679,1.0000
1814.7014,-195.4262,1294.0660,0.0000,0.000,5.681,5.709,1.0000
1819.7017,-190.9930,1296.3790,0.0000,0.000,5.650,5.740,1.0000
1824.7025,-186.5878,1298.7458,0.0000,0.000,5.620,5.770,1.0000
1829.7041,-182.2123,1301.1688,0.0000,0.000,5.608,5.782,1.0000
1834.7064,-177.8690,1303.6506,0.0000,0.000,5.626,5.764,1.0000
1839.7091,-173.5606,1306.1931,0.0000,0.000,5.644,5.746,1.0000
1844.7119,-169.2897,1308.7984,0.0000,0.000,5.661,5.729,1.0000
1849.7148,-165.0590,1311.4687,0.0000,0.000,5.642,5.748,1.0000
1854.7178,-160.8714,1314.2061,0.0000,0.000,5.578,5.812,1.0000
1859.7211,-156.7294,1317.0127,0.0000,0.000,5.514,5.876,1.0000
1864.7251,-152.6358,1319.8906,0.0000,0.000,5.449,5.941,1.0000
1869.7302,-148.5924,1322.8405,0.0000,0.000,5.385,6.005,1.0000
1874.7335,-144.5583,1325.8001,0.0000,0.000,5.320,6.070,1.0000
1879.7294,-140.4324,1328.6172,0.0000,0.000,5.431,5.959,1.0000
1884.7317,-136.1089,1331.1331,0.0000,0.000,6.055,5.335,1.0000
1889.7864,-131.4875,1333.1808,0.0000,0.000,6.245,5.145,1.0000
1894.6615,-126.7223,1334.2101,0.0000,0.000,5.866,5.524,1.0000
1899.1922,-122.3150,1333.1597,0.0000,0.000,5.870,5.553,1.0000
1904.1845,-118.4514,1329.9982,0.0000,0.000,6.658,6.438,1.0000
1909.4604,-114.8513,1326.1415,0.0000,0.000,6.786,6.906,1.0000
1914.5644,-111.3038,1322.4718,0.0000,0.000,6.915,7.374,1.0000
1919.5306,-107.7365,1319.0168,0.0000,0.000,7.138,7.582,1.0000
1924.4329,-104.0865,1315.7442,0.0000,0.000,7.503,7.217,1.0000
1929.3477,-100.2909,1312.6219,0.0000,0.000,7.325,7.395,1.0000
1934.3344,-96.3044,1309.6261,0.0000,0.000,7.147,7.573,1.0000
1939.3745,-92.1540,1306.7665,0.0000,0.000,6.969,7.751,1.0000
1944.4280,-87.8852,1304.0618,0.0000,0.000,6.893,7.647,1.0000
1949.4539,-83.5434,1301.5304,0.0000,0.000,6.819,7.540,1.0000
1954.4241,-79.1681,1299.1725,0.0000,0.000,6.744,7.433,1.0000
1959.3645,-74.7742,1296.9139,0.0000,0.000,6.670,7.326,1.0000
1964.3108,-70.3704,1294.6616,0.0000,0.000,6.595,7.218,1.0000
1969.2982,-65.9656,1292.3224,0.0000,0.000,6.521,7.111,1.0000
1974.3511,-61.5623,1289.8439,0.0000,0.000,6.446,7.004,1.0000
1979.4362,-57.1380,1287.3372,0.0000,0.000,6.372,6.897,1.0000
1984.5056,-52.6636,1284.9544,0.0000,0.000,6.297,6.790,1.0000
1989.5227,-48.1102,1282.8477,0.0000,0.000,6.226,6.684,1.0000
1994.4818,-43.4561,1281.1352,0.0000,0.000,6.283,6.627,1.0000
1999.4148,-38.7075,1279.7992,0.0000,0.000,6.340,6.570,1.0000
2004.3490,-33.8781,1278.7877,0.0000,0.000,6.357,6.553,1.0000
2009.3014,-28.9811,1278.0489,0.0000,0.000,6.269,6.641,1.0000
2014.2794,-24.0301,1277.5310,0.0000,0.000,6.206,6.704,1.0000
2019.2831,-19.0386,1277.1820,0.0000,0.000,6.243,6.667,1.0000
2024.3070,-14.0200,1276.9502,0.0000,0.000,6.280,6.630,1.0000
2029.3420,-8.9878,1276.7837,0.0000,0.000,6.317,6.593,1.0000
2034.3771,-3.9550,1276.6319,0.0000,0.000,6.354,6.556,1.0000
2039.4064,1.0715,1276.4635,0.0000,0.000,6.391,6.519,1.0000
2044.4284,6.0894,1276.2614,0.0000,0.000,6.447,6.463,1.0000
2049.4420,11.0967,1276.0093,0.0000,0.000,6.504,6.406,1.0000
2054.4467,16.0913,1275.6906,0.0000,0.000,6.560,6.350,1.0000
2059.4426,21.0709,1275.2887,0.0000,0.000,6.649,6.261,1.0000
2064.4306,26.0337,1274.7871,0.0000,0.000,6.739,6.171,1.0000
2069.4127,30.9773,1274.1693,0.0000,0.000,6.784,6.115,1.0000
2074.3920,35.8997,1273.4188,0.0000,0.000,6.558,6.260,1.0000
2079.3719,40.7987,1272.5248,0.0000,0.000,6.333,6.405,1.0000
2084.3536,45.6715,1271.4886,0.0000,0.000,6.304,6.369,1.0000
2089.3381,50.5154,1270.3134,0.0000,0.000,6.381,6.235,1.0000
2094.3258,55.3277,1269.0023,0.0000,0.000,6.457,6.102,1.0000
2099.3173,60.1057,1267.5581,0.0000,0.000,6.511,5.999,1.0000
2104.3127,64.8467,1265.9841,0.0000,0.000,6.432,6.078,1.0000
2109.3121,69.5478,1264.2832,0.0000,0.000,6.352,6.158,1.0000
2114.3153,74.2064,1262.4586,0.0000,0.000,6.284,6.226,1.0000
2119.3221,78.8198,1260.5132,0.0000,0.000,6.228,6.282,1.0000
2124.3320,83.3852,1258.4501,0.0000,0.000,6.201,6.309,1.0000
2129.3445,87.9000,1256.2723,0.0000,0.000,6.227,6.283,1.0000
2134.3589,92.3613,1253.9830,0.0000,0.000,6.253,6.257,1.0000
2139.3744,96.7664,1251.5851,0.0000,0.000,6.279,6.231,1.0000
2144.3901,101.1127,1249.0817,0.0000,0.000,6.330,6.180,1.0000
2149.4050,105.3974,1246.4758,0.0000,0.000,6.408,6.102,1.0000
2154.4179,109.6177,1243.7706,0.0000,0.000,6.467,6.043,1.0000
2159.4279,113.7710,1240.9688,0.0000,0.000,6.448,6.062,1.0000
2164.4346,117.8546,1238.0721,0.0000,0.000,6.429,6.081,1.0000
2169.4380,121.8657,1235.0813,0.0000,0.000,6.349,6.161,1.0000
2174.4381,125.8017,1231.9976,0.0000,0.000,6.216,6.294,1.0000
2179.4353,129.6600,1228.8218,0.0000,0.000,6.162,6.348,1.0000
2184.4296,133.4377,1225.5551,0.0000,0.000,6.264,6.246,1.0000
2189.4214,137.1324,1222.1983,0.0000,0.000,6.343,6.167,1.0000
2194.4110,140.7412,1218.7526,0.0000,0.000,6.356,6.154,1.0000
2199.3990,144.2614,1215.2188,0.0000,0.000,6.368,6.142,1.0000
2204.3859,147.6905,1211.5980,0.0000,0.000,6.381,6.129,1.0000
2209.3723,151.0258,1207.8912,0.0000,0.000,6.446,6.064,1.0000
2214.3590,154.2644,1204.0993,0.0000,0.000,6.521,5.989,1.0000
2219.3468,157.4039,1200.2235,0.0000,0.000,6.596,5.914,1.0000
2224.3367,160.4414,1196.2646,0.0000,0.000,6.534,5.976,1.0000
2229.3298,163.3743,1192.2236,0.0000,0.000,6.437,6.073,1.0000
2234.3273,166.2000,1188.1017,0.0000,0.000,6.340,6.170,1.0000
2239.3305,168.9157,1183.8997,0.0000,0.000,6.238,6.272,1.0000
2244.3402,171.5186,1179.6193,0.0000,0.000,6.135,6.375,1.0000
2249.3547,174.0052,1175.2647,0.0000,0.000,6.063,6.447,1.0000
2254.3720,176.3718,1170.8407,0.0000,0.000,6.089,6.421,1.0000
2259.3901,178.6149,1166.3518,0.0000,0.000,6.124,6.386,1.0000
2264.4069,180.7308,1161.8030,0.0000,0.000,6.244,6.266,1.0000
2269.4207,182.7158,1157.1989,0.0000,0.000,6.364,6.146,1.0000
2274.4298,184.5664,1152.5442,0.0000,0.000,6.462,6.048,1.0000
2279.4326,186.2789,1147.8436,0.0000,0.000,6.510,6.000,1.0000
2284.4280,187.8506,1143.1020,0.0000,0.000,6.554,5.956,1.0000
2289.4183,189.2907,1138.3240,0.0000,0.000,6.486,6.024,1.0000
2294.4073,190.6168,1133.5144,0.0000,0.000,6.417,6.093,1.0000
2299.3974,191.8465,1128.6782,0.0000,0.000,6.368,6.142,1.0000
2304.3900,192.9976,1123.8201,0.0000,0.000,6.364,6.146,1.0000
2309.3855,194.0877,1118.9450,0.0000,0.000,6.361,6.149,1.0000
2314.3838,195.1346,1114.0576,0.0000,0.000,6.358,6.152,1.0000
2319.3840,196.1560,1109.1628,0.0000,0.000,6.354,6.156,1.0000
2324.3852,197.1687,1104.2652,0.0000,0.000,6.351,6.159,1.0000
2329.3869,198.1798,1099.3668,0.0000,0.000,6.348,6.162,1.0000
2334.3890,199.1896,1094.4676,0.0000,0.000,6.344,6.166,1.0000
2339.3916,200.1980,1089.5678,0.0000,0.000,6.341,6.169,1.0000
2344.3944,201.2051,1084.6674,0.0000,0.000,6.338,6.172,1.0000
2349.3975,202.2111,1079.7664,0.0000,0.000,6.335,6.175,1.0000
2354.4008,203.2160,1074.8651,0.0000,0.000,6.331,6.179,1.0000
2359.4043,204.2198,1069.9634,0.0000,0.000,6.320,6.190,1.0000
2364.4078,205.2227,1065.0614,0.0000,0.000,6.308,6.202,1.0000
2369.4114,206.2247,1060.1592,0.0000,0.000,6.296,6.214,1.0000
2374.4149,207.2258,1055.2568,0.0000,0.000,6.284,6.226,1.0000
2379.4183,208.2263,1050.3545,0.0000,0.000,6.272,6.238,1.0000
2384.4215,209.2260,1045.4521,0.0000,0.000,6.260,6.250,1.0000
2389.4246,210.2252,1040.5499,0.0000,0.000,6.247,6.263,1.0000
2394.4273,211.2239,1035.6478,0.0000,0.000,6.235,6.275,1.0000
2399.4297,212.2221,1030.7460,0.0000,0.000,6.223,6.287,1.0000
2404.4317,213.2199,1025.8445,0.0000,0.000,6.211,6.299,1.0000
2409.4333,214.2175,1020.9435,0.0000,0.000,6.199,6.311,1.0000
2414.4345,215.2156,1016.0429,0.0000,0.000,6.187,6.323,1.0000
2419.4353,216.2150,1011.1430,0.0000,0.000,6.175,6.335,1.0000
2424.4358,217.2168,1006.2438,0.0000,0.000,6.162,6.348,1.0000
2429.4362,218.2216,1001.3454,0.0000,0.000,6.150,6.360,1.0000
2434.4365,219.2306,996.4480,0.0000,0.000,6.138,6.372,1.0000
2439.4367,220.2444,991.5516,0.0000,0.000,6.126,6.384,1.0000
2444.4370,221.2641,986.6564,0.0000,0.000,6.114,6.396,1.0000
2449.4375,222.2905,981.7624,0.0000,0.000,6.102,6.408,1.0000
2454.4381,223.3246,976.8699,0.0000,0.000,6.089,6.421,1.0000
2459.4391,224.3672,971.9787,0.0000,0.000,6.105,6.405,1.0000
2464.4405,225.4192,967.0892,0.0000,0.000,6.129,6.381,1.0000
2469.4425,226.4815,962.2014,0.0000,0.000,6.153,6.357,1.0000
2474.4451,227.5550,957.3153,0.0000,0.000,6.176,6.334,1.0000
2479.4484,228.6405,952.4312,0.0000,0.000,6.200,6.310,1.0000
2484.4526,229.7391,947.5491,0.0000,0.000,6.224,6.286,1.0000
2489.4578,230.8515,942.6691,0.0000,0.000,6.248,6.262,1.0000
2494.4637,231.9772,937.7914,0.0000,0.000,6.272,6.238,1.0000
2499.4696,233.1139,932.9162,0.0000,0.000,6.296,6.214,1.0000
2504.4748,234.2595,928.0439,0.0000,0.000,6.319,6.191,1.0000
2509.4785,235.4117,923.1747,0.0000,0.000,6.343,6.167,1.0000
2514.4799,236.5683,918.3088,0.0000,0.000,6.367,6.143,1.0000
2519.4784,237.7269,913.4465,0.0000,0.000,6.391,6.119,1.0000
2524.4730,238.8855,908.5881,0.0000,0.000,6.415,6.095,1.0000
2529.4630,240.0417,903.7338,0.0000,0.000,6.438,6.072,1.0000
2534.4493,241.1768,898.8785,0.0000,0.000,6.462,6.048,1.0000
2539.4389,242.2177,893.9987,0.0000,0.000,6.486,6.024,1.0000
2544.4449,243.0806,889.0676,0.0000,0.000,6.510,6.000,1.0000
2549.4901,243.6814,884.0583,0.0000,0.000,6.434,6.076,1.0000
2554.5839,243.9006,878.9692,0.0000,0.000,5.976,6.027,1.0000
2559.5113,243.2125,874.0901,0.0000,0.000,5.947,5.575,1.0000
2564.3076,240.9114,869.8819,0.0000,0.000,5.832,5.638,1.0000
2569.2639,237.1576,866.6454,0.0000,0.000,6.128,5.342,1.0000
2574.2610,232.6270,864.5372,0.0000,0.000,5.673,5.797,1.0000
2579.3028,227.7513,863.2537,0.0000,0.000,5.614,5.856,1.0000
2584.3499,222.8110,862.2211,0.0000,0.000,5.621,5.849,1.0000
2589.3307,217.9714,861.0433,0.0000,0.000,5.629,5.841,1.0000
2594.3004,213.2057,859.6342,0.0000,0.000,5.637,5.833,1.0000
2599.2997,208.4941,857.9628,0.0000,0.000,5.599,5.871,1.0000
2604.3159,203.8604,856.0415,0.0000,0.000,5.557,5.913,1.0000
2609.3301,199.3327,853.8870,0.0000,0.000,5.588,5.882,1.0000
2614.3230,194.9388,851.5158,0.0000,0.000,5.624,5.846,1.0000
2619.2936,190.6827,848.9482,0.0000,0.000,5.653,5.817,1.0000
2624.2689,186.5284,846.2105,0.0000,0.000,5.602,5.868,1.0000
2629.2736,182.4360,843.3295,0.0000,0.000,5.551,5.919,1.0000
2634.3277,178.3673,840.3313,0.0000,0.000,5.446,6.024,1.0000
2639.3917,174.3993,837.1850,0.0000,0.000,5.276,6.194,1.0000
2644.3559,170.8023,833.7638,0.0000,0.000,5.107,6.363,1.0000
2649.1868,167.9477,829.8665,0.0000,0.000,4.993,6.477,1.0000
2654.0684,165.8969,825.4366,0.0000,0.000,5.605,5.865,1.0000
2659.0337,163.9526,820.8677,0.0000,0.000,5.863,5.607,1.0000
2664.0469,162.0813,816.2169,0.0000,0.000,5.849,5.621,1.0000
2669.0800,160.3325,811.4974,0.0000,0.000,5.835,5.675,1.0000
2674.1083,158.7557,806.7228,0.0000,0.000,5.819,5.808,1.0000
2679.1158,157.3882,801.9056,0.0000,0.000,5.784,5.954,1.0000
2684.1092,156.2045,797.0545,0.0000,0.000,5.719,6.122,1.0000
2689.0977,155.1590,792.1768,0.0000,0.000,5.663,6.267,1.0000
2694.0865,154.2059,787.2799,0.0000,0.000,5.674,6.256,1.0000
2699.0781,153.3048,782.3703,0.0000,0.000,5.684,6.246,1.0000
2704.0728,152.4410,777.4509,0.0000,0.000,5.695,6.235,1.0000
2709.0703,151.6084,772.5232,0.0000,0.000,5.706,6.224,1.0000
2714.0704,150.8008,767.5888,0.0000,0.000,5.716,6.214,1.0000
2719.0725,150.0119,762.6493,0.0000,0.000,5.727,6.203,1.0000
2724.0761,149.2357,757.7062,0.0000,0.000,5.738,6.192,1.0000
2729.0807,148.4658,752.7612,0.0000,0.000,5.749,6.181,1.0000
2734.0857,147.6961,747.8157,0.0000,0.000,5.759,6.171,1.0000
2739.0905,146.9206,742.8714,0.0000,0.000,5.770,6.160,1.0000
2744.0948,146.1369,737.9288,0.0000,0.000,5.781,6.149,1.0000
2749.0987,145.3460,732.9878,0.0000,0.000,5.792,6.138,1.0000
2754.1022,144.5492,728.0482,0.0000,0.000,5.802,6.128,1.0000
2759.1053,143.7478,723.1097,0.0000,0.000,5.813,6.117,1.0000
2764.1081,142.9429,718.1721,0.0000,0.000,5.824,6.106,1.0000
2769.1105,142.1358,713.2352,0.0000,0.000,5.835,6.095,1.0000
2774.1127,141.3277,708.2987,0.0000,0.000,5.845,6.085,1.0000
2779.1146,140.5199,703.3625,0.0000,0.000,5.856,6.074,1.0000
2784.1163,139.7135,698.4262,0.0000,0.000,5.867,6.063,1.0000
2789.1177,138.9097,693.4898,0.0000,0.000,5.877,6.053,1.0000
2794.1190,138.1099,688.5529,0.0000,0.000,5.888,6.042,1.0000
2799.1201,137.3152,683.6153,0.0000,0.000,5.899,6.031,1.0000
2804.1211,136.5269,678.6769,0.0000,0.000,5.910,6.020,1.0000
2809.1220,135.7461,673.7373,0.0000,0.000,5.920,6.010,1.0000
2814.1229,134.9741,668.7964,0.0000,0.000,5.918,6.012,1.0000
2819.1237,134.2121,663.8539,0.0000,0.000,5.890,6.040,1.0000
2824.1246,133.4630,658.9095,0.0000,0.000,5.862,6.068,1.0000
2829.1251,132.7339,653.9624,0.0000,0.000,5.834,6.096,1.0000
2834.1252,132.0326,649.0118,0.0000,0.000,5.807,6.123,1.0000
2839.1246,131.3670,644.0568,0.0000,0.000,5.779,6.151,1.0000
2844.1235,130.7449,639.0968,0.0000,0.000,5.751,6.179,1.0000
2849.1222,130.1743,634.1308,0.0000,0.000,5.723,6.207,1.0000
2854.1211,129.6628,629.1580,0.0000,0.000,5.721,6.209,1.0000
2859.1213,129.2185,624.1777,0.0000,0.000,5.736,6.194,1.0000
2864.1235,128.8486,619.1892,0.0000,0.000,5.751,6.179,1.0000
2869.1278,128.5560,614.1935,0.0000,0.000,5.765,6.165,1.0000
2874.1333,128.3411,609.1925,0.0000,0.000,5.780,6.150,1.0000
2879.1395,128.2044,604.1882,0.0000,0.000,5.789,6.141,1.0000
2884.1456,128.1462,599.1825,0.0000,0.000,5.799,6.131,1.0000
2889.1508,128.1670,594.1773,0.0000,0.000,5.808,6.122,1.0000
2894.1545,128.2673,589.1746,0.0000,0.000,5.818,6.112,1.0000
2899.1561,128.4473,584.1762,0.0000,0.000,5.827,6.103,1.0000
2904.1550,128.7077,579.1841,0.0000,0.000,5.837,6.093,1.0000
2909.1512,129.0472,574.1994,0.0000,0.000,5.800,6.130,1.0000
2914.1458,129.4627,569.2222,0.0000,0.000,5.702,6.228,1.0000
2919.1398,129.9509,564.2521,0.0000,0.000,5.603,6.327,1.0000
2924.1339,130.5083,559.2892,0.0000,0.000,5.558,6.372,1.0000
2929.1288,131.1316,554.3333,0.0000,0.000,5.659,6.271,1.0000
2934.1252,131.8174,549.3843,0.0000,0.000,5.760,6.170,1.0000
2939.1233,132.5623,544.4420,0.0000,0.000,5.861,6.069,1.0000
2944.1235,133.3630,539.5063,0.0000,0.000,5.961,5.969,1.0000
2949.1258,134.2168,534.5774,0.0000,0.000,6.062,5.868,1.0000
2954.1298,135.1246,529.6564,0.0000,0.000,6.025,5.905,1.0000
2959.1349,136.0880,524.7449,0.0000,0.000,5.974,5.956,1.0000
2964.1406,137.1090,519.8445,0.0000,0.000,5.924,6.006,1.0000
2969.1463,138.1893,514.9567,0.0000,0.000,5.874,6.056,1.0000
2974.1518,139.3307,510.0831,0.0000,0.000,5.864,6.066,1.0000
2979.1567,140.5350,505.2252,0.0000,0.000,5.875,6.055,1.0000
2984.1608,141.8039,500.3847,0.0000,0.000,5.886,6.044,1.0000
2989.1640,143.1394,495.5630,0.0000,0.000,5.897,6.033,1.0000
2994.1660,144.5430,490.7620,0.0000,0.000,5.871,6.059,1.0000
2999.1667,146.0167,485.9834,0.0000,0.000,5.821,6.109,1.0000
3004.1659,147.5621,481.2290,0.0000,0.000,5.772,6.158,1.0000
3009.1637,149.1810,476.5007,0.0000,0.000,5.722,6.208,1.0000
3014.1601,150.8751,471.8003,0.0000,0.000,5.682,6.248,1.0000
3019.1555,152.6463,467.1295,0.0000,0.000,5.704,6.226,1.0000
3024.1500,154.4962,462.4901,0.0000,0.000,5.725,6.205,1.0000
3029.1443,156.4264,457.8839,0.0000,0.000,5.747,6.183,1.0000
3034.1391,158.4351,453.3108,0.0000,0.000,5.768,6.162,1.0000
3039.1351,160.5173,448.7694,0.0000,0.000,5.786,6.144,1.0000
3044.1329,162.6681,444.2581,0.0000,0.000,5.805,6.125,1.0000
3049.1327,164.8826,439.7754,0.0000,0.000,5.823,6.107,1.0000
3054.1347,167.1558,435.3198,0.0000,0.000,5.842,6.088,1.0000
3059.1388,169.4828,430.8897,0.0000,0.000,5.860,6.070,1.0000
3064.1445,171.8585,426.4837,0.0000,0.000,5.879,6.051,1.0000
3069.1515,174.2781,422.1001,0.0000,0.000,5.897,6.033,1.0000
3074.1591,176.7384,417.7385,0.0000,0.000,5.866,6.064,1.0000
3079.1668,179.2406,413.4008,0.0000,0.000,5.804,6.126,1.0000
3084.1740,181.7864,409.0890,0.0000,0.000,5.742,6.188,1.0000
3089.1803,184.3777,404.8056,0.0000,0.000,5.680,6.250,1.0000
3094.1853,187.0164,400.5528,0.0000,0.000,5.642,6.288,1.0000
3099.1886,189.7043,396.3327,0.0000,0.000,5.695,6.235,1.0000
3104.1903,192.4432,392.1476,0.0000,0.000,5.749,6.181,1.0000
3109.1901,195.2349,387.9998,0.0000,0.000,5.803,6.127,1.0000
3114.1881,198.0813,383.8915,0.0000,0.000,5.856,6.074,1.0000
3119.1845,200.9843,379.8250,0.0000,0.000,5.890,6.040,1.0000
3124.1795,203.9456,375.8024,0.0000,0.000,5.901,6.029,1.0000
3129.1735,206.9671,371.8261,0.0000,0.000,5.913,6.017,1.0000
3134.1671,210.0506,367.8983,0.0000,0.000,5.925,6.005,1.0000
3139.1610,213.1980,364.0211,0.0000,0.000,5.960,5.970,1.0000
3144.1558,216.4111,360.1969,0.0000,0.000,5.998,5.932,1.0000
3149.1526,219.6917,356.4279,0.0000,0.000,6.036,5.894,1.0000
3154.1522,223.0411,352.7161,0.0000,0.000,6.067,5.863,1.0000
3159.1551,226.4570,349.0609,0.0000,0.000,5.958,5.972,1.0000
3164.1606,229.9349,345.4610,0.0000,0.000,5.848,6.082,1.0000
3169.1683,233.4705,341.9146,0.0000,0.000,5.739,6.191,1.0000
3174.1774,237.0595,338.4203,0.0000,0.000,5.701,6.229,1.0000
3179.1869,240.6975,334.9765,0.0000,0.000,5.707,6.223,1.0000
3184.1956,244.3801,331.5816,0.0000,0.000,5.713,6.217,1.0000
3189.2022,248.1031,328.2342,0.0000,0.000,5.720,6.210,1.0000
3194.2052,251.8620,324.9325,0.0000,0.000,5.798,6.132,1.0000
3199.2044,255.6522,321.6727,0.0000,0.000,5.889,6.041,1.0000
3204.2010,259.4688,318.4478,0.0000,0.000,5.979,5.951,1.0000
3209.1961,263.3067,315.2507,0.0000,0.000,6.070,5.860,1.0000
3214.1907,267.1609,312.0741,0.0000,0.000,6.161,5.769,1.0000
3219.1855,271.0264,308.9109,0.0000,0.000,6.178,5.752,1.0000
3224.1813,274.8982,305.7538,0.0000,0.000,6.126,5.804,1.0000
3229.1787,278.7713,302.5957,0.0000,0.000,6.075,5.855,1.0000
3234.1784,282.6407,299.4295,0.0000,0.000,6.023,5.907,1.0000
3239.1806,286.5035,296.2513,0.0000,0.000,5.972,5.958,1.0000
3244.1849,290.3596,293.0618,0.0000,0.000,5.920,6.010,1.0000
3249.1907,294.2091,289.8620,0.0000,0.000,5.869,6.061,1.0000
3254.1974,298.0522,286.6528,0.0000,0.000,5.826,6.104,1.0000
3259.2047,301.8889,283.4353,0.0000,0.000,5.871,6.059,1.0000
3264.2119,305.7192,280.2103,0.0000,0.000,5.915,6.015,1.0000
3269.2186,309.5434,276.9789,0.0000,0.000,5.960,5.970,1.0000
3274.2241,313.3615,273.7420,0.0000,0.000,6.005,5.925,1.0000
3279.2279,317.1736,270.5006,0.0000,0.000,6.050,5.880,1.0000
3284.2296,320.9798,267.2557,0.0000,0.000,6.094,5.836,1.0000
3289.2285,324.7803,264.0083,0.0000,0.000,6.139,5.791,1.0000
3294.2241,328.5750,260.7593,0.0000,0.000,6.184,5.746,1.0000
3299.2159,332.3641,257.5097,0.0000,0.000,6.228,5.702,1.0000
3304.2032,336.1478,254.2604,0.0000,0.000,6.273,5.657,1.0000
3309.1856,339.9260,251.0125,0.0000,0.000,5.965,5.965,1.0000
3314.1625,343.6990,247.7669,0.0000,0.000,5.652,6.299,1.0000
3319.1351,347.4690,244.5244,0.0000,0.000,5.754,6.225,1.0000
3324.1117,351.2473,241.2854,0.0000,0.000,5.856,6.151,1.0000
3329.1027,355.0475,238.0498,0.0000,0.000,5.958,6.077,1.0000
3334.1184,358.8831,234.8179,0.0000,0.000,6.061,6.003,1.0000
3339.1667,362.7691,231.5955,0.0000,0.000,6.158,5.972,1.0000
3344.2205,366.7428,228.4728,0.0000,0.000,6.157,6.083,1.0000
3349.2368,370.8586,225.6051,0.0000,0.000,6.043,6.197,1.0000
3354.1998,375.1712,223.1491,0.0000,0.000,6.075,6.165,1.0000
3359.1375,379.7307,221.2539,0.0000,0.000,6.135,6.105,1.0000
3364.0969,384.5166,219.9532,0.0000,0.000,6.018,6.222,1.0000
3369.0931,389.4547,219.1936,0.0000,0.000,5.969,6.271,1.0000
3374.1155,394.4696,218.9193,0.0000,0.000,5.941,6.299,1.0000
3379.1343,399.4860,219.0744,0.0000,0.000,5.899,6.341,1.0000
3384.1306,404.4563,219.5832,0.0000,0.000,5.924,6.316,1.0000
3389.1229,409.3929,220.3268,0.0000,0.000,5.949,6.291,1.0000
3394.1193,414.3159,221.1805,0.0000,0.000,5.974,6.266,1.0000
3399.1199,419.2454,222.0201,0.0000,0.000,6.000,6.240,1.0000
3404.1242,424.1938,222.7663,0.0000,0.000,6.025,6.215,1.0000
3409.1314,429.1559,223.4367,0.0000,0.000,6.045,6.195,1.0000
3414.1390,434.1244,224.0616,0.0000,0.000,6.037,6.203,1.0000
3419.1440,439.0921,224.6712,0.0000,0.000,6.030,6.210,1.0000
3424.1435,444.0526,225.2941,0.0000,0.000,6.022,6.218,1.0000
3429.1394,449.0057,225.9465,0.0000,0.000,6.015,6.225,1.0000
3434.1359,453.9540,226.6397,0.0000,0.000,6.008,6.232,1.0000
3439.1377,458.9000,227.3846,0.0000,0.000,6.000,6.240,1.0000
3444.1481,463.8453,228.1893,0.0000,0.000,5.999,6.241,1.0000
3449.1608,468.7850,229.0418,0.0000,0.000,6.012,6.228,1.0000
3454.1649,473.7113,229.9212,0.0000,0.000,6.025,6.215,1.0000
3459.1493,478.6163,230.8068,0.0000,0.000,6.038,6.202,1.0000
3464.1116,483.4996,231.6890,0.0000,0.000,6.051,6.189,1.0000
3469.1142,488.4115,232.6368,0.0000,0.000,6.064,6.176,1.0000
3474.2159,493.4060,233.6778,0.0000,0.000,6.039,6.201,1.0000
3479.2629,498.4118,234.3208,0.0000,0.000,5.997,6.243,1.0000
3484.1681,503.3015,233.9319,0.0000,0.000,6.440,5.800,1.0000
3489.0361,507.9226,232.4012,0.0000,0.000,6.465,5.775,1.0000
3493.9488,512.1182,229.8454,0.0000,0.000,6.277,6.074,1.0000
3498.9721,515.9287,226.5723,0.0000,0.000,6.340,6.208,1.0000
3504.0385,519.6273,223.1097,0.0000,0.000,6.402,6.341,1.0000
3509.0698,523.3691,219.7463,0.0000,0.000,6.465,6.475,1.0000
3514.0747,527.1514,216.4685,0.0000,0.000,6.527,6.608,1.0000
3519.0660,530.9623,213.2453,0.0000,0.000,6.590,6.742,1.0000
3524.0549,534.7902,210.0458,0.0000,0.000,6.653,6.875,1.0000
3529.0472,538.6282,206.8532,0.0000,0.000,6.715,7.008,1.0000
3534.0429,542.4757,203.6667,0.0000,0.000,6.778,7.142,1.0000
3539.0413,546.3322,200.4870,0.0000,0.000,7.333,7.450,1.0000
3544.0419,550.1975,197.3142,0.0000,0.000,7.857,7.743,1.0000
3549.0443,554.0711,194.1489,0.0000,0.000,7.839,7.761,1.0000
3554.0478,557.9525,190.9915,0.0000,0.000,7.820,7.780,1.0000
3559.0520,561.8416,187.8423,0.0000,0.000,7.807,7.793,1.0000
3564.0563,565.7378,184.7017,0.0000,0.000,7.809,7.791,1.0000
3569.0604,569.6405,181.5697,0.0000,0.000,7.810,7.790,1.0000
3574.0641,573.5483,178.4446,0.0000,0.000,7.812,7.788,1.0000
3579.0675,577.4594,175.3242,0.0000,0.000,7.813,7.787,1.0000
3584.0705,581.3723,172.2065,0.0000,0.000,7.815,7.785,1.0000
3589.0732,585.2852,169.0894,0.0000,0.000,7.816,7.784,1.0000
3594.0756,589.1964,165.9708,0.0000,0.000,7.818,7.782,1.0000
3599.0776,593.1043,162.8486,0.0000,0.000,7.819,7.781,1.0000
3604.0793,597.0073,159.7207,0.0000,0.000,7.821,7.779,1.0000
3609.0806,600.9035,156.5850,0.0000,0.000,7.822,7.778,1.0000
3614.0817,604.7914,153.4394,0.0000,0.000,7.824,7.776,1.0000
3619.0825,608.6694,150.2819,0.0000,0.000,7.842,7.758,1.0000
3624.0832,612.5356,147.1103,0.0000,0.000,7.861,7.739,1.0000
3629.0838,616.3884,143.9226,0.0000,0.000,7.879,7.721,1.0000
3634.0845,620.2262,140.7166,0.0000,0.000,7.897,7.703,1.0000
3639.0854,624.0473,137.4903,0.0000,0.000,7.915,7.685,1.0000
3644.0869,627.8500,134.2416,0.0000,0.000,7.933,7.667,1.0000
3649.0892,631.6332,130.9690,0.0000,0.000,7.952,7.648,1.0000
3654.0921,635.4014,127.6781,0.0000,0.000,7.961,7.639,1.0000
3659.0954,639.1636,124.3797,0.0000,0.000,7.901,7.699,1.0000
3664.0987,642.9285,121.0846,0.0000,0.000,7.842,7.758,1.0000
3669.1015,646.7049,117.8033,0.0000,0.000,7.782,7.818,1.0000
3674.1035,650.5017,114.5468,0.0000,0.000,7.722,7.878,1.0000
3679.1049,654.3277,111.3257,0.0000,0.000,7.663,7.937,1.0000
3684.1059,658.1916,108.1507,0.0000,0.000,7.611,7.916,1.0000
3689.1076,662.1023,105.0325,0.0000,0.000,7.578,7.707,1.0000
3694.1103,666.0533,101.9638,0.0000,0.000,7.545,7.498,1.0000
3699.1122,670.0092,98.9028,0.0000,0.000,7.513,7.290,1.0000
3704.1109,673.9313,95.8039,0.0000,0.000,7.480,7.081,1.0000
3709.1057,677.7810,92.6214,0.0000,0.000,7.447,6.872,1.0000
3714.0997,681.5284,89.3203,0.0000,0.000,7.414,6.663,1.0000
3719.0961,685.1988,85.9302,0.0000,0.000,7.018,6.633,1.0000
3724.0936,688.8387,82.5059,0.0000,0.000,6.575,6.626,1.0000
3729.0888,692.4945,79.1020,0.0000,0.000,6.132,6.618,1.0000
3734.0797,696.2029,75.7617,0.0000,0.000,6.006,6.494,1.0000
3739.0679,699.9402,72.4580,0.0000,0.000,6.276,6.224,1.0000
3744.0543,703.6598,69.1370,0.0000,0.000,6.546,5.954,1.0000
3749.0411,707.3150,65.7448,0.0000,0.000,6.496,6.004,1.0000
3754.0341,710.8603,62.2290,0.0000,0.000,6.302,6.198,1.0000
3759.0380,714.2757,58.5719,0.0000,0.000,6.207,6.293,1.0000
3764.0498,717.5695,54.7945,0.0000,0.000,6.273,6.227,1.0000
3769.0638,720.7519,50.9199,0.0000,0.000,6.339,6.161,1.0000
3774.0723,723.8326,46.9708,0.0000,0.000,6.382,6.118,1.0000
3779.0725,726.8194,42.9608,0.0000,0.000,6.343,6.157,1.0000
3784.0672,729.7179,38.8932,0.0000,0.000,6.304,6.196,1.0000
3789.0593,732.5335,34.7709,0.0000,0.000,6.289,6.211,1.0000
3794.0513,735.2717,30.5968,0.0000,0.000,6.365,6.135,1.0000
3799.0454,737.9378,26.3738,0.0000,0.000,6.441,6.059,1.0000
3804.0436,740.5373,22.1049,0.0000,0.000,6.393,6.107,1.0000
3809.0472,743.0757,17.7930,0.0000,0.000,6.333,6.167,1.0000
3814.0575,745.5576,13.4406,0.0000,0.000,6.272,6.228,1.0000
3819.0710,747.9677,9.0444,0.0000,0.000,6.231,6.269,1.0000
3824.0809,750.2689,4.5942,0.0000,0.000,6.310,6.190,1.0000
3829.0830,752.4229,0.0797,0.0000,0.000,6.390,6.110,1.0000
3834.0766,754.3917,-4.5095,0.0000,0.000,6.469,6.031,1.0000
3839.0669,756.1567,-9.1772,0.0000,0.000,6.453,6.047,1.0000
3844.0608,757.7627,-13.9058,0.0000,0.000,6.417,6.083,1.0000
3849.0600,759.2669,-18.6733,0.0000,0.000,6.382,6.118,1.0000
3854.0625,760.7269,-23.4580,0.0000,0.000,6.334,6.166,1.0000
3859.0650,762.1880,-28.2424,0.0000,0.000,6.273,6.227,1.0000
3864.0671,763.6569,-33.0239,0.0000,0.000,6.212,6.288,1.0000
3869.0689,765.1327,-37.8030,0.0000,0.000,6.151,6.349,1.0000
3874.0704,766.6146,-42.5800,0.0000,0.000,6.149,6.351,1.0000
3879.0717,768.1014,-47.3552,0.0000,0.000,6.151,6.349,1.0000
3884.0729,769.5924,-52.1289,0.0000,0.000,6.154,6.346,1.0000
3889.0740,771.0867,-56.9016,0.0000,0.000,6.156,6.344,1.0000
3894.0751,772.5832,-61.6736,0.0000,0.000,6.242,6.258,1.0000
3899.0763,774.0811,-66.4451,0.0000,0.000,6.336,6.164,1.0000
3904.0775,775.5799,-71.2164,0.0000,0.000,6.430,6.070,1.0000
3909.0787,777.0791,-75.9877,0.0000,0.000,6.524,5.976,1.0000
3914.0800,778.5783,-80.7590,0.0000,0.000,6.450,6.050,1.0000
3919.0814,780.0771,-85.5305,0.0000,0.000,6.298,6.202,1.0000
3924.0828,781.5752,-90.3023,0.0000,0.000,6.147,6.353,1.0000
3929.0843,783.0722,-95.0745,0.0000,0.000,6.159,6.341,1.0000
3934.0858,784.5676,-99.8472,0.0000,0.000,6.171,6.329,1.0000
3939.0874,786.0612,-104.6206,0.0000,0.000,6.183,6.317,1.0000
3944.0890,787.5524,-109.3947,0.0000,0.000,6.195,6.305,1.0000
3949.0907,789.0409,-114.1698,0.0000,0.000,6.207,6.293,1.0000
3954.0924,790.5264,-118.9458,0.0000,0.000,6.218,6.282,1.0000
3959.0942,792.0083,-123.7230,0.0000,0.000,6.230,6.270,1.0000
3964.0960,793.4865,-128.5015,0.0000,0.000,6.242,6.258,1.0000
3969.0979,794.9603,-133.2813,0.0000,0.000,6.250,6.250,1.0000
3974.0999,796.4295,-138.0626,0.0000,0.000,6.258,6.242,1.0000
3979.1019,797.8937,-142.8455,0.0000,0.000,6.266,6.234,1.0000
3984.1040,799.3524,-147.6302,0.0000,0.000,6.274,6.226,1.0000
3989.1061,800.8046,-152.4169,0.0000,0.000,6.282,6.218,1.0000
3994.1082,802.2497,-157.2057,0.0000,0.000,6.290,6.210,1.0000
3999.1103,803.6869,-161.9969,0.0000,0.000,6.298,6.202,1.0000
4004.1123,805.1153,-166.7907,0.0000,0.000,6.307,6.193,1.0000
4009.1143,806.5340,-171.5872,0.0000,0.000,6.324,6.176,1.0000
4014.1161,807.9424,-176.3866,0.0000,0.000,6.353,6.147,1.0000
4019.1179,809.3396,-181.1892,0.0000,0.000,6.381,6.119,1.0000
4024.1195,810.7248,-185.9952,0.0000,0.000,6.370,6.106,1.0000
4029.1210,812.0972,-190.8048,0.0000,0.000,6.352,6.097,1.0000
4034.1224,813.4560,-195.6181,0.0000,0.000,6.335,6.087,1.0000
4039.1237,814.8003,-200.4353,0.0000,0.000,6.317,6.077,1.0000
4044.1249,816.1294,-205.2567,0.0000,0.000,6.300,6.068,1.0000
4049.1262,817.4424,-210.0825,0.0000,0.000,6.283,6.058,1.0000
4054.1274,818.7386,-214.9128,0.0000,0.000,6.275,6.051,1.0000
4059.1286,820.0171,-219.7479,0.0000,0.000,6.296,6.055,1.0000
4064.1300,821.2772,-224.5879,0.0000,0.000,6.317,6.058,1.0000
4069.1315,822.5192,-229.4327,0.0000,0.000,6.338,6.061,1.0000
4074.1332,823.7444,-234.2820,0.0000,0.000,6.359,6.064,1.0000
4079.1350,824.9542,-239.1354,0.0000,0.000,6.381,6.067,1.0000
4084.1371,826.1501,-243.9924,0.0000,0.000,6.402,6.071,1.0000
4089.1393,827.3333,-248.8527,0.0000,0.000,6.423,6.074,1.0000
4094.1417,828.5054,-253.7158,0.0000,0.000,6.444,6.077,1.0000
4099.1441,829.6677,-258.5813,0.0000,0.000,6.465,6.080,1.0000
4104.1466,830.8217,-263.4489,0.0000,0.000,6.486,6.084,1.0000
4109.1491,831.9686,-268.3182,0.0000,0.000,6.508,6.087,1.0000
4114.1516,833.1100,-273.1886,0.0000,0.000,6.529,6.090,1.0000
4119.1539,834.2473,-278.0600,0.0000,0.000,6.550,6.093,1.0000
4124.1560,835.3817,-282.9318,0.0000,0.000,6.571,6.096,1.0000
4129.1579,836.5148,-287.8036,0.0000,0.000,6.529,6.139,1.0000
4134.1594,837.6478,-292.6751,0.0000,0.000,6.459,6.198,1.0000
4139.1605,838.7824,-297.5458,0.0000,0.000,6.389,6.258,1.0000
4144.1611,839.9197,-302.4153,0.0000,0.000,6.318,6.318,1.0000
4149.1620,841.0475,-307.2874,0.0000,0.000,6.248,6.378,1.0000
4154.1672,842.1140,-312.1776,0.0000,0.000,6.178,6.437,1.0000
4159.1833,843.0603,-317.1036,0.0000,0.000,6.221,6.322,1.0000
4164.2215,843.8273,-322.0832,0.0000,0.000,6.369,6.043,1.0000
4169.2254,844.2303,-327.0709,0.0000,0.000,6.660,5.751,1.0000
4173.7630,842.9017,-331.4095,0.0000,0.000,6.821,5.795,1.0000
4178.5437,839.1963,-334.4302,0.0000,0.000,6.090,5.894,1.0000
4183.7101,834.4327,-336.4304,0.0000,0.000,5.982,5.879,1.0000
4188.8180,829.6175,-338.1343,0.0000,0.000,5.933,5.854,1.0000
4193.8525,824.8779,-339.8323,0.0000,0.000,5.885,5.829,1.0000
4198.8393,820.1928,-341.5405,0.0000,0.000,5.837,5.803,1.0000
4203.8047,815.5394,-343.2729,0.0000,0.000,5.788,5.778,1.0000
4208.7745,810.8956,-345.0431,0.0000,0.000,5.744,5.756,1.0000
4213.7627,806.2478,-346.8542,0.0000,0.000,5.739,5.761,1.0000
4218.7649,801.5959,-348.6933,0.0000,0.000,5.734,5.766,1.0000
4223.7749,796.9411,-350.5462,0.0000,0.000,5.729,5.771,1.0000
4228.7867,792.2843,-352.3987,0.0000,0.000,5.724,5.776,1.0000
4233.7964,787.6263,-354.2428,0.0000,0.000,5.719,5.781,1.0000
4238.8041,782.9674,-356.0790,0.0000,0.000,5.714,5.786,1.0000
4243.8100,778.3079,-357.9087,0.0000,0.000,5.709,5.791,1.0000
4248.8142,773.6482,-359.7333,0.0000,0.000,5.704,5.796,1.0000
4253.8170,768.9884,-361.5541,0.0000,0.000,5.699,5.801,1.0000
4258.8187,764.3290,-363.3725,0.0000,0.000,5.694,5.806,1.0000
4263.8195,759.6702,-365.1899,0.0000,0.000,5.689,5.811,1.0000
4268.8195,755.0123,-367.0076,0.0000,0.000,5.684,5.816,1.0000
4273.8191,750.3555,-368.8271,0.0000,0.000,5.679,5.821,1.0000
4278.8184,745.7003,-370.6496,0.0000,0.000,5.674,5.826,1.0000
4283.8176,741.0468,-372.4765,0.0000,0.000,5.669,5.831,1.0000
4288.8171,736.3954,-374.3093,0.0000,0.000,5.664,5.836,1.0000
4293.8169,731.7464,-376.1492,0.0000,0.000,5.659,5.841,1.0000
4298.8174,727.1001,-377.9977,0.0000,0.000,5.654,5.846,1.0000
4303.8189,722.4567,-379.8561,0.0000,0.000,5.649,5.851,1.0000
4308.8215,717.8166,-381.7257,0.0000,0.000,5.644,5.856,1.0000
4313.8254,713.1800,-383.6075,0.0000,0.000,5.639,5.861,1.0000
4318.8303,708.5466,-385.4997,0.0000,0.000,5.644,5.856,1.0000
4323.8355,703.9162,-387.4000,0.0000,0.000,5.655,5.845,1.0000
4328.8406,699.2883,-389.3062,0.0000,0.000,5.665,5.835,1.0000
4333.8448,694.6628,-391.2159,0.0000,0.000,5.676,5.824,1.0000
4338.8477,690.0391,-393.1267,0.0000,0.000,5.686,5.814,1.0000
4343.8487,685.4171,-395.0363,0.0000,0.000,5.696,5.804,1.0000
4348.8472,680.7964,-396.9424,0.0000,0.000,5.707,5.793,1.0000
4353.8426,676.1767,-398.8431,0.0000,0.000,5.717,5.783,1.0000
4358.8367,671.5585,-400.7439,0.0000,0.000,5.728,5.772,1.0000
4363.8327,666.9431,-402.6567,0.0000,0.000,5.738,5.762,1.0000
4368.8342,662.3318,-404.5934,0.0000,0.000,5.748,5.752,1.0000
4373.8449,657.7258,-406.5661,0.0000,0.000,5.759,5.741,1.0000
4378.8645,653.1199,-408.5616,0.0000,0.000,5.790,5.710,1.0000
4383.8829,648.4928,-410.5045,0.0000,0.000,5.829,5.671,1.0000
4388.8917,643.8208,-412.3101,0.0000,0.000,5.868,5.632,1.0000
4393.8898,639.0802,-413.8934,0.0000,0.000,5.906,5.594,1.0000
4398.8794,634.2586,-415.1779,0.0000,0.000,5.958,5.542,1.0000
4403.8535,629.3721,-416.1069,0.0000,0.000,5.954,5.546,1.0000
4408.8122,624.4407,-416.6269,0.0000,0.000,5.915,5.585,1.0000
4413.7687,619.4846,-416.6841,0.0000,0.000,5.903,5.597,1.0000
4418.7481,614.5257,-416.2330,0.0000,0.000,5.882,5.618,1.0000
4423.7621,609.6005,-415.2930,0.0000,0.000,5.703,5.797,1.0000
4428.8015,604.7531,-413.9153,0.0000,0.000,5.565,5.935,1.0000
4433.8459,600.0272,-412.1513,0.0000,0.000,5.797,5.703,1.0000
4438.8698,595.4641,-410.0496,0.0000,0.000,5.973,5.527,1.0000
4443.8707,591.0830,-407.6382,0.0000,0.000,5.994,5.506,1.0000
4448.8575,586.8926,-404.9347,0.0000,0.000,6.003,5.497,1.0000
4453.8373,582.9014,-401.9566,0.0000,0.000,5.937,5.563,1.0000
4458.8151,579.1182,-398.7215,0.0000,0.000,5.871,5.629,1.0000
4463.7944,575.5515,-395.2471,0.0000,0.000,5.841,5.659,1.0000
4468.7772,572.2099,-391.5508,0.0000,0.000,5.811,5.689,1.0000
4473.7645,569.1021,-387.6503,0.0000,0.000,5.831,5.669,1.0000
4478.7573,566.2308,-383.5656,0.0000,0.000,5.851,5.649,1.0000
4483.7624,563.5531,-379.3371,0.0000,0.000,5.847,5.653,1.0000
4488.7806,561.0046,-375.0142,0.0000,0.000,5.835,5.665,1.0000
4493.8051,558.5206,-370.6466,0.0000,0.000,5.823,5.677,1.0000
4498.8255,556.0372,-366.2835,0.0000,0.000,5.811,5.689,1.0000
4503.8362,553.5225,-361.9494,0.0000,0.000,5.799,5.701,1.0000
4508.8396,550.9875,-357.6358,0.0000,0.000,5.787,5.713,1.0000
4513.8379,548.4462,-353.3318,0.0000,0.000,5.776,5.724,1.0000
4518.8333,545.9127,-349.0265,0.0000,0.000,5.764,5.736,1.0000
4523.8275,543.3937,-344.7142,0.0000,0.000,5.752,5.748,1.0000
4528.8211,540.8866,-340.3955,0.0000,0.000,5.740,5.760,1.0000
4533.8148,538.3881,-336.0718,0.0000,0.000,5.728,5.772,1.0000
4538.8092,535.8949,-331.7442,0.0000,0.000,5.716,5.784,1.0000
4543.8048,533.4037,-327.4141,0.0000,0.000,5.704,5.796,1.0000
4548.8022,530.9111,-323.0827,0.0000,0.000,5.692,5.808,1.0000
4553.8020,528.4139,-318.7512,0.0000,0.000,5.680,5.820,1.0000
4558.8047,525.9087,-314.4209,0.0000,0.000,5.668,5.832,1.0000
4563.8104,523.3937,-310.0928,0.0000,0.000,5.656,5.844,1.0000
4568.8185,520.8688,-305.7678,0.0000,0.000,5.644,5.856,1.0000
4573.8283,518.3341,-301.4466,0.0000,0.000,5.632,5.868,1.0000
4578.8390,515.7897,-297.1300,0.0000,0.000,5.620,5.880,1.0000
4583.8500,513.2356,-292.8187,0.0000,0.000,5.608,5.892,1.0000
4588.8607,510.6720,-288.5135,0.0000,0.000,5.596,5.904,1.0000
4593.8703,508.0989,-284.2152,0.0000,0.000,5.584,5.916,1.0000
4598.8782,505.5164,-279.9246,0.0000,0.000,5.587,5.913,1.0000
4603.8837,502.9245,-275.6424,0.0000,0.000,5.594,5.906,1.0000
4608.8861,500.3235,-271.3694,0.0000,0.000,5.601,5.899,1.0000
4613.8848,497.7132,-267.1063,0.0000,0.000,5.609,5.891,1.0000
4618.8791,495.0939,-262.8540,0.0000,0.000,5.616,5.884,1.0000
4623.8683,492.4656,-258.6132,0.0000,0.000,5.623,5.877,1.0000
4628.8519,489.8283,-254.3847,0.0000,0.000,5.630,5.870,1.0000
4633.8290,487.1823,-250.1692,0.0000,0.000,5.637,5.863,1.0000
4638.7991,484.5274,-245.9675,0.0000,0.000,5.644,5.856,1.0000
4643.7656,481.8628,-241.7763,0.0000,0.000,5.652,5.848,1.0000
4648.7478,479.1836,-237.5760,0.0000,0.000,5.659,5.841,1.0000
4653.7689,476.4835,-233.3426,0.0000,0.000,5.627,5.873,1.0000
4658.8524,473.7566,-229.0524,0.0000,0.000,5.586,5.914,1.0000
4664.0117,470.9891,-224.6982,0.0000,0.000,5.545,5.955,1.0000
4669.1216,468.0531,-220.5160,0.0000,0.000,5.504,5.996,1.0000
4674.0100,464.7336,-216.9274,0.0000,0.000,5.546,5.954,1.0000
4678.6965,460.8136,-214.3590,0.0000,0.000,5.568,5.932,1.0000
4683.5294,456.1169,-213.2198,0.0000,0.000,5.441,6.059,1.0000
4688.6113,451.0550,-213.6703,0.0000,0.000,5.446,6.054,1.0000
4693.6137,446.4758,-215.6842,0.0000,0.000,5.763,5.737,1.0000
4698.5613,442.8033,-218.9995,0.0000,0.000,5.844,5.656,1.0000
4703.6154,439.5603,-222.8759,0.0000,0.000,5.808,5.692,1.0000
4708.6616,436.3374,-226.7589,0.0000,0.000,5.786,5.714,1.0000
4713.6863,433.0966,-230.5987,0.0000,0.000,5.763,5.737,1.0000
4718.6946,429.8452,-234.4081,0.0000,0.000,5.741,5.759,1.0000
4723.6912,426.5908,-238.1996,0.0000,0.000,5.718,5.782,1.0000
4728.6804,423.3392,-241.9836,0.0000,0.000,5.695,5.805,1.0000
4733.6652,420.0927,-245.7663,0.0000,0.000,5.690,5.810,1.0000
4738.6485,416.8533,-249.5531,0.0000,0.000,5.687,5.813,1.0000
4743.6334,413.6229,-253.3496,0.0000,0.000,5.684,5.816,1.0000
4748.6228,410.4033,-257.1612,0.0000,0.000,5.681,5.819,1.0000
4753.6199,407.1964,-260.9936,0.0000,0.000,5.678,5.822,1.0000
4758.6278,404.0043,-264.8522,0.0000,0.000,5.674,5.826,1.0000
4763.6496,400.8287,-268.7425,0.0000,0.000,5.671,5.829,1.0000
4768.6869,397.6675,-272.6644,0.0000,0.000,5.668,5.832,1.0000
4773.7281,394.4919,-276.5797,0.0000,0.000,5.665,5.835,1.0000
4778.7576,391.2620,-280.4350,0.0000,0.000,5.662,5.838,1.0000
4783.7626,387.9381,-284.1769,0.0000,0.000,5.725,5.775,1.0000
4788.7361,384.4804,-287.7518,0.0000,0.000,5.969,5.531,1.0000
4793.6798,380.8490,-291.1065,0.0000,0.000,6.212,5.288,1.0000
4798.6066,377.0043,-294.1873,0.0000,0.000,6.058,5.442,1.0000
4803.5437,372.9065,-296.9409,0.0000,0.000,5.894,5.606,1.0000
4808.5279,368.5263,-299.3192,0.0000,0.000,5.734,5.766,1.0000
4813.5611,363.9029,-301.3085,0.0000,0.000,5.680,5.820,1.0000
4818.6209,359.1029,-302.9089,0.0000,0.000,5.866,5.634,1.0000
4823.6786,354.1925,-304.1207,0.0000,0.000,5.963,5.537,1.0000
4828.7016,349.2374,-304.9439,0.0000,0.000,5.939,5.561,1.0000
4833.6801,344.2777,-305.3760,0.0000,0.000,5.915,5.585,1.0000
4838.6338,339.3242,-305.4118,0.0000,0.000,5.981,5.519,1.0000
4843.5853,334.3862,-305.0460,0.0000,0.000,6.031,5.469,1.0000
4848.5583,329.4736,-304.2734,0.0000,0.000,5.894,5.606,1.0000
4853.5606,324.6110,-303.0991,0.0000,0.000,5.756,5.744,1.0000
4858.5798,319.8403,-301.5393,0.0000,0.000,5.806,5.694,1.0000
4863.6013,315.2038,-299.6111,0.0000,0.000,5.955,5.545,1.0000
4868.6098,310.7442,-297.3314,0.0000,0.000,5.972,5.528,1.0000
4873.5997,306.4878,-294.7271,0.0000,0.000,5.834,5.666,1.0000
4878.5881,302.4070,-291.8581,0.0000,0.000,5.631,5.869,1.0000
4883.5842,298.4627,-288.7916,0.0000,0.000,5.710,5.790,1.0000
4888.5862,294.6156,-285.5948,0.0000,0.000,5.783,5.717,1.0000
4893.5874,290.8332,-282.3229,0.0000,0.000,5.820,5.680,1.0000
4898.5877,287.1033,-278.9925,0.0000,0.000,5.856,5.644,1.0000
4903.5881,283.4186,-275.6121,0.0000,0.000,5.891,5.609,1.0000
4908.5893,279.7715,-272.1901,0.0000,0.000,5.880,5.620,1.0000
4913.5913,276.1545,-268.7351,0.0000,0.000,5.869,5.631,1.0000
4918.5942,272.5600,-265.2553,0.0000,0.000,5.858,5.642,1.0000
4923.5976,268.9806,-261.7593,0.0000,0.000,5.847,5.653,1.0000
4928.6011,265.4086,-258.2556,0.0000,0.000,5.836,5.664,1.0000
4933.6041,261.8370,-254.7522,0.0000,0.000,5.825,5.675,1.0000
4938.6066,258.2631,-251.2520,0.0000,0.000,5.814,5.686,1.0000
4943.6085,254.6868,-247.7548,0.0000,0.000,5.802,5.698,1.0000
4948.6101,251.1085,-244.2604,0.0000,0.000,5.791,5.709,1.0000
4953.6114,247.5283,-240.7683,0.0000,0.000,5.780,5.720,1.0000
4958.6125,243.9462,-237.2783,0.0000,0.000,5.769,5.731,1.0000
4963.6135,240.3626,-233.7902,0.0000,0.000,5.758,5.742,1.0000
4968.6145,236.7775,-230.3034,0.0000,0.000,5.747,5.753,1.0000
4973.6156,233.1911,-226.8179,0.0000,0.000,5.736,5.764,1.0000
4978.6168,229.6035,-223.3335,0.0000,0.000,5.725,5.775,1.0000
4983.6181,226.0148,-219.8500,0.0000,0.000,5.713,5.787,1.0000
4988.6196,222.4249,-216.3676,0.0000,0.000,5.702,5.798,1.0000
4993.6212,218.8339,-212.8861,0.0000,0.000,5.691,5.809,1.0000
4998.6229,215.2419,-209.4055,0.0000,0.000,5.680,5.820,1.0000
5003.6247,211.6488,-205.9259,0.0000,0.000,5.674,5.830,1.0000
5008.6266,208.0548,-202.4471,0.0000,0.000,5.684,5.839,1.0000
5013.6285,204.4598,-198.9692,0.0000,0.000,5.695,5.848,1.0000
5018.6306,200.8640,-195.4921,0.0000,0.000,5.705,5.856,1.0000
5023.6327,197.2672,-192.0158,0.0000,0.000,5.715,5.865,1.0000
5028.6349,193.6697,-188.5402,0.0000,0.000,5.726,5.873,1.0000
5033.6372,190.0713,-185.0654,0.0000,0.000,5.736,5.882,1.0000
5038.6395,186.4722,-181.5913,0.0000,0.000,5.747,5.890,1.0000
5043.6419,182.8724,-178.1178,0.0000,0.000,5.757,5.899,1.0000
5048.6443,179.2719,-174.6450,0.0000,0.000,5.768,5.907,1.0000
5053.6467,175.6708,-171.1728,0.0000,0.000,5.778,5.916,1.0000
5058.6492,172.0690,-167.7011,0.0000,0.000,5.788,5.924,1.0000
5063.6516,168.4667,-164.2301,0.0000,0.000,5.799,5.933,1.0000
5068.6541,164.8639,-160.7595,0.0000,0.000,5.809,5.942,1.0000
5073.6566,161.2606,-157.2895,0.0000,0.000,5.820,5.950,1.0000
5078.6591,157.6569,-153.8199,0.0000,0.000,5.830,5.959,1.0000
5083.6616,154.0527,-150.3507,0.0000,0.000,5.841,5.967,1.0000
5088.6641,150.4482,-146.8820,0.0000,0.000,5.851,5.976,1.0000
5093.6666,146.8433,-143.4136,0.0000,0.000,5.861,5.984,1.0000
5098.6690,143.2382,-139.9456,0.0000,0.000,5.872,5.993,1.0000
5103.6714,139.6327,-136.4779,0.0000,0.000,5.882,6.001,1.0000
5108.6738,136.0271,-133.0104,0.0000,0.000,5.893,6.010,1.0000
5113.6761,132.4213,-129.5433,0.0000,0.000,5.903,6.018,1.0000
5118.6784,128.8153,-126.0764,0.0000,0.000,5.914,6.027,1.0000
5123.6806,125.2092,-122.6096,0.0000,0.000,5.924,6.036,1.0000
5128.6827,121.6031,-119.1431,0.0000,0.000,5.935,6.044,1.0000
5133.6848,117.9969,-115.6766,0.0000,0.000,5.945,6.053,1.0000
5138.6867,114.3907,-112.2103,0.0000,0.000,5.955,6.061,1.0000
5143.6886,110.7846,-108.7441,0.0000,0.000,5.966,6.070,1.0000
5148.6905,107.1785,-105.2780,0.0000,0.000,5.976,6.078,1.0000
5153.6922,103.5724,-101.8119,0.0000,0.000,5.987,6.087,1.0000
5158.6939,99.9664,-98.3459,0.0000,0.000,5.997,6.095,1.0000
5163.6955,96.3604,-94.8799,0.0000,0.000,6.008,6.104,1.0000
5168.6970,92.7545,-91.4139,0.0000,0.000,6.018,6.112,1.0000
5173.6985,89.1486,-87.9480,0.0000,0.000,6.028,6.121,1.0000
5178.7000,85.5429,-84.4820,0.0000,0.000,6.039,6.130,1.0000
5183.7014,81.9371,-81.0160,0.0000,0.000,6.049,6.138,1.0000
5188.7028,78.3315,-77.5500,0.0000,0.000,6.060,6.147,1.0000
5193.7042,74.7260,-74.0840,0.0000,0.000,6.070,6.155,1.0000
5198.7055,71.1205,-70.6179,0.0000,0.000,6.081,6.164,1.0000
5203.7068,67.5151,-67.1517,0.0000,0.000,6.091,6.172,1.0000
5208.7081,63.9099,-63.6854,0.0000,0.000,6.102,6.181,1.0000
5213.7094,60.3047,-60.2190,0.0000,0.000,6.112,6.189,1.0000
5218.7106,56.6997,-56.7525,0.0000,0.000,6.122,6.198,1.0000
5223.7119,53.0948,-53.2859,0.0000,0.000,6.133,6.206,1.0000
5228.7132,49.4900,-49.8192,0.0000,0.000,6.143,6.215,1.0000
5233.7145,45.8853,-46.3523,0.0000,0.000,6.154,6.224,1.0000
5238.7158,42.2807,-42.8852,0.0000,0.000,6.164,6.232,1.0000
5243.7172,38.6764,-39.4180,0.0000,0.000,6.175,6.241,1.0000
5248.7186,35.0721,-35.9505,0.0000,0.000,6.185,6.249,1.0000
5253.7200,31.4680,-32.4829,0.0000,0.000,6.195,6.258,1.0000
5258.7214,27.8641,-29.0150,0.0000,0.000,6.206,6.266,1.0000
5263.7229,24.2603,-25.5469,0.0000,0.000,6.216,6.275,1.0000
5268.7244,20.6567,-22.0786,0.0000,0.000,6.227,6.283,1.0000
5273.7260,17.0533,-18.6100,0.0000,0.000,6.237,6.292,1.0000
5278.7277,13.4500,-15.1411,0.0000,0.000,6.248,6.300,1.0000
5283.7294,9.8470,-11.6719,0.0000,0.000,6.258,6.309,1.0000
5288.7312,6.2441,-8.2025,0.0000,0.000,6.269,6.318,1.0000
5293.7331,2.6414,-4.7327,0.0000,0.000,6.280,6.328,1.0000
