# Circuit Zandvoort — TUMFTM racetrack-database (LGPL-3.0), flat 2-D centre line + measured widths; upstream commit e59595d.
s_m,x_m,y_m,z_m,banking_deg,width_left_m,width_right_m,grip_scale
0.0000,-1.6833,-1.8782,0.0000,0.000,5.271,5.074,1.0000
4.9996,0.1515,2.7725,0.0000,0.000,5.295,5.099,1.0000
9.9991,1.9864,7.4231,0.0000,0.000,5.319,5.125,1.0000
14.9986,3.8215,12.0737,0.0000,0.000,5.343,5.150,1.0000
19.9981,5.6566,16.7242,0.0000,0.000,5.367,5.175,1.0000
24.9975,7.4918,21.3746,0.0000,0.000,5.391,5.200,1.0000
29.9969,9.3269,26.0250,0.0000,0.000,5.415,5.226,1.0000
34.9963,11.1620,30.6754,0.0000,0.000,5.439,5.251,1.0000
39.9956,12.9970,35.3258,0.0000,0.000,5.462,5.276,1.0000
44.9949,14.8319,39.9761,0.0000,0.000,5.486,5.301,1.0000
49.9941,16.6667,44.6265,0.0000,0.000,5.510,5.327,1.0000
54.9933,18.5012,49.2769,0.0000,0.000,5.534,5.352,1.0000
59.9924,20.3354,53.9274,0.0000,0.000,5.558,5.377,1.0000
64.9915,22.1694,58.5779,0.0000,0.000,5.582,5.402,1.0000
69.9905,24.0031,63.2285,0.0000,0.000,5.606,5.428,1.0000
74.9894,25.8364,67.8791,0.0000,0.000,5.630,5.453,1.0000
79.9883,27.6692,72.5298,0.0000,0.000,5.654,5.478,1.0000
84.9871,29.5017,77.1806,0.0000,0.000,5.678,5.503,1.0000
89.9859,31.3339,81.8315,0.0000,0.000,5.702,5.529,1.0000
94.9846,33.1656,86.4825,0.0000,0.000,5.726,5.554,1.0000
99.9832,34.9971,91.1336,0.0000,0.000,5.750,5.579,1.0000
104.9818,36.8283,95.7847,0.0000,0.000,5.774,5.604,1.0000
109.9804,38.6591,100.4359,0.0000,0.000,5.798,5.630,1.0000
114.9789,40.4897,105.0872,0.0000,0.000,5.822,5.655,1.0000
119.9775,42.3201,109.7385,0.0000,0.000,5.845,5.680,1.0000
124.9760,44.1502,114.3899,0.0000,0.000,5.869,5.706,1.0000
129.9745,45.9802,119.0414,0.0000,0.000,5.893,5.731,1.0000
134.9729,47.8099,123.6929,0.0000,0.000,5.917,5.756,1.0000
139.9714,49.6395,128.3445,0.0000,0.000,5.941,5.781,1.0000
144.9699,51.4690,132.9962,0.0000,0.000,5.965,5.807,1.0000
149.9684,53.2983,137.6479,0.0000,0.000,5.989,5.832,1.0000
154.9669,55.1276,142.2997,0.0000,0.000,6.013,5.857,1.0000
159.9654,56.9568,146.9515,0.0000,0.000,6.037,5.882,1.0000
164.9640,58.7859,151.6034,0.0000,0.000,6.061,5.908,1.0000
169.9626,60.6150,156.2553,0.0000,0.000,6.085,5.933,1.0000
174.9612,62.4441,160.9072,0.0000,0.000,6.109,5.958,1.0000
179.9599,64.2732,165.5592,0.0000,0.000,6.133,5.983,1.0000
184.9586,66.1023,170.2113,0.0000,0.000,6.157,6.009,1.0000
189.9574,67.9315,174.8634,0.0000,0.000,6.181,6.034,1.0000
194.9562,69.7607,179.5155,0.0000,0.000,6.205,6.059,1.0000
199.9551,71.5900,184.1676,0.0000,0.000,6.229,6.084,1.0000
204.9541,73.4195,188.8198,0.0000,0.000,6.252,6.110,1.0000
209.9531,75.2491,193.4720,0.0000,0.000,6.276,6.135,1.0000
214.9522,77.0788,198.1242,0.0000,0.000,6.300,6.160,1.0000
219.9515,78.9087,202.7765,0.0000,0.000,6.324,6.185,1.0000
224.9508,80.7388,207.4288,0.0000,0.000,6.348,6.211,1.0000
229.9502,82.5692,212.0811,0.0000,0.000,6.372,6.236,1.0000
234.9497,84.3997,216.7334,0.0000,0.000,6.396,6.261,1.0000
239.9493,86.2305,221.3858,0.0000,0.000,6.420,6.286,1.0000
244.9490,88.0617,226.0381,0.0000,0.000,6.444,6.312,1.0000
249.9489,89.8931,230.6905,0.0000,0.000,6.468,6.337,1.0000
254.9489,91.7248,235.3429,0.0000,0.000,6.492,6.362,1.0000
259.9490,93.5569,239.9952,0.0000,0.000,6.516,6.388,1.0000
264.9492,95.3893,244.6476,0.0000,0.000,6.540,6.413,1.0000
269.9496,97.2221,249.3000,0.0000,0.000,6.564,6.438,1.0000
274.9502,99.0554,253.9524,0.0000,0.000,6.588,6.463,1.0000
279.9509,100.8890,258.6048,0.0000,0.000,6.612,6.489,1.0000
284.9517,102.7231,263.2572,0.0000,0.000,6.635,6.514,1.0000
289.9528,104.5577,267.9096,0.0000,0.000,6.659,6.539,1.0000
294.9540,106.3928,272.5619,0.0000,0.000,6.683,6.564,1.0000
299.9553,108.2283,277.2143,0.0000,0.000,6.707,6.590,1.0000
304.9569,110.0644,281.8666,0.0000,0.000,6.731,6.615,1.0000
309.9586,111.9011,286.5189,0.0000,0.000,6.755,6.640,1.0000
314.9606,113.7383,291.1713,0.0000,0.000,6.779,6.665,1.0000
319.9627,115.5762,295.8236,0.0000,0.000,6.803,6.691,1.0000
324.9651,117.4146,300.4758,0.0000,0.000,6.827,6.716,1.0000
329.9676,119.2537,305.1281,0.0000,0.000,6.851,6.741,1.0000
334.9704,121.0934,309.7803,0.0000,0.000,6.875,6.766,1.0000
339.9734,122.9338,314.4325,0.0000,0.000,6.899,6.792,1.0000
344.9766,124.7749,319.0846,0.0000,0.000,6.923,6.816,1.0000
349.9723,126.6517,323.7143,0.0000,0.000,7.006,6.669,1.0000
354.9283,128.7389,328.2094,0.0000,0.000,7.089,6.522,1.0000
359.8421,131.2462,332.4354,0.0000,0.000,6.226,6.522,1.0000
364.7842,134.3791,336.2576,0.0000,0.000,6.062,6.092,1.0000
369.8117,138.1825,339.5454,0.0000,0.000,6.289,5.677,1.0000
374.8613,142.4950,342.1723,0.0000,0.000,6.230,5.848,1.0000
379.8594,147.1418,344.0130,0.0000,0.000,6.065,6.038,1.0000
384.8062,151.9815,345.0371,0.0000,0.000,6.029,5.885,1.0000
389.7848,156.9453,345.4207,0.0000,0.000,5.821,6.132,1.0000
394.8139,161.9741,345.3674,0.0000,0.000,5.924,6.058,1.0000
399.8571,167.0082,345.0652,0.0000,0.000,6.178,5.807,1.0000
404.8608,171.9779,344.4828,0.0000,0.000,6.230,5.789,1.0000
409.8040,176.8065,343.4245,0.0000,0.000,6.193,5.869,1.0000
414.7285,181.4172,341.6947,0.0000,0.000,6.121,5.987,1.0000
419.7067,185.7494,339.2422,0.0000,0.000,6.218,5.914,1.0000
424.7440,189.7624,336.1974,0.0000,0.000,6.207,5.948,1.0000
429.8005,193.4168,332.7026,0.0000,0.000,6.105,6.070,1.0000
434.8136,196.6670,328.8859,0.0000,0.000,5.965,6.207,1.0000
439.7610,199.4231,324.7773,0.0000,0.000,6.233,5.742,1.0000
444.6713,201.5762,320.3643,0.0000,0.000,6.084,5.591,1.0000
449.6121,203.0235,315.6403,0.0000,0.000,5.825,5.646,1.0000
454.6235,203.7485,310.6815,0.0000,0.000,5.710,5.785,1.0000
459.6797,203.7985,305.6256,0.0000,0.000,5.643,5.801,1.0000
464.7267,203.2222,300.6116,0.0000,0.000,5.577,5.651,1.0000
469.7236,202.0922,295.7441,0.0000,0.000,5.608,5.363,1.0000
474.7082,200.5714,290.9972,0.0000,0.000,5.600,5.182,1.0000
479.7000,198.8439,286.3139,0.0000,0.000,5.539,5.142,1.0000
484.6944,197.0770,281.6424,0.0000,0.000,5.479,5.102,1.0000
489.6887,195.3195,276.9676,0.0000,0.000,5.418,5.062,1.0000
494.6828,193.5696,272.2901,0.0000,0.000,5.358,5.022,1.0000
499.6771,191.8252,267.6104,0.0000,0.000,5.297,4.982,1.0000
504.6716,190.0841,262.9292,0.0000,0.000,5.236,4.942,1.0000
509.6665,188.3443,258.2471,0.0000,0.000,5.176,4.903,1.0000
514.6619,186.6037,253.5647,0.0000,0.000,5.115,4.863,1.0000
519.6580,184.8602,248.8826,0.0000,0.000,5.055,4.823,1.0000
524.6550,183.1117,244.2015,0.0000,0.000,4.994,4.783,1.0000
529.6530,181.3562,239.5220,0.0000,0.000,4.934,4.743,1.0000
534.6522,179.5914,234.8446,0.0000,0.000,4.873,4.703,1.0000
539.6528,177.8155,230.1701,0.0000,0.000,4.813,4.664,1.0000
544.6549,176.0262,225.4989,0.0000,0.000,4.752,4.624,1.0000
549.6588,174.2215,220.8318,0.0000,0.000,4.692,4.584,1.0000
554.6644,172.4029,216.1683,0.0000,0.000,4.631,4.544,1.0000
559.6708,170.5796,211.5057,0.0000,0.000,4.571,4.504,1.0000
564.6771,168.7618,206.8411,0.0000,0.000,4.510,4.464,1.0000
569.6823,166.9596,202.1715,0.0000,0.000,4.450,4.424,1.0000
574.6858,165.1834,197.4940,0.0000,0.000,4.389,4.385,1.0000
579.6867,163.4432,192.8056,0.0000,0.000,4.329,4.345,1.0000
584.6847,161.7493,188.1034,0.0000,0.000,4.268,4.305,1.0000
589.6798,160.1118,183.3844,0.0000,0.000,4.272,4.190,1.0000
594.6721,158.5409,178.6456,0.0000,0.000,4.323,4.021,1.0000
599.6625,157.0469,173.8841,0.0000,0.000,4.318,4.128,1.0000
604.6521,155.6398,169.0970,0.0000,0.000,4.300,4.247,1.0000
609.6427,154.3299,164.2814,0.0000,0.000,4.212,4.406,1.0000
614.6369,153.1275,159.4341,0.0000,0.000,4.107,4.493,1.0000
619.6367,152.0408,154.5538,0.0000,0.000,3.996,4.555,1.0000
624.6408,151.0717,149.6445,0.0000,0.000,4.003,4.460,1.0000
629.6466,150.2203,144.7116,0.0000,0.000,4.045,4.332,1.0000
634.6518,149.4865,139.7605,0.0000,0.000,4.113,4.374,1.0000
639.6538,148.8706,134.7965,0.0000,0.000,4.230,4.291,1.0000
644.6500,148.3725,129.8252,0.0000,0.000,4.336,4.183,1.0000
649.6378,147.9924,124.8519,0.0000,0.000,4.294,4.140,1.0000
654.6173,147.7270,119.8795,0.0000,0.000,4.285,4.200,1.0000
659.5941,147.5655,114.9054,0.0000,0.000,4.294,4.313,1.0000
664.5736,147.4964,109.9263,0.0000,0.000,4.313,4.273,1.0000
669.5607,147.5079,104.9392,0.0000,0.000,4.335,4.175,1.0000
674.5599,147.5885,99.9407,0.0000,0.000,4.357,4.077,1.0000
679.5750,147.7265,94.9275,0.0000,0.000,4.316,4.132,1.0000
684.6091,147.9097,89.8967,0.0000,0.000,4.266,4.206,1.0000
689.6564,148.1000,84.8530,0.0000,0.000,4.217,4.281,1.0000
694.7000,148.2272,79.8110,0.0000,0.000,4.167,4.355,1.0000
699.7251,148.2189,74.7859,0.0000,0.000,4.137,4.352,1.0000
704.7227,148.0030,69.7930,0.0000,0.000,4.126,4.281,1.0000
709.6930,147.5069,64.8475,0.0000,0.000,4.132,4.275,1.0000
714.6492,146.6583,59.9645,0.0000,0.000,4.205,4.310,1.0000
719.6180,145.3885,55.1607,0.0000,0.000,4.498,4.205,1.0000
724.6098,143.6790,50.4707,0.0000,0.000,4.624,4.146,1.0000
729.6133,141.5493,45.9430,0.0000,0.000,4.747,4.172,1.0000
734.6165,139.0197,41.6265,0.0000,0.000,4.889,4.262,1.0000
739.6084,136.1106,37.5698,0.0000,0.000,4.983,4.418,1.0000
744.5812,132.8423,33.8219,0.0000,0.000,4.599,4.451,1.0000
749.5316,129.2352,30.4313,0.0000,0.000,4.398,4.451,1.0000
754.4665,125.3128,27.4369,0.0000,0.000,4.409,4.418,1.0000
759.4171,121.1201,24.8043,0.0000,0.000,4.278,4.355,1.0000
764.4060,116.7121,22.4680,0.0000,0.000,4.348,4.270,1.0000
769.4368,112.1432,20.3622,0.0000,0.000,4.427,4.184,1.0000
774.4986,107.4684,18.4210,0.0000,0.000,4.507,4.099,1.0000
779.5711,102.7423,16.5787,0.0000,0.000,4.545,4.048,1.0000
784.6284,98.0196,14.7695,0.0000,0.000,4.463,4.095,1.0000
789.6498,93.3425,12.9424,0.0000,0.000,4.381,4.142,1.0000
794.6394,88.7042,11.1032,0.0000,0.000,4.300,4.189,1.0000
799.6073,84.0862,9.2717,0.0000,0.000,4.218,4.236,1.0000
804.5636,79.4701,7.4675,0.0000,0.000,4.136,4.284,1.0000
809.5185,74.8372,5.7103,0.0000,0.000,4.055,4.331,1.0000
814.4832,70.1692,4.0198,0.0000,0.000,4.105,4.278,1.0000
819.4699,65.4475,2.4155,0.0000,0.000,4.240,4.160,1.0000
824.4847,60.6696,0.8924,0.0000,0.000,4.375,4.042,1.0000
829.5161,55.8670,-0.6075,0.0000,0.000,4.423,4.038,1.0000
834.5495,51.0756,-2.1492,0.0000,0.000,4.314,4.236,1.0000
839.5720,46.3313,-3.7979,0.0000,0.000,4.205,4.434,1.0000
844.5760,41.6703,-5.6184,0.0000,0.000,4.096,4.632,1.0000
849.5622,37.1284,-7.6759,0.0000,0.000,4.242,4.635,1.0000
854.5420,32.7432,-10.0356,0.0000,0.000,4.392,4.623,1.0000
859.4998,28.6124,-12.7773,0.0000,0.000,4.509,4.606,1.0000
864.4078,24.9091,-15.9981,0.0000,0.000,4.185,4.888,1.0000
869.3089,21.8113,-19.7962,0.0000,0.000,4.211,4.673,1.0000
874.2949,19.4393,-24.1817,0.0000,0.000,4.435,4.222,1.0000
879.3655,17.7896,-28.9765,0.0000,0.000,4.545,4.444,1.0000
884.4557,16.8429,-33.9779,0.0000,0.000,4.573,4.564,1.0000
889.4920,16.5793,-39.0072,0.0000,0.000,4.705,4.818,1.0000
894.4780,16.9756,-43.9775,0.0000,0.000,4.754,5.060,1.0000
899.4330,18.0086,-48.8236,0.0000,0.000,4.584,5.137,1.0000
904.3721,19.6545,-53.4804,0.0000,0.000,4.452,4.896,1.0000
909.3096,21.8899,-57.8829,0.0000,0.000,4.511,4.802,1.0000
914.2612,24.6913,-61.9659,0.0000,0.000,4.612,4.744,1.0000
919.2471,28.0349,-65.6644,0.0000,0.000,4.685,4.670,1.0000
924.2820,31.8722,-68.9241,0.0000,0.000,4.498,4.762,1.0000
929.3483,36.1016,-71.7132,0.0000,0.000,4.469,4.797,1.0000
934.4095,40.6154,-74.0027,0.0000,0.000,4.788,4.672,1.0000
939.4171,45.3091,-75.7478,0.0000,0.000,4.612,4.864,1.0000
944.3278,50.1290,-76.6881,0.0000,0.000,4.321,5.130,1.0000
949.2404,55.0403,-76.5796,0.0000,0.000,4.341,4.952,1.0000
954.2064,59.9465,-75.8106,0.0000,0.000,4.290,4.752,1.0000
959.1737,64.7898,-74.7081,0.0000,0.000,4.150,4.543,1.0000
964.1518,69.5775,-73.3444,0.0000,0.000,4.132,4.460,1.0000
969.1473,74.3207,-71.7768,0.0000,0.000,4.159,4.424,1.0000
974.1593,79.0304,-70.0624,0.0000,0.000,4.186,4.388,1.0000
979.1818,83.7177,-68.2584,0.0000,0.000,4.213,4.352,1.0000
984.2055,88.3937,-66.4220,0.0000,0.000,4.240,4.316,1.0000
989.2204,93.0690,-64.6078,0.0000,0.000,4.268,4.280,1.0000
994.2243,97.7484,-62.8352,0.0000,0.000,4.295,4.244,1.0000
999.2199,102.4324,-61.0985,0.0000,0.000,4.322,4.208,1.0000
1004.2100,107.1214,-59.3916,0.0000,0.000,4.349,4.172,1.0000
1009.1971,111.8159,-57.7082,0.0000,0.000,4.377,4.136,1.0000
1014.1840,116.5162,-56.0421,0.0000,0.000,4.404,4.100,1.0000
1019.1732,121.2229,-54.3870,0.0000,0.000,4.431,4.064,1.0000
1024.1667,125.9362,-52.7379,0.0000,0.000,4.458,4.028,1.0000
1029.1646,130.6569,-51.0965,0.0000,0.000,4.485,3.992,1.0000
1034.1657,135.3853,-49.4676,0.0000,0.000,4.513,3.956,1.0000
1039.1692,140.1221,-47.8559,0.0000,0.000,4.456,4.007,1.0000
1044.1741,144.8678,-46.2664,0.0000,0.000,4.372,4.087,1.0000
1049.1795,149.6230,-44.7036,0.0000,0.000,4.288,4.167,1.0000
1054.1847,154.3883,-43.1724,0.0000,0.000,4.203,4.247,1.0000
1059.1890,159.1641,-41.6776,0.0000,0.000,4.120,4.298,1.0000
1064.1918,163.9511,-40.2239,0.0000,0.000,4.036,4.334,1.0000
1069.1928,168.7498,-38.8161,0.0000,0.000,3.953,4.370,1.0000
1074.1915,173.5608,-37.4590,0.0000,0.000,3.869,4.405,1.0000
1079.1878,178.3845,-36.1573,0.0000,0.000,4.031,4.254,1.0000
1084.1817,183.2217,-34.9159,0.0000,0.000,4.244,4.064,1.0000
1089.1734,188.0728,-33.7395,0.0000,0.000,4.456,3.874,1.0000
1094.1635,192.9381,-32.6309,0.0000,0.000,4.512,3.876,1.0000
1099.1530,197.8176,-31.5888,0.0000,0.000,4.510,3.951,1.0000
1104.1429,202.7109,-30.6117,0.0000,0.000,4.507,4.026,1.0000
1109.1342,207.6179,-29.6976,0.0000,0.000,4.497,4.115,1.0000
1114.1279,212.5382,-28.8450,0.0000,0.000,4.481,4.216,1.0000
1119.1248,217.4718,-28.0520,0.0000,0.000,4.438,4.345,1.0000
1124.1256,222.4183,-27.3171,0.0000,0.000,4.297,4.570,1.0000
1129.1299,227.3769,-26.6424,0.0000,0.000,4.157,4.794,1.0000
1134.1359,232.3459,-26.0350,0.0000,0.000,4.423,4.806,1.0000
1139.1422,237.3237,-25.5021,0.0000,0.000,4.733,4.795,1.0000
1144.1475,242.3087,-25.0508,0.0000,0.000,4.968,4.804,1.0000
1149.1510,247.2990,-24.6884,0.0000,0.000,4.985,4.870,1.0000
1154.1522,252.2931,-24.4222,0.0000,0.000,5.003,4.936,1.0000
1159.1508,257.2890,-24.2595,0.0000,0.000,5.020,4.961,1.0000
1164.1460,262.2840,-24.2082,0.0000,0.000,5.038,4.971,1.0000
1169.1373,267.2749,-24.2763,0.0000,0.000,5.101,4.800,1.0000
1174.1250,272.2587,-24.4719,0.0000,0.000,5.164,4.628,1.0000
1179.1098,277.2325,-24.8031,0.0000,0.000,5.156,4.505,1.0000
1184.0931,282.1931,-25.2778,0.0000,0.000,5.000,4.486,1.0000
1189.0770,287.1376,-25.9041,0.0000,0.000,4.845,4.466,1.0000
1194.0648,292.0647,-26.6792,0.0000,0.000,4.579,4.474,1.0000
1199.0588,296.9772,-27.5781,0.0000,0.000,4.286,4.488,1.0000
1204.0596,301.8781,-28.5730,0.0000,0.000,3.993,4.503,1.0000
1209.0663,306.7705,-29.6360,0.0000,0.000,3.982,4.404,1.0000
1214.0765,311.6578,-30.7391,0.0000,0.000,4.017,4.285,1.0000
1219.0873,316.5429,-31.8547,0.0000,0.000,4.051,4.167,1.0000
1224.0958,321.4290,-32.9550,0.0000,0.000,4.095,4.096,1.0000
1229.1005,326.3180,-34.0246,0.0000,0.000,4.158,4.133,1.0000
1234.1018,331.2105,-35.0624,0.0000,0.000,4.222,4.169,1.0000
1239.1004,336.1069,-36.0684,0.0000,0.000,4.286,4.205,1.0000
1244.0969,341.0075,-37.0424,0.0000,0.000,4.300,4.225,1.0000
1249.0919,345.9129,-37.9843,0.0000,0.000,4.240,4.219,1.0000
1254.0861,350.8234,-38.8941,0.0000,0.000,4.181,4.214,1.0000
1259.0799,355.7396,-39.7718,0.0000,0.000,4.121,4.209,1.0000
1264.0741,360.6617,-40.6171,0.0000,0.000,4.062,4.204,1.0000
1269.0692,365.5903,-41.4300,0.0000,0.000,4.003,4.198,1.0000
1274.0660,370.5257,-42.2105,0.0000,0.000,3.995,4.181,1.0000
1279.0650,375.4684,-42.9584,0.0000,0.000,4.092,4.141,1.0000
1284.0668,380.4188,-43.6736,0.0000,0.000,4.190,4.100,1.0000
1289.0721,385.3774,-44.3561,0.0000,0.000,4.121,4.194,1.0000
1294.0808,390.3443,-45.0018,0.0000,0.000,3.948,4.371,1.0000
1299.0874,395.3175,-45.5790,0.0000,0.000,3.916,4.443,1.0000
1304.0859,400.2943,-46.0444,0.0000,0.000,4.015,4.418,1.0000
1309.0731,405.2718,-46.3544,0.0000,0.000,4.118,4.385,1.0000
1314.0499,410.2474,-46.4657,0.0000,0.000,4.258,4.282,1.0000
1319.0224,415.2181,-46.3348,0.0000,0.000,4.398,4.178,1.0000
1324.0030,420.1813,-45.9182,0.0000,0.000,4.298,4.224,1.0000
1329.0078,425.1340,-45.1978,0.0000,0.000,4.108,4.323,1.0000
1334.0364,430.0727,-44.2513,0.0000,0.000,4.070,4.344,1.0000
1339.0731,434.9940,-43.1790,0.0000,0.000,4.125,4.316,1.0000
1344.0951,439.8940,-42.0790,0.0000,0.000,4.177,4.281,1.0000
1349.0910,444.7638,-40.9637,0.0000,0.000,4.223,4.231,1.0000
1354.0676,449.5877,-39.7405,0.0000,0.000,4.249,4.201,1.0000
1359.0397,454.3496,-38.3102,0.0000,0.000,4.175,4.266,1.0000
1364.0250,459.0386,-36.6170,0.0000,0.000,4.089,4.326,1.0000
1369.0246,463.6546,-34.6963,0.0000,0.000,3.972,4.371,1.0000
1374.0311,468.1988,-32.5951,0.0000,0.000,3.886,4.383,1.0000
1379.0328,472.6731,-30.3596,0.0000,0.000,4.184,3.976,1.0000
1384.0273,477.0875,-28.0234,0.0000,0.000,4.182,3.990,1.0000
1389.0197,481.4582,-25.6107,0.0000,0.000,4.098,4.119,1.0000
1394.0135,485.8010,-23.1453,0.0000,0.000,4.014,4.249,1.0000
1399.0099,490.1233,-20.6389,0.0000,0.000,3.930,4.379,1.0000
1404.0080,494.4218,-18.0886,0.0000,0.000,3.952,4.371,1.0000
1409.0070,498.6926,-15.4905,0.0000,0.000,4.062,4.249,1.0000
1414.0062,502.9317,-12.8406,0.0000,0.000,4.173,4.126,1.0000
1419.0052,507.1352,-10.1350,0.0000,0.000,4.283,4.004,1.0000
1424.0036,511.2990,-7.3697,0.0000,0.000,4.144,4.089,1.0000
1429.0016,515.4232,-4.5463,0.0000,0.000,4.003,4.176,1.0000
1433.9995,519.5217,-1.6862,0.0000,0.000,3.862,4.263,1.0000
1438.9968,523.6124,1.1842,0.0000,0.000,3.903,4.166,1.0000
1443.9928,527.7128,4.0386,0.0000,0.000,4.047,3.966,1.0000
1448.9874,531.8405,6.8506,0.0000,0.000,4.161,3.819,1.0000
1453.9810,536.0132,9.5938,0.0000,0.000,4.167,3.869,1.0000
1458.9760,540.2485,12.2420,0.0000,0.000,4.106,4.004,1.0000
1463.9746,544.5578,14.7749,0.0000,0.000,4.031,4.127,1.0000
1468.9754,548.9392,17.1857,0.0000,0.000,4.026,4.102,1.0000
1473.9772,553.3893,19.4689,0.0000,0.000,4.004,4.048,1.0000
1478.9785,557.9048,21.6194,0.0000,0.000,4.001,3.997,1.0000
1483.9786,562.4820,23.6319,0.0000,0.000,4.032,3.949,1.0000
1488.9768,567.1175,25.5010,0.0000,0.000,4.119,3.951,1.0000
1493.9728,571.8078,27.2217,0.0000,0.000,4.235,3.978,1.0000
1498.9678,576.5484,28.7955,0.0000,0.000,4.320,4.095,1.0000
1503.9638,581.3333,30.2324,0.0000,0.000,4.389,4.258,1.0000
1508.9618,586.1565,31.5428,0.0000,0.000,4.434,4.369,1.0000
1513.9622,591.0121,32.7372,0.0000,0.000,4.439,4.398,1.0000
1518.9641,595.8941,33.8260,0.0000,0.000,4.443,4.428,1.0000
1523.9660,600.7964,34.8197,0.0000,0.000,4.407,4.342,1.0000
1528.9659,605.7133,35.7265,0.0000,0.000,4.346,4.185,1.0000
1533.9605,610.6441,36.5220,0.0000,0.000,4.284,4.027,1.0000
1538.9485,615.5914,37.1581,0.0000,0.000,4.379,4.053,1.0000
1543.9333,620.5578,37.5860,0.0000,0.000,4.483,4.089,1.0000
1548.9235,625.5443,37.7768,0.0000,0.000,4.408,4.175,1.0000
1553.9233,630.5442,37.7776,0.0000,0.000,4.331,4.261,1.0000
1558.9298,635.5491,37.6539,0.0000,0.000,4.272,4.305,1.0000
1563.9357,640.5515,37.4658,0.0000,0.000,4.246,4.266,1.0000
1568.9391,645.5496,37.2365,0.0000,0.000,4.220,4.228,1.0000
1573.9404,650.5440,36.9731,0.0000,0.000,4.195,4.189,1.0000
1578.9402,655.5353,36.6829,0.0000,0.000,4.169,4.151,1.0000
1583.9388,660.5244,36.3728,0.0000,0.000,4.143,4.113,1.0000
1588.9366,665.5117,36.0501,0.0000,0.000,4.209,4.205,1.0000
1593.9338,670.4981,35.7217,0.0000,0.000,4.277,4.298,1.0000
1598.9306,675.4842,35.3950,0.0000,0.000,4.344,4.392,1.0000
1603.9271,680.4706,35.0769,0.0000,0.000,4.411,4.485,1.0000
1608.9237,685.4580,34.7745,0.0000,0.000,4.478,4.578,1.0000
1613.9206,690.4471,34.4951,0.0000,0.000,4.545,4.672,1.0000
1618.9184,695.4386,34.2457,0.0000,0.000,4.612,4.765,1.0000
1623.9174,700.4332,34.0334,0.0000,0.000,4.679,4.859,1.0000
1628.9185,705.4314,33.8654,0.0000,0.000,4.711,4.912,1.0000
1633.9220,710.4334,33.7416,0.0000,0.000,4.620,4.827,1.0000
1638.9275,715.4380,33.6472,0.0000,0.000,4.530,4.743,1.0000
1643.9339,720.4437,33.5653,0.0000,0.000,4.439,4.658,1.0000
1648.9402,725.4493,33.4789,0.0000,0.000,4.348,4.574,1.0000
1653.9452,730.4532,33.3711,0.0000,0.000,4.258,4.489,1.0000
1658.9483,735.4541,33.2250,0.0000,0.000,4.167,4.405,1.0000
1663.9488,740.4506,33.0235,0.0000,0.000,4.211,4.286,1.0000
1668.9449,745.4388,32.7446,0.0000,0.000,4.392,4.134,1.0000
1673.9331,750.4121,32.3597,0.0000,0.000,4.572,3.981,1.0000
1678.9117,755.3636,31.8400,0.0000,0.000,4.650,3.878,1.0000
1683.8816,760.2863,31.1566,0.0000,0.000,4.616,3.899,1.0000
1688.8465,765.1733,30.2805,0.0000,0.000,4.459,4.058,1.0000
1693.8137,770.0177,29.1829,0.0000,0.000,4.252,4.231,1.0000
1698.7920,774.8117,27.8410,0.0000,0.000,4.180,4.260,1.0000
1703.7824,779.5437,26.2559,0.0000,0.000,4.158,4.236,1.0000
1708.7835,784.2012,24.4342,0.0000,0.000,4.268,4.119,1.0000
1713.7933,788.7718,22.3830,0.0000,0.000,4.251,4.080,1.0000
1718.8097,793.2431,20.1088,0.0000,0.000,3.975,4.203,1.0000
1723.8302,797.6025,17.6187,0.0000,0.000,4.021,4.216,1.0000
1728.8525,801.8377,14.9193,0.0000,0.000,4.103,4.222,1.0000
1733.8742,805.9361,12.0174,0.0000,0.000,4.225,4.226,1.0000
1738.8933,809.8853,8.9199,0.0000,0.000,4.237,4.235,1.0000
1743.9078,813.6729,5.6336,0.0000,0.000,4.191,4.249,1.0000
1748.9165,817.2864,2.1653,0.0000,0.000,4.160,4.283,1.0000
1753.9184,820.7134,-1.4782,0.0000,0.000,4.094,4.332,1.0000
1758.9135,823.9414,-5.2902,0.0000,0.000,4.032,4.351,1.0000
1763.9023,826.9579,-9.2637,0.0000,0.000,4.384,3.868,1.0000
1768.8868,829.7547,-13.3895,0.0000,0.000,4.341,3.924,1.0000
1773.8689,832.3281,-17.6557,0.0000,0.000,4.272,4.092,1.0000
1778.8505,834.6748,-22.0498,0.0000,0.000,4.457,4.085,1.0000
1783.8324,836.7917,-26.5597,0.0000,0.000,4.341,4.044,1.0000
1788.8155,838.6754,-31.1729,0.0000,0.000,4.294,3.951,1.0000
1793.8000,840.3228,-35.8774,0.0000,0.000,4.297,3.873,1.0000
1798.7861,841.7305,-40.6606,0.0000,0.000,4.140,3.942,1.0000
1803.7739,842.8954,-45.5105,0.0000,0.000,4.063,4.032,1.0000
1808.7634,843.8141,-50.4147,0.0000,0.000,4.038,4.113,1.0000
1813.7546,844.4835,-55.3608,0.0000,0.000,4.147,4.079,1.0000
1818.7480,844.9003,-60.3368,0.0000,0.000,4.148,4.221,1.0000
1823.7439,845.0612,-65.3301,0.0000,0.000,4.158,4.272,1.0000
1828.7434,844.9630,-70.3287,0.0000,0.000,4.184,4.222,1.0000
1833.7477,844.6035,-75.3200,0.0000,0.000,4.224,4.123,1.0000
1838.7569,843.9874,-80.2911,0.0000,0.000,4.096,4.229,1.0000
1843.7696,843.1228,-85.2288,0.0000,0.000,4.084,4.214,1.0000
1848.7838,842.0176,-90.1197,0.0000,0.000,4.175,4.126,1.0000
1853.7965,840.6797,-94.9505,0.0000,0.000,4.390,4.017,1.0000
1858.8041,839.1171,-99.7080,0.0000,0.000,4.387,4.070,1.0000
1863.8025,837.3378,-104.3790,0.0000,0.000,4.431,4.045,1.0000
1868.7898,835.3527,-108.9543,0.0000,0.000,4.435,4.002,1.0000
1873.7730,833.1849,-113.4411,0.0000,0.000,4.377,3.951,1.0000
1878.7580,830.8602,-117.8509,0.0000,0.000,4.319,3.900,1.0000
1883.7480,828.4045,-122.1949,0.0000,0.000,4.261,3.849,1.0000
1888.7436,825.8437,-126.4842,0.0000,0.000,4.204,3.798,1.0000
1893.7435,823.2037,-130.7303,0.0000,0.000,4.173,3.811,1.0000
1898.7447,820.5104,-134.9443,0.0000,0.000,4.154,3.852,1.0000
1903.7447,817.7834,-139.1352,0.0000,0.000,4.135,3.894,1.0000
1908.7437,815.0291,-143.3070,0.0000,0.000,4.115,3.935,1.0000
1913.7421,812.2523,-147.4631,0.0000,0.000,4.096,3.976,1.0000
1918.7401,809.4575,-151.6067,0.0000,0.000,4.077,4.018,1.0000
1923.7379,806.6495,-155.7411,0.0000,0.000,4.067,4.043,1.0000
1928.7359,803.8328,-159.8697,0.0000,0.000,4.073,4.035,1.0000
1933.7340,801.0121,-163.9959,0.0000,0.000,4.078,4.028,1.0000
1938.7324,798.1921,-168.1228,0.0000,0.000,4.084,4.021,1.0000
1943.7313,795.3775,-172.2540,0.0000,0.000,4.090,4.014,1.0000
1948.7307,792.5728,-176.3926,0.0000,0.000,4.096,4.006,1.0000
1953.7309,789.7827,-180.5420,0.0000,0.000,4.084,4.016,1.0000
1958.7321,787.0120,-184.7056,0.0000,0.000,4.035,4.062,1.0000
1963.7347,784.2651,-188.8866,0.0000,0.000,3.985,4.108,1.0000
1968.7387,781.5482,-193.0886,0.0000,0.000,3.936,4.154,1.0000
1973.7423,778.8719,-197.3164,0.0000,0.000,3.912,4.187,1.0000
1978.7441,776.2484,-201.5750,0.0000,0.000,3.905,4.213,1.0000
1983.7427,773.6898,-205.8691,0.0000,0.000,3.963,4.226,1.0000
1988.7376,771.2082,-210.2039,0.0000,0.000,4.136,4.218,1.0000
1993.7288,768.8157,-214.5843,0.0000,0.000,4.338,4.326,1.0000
1998.7171,766.5242,-219.0151,0.0000,0.000,4.577,4.587,1.0000
2003.7048,764.3357,-223.4971,0.0000,0.000,4.816,4.847,1.0000
2008.6949,762.2299,-228.0211,0.0000,0.000,5.141,5.174,1.0000
2013.6892,760.1838,-232.5770,0.0000,0.000,5.484,5.514,1.0000
2018.6883,758.1741,-237.1544,0.0000,0.000,5.826,5.854,1.0000
2023.6925,756.1776,-241.7431,0.0000,0.000,6.169,6.194,1.0000
2028.7017,754.1713,-246.3329,0.0000,0.000,6.512,6.534,1.0000
2033.7157,752.1322,-250.9136,0.0000,0.000,6.854,6.875,1.0000
2038.7330,750.0515,-255.4791,0.0000,0.000,6.928,6.929,1.0000
2043.7495,747.9379,-260.0286,0.0000,0.000,6.955,6.935,1.0000
2048.7609,745.8015,-264.5617,0.0000,0.000,6.983,6.941,1.0000
2053.7624,743.6523,-269.0779,0.0000,0.000,7.011,6.947,1.0000
2058.7494,741.5003,-273.5768,0.0000,0.000,7.038,6.953,1.0000
2063.7173,739.3554,-278.0578,0.0000,0.000,7.062,6.959,1.0000
2068.6629,737.2272,-282.5220,0.0000,0.000,6.995,6.957,1.0000
2073.6060,735.1179,-286.9925,0.0000,0.000,6.927,6.954,1.0000
2078.5844,733.0242,-291.5092,0.0000,0.000,6.860,6.952,1.0000
2083.6364,730.9425,-296.1124,0.0000,0.000,6.793,6.949,1.0000
2088.7713,728.8380,-300.7962,0.0000,0.000,6.725,6.947,1.0000
2093.8869,726.5509,-305.3721,0.0000,0.000,6.838,6.816,1.0000
2098.8872,723.8905,-309.6060,0.0000,0.000,7.124,6.657,1.0000
2103.7653,720.6906,-313.2878,0.0000,0.000,7.008,6.919,1.0000
2108.6099,716.9629,-316.3822,0.0000,0.000,6.563,6.936,1.0000
2113.4925,712.7987,-318.9314,0.0000,0.000,7.057,6.330,1.0000
2118.4448,708.2891,-320.9780,0.0000,0.000,7.072,6.497,1.0000
2123.4654,703.5257,-322.5646,0.0000,0.000,7.140,6.586,1.0000
2128.5281,698.5999,-323.7336,0.0000,0.000,7.236,6.635,1.0000
2133.5877,693.6030,-324.5278,0.0000,0.000,6.882,7.056,1.0000
2138.6024,688.6098,-324.9915,0.0000,0.000,6.647,7.328,1.0000
2143.5846,683.6310,-325.1760,0.0000,0.000,6.932,7.024,1.0000
2148.5542,678.6616,-325.1345,0.0000,0.000,7.218,6.721,1.0000
2153.5238,673.6966,-324.9199,0.0000,0.000,7.143,6.832,1.0000
2158.5005,668.7311,-324.5855,0.0000,0.000,7.059,6.953,1.0000
2163.4877,663.7602,-324.1841,0.0000,0.000,7.031,7.018,1.0000
2168.4863,658.7788,-323.7689,0.0000,0.000,7.138,6.947,1.0000
2173.4952,653.7860,-323.3677,0.0000,0.000,7.244,6.875,1.0000
2178.5092,648.7891,-322.9542,0.0000,0.000,7.170,6.929,1.0000
2183.5228,643.7965,-322.4953,0.0000,0.000,7.054,7.011,1.0000
2188.5316,638.8167,-321.9577,0.0000,0.000,6.939,7.093,1.0000
2193.5325,633.8581,-321.3080,0.0000,0.000,6.893,7.122,1.0000
2198.5252,628.9292,-320.5130,0.0000,0.000,6.942,7.079,1.0000
2203.5120,624.0383,-319.5399,0.0000,0.000,6.996,7.030,1.0000
2208.4973,619.1907,-318.3756,0.0000,0.000,7.274,6.783,1.0000
2213.4844,614.3882,-317.0318,0.0000,0.000,7.552,6.537,1.0000
2218.4747,609.6318,-315.5217,0.0000,0.000,7.267,6.759,1.0000
2223.4685,604.9231,-313.8585,0.0000,0.000,6.923,7.030,1.0000
2228.4650,600.2632,-312.0556,0.0000,0.000,6.884,7.123,1.0000
2233.4621,595.6536,-310.1262,0.0000,0.000,6.891,7.190,1.0000
2238.4579,591.0953,-308.0818,0.0000,0.000,6.938,7.140,1.0000
2243.4526,586.5888,-305.9280,0.0000,0.000,7.008,7.021,1.0000
2248.4473,582.1343,-303.6687,0.0000,0.000,7.134,6.893,1.0000
2253.4427,577.7321,-301.3077,0.0000,0.000,7.356,6.749,1.0000
2258.4391,573.3825,-298.8489,0.0000,0.000,7.293,6.804,1.0000
2263.4370,569.0858,-296.2962,0.0000,0.000,7.126,6.932,1.0000
2268.4362,564.8421,-293.6536,0.0000,0.000,6.958,7.060,1.0000
2273.4367,560.6517,-290.9249,0.0000,0.000,6.927,7.039,1.0000
2278.4380,556.5150,-288.1140,0.0000,0.000,6.961,6.945,1.0000
2283.4397,552.4322,-285.2249,0.0000,0.000,6.995,6.856,1.0000
2288.4409,548.4035,-282.2613,0.0000,0.000,7.018,6.963,1.0000
2293.4409,544.4293,-279.2274,0.0000,0.000,7.042,7.071,1.0000
2298.4386,540.5096,-276.1268,0.0000,0.000,7.143,7.045,1.0000
2303.4326,536.6461,-272.9625,0.0000,0.000,7.301,6.921,1.0000
2308.4159,532.8800,-269.6991,0.0000,0.000,7.459,6.796,1.0000
2313.3826,529.3038,-266.2525,0.0000,0.000,7.424,6.800,1.0000
2318.3468,526.0133,-262.5355,0.0000,0.000,7.125,6.982,1.0000
2323.3424,523.1063,-258.4729,0.0000,0.000,6.955,7.046,1.0000
2328.3580,520.6951,-254.0749,0.0000,0.000,6.947,6.962,1.0000
2333.3760,518.8983,-249.3896,0.0000,0.000,7.008,6.882,1.0000
2338.4090,517.8328,-244.4707,0.0000,0.000,7.126,6.727,1.0000
2343.4325,517.5854,-239.4533,0.0000,0.000,7.127,6.760,1.0000
2348.3927,518.2206,-234.5339,0.0000,0.000,6.976,6.960,1.0000
2353.2794,519.8025,-229.9104,0.0000,0.000,7.012,6.644,1.0000
2358.1665,522.3349,-225.7305,0.0000,0.000,7.030,6.697,1.0000
2363.1563,525.5888,-221.9477,0.0000,0.000,7.076,6.723,1.0000
2368.2279,529.2787,-218.4683,0.0000,0.000,7.116,6.755,1.0000
2373.2860,533.1451,-215.2071,0.0000,0.000,6.938,7.006,1.0000
2378.3009,537.1116,-212.1385,0.0000,0.000,6.844,7.135,1.0000
2383.2845,541.1816,-209.2625,0.0000,0.000,7.016,6.882,1.0000
2388.2491,545.3587,-206.5794,0.0000,0.000,7.189,6.630,1.0000
2393.2074,549.6463,-204.0893,0.0000,0.000,7.245,6.583,1.0000
2398.1724,554.0482,-201.7926,0.0000,0.000,7.166,6.776,1.0000
2403.1574,558.5678,-199.6895,0.0000,0.000,7.066,6.962,1.0000
2408.1695,563.2050,-197.7876,0.0000,0.000,6.952,7.142,1.0000
2413.1931,567.9450,-196.1232,0.0000,0.000,6.998,7.104,1.0000
2418.2119,572.7692,-194.7395,0.0000,0.000,7.135,6.943,1.0000
2423.2161,577.6594,-193.6777,0.0000,0.000,7.272,6.782,1.0000
2428.2127,582.5956,-192.9026,0.0000,0.000,7.157,6.832,1.0000
2433.2112,587.5555,-192.2828,0.0000,0.000,7.032,6.891,1.0000
2438.2092,592.5172,-191.6812,0.0000,0.000,6.907,6.950,1.0000
2443.2032,597.4647,-191.0008,0.0000,0.000,6.782,7.008,1.0000
2448.1942,602.3961,-190.2322,0.0000,0.000,6.656,7.067,1.0000
2453.1831,607.3111,-189.3771,0.0000,0.000,6.584,7.078,1.0000
2458.1709,612.2097,-188.4375,0.0000,0.000,6.880,6.754,1.0000
2463.1587,617.0915,-187.4151,0.0000,0.000,6.909,6.736,1.0000
2468.1471,621.9564,-186.3117,0.0000,0.000,6.792,6.885,1.0000
2473.1370,626.8041,-185.1291,0.0000,0.000,6.731,6.995,1.0000
2478.1290,631.6345,-183.8693,0.0000,0.000,6.705,7.081,1.0000
2483.1236,636.4473,-182.5340,0.0000,0.000,6.778,7.031,1.0000
2488.1214,641.2424,-181.1250,0.0000,0.000,6.889,6.926,1.0000
2493.1227,646.0195,-179.6442,0.0000,0.000,7.001,6.822,1.0000
2498.1280,650.7784,-178.0933,0.0000,0.000,6.915,6.911,1.0000
2503.1374,655.5190,-176.4743,0.0000,0.000,6.797,7.032,1.0000
2508.1500,660.2388,-174.7860,0.0000,0.000,6.679,7.152,1.0000
2513.1615,664.9271,-173.0157,0.0000,0.000,6.677,7.144,1.0000
2518.1672,669.5714,-171.1482,0.0000,0.000,6.948,6.832,1.0000
2523.1639,674.1589,-169.1679,0.0000,0.000,7.220,6.519,1.0000
2528.1496,678.6769,-167.0597,0.0000,0.000,7.059,6.652,1.0000
2533.1241,683.1128,-164.8080,0.0000,0.000,6.679,7.010,1.0000
2538.0894,687.4536,-162.3975,0.0000,0.000,6.300,7.367,1.0000
2543.0427,691.6655,-159.7906,0.0000,0.000,6.459,7.318,1.0000
2547.9786,695.6683,-156.9026,0.0000,0.000,6.631,7.235,1.0000
2552.9160,699.3760,-153.6422,0.0000,0.000,6.768,7.092,1.0000
2557.9056,702.7061,-149.9265,0.0000,0.000,6.943,6.881,1.0000
2562.9687,705.6254,-145.7897,0.0000,0.000,7.155,6.597,1.0000
2568.0667,708.1375,-141.3536,0.0000,0.000,7.081,6.711,1.0000
2573.1391,710.2468,-136.7405,0.0000,0.000,6.949,6.913,1.0000
2578.1483,711.9457,-132.0283,0.0000,0.000,6.712,7.275,1.0000
2583.1025,713.2121,-127.2386,0.0000,0.000,6.600,7.271,1.0000
2588.0189,714.0229,-122.3895,0.0000,0.000,6.584,7.233,1.0000
2592.9205,714.3551,-117.4992,0.0000,0.000,6.721,7.183,1.0000
2597.8368,714.1854,-112.5858,0.0000,0.000,6.829,7.151,1.0000
2602.8041,713.4909,-107.6674,0.0000,0.000,6.916,7.131,1.0000
2607.8591,712.2501,-102.7670,0.0000,0.000,6.984,6.929,1.0000
2612.9713,710.4654,-97.9765,0.0000,0.000,7.023,6.713,1.0000
2618.0628,708.1566,-93.4385,0.0000,0.000,6.892,7.013,1.0000
2623.0694,705.3440,-89.2967,0.0000,0.000,6.739,7.275,1.0000
2627.9745,702.0551,-85.6575,0.0000,0.000,6.546,7.465,1.0000
2632.8539,698.3462,-82.4869,0.0000,0.000,6.678,7.379,1.0000
2637.7738,694.2800,-79.7173,0.0000,0.000,7.159,6.996,1.0000
2642.7636,689.9193,-77.2919,0.0000,0.000,7.064,7.046,1.0000
2647.7988,685.3264,-75.2282,0.0000,0.000,6.846,7.189,1.0000
2652.8403,680.5638,-73.5746,0.0000,0.000,6.834,7.133,1.0000
2657.8550,675.6936,-72.3794,0.0000,0.000,6.865,7.037,1.0000
2662.8403,670.7653,-71.6279,0.0000,0.000,6.839,7.088,1.0000
2667.8250,665.8015,-71.1727,0.0000,0.000,6.787,7.209,1.0000
2672.8157,660.8212,-70.8495,0.0000,0.000,6.820,7.175,1.0000
2677.8073,655.8402,-70.5242,0.0000,0.000,6.952,6.962,1.0000
2682.7991,650.8606,-70.1754,0.0000,0.000,6.998,6.793,1.0000
2687.7914,645.8818,-69.8079,0.0000,0.000,6.881,6.707,1.0000
2692.7848,640.9030,-69.4267,0.0000,0.000,6.763,6.621,1.0000
2697.7798,635.9233,-69.0368,0.0000,0.000,6.646,6.535,1.0000
2702.7767,630.9419,-68.6431,0.0000,0.000,6.528,6.449,1.0000
2707.7759,625.9581,-68.2505,0.0000,0.000,6.411,6.363,1.0000
2712.7775,620.9715,-67.8641,0.0000,0.000,6.293,6.277,1.0000
2717.7808,615.9822,-67.4889,0.0000,0.000,6.175,6.192,1.0000
2722.7852,610.9908,-67.1298,0.0000,0.000,6.032,6.093,1.0000
2727.7898,605.9976,-66.7919,0.0000,0.000,5.842,5.973,1.0000
2732.7941,601.0030,-66.4802,0.0000,0.000,5.652,5.852,1.0000
2737.7976,596.0074,-66.1997,0.0000,0.000,5.575,5.791,1.0000
2742.7998,591.0111,-65.9554,0.0000,0.000,5.551,5.734,1.0000
2747.8004,586.0147,-65.7524,0.0000,0.000,5.580,5.650,1.0000
2752.7991,581.0184,-65.5956,0.0000,0.000,5.609,5.565,1.0000
2757.7960,576.0227,-65.4901,0.0000,0.000,5.638,5.481,1.0000
2762.7910,571.0279,-65.4408,0.0000,0.000,5.590,5.534,1.0000
2767.7844,566.0345,-65.4529,0.0000,0.000,5.477,5.705,1.0000
2772.7767,561.0428,-65.5312,0.0000,0.000,5.364,5.876,1.0000
2777.7685,556.0532,-65.6792,0.0000,0.000,5.483,5.782,1.0000
2782.7606,551.0658,-65.8936,0.0000,0.000,5.659,5.623,1.0000
2787.7535,546.0804,-66.1695,0.0000,0.000,6.094,6.015,1.0000
2792.7479,541.0972,-66.5024,0.0000,0.000,6.577,6.506,1.0000
2797.7438,536.1161,-66.8874,0.0000,0.000,6.700,6.677,1.0000
2802.7415,531.1372,-67.3197,0.0000,0.000,6.493,6.553,1.0000
2807.7409,526.1604,-67.7947,0.0000,0.000,6.286,6.430,1.0000
2812.7419,521.1857,-68.3075,0.0000,0.000,6.079,6.306,1.0000
2817.7443,516.2132,-68.8534,0.0000,0.000,5.872,6.182,1.0000
2822.7478,511.2428,-69.4276,0.0000,0.000,5.664,6.058,1.0000
2827.7518,506.2745,-70.0254,0.0000,0.000,5.457,5.935,1.0000
2832.7561,501.3085,-70.6420,0.0000,0.000,5.416,5.896,1.0000
2837.7599,496.3445,-71.2727,0.0000,0.000,5.654,6.002,1.0000
2842.7628,491.3827,-71.9128,0.0000,0.000,5.892,6.107,1.0000
2847.7644,486.4233,-72.5612,0.0000,0.000,6.130,6.212,1.0000
2852.7647,481.4668,-73.2211,0.0000,0.000,6.368,6.318,1.0000
2857.7638,476.5135,-73.8960,0.0000,0.000,6.522,6.381,1.0000
2862.7615,471.5641,-74.5895,0.0000,0.000,6.332,6.270,1.0000
2867.7582,466.6189,-75.3051,0.0000,0.000,6.142,6.158,1.0000
2872.7539,461.6785,-76.0463,0.0000,0.000,5.952,6.047,1.0000
2877.7488,456.7434,-76.8167,0.0000,0.000,5.762,5.936,1.0000
2882.7431,451.8140,-77.6197,0.0000,0.000,5.571,5.824,1.0000
2887.7373,446.8909,-78.4589,0.0000,0.000,5.381,5.713,1.0000
2892.7317,441.9745,-79.3379,0.0000,0.000,5.239,5.621,1.0000
2897.7267,437.0652,-80.2600,0.0000,0.000,5.267,5.595,1.0000
2902.7232,432.1637,-81.2290,0.0000,0.000,5.295,5.570,1.0000
2907.7216,427.2703,-82.2482,0.0000,0.000,5.323,5.544,1.0000
2912.7226,422.3857,-83.3211,0.0000,0.000,5.351,5.518,1.0000
2917.7255,417.5119,-84.4502,0.0000,0.000,5.365,5.515,1.0000
2922.7291,412.6512,-85.6376,0.0000,0.000,5.377,5.517,1.0000
2927.7324,407.8060,-86.8855,0.0000,0.000,5.389,5.518,1.0000
2932.7343,402.9789,-88.1960,0.0000,0.000,5.401,5.519,1.0000
2937.7339,398.1721,-89.5711,0.0000,0.000,5.432,5.520,1.0000
2942.7304,393.3882,-91.0132,0.0000,0.000,5.463,5.520,1.0000
2947.7238,388.6250,-92.5119,0.0000,0.000,5.495,5.520,1.0000
2952.7161,383.8627,-94.0098,0.0000,0.000,5.526,5.520,1.0000
2957.7100,379.0774,-95.4380,0.0000,0.000,5.557,5.521,1.0000
2962.7112,374.2459,-96.7296,0.0000,0.000,5.554,5.517,1.0000
2967.7231,369.3714,-97.8953,0.0000,0.000,5.549,5.513,1.0000
2972.7365,364.4911,-99.0426,0.0000,0.000,5.545,5.509,1.0000
2977.7405,359.6437,-100.2848,0.0000,0.000,5.531,5.510,1.0000
2982.7333,354.8536,-101.6929,0.0000,0.000,5.452,5.546,1.0000
2987.7220,350.1128,-103.2462,0.0000,0.000,5.374,5.582,1.0000
2992.7114,345.4097,-104.9119,0.0000,0.000,5.341,5.649,1.0000
2997.7039,340.7323,-106.6573,0.0000,0.000,5.936,6.154,1.0000
3002.7000,336.0687,-108.4495,0.0000,0.000,6.530,6.658,1.0000
3007.6994,331.4071,-110.2559,0.0000,0.000,7.125,7.163,1.0000
3012.7013,326.7358,-112.0443,0.0000,0.000,7.169,7.177,1.0000
3017.7052,322.0503,-113.8008,0.0000,0.000,6.979,6.985,1.0000
3022.7105,317.3551,-115.5352,0.0000,0.000,6.790,6.792,1.0000
3027.7162,312.6555,-117.2586,0.0000,0.000,6.601,6.599,1.0000
3032.7213,307.9565,-118.9820,0.0000,0.000,6.412,6.406,1.0000
3037.7248,303.2632,-120.7166,0.0000,0.000,6.223,6.214,1.0000
3042.7259,298.5809,-122.4736,0.0000,0.000,6.034,6.021,1.0000
3047.7240,293.9138,-124.2621,0.0000,0.000,5.844,5.828,1.0000
3052.7195,289.2624,-126.0842,0.0000,0.000,5.779,5.816,1.0000
3057.7131,284.6266,-127.9403,0.0000,0.000,5.849,6.002,1.0000
3062.7053,280.0062,-129.8308,0.0000,0.000,5.920,6.188,1.0000
3067.6967,275.4009,-131.7558,0.0000,0.000,5.990,6.375,1.0000
3072.6880,270.8105,-133.7158,0.0000,0.000,6.061,6.561,1.0000
3077.6797,266.2349,-135.7111,0.0000,0.000,6.131,6.747,1.0000
3082.6726,261.6738,-137.7419,0.0000,0.000,6.212,6.916,1.0000
3087.6671,257.1269,-139.8088,0.0000,0.000,6.400,6.896,1.0000
3092.6640,252.5942,-141.9118,0.0000,0.000,6.588,6.877,1.0000
3097.6639,248.0753,-144.0515,0.0000,0.000,6.776,6.857,1.0000
3102.6674,243.5700,-146.2280,0.0000,0.000,6.964,6.837,1.0000
3107.6751,239.0782,-148.4419,0.0000,0.000,7.152,6.817,1.0000
3112.6877,234.5996,-150.6932,0.0000,0.000,7.327,6.982,1.0000
3117.7034,230.1357,-152.9803,0.0000,0.000,7.481,7.413,1.0000
3122.7176,225.6898,-155.2989,0.0000,0.000,7.636,7.844,1.0000
3127.7253,221.2655,-157.6447,0.0000,0.000,7.791,8.276,1.0000
3132.7215,216.8663,-160.0132,0.0000,0.000,7.724,8.296,1.0000
3137.7013,212.4958,-162.3999,0.0000,0.000,7.553,8.123,1.0000
3142.6595,208.1575,-164.8005,0.0000,0.000,7.382,7.950,1.0000
3147.5934,203.8535,-167.2129,0.0000,0.000,7.211,7.777,1.0000
3152.5337,199.5664,-169.6678,0.0000,0.000,7.039,7.604,1.0000
3157.5369,195.2637,-172.2211,0.0000,0.000,6.868,7.431,1.0000
3162.6620,190.9127,-174.9294,0.0000,0.000,6.697,7.258,1.0000
3167.8953,186.4880,-177.7241,0.0000,0.000,6.551,7.078,1.0000
3172.9551,181.9930,-180.0471,0.0000,0.000,6.764,6.789,1.0000
3177.6586,177.4382,-181.2203,0.0000,0.000,6.945,6.203,1.0000
3182.2605,172.8710,-180.6563,0.0000,0.000,7.243,6.339,1.0000
3187.0802,168.6028,-178.4175,0.0000,0.000,6.911,6.636,1.0000
3192.1233,165.0101,-174.8784,0.0000,0.000,6.883,7.071,1.0000
3197.2697,162.1221,-170.6188,0.0000,0.000,6.805,7.181,1.0000
3202.3283,159.7505,-166.1505,0.0000,0.000,6.715,7.152,1.0000
3207.3268,157.5582,-161.6585,0.0000,0.000,6.624,7.123,1.0000
3212.2996,155.1891,-157.2863,0.0000,0.000,6.533,7.093,1.0000
3217.2966,152.3596,-153.1675,0.0000,0.000,6.443,7.064,1.0000
3222.3067,149.0577,-149.3994,0.0000,0.000,6.016,6.723,1.0000
3227.3003,145.3356,-146.0704,0.0000,0.000,5.369,6.197,1.0000
3232.2578,141.2456,-143.2689,0.0000,0.000,5.483,5.813,1.0000
3237.1759,136.8398,-141.0834,0.0000,0.000,5.650,5.615,1.0000
3242.0745,132.1705,-139.6024,0.0000,0.000,5.556,5.607,1.0000
3247.0034,127.2899,-138.9140,0.0000,0.000,5.330,5.642,1.0000
3252.0223,122.2725,-139.0384,0.0000,0.000,5.067,5.431,1.0000
3257.1219,117.2386,-139.8547,0.0000,0.000,4.831,5.131,1.0000
3262.2330,112.3144,-141.2241,0.0000,0.000,4.830,4.822,1.0000
3267.2555,107.6233,-143.0183,0.0000,0.000,4.689,4.742,1.0000
3272.1637,103.2509,-145.2481,0.0000,0.000,4.429,4.859,1.0000
3277.0288,99.2556,-148.0242,0.0000,0.000,4.321,4.934,1.0000
3281.9725,95.6967,-151.4556,0.0000,0.000,4.520,4.649,1.0000
3287.0363,92.6755,-155.5194,0.0000,0.000,4.649,4.528,1.0000
3292.1188,90.3441,-160.0356,0.0000,0.000,4.596,4.667,1.0000
3297.1243,88.8566,-164.8150,0.0000,0.000,4.596,4.703,1.0000
3302.0598,88.2439,-169.7124,0.0000,0.000,4.552,4.812,1.0000
3307.0195,88.2863,-174.6719,0.0000,0.000,4.429,4.788,1.0000
3312.0162,88.7331,-179.6486,0.0000,0.000,4.484,4.874,1.0000
3317.0156,89.3747,-184.6066,0.0000,0.000,4.568,4.960,1.0000
3322.0125,90.1492,-189.5431,0.0000,0.000,4.566,4.955,1.0000
3327.0100,91.0282,-194.4628,0.0000,0.000,4.564,4.950,1.0000
3332.0095,91.9832,-199.3701,0.0000,0.000,4.563,4.945,1.0000
3337.0108,92.9857,-204.2699,0.0000,0.000,4.561,4.940,1.0000
3342.0130,94.0074,-209.1667,0.0000,0.000,4.559,4.934,1.0000
3347.0149,95.0197,-214.0650,0.0000,0.000,4.558,4.929,1.0000
3352.0157,96.0048,-218.9679,0.0000,0.000,4.556,4.924,1.0000
3357.0157,96.9660,-223.8747,0.0000,0.000,4.555,4.919,1.0000
3362.0152,97.9091,-228.7844,0.0000,0.000,4.553,4.914,1.0000
3367.0142,98.8400,-233.6960,0.0000,0.000,4.551,4.909,1.0000
3372.0130,99.7646,-238.6085,0.0000,0.000,4.550,4.904,1.0000
3377.0116,100.6887,-243.5209,0.0000,0.000,4.548,4.898,1.0000
3382.0101,101.6182,-248.4323,0.0000,0.000,4.546,4.893,1.0000
3387.0086,102.5558,-253.3421,0.0000,0.000,4.545,4.888,1.0000
3392.0072,103.5006,-258.2505,0.0000,0.000,4.543,4.883,1.0000
3397.0058,104.4515,-263.1578,0.0000,0.000,4.542,4.878,1.0000
3402.0044,105.4075,-268.0642,0.0000,0.000,4.540,4.873,1.0000
3407.0032,106.3674,-272.9699,0.0000,0.000,4.538,4.868,1.0000
3412.0020,107.3300,-277.8752,0.0000,0.000,4.537,4.862,1.0000
3417.0009,108.2945,-282.7802,0.0000,0.000,4.535,4.857,1.0000
3422.0000,109.2595,-287.6852,0.0000,0.000,4.534,4.852,1.0000
3426.9991,110.2241,-292.5904,0.0000,0.000,4.532,4.847,1.0000
3431.9983,111.1871,-297.4960,0.0000,0.000,4.530,4.842,1.0000
3436.9977,112.1474,-302.4022,0.0000,0.000,4.529,4.837,1.0000
3441.9972,113.1040,-307.3094,0.0000,0.000,4.527,4.832,1.0000
3446.9968,114.0557,-312.2176,0.0000,0.000,4.525,4.826,1.0000
3451.9966,115.0016,-317.1271,0.0000,0.000,4.524,4.821,1.0000
3456.9965,115.9426,-322.0376,0.0000,0.000,4.522,4.816,1.0000
3461.9965,116.8799,-326.9489,0.0000,0.000,4.521,4.811,1.0000
3466.9964,117.8150,-331.8607,0.0000,0.000,4.519,4.806,1.0000
3471.9963,118.7493,-336.7725,0.0000,0.000,4.517,4.801,1.0000
3476.9961,119.6841,-341.6841,0.0000,0.000,4.516,4.795,1.0000
3481.9957,120.6208,-346.5952,0.0000,0.000,4.514,4.790,1.0000
3486.9950,121.5608,-351.5054,0.0000,0.000,4.512,4.785,1.0000
3491.9941,122.5054,-356.4143,0.0000,0.000,4.511,4.780,1.0000
3496.9927,123.4562,-361.3218,0.0000,0.000,4.509,4.775,1.0000
3501.9910,124.4144,-366.2273,0.0000,0.000,4.508,4.770,1.0000
3506.9889,125.3815,-371.1307,0.0000,0.000,4.506,4.765,1.0000
3511.9862,126.3587,-376.0316,0.0000,0.000,4.504,4.759,1.0000
3516.9831,127.3476,-380.9296,0.0000,0.000,4.503,4.754,1.0000
3521.9797,128.3456,-385.8255,0.0000,0.000,4.501,4.749,1.0000
3526.9767,129.3426,-390.7222,0.0000,0.000,4.499,4.744,1.0000
3531.9751,130.3272,-395.6226,0.0000,0.000,4.498,4.739,1.0000
3536.9756,131.2883,-400.5298,0.0000,0.000,4.496,4.734,1.0000
3541.9793,132.2147,-405.4471,0.0000,0.000,4.495,4.729,1.0000
3546.9877,133.0951,-410.3774,0.0000,0.000,4.590,4.683,1.0000
3552.0018,133.9174,-415.3237,0.0000,0.000,4.720,4.623,1.0000
3557.0130,134.6389,-420.2826,0.0000,0.000,4.923,4.457,1.0000
3562.0031,135.1798,-425.2434,0.0000,0.000,5.176,4.219,1.0000
3566.9622,135.4579,-430.1946,0.0000,0.000,5.035,4.345,1.0000
3571.8931,135.3911,-435.1251,0.0000,0.000,4.798,4.520,1.0000
3576.8164,134.8973,-440.0235,0.0000,0.000,4.485,4.740,1.0000
3581.7738,133.8945,-444.8785,0.0000,0.000,4.557,4.971,1.0000
3586.8128,132.3368,-449.6707,0.0000,0.000,4.317,5.116,1.0000
3591.9112,130.3129,-454.3502,0.0000,0.000,4.713,4.238,1.0000
3597.0065,127.9423,-458.8603,0.0000,0.000,4.717,4.493,1.0000
3602.0183,125.3419,-463.1448,0.0000,0.000,4.446,4.832,1.0000
3606.9198,122.5285,-467.1585,0.0000,0.000,5.135,4.407,1.0000
3611.7753,119.3983,-470.8702,0.0000,0.000,5.028,4.540,1.0000
3616.6821,115.8407,-474.2496,0.0000,0.000,4.847,4.692,1.0000
3621.7082,111.8159,-477.2601,0.0000,0.000,4.742,4.796,1.0000
3626.8033,107.4300,-479.8531,0.0000,0.000,4.883,4.993,1.0000
3631.8912,102.8071,-481.9783,0.0000,0.000,4.671,5.144,1.0000
3636.8991,98.0666,-483.5926,0.0000,0.000,4.496,4.997,1.0000
3641.8400,93.2629,-484.7492,0.0000,0.000,5.074,4.346,1.0000
3646.7673,88.4044,-485.5698,0.0000,0.000,5.375,4.216,1.0000
3651.7105,83.4986,-486.1764,0.0000,0.000,5.017,4.600,1.0000
3656.6784,78.5533,-486.6488,0.0000,0.000,4.723,4.913,1.0000
3661.6681,73.5771,-487.0164,0.0000,0.000,4.744,4.873,1.0000
3666.6749,68.5786,-487.3053,0.0000,0.000,4.766,4.832,1.0000
3671.6927,63.5664,-487.5419,0.0000,0.000,4.787,4.792,1.0000
3676.7144,58.5491,-487.7524,0.0000,0.000,4.809,4.752,1.0000
3681.7326,53.5353,-487.9632,0.0000,0.000,4.830,4.712,1.0000
3686.7404,48.5331,-488.1987,0.0000,0.000,4.852,4.671,1.0000
3691.7370,43.5433,-488.4591,0.0000,0.000,4.874,4.631,1.0000
3696.7255,38.5620,-488.7271,0.0000,0.000,4.895,4.591,1.0000
3701.7092,33.5849,-488.9852,0.0000,0.000,4.917,4.550,1.0000
3706.6917,28.6079,-489.2158,0.0000,0.000,4.938,4.510,1.0000
3711.6764,23.6266,-489.4013,0.0000,0.000,4.943,4.494,1.0000
3716.6675,18.6370,-489.5242,0.0000,0.000,4.871,4.592,1.0000
3721.6690,13.6357,-489.5672,0.0000,0.000,4.799,4.690,1.0000
3726.6782,8.6267,-489.5156,0.0000,0.000,4.707,4.791,1.0000
3731.6908,3.6167,-489.3557,0.0000,0.000,4.545,4.905,1.0000
3736.7031,-1.3877,-489.0738,0.0000,0.000,4.419,4.987,1.0000
3741.7125,-6.3796,-488.6563,0.0000,0.000,4.555,4.833,1.0000
3746.7176,-11.3525,-488.0894,0.0000,0.000,4.685,4.681,1.0000
3751.7183,-16.2996,-487.3594,0.0000,0.000,4.799,4.536,1.0000
3756.7154,-21.2143,-486.4551,0.0000,0.000,4.853,4.463,1.0000
3761.7096,-26.0902,-485.3747,0.0000,0.000,4.755,4.576,1.0000
3766.7012,-30.9211,-484.1184,0.0000,0.000,4.768,4.582,1.0000
3771.6908,-35.7008,-482.6864,0.0000,0.000,4.848,4.522,1.0000
3776.6791,-40.4230,-481.0790,0.0000,0.000,4.905,4.498,1.0000
3781.6670,-45.0815,-479.2963,0.0000,0.000,4.948,4.487,1.0000
3786.6557,-49.6700,-477.3388,0.0000,0.000,4.879,4.568,1.0000
3791.6461,-54.1825,-475.2077,0.0000,0.000,4.797,4.658,1.0000
3796.6383,-58.6130,-472.9070,0.0000,0.000,4.683,4.765,1.0000
3801.6325,-62.9559,-470.4410,0.0000,0.000,4.597,4.830,1.0000
3806.6282,-67.2052,-467.8139,0.0000,0.000,4.624,4.720,1.0000
3811.6254,-71.3551,-465.0300,0.0000,0.000,4.657,4.629,1.0000
3816.6238,-75.3999,-462.0936,0.0000,0.000,4.703,4.584,1.0000
3821.6229,-79.3337,-459.0088,0.0000,0.000,4.591,4.692,1.0000
3826.6224,-83.1508,-455.7799,0.0000,0.000,4.495,4.790,1.0000
3831.6222,-86.8453,-452.4112,0.0000,0.000,4.618,4.700,1.0000
3836.6219,-90.4114,-448.9069,0.0000,0.000,4.828,4.501,1.0000
3841.6215,-93.8433,-445.2712,0.0000,0.000,5.105,4.212,1.0000
3846.6210,-97.1352,-441.5085,0.0000,0.000,4.728,4.502,1.0000
3851.6206,-100.2813,-437.6229,0.0000,0.000,4.503,4.692,1.0000
3856.6205,-103.2763,-433.6192,0.0000,0.000,4.508,4.728,1.0000
3861.6208,-106.1163,-429.5037,0.0000,0.000,4.614,4.668,1.0000
3866.6213,-108.7981,-425.2832,0.0000,0.000,4.820,4.513,1.0000
3871.6217,-111.3183,-420.9643,0.0000,0.000,4.784,4.574,1.0000
3876.6216,-113.6737,-416.5540,0.0000,0.000,4.702,4.674,1.0000
3881.6206,-115.8608,-412.0588,0.0000,0.000,4.695,4.708,1.0000
3886.6183,-117.8764,-407.4855,0.0000,0.000,4.717,4.717,1.0000
3891.6143,-119.7170,-402.8410,0.0000,0.000,4.745,4.673,1.0000
3896.6082,-121.3795,-398.1319,0.0000,0.000,4.775,4.621,1.0000
3901.5999,-122.8603,-393.3650,0.0000,0.000,4.922,4.599,1.0000
3906.5891,-124.1563,-388.5470,0.0000,0.000,5.032,4.577,1.0000
3911.5760,-125.2640,-383.6847,0.0000,0.000,5.061,4.597,1.0000
3916.5608,-126.1802,-378.7848,0.0000,0.000,4.887,4.804,1.0000
3921.5440,-126.9015,-373.8541,0.0000,0.000,4.719,4.655,1.0000
3926.5273,-127.4287,-368.8988,0.0000,0.000,4.593,4.516,1.0000
3931.5129,-127.7667,-363.9246,0.0000,0.000,4.602,4.611,1.0000
3936.5027,-127.9212,-358.9372,0.0000,0.000,4.548,4.759,1.0000
3941.4978,-127.8974,-353.9422,0.0000,0.000,4.530,4.812,1.0000
3946.4986,-127.7009,-348.9452,0.0000,0.000,4.569,4.747,1.0000
3951.5051,-127.3371,-343.9520,0.0000,0.000,4.569,4.658,1.0000
3956.5166,-126.8115,-338.9681,0.0000,0.000,4.609,4.573,1.0000
3961.5321,-126.1294,-333.9992,0.0000,0.000,4.716,4.504,1.0000
3966.5499,-125.2964,-329.0511,0.0000,0.000,4.741,4.458,1.0000
3971.5681,-124.3178,-324.1292,0.0000,0.000,4.630,4.449,1.0000
3976.5843,-123.1992,-319.2393,0.0000,0.000,4.558,4.425,1.0000
3981.5958,-121.9459,-314.3871,0.0000,0.000,4.705,4.321,1.0000
3986.5995,-120.5634,-309.5781,0.0000,0.000,4.754,4.473,1.0000
3991.5931,-119.0585,-304.8167,0.0000,0.000,4.769,4.680,1.0000
3996.5793,-117.4476,-300.0979,0.0000,0.000,4.771,4.829,1.0000
4001.5623,-115.7509,-295.4126,0.0000,0.000,4.761,4.896,1.0000
4006.5449,-113.9888,-290.7521,0.0000,0.000,4.736,4.861,1.0000
4011.5289,-112.1816,-286.1072,0.0000,0.000,4.711,4.826,1.0000
4016.5158,-110.3496,-281.4690,0.0000,0.000,4.686,4.791,1.0000
4021.5064,-108.5131,-276.8286,0.0000,0.000,4.683,4.777,1.0000
4026.5012,-106.6885,-272.1790,0.0000,0.000,4.680,4.764,1.0000
4031.4998,-104.8768,-267.5202,0.0000,0.000,4.677,4.750,1.0000
4036.5014,-103.0759,-262.8541,0.0000,0.000,4.675,4.737,1.0000
4041.5051,-101.2833,-258.1826,0.0000,0.000,4.672,4.724,1.0000
4046.5101,-99.4967,-253.5073,0.0000,0.000,4.669,4.711,1.0000
4051.5154,-97.7137,-248.8303,0.0000,0.000,4.667,4.697,1.0000
4056.5204,-95.9321,-244.1532,0.0000,0.000,4.664,4.684,1.0000
4061.5243,-94.1502,-239.4773,0.0000,0.000,4.662,4.671,1.0000
4066.5272,-92.3676,-234.8028,0.0000,0.000,4.659,4.658,1.0000
4071.5291,-90.5843,-230.1295,0.0000,0.000,4.656,4.645,1.0000
4076.5303,-88.8002,-225.4574,0.0000,0.000,4.654,4.631,1.0000
4081.5307,-87.0152,-220.7864,0.0000,0.000,4.651,4.618,1.0000
4086.5305,-85.2292,-216.1165,0.0000,0.000,4.648,4.605,1.0000
4091.5297,-83.4422,-211.4476,0.0000,0.000,4.646,4.592,1.0000
4096.5284,-81.6539,-206.7797,0.0000,0.000,4.643,4.578,1.0000
4101.5268,-79.8643,-202.1127,0.0000,0.000,4.640,4.565,1.0000
4106.5249,-78.0734,-197.4464,0.0000,0.000,4.638,4.552,1.0000
4111.5229,-76.2810,-192.7810,0.0000,0.000,4.635,4.539,1.0000
4116.5207,-74.4870,-188.1162,0.0000,0.000,4.632,4.526,1.0000
4121.5186,-72.6913,-183.4521,0.0000,0.000,4.630,4.512,1.0000
4126.5165,-70.8939,-178.7885,0.0000,0.000,4.627,4.499,1.0000
4131.5145,-69.0948,-174.1255,0.0000,0.000,4.624,4.486,1.0000
4136.5127,-67.2940,-169.4631,0.0000,0.000,4.622,4.473,1.0000
4141.5109,-65.4915,-164.8012,0.0000,0.000,4.619,4.459,1.0000
4146.5092,-63.6874,-160.1398,0.0000,0.000,4.617,4.446,1.0000
4151.5076,-61.8818,-155.4789,0.0000,0.000,4.614,4.433,1.0000
4156.5060,-60.0747,-150.8186,0.0000,0.000,4.611,4.420,1.0000
4161.5046,-58.2661,-146.1587,0.0000,0.000,4.609,4.407,1.0000
4166.5032,-56.4560,-141.4993,0.0000,0.000,4.606,4.393,1.0000
4171.5019,-54.6445,-136.8404,0.0000,0.000,4.603,4.380,1.0000
4176.5007,-52.8317,-132.1819,0.0000,0.000,4.601,4.367,1.0000
4181.4996,-51.0175,-127.5239,0.0000,0.000,4.625,4.392,1.0000
4186.4985,-49.2021,-122.8663,0.0000,0.000,4.649,4.417,1.0000
4191.4974,-47.3854,-118.2091,0.0000,0.000,4.672,4.443,1.0000
4196.4965,-45.5676,-113.5523,0.0000,0.000,4.696,4.468,1.0000
4201.4956,-43.7486,-108.8959,0.0000,0.000,4.720,4.493,1.0000
4206.4947,-41.9284,-104.2398,0.0000,0.000,4.744,4.518,1.0000
4211.4939,-40.1072,-99.5842,0.0000,0.000,4.768,4.544,1.0000
4216.4932,-38.2849,-94.9289,0.0000,0.000,4.792,4.569,1.0000
4221.4925,-36.4616,-90.2739,0.0000,0.000,4.816,4.594,1.0000
4226.4918,-34.6374,-85.6193,0.0000,0.000,4.840,4.619,1.0000
4231.4912,-32.8123,-80.9650,0.0000,0.000,4.864,4.645,1.0000
4236.4906,-30.9863,-76.3109,0.0000,0.000,4.888,4.670,1.0000
4241.4901,-29.1594,-71.6572,0.0000,0.000,4.912,4.695,1.0000
4246.4896,-27.3317,-67.0038,0.0000,0.000,4.936,4.720,1.0000
4251.4891,-25.5033,-62.3506,0.0000,0.000,4.960,4.746,1.0000
4256.4886,-23.6742,-57.6977,0.0000,0.000,4.984,4.771,1.0000
4261.4882,-21.8444,-53.0450,0.0000,0.000,5.008,4.796,1.0000
4266.4877,-20.0139,-48.3926,0.0000,0.000,5.032,4.821,1.0000
4271.4873,-18.1829,-43.7404,0.0000,0.000,5.055,4.847,1.0000
4276.4869,-16.3513,-39.0883,0.0000,0.000,5.079,4.872,1.0000
4281.4865,-14.5192,-34.4365,0.0000,0.000,5.103,4.897,1.0000
4286.4861,-12.6866,-29.7849,0.0000,0.000,5.127,4.923,1.0000
4291.4858,-10.8536,-25.1334,0.0000,0.000,5.151,4.948,1.0000
4296.4854,-9.0202,-20.4821,0.0000,0.000,5.175,4.973,1.0000
4301.4850,-7.1864,-15.8309,0.0000,0.000,5.199,4.998,1.0000
4306.4846,-5.3523,-11.1799,0.0000,0.000,5.223,5.024,1.0000
4311.4842,-3.5179,-6.5290,0.0000,0.000,5.247,5.049,1.0000
