# Circuit de Barcelona-Catalunya — TUMFTM racetrack-database (LGPL-3.0), flat 2-D centre line + measured widths; upstream commit e59595d.
s_m,x_m,y_m,z_m,banking_deg,width_left_m,width_right_m,grip_scale
0.0000,-0.4732,0.7493,0.0000,0.000,5.830,5.894,1.0000
4.9989,-3.1826,-3.4516,0.0000,0.000,5.830,5.889,1.0000
9.9977,-5.8919,-7.6526,0.0000,0.000,5.831,5.884,1.0000
14.9966,-8.6010,-11.8537,0.0000,0.000,5.831,5.879,1.0000
19.9954,-11.3099,-16.0549,0.0000,0.000,5.832,5.875,1.0000
24.9943,-14.0187,-20.2563,0.0000,0.000,5.832,5.870,1.0000
29.9932,-16.7273,-24.4577,0.0000,0.000,5.832,5.865,1.0000
34.9920,-19.4358,-28.6592,0.0000,0.000,5.833,5.860,1.0000
39.9909,-22.1442,-32.8608,0.0000,0.000,5.833,5.856,1.0000
44.9897,-24.8525,-37.0624,0.0000,0.000,5.833,5.851,1.0000
49.9886,-27.5606,-41.2641,0.0000,0.000,5.834,5.846,1.0000
54.9874,-30.2687,-45.4658,0.0000,0.000,5.834,5.841,1.0000
59.9863,-32.9768,-49.6676,0.0000,0.000,5.835,5.837,1.0000
64.9851,-35.6848,-53.8694,0.0000,0.000,5.835,5.832,1.0000
69.9839,-38.3927,-58.0713,0.0000,0.000,5.835,5.827,1.0000
74.9828,-41.1006,-62.2731,0.0000,0.000,5.836,5.822,1.0000
79.9816,-43.8085,-66.4750,0.0000,0.000,5.836,5.818,1.0000
84.9805,-46.5164,-70.6769,0.0000,0.000,5.837,5.813,1.0000
89.9793,-49.2243,-74.8788,0.0000,0.000,5.837,5.808,1.0000
94.9782,-51.9323,-79.0806,0.0000,0.000,5.837,5.803,1.0000
99.9770,-54.6403,-83.2824,0.0000,0.000,5.838,5.799,1.0000
104.9759,-57.3483,-87.4842,0.0000,0.000,5.838,5.794,1.0000
109.9747,-60.0564,-91.6860,0.0000,0.000,5.838,5.789,1.0000
114.9736,-62.7645,-95.8877,0.0000,0.000,5.839,5.784,1.0000
119.9725,-65.4728,-100.0894,0.0000,0.000,5.839,5.781,1.0000
124.9713,-68.1811,-104.2910,0.0000,0.000,5.839,5.786,1.0000
129.9702,-70.8896,-108.4925,0.0000,0.000,5.840,5.790,1.0000
134.9690,-73.5981,-112.6940,0.0000,0.000,5.840,5.794,1.0000
139.9679,-76.3069,-116.8953,0.0000,0.000,5.840,5.798,1.0000
144.9668,-79.0157,-121.0967,0.0000,0.000,5.840,5.803,1.0000
149.9656,-81.7246,-125.2979,0.0000,0.000,5.841,5.807,1.0000
154.9645,-84.4336,-129.4991,0.0000,0.000,5.841,5.811,1.0000
159.9634,-87.1427,-133.7002,0.0000,0.000,5.841,5.815,1.0000
164.9623,-89.8519,-137.9013,0.0000,0.000,5.841,5.820,1.0000
169.9612,-92.5612,-142.1023,0.0000,0.000,5.841,5.824,1.0000
174.9600,-95.2705,-146.3033,0.0000,0.000,5.842,5.828,1.0000
179.9589,-97.9799,-150.5043,0.0000,0.000,5.842,5.832,1.0000
184.9578,-100.6893,-154.7052,0.0000,0.000,5.842,5.837,1.0000
189.9567,-103.3987,-158.9062,0.0000,0.000,5.842,5.841,1.0000
194.9556,-106.1082,-163.1071,0.0000,0.000,5.843,5.845,1.0000
199.9545,-108.8177,-167.3080,0.0000,0.000,5.843,5.849,1.0000
204.9534,-111.5271,-171.5089,0.0000,0.000,5.843,5.854,1.0000
209.9523,-114.2366,-175.7098,0.0000,0.000,5.843,5.858,1.0000
214.9512,-116.9461,-179.9108,0.0000,0.000,5.844,5.862,1.0000
219.9501,-119.6555,-184.1117,0.0000,0.000,5.844,5.866,1.0000
224.9490,-122.3649,-188.3127,0.0000,0.000,5.844,5.871,1.0000
229.9479,-125.0742,-192.5137,0.0000,0.000,5.844,5.875,1.0000
234.9468,-127.7835,-196.7147,0.0000,0.000,5.844,5.879,1.0000
239.9457,-130.4928,-200.9158,0.0000,0.000,5.845,5.883,1.0000
244.9446,-133.2019,-205.1169,0.0000,0.000,5.845,5.888,1.0000
249.9435,-135.9110,-209.3181,0.0000,0.000,5.845,5.892,1.0000
254.9424,-138.6200,-213.5194,0.0000,0.000,5.845,5.896,1.0000
259.9413,-141.3289,-217.7207,0.0000,0.000,5.846,5.900,1.0000
264.9402,-144.0377,-221.9220,0.0000,0.000,5.846,5.905,1.0000
269.9391,-146.7463,-226.1235,0.0000,0.000,5.846,5.909,1.0000
274.9380,-149.4549,-230.3250,0.0000,0.000,5.846,5.913,1.0000
279.9369,-152.1632,-234.5267,0.0000,0.000,5.846,5.917,1.0000
284.9358,-154.8715,-238.7284,0.0000,0.000,5.847,5.922,1.0000
289.9347,-157.5796,-242.9302,0.0000,0.000,5.847,5.926,1.0000
294.9336,-160.2875,-247.1321,0.0000,0.000,5.847,5.930,1.0000
299.9325,-162.9952,-251.3342,0.0000,0.000,5.847,5.934,1.0000
304.9314,-165.7028,-255.5364,0.0000,0.000,5.847,5.935,1.0000
309.9303,-168.4102,-259.7386,0.0000,0.000,5.847,5.936,1.0000
314.9292,-171.1173,-263.9411,0.0000,0.000,5.847,5.937,1.0000
319.9281,-173.8243,-268.1436,0.0000,0.000,5.848,5.938,1.0000
324.9270,-176.5310,-272.3463,0.0000,0.000,5.848,5.939,1.0000
329.9259,-179.2375,-276.5492,0.0000,0.000,5.848,5.940,1.0000
334.9248,-181.9437,-280.7522,0.0000,0.000,5.848,5.941,1.0000
339.9237,-184.6497,-284.9553,0.0000,0.000,5.848,5.942,1.0000
344.9226,-187.3555,-289.1587,0.0000,0.000,5.848,5.943,1.0000
349.9215,-190.0610,-293.3622,0.0000,0.000,5.848,5.944,1.0000
354.9204,-192.7662,-297.5658,0.0000,0.000,5.848,5.945,1.0000
359.9193,-195.4711,-301.7697,0.0000,0.000,5.848,5.946,1.0000
364.9182,-198.1757,-305.9738,0.0000,0.000,5.848,5.947,1.0000
369.9171,-200.8800,-310.1780,0.0000,0.000,5.848,5.948,1.0000
374.9160,-203.5839,-314.3825,0.0000,0.000,5.848,5.949,1.0000
379.9149,-206.2876,-318.5871,0.0000,0.000,5.848,5.950,1.0000
384.9138,-208.9909,-322.7920,0.0000,0.000,5.848,5.951,1.0000
389.9127,-211.6939,-326.9971,0.0000,0.000,5.848,5.952,1.0000
394.9116,-214.3965,-331.2024,0.0000,0.000,5.848,5.953,1.0000
399.9105,-217.0988,-335.4080,0.0000,0.000,5.848,5.954,1.0000
404.9094,-219.8007,-339.6138,0.0000,0.000,5.848,5.955,1.0000
409.9083,-222.5022,-343.8198,0.0000,0.000,5.848,5.956,1.0000
414.9071,-225.2033,-348.0261,0.0000,0.000,5.848,5.957,1.0000
419.9060,-227.9040,-352.2326,0.0000,0.000,5.848,5.958,1.0000
424.9049,-230.6043,-356.4394,0.0000,0.000,5.848,5.959,1.0000
429.9038,-233.3042,-360.6465,0.0000,0.000,5.848,5.960,1.0000
434.9027,-236.0037,-364.8538,0.0000,0.000,5.848,5.961,1.0000
439.9015,-238.7028,-369.0614,0.0000,0.000,5.848,5.962,1.0000
444.9004,-241.4016,-373.2691,0.0000,0.000,5.849,5.964,1.0000
449.8993,-244.1000,-377.4771,0.0000,0.000,5.849,5.965,1.0000
454.8982,-246.7981,-381.6853,0.0000,0.000,5.849,5.966,1.0000
459.8970,-249.4960,-385.8937,0.0000,0.000,5.849,5.967,1.0000
464.8959,-252.1936,-390.1022,0.0000,0.000,5.849,5.968,1.0000
469.8948,-254.8910,-394.3109,0.0000,0.000,5.849,5.969,1.0000
474.8937,-257.5881,-398.5197,0.0000,0.000,5.849,5.970,1.0000
479.8925,-260.2850,-402.7286,0.0000,0.000,5.849,5.971,1.0000
484.8914,-262.9818,-406.9377,0.0000,0.000,5.849,5.972,1.0000
489.8903,-265.6784,-411.1469,0.0000,0.000,5.849,5.973,1.0000
494.8891,-268.3749,-415.3561,0.0000,0.000,5.849,5.974,1.0000
499.8880,-271.0712,-419.5654,0.0000,0.000,5.849,5.975,1.0000
504.8869,-273.7675,-423.7748,0.0000,0.000,5.849,5.976,1.0000
509.8857,-276.4637,-427.9842,0.0000,0.000,5.849,5.977,1.0000
514.8846,-279.1598,-432.1937,0.0000,0.000,5.857,5.977,1.0000
519.8835,-281.8559,-436.4031,0.0000,0.000,5.873,5.975,1.0000
524.8823,-284.5521,-440.6126,0.0000,0.000,5.888,5.974,1.0000
529.8812,-287.2482,-444.8221,0.0000,0.000,5.904,5.973,1.0000
534.8801,-289.9444,-449.0315,0.0000,0.000,5.919,5.972,1.0000
539.8789,-292.6406,-453.2409,0.0000,0.000,5.934,5.971,1.0000
544.8778,-295.3369,-457.4502,0.0000,0.000,5.950,5.970,1.0000
549.8767,-298.0333,-461.6595,0.0000,0.000,5.965,5.969,1.0000
554.8756,-300.7299,-465.8687,0.0000,0.000,5.980,5.968,1.0000
559.8744,-303.4265,-470.0778,0.0000,0.000,5.996,5.967,1.0000
564.8733,-306.1234,-474.2868,0.0000,0.000,6.011,5.966,1.0000
569.8722,-308.8204,-478.4957,0.0000,0.000,6.026,5.964,1.0000
574.8710,-311.5177,-482.7045,0.0000,0.000,6.042,5.963,1.0000
579.8699,-314.2152,-486.9131,0.0000,0.000,6.057,5.962,1.0000
584.8688,-316.9129,-491.1215,0.0000,0.000,6.073,5.961,1.0000
589.8676,-319.6109,-495.3298,0.0000,0.000,6.088,5.960,1.0000
594.8665,-322.3092,-499.5378,0.0000,0.000,6.103,5.959,1.0000
599.8654,-325.0078,-503.7457,0.0000,0.000,6.119,5.958,1.0000
604.8643,-327.7068,-507.9534,0.0000,0.000,6.134,5.957,1.0000
609.8631,-330.4061,-512.1608,0.0000,0.000,6.149,5.956,1.0000
614.8620,-333.1058,-516.3680,0.0000,0.000,6.161,5.956,1.0000
619.8609,-335.8059,-520.5749,0.0000,0.000,6.154,5.968,1.0000
624.8598,-338.5064,-524.7815,0.0000,0.000,6.146,5.980,1.0000
629.8587,-341.2074,-528.9879,0.0000,0.000,6.138,5.992,1.0000
634.8575,-343.9089,-533.1940,0.0000,0.000,6.131,6.004,1.0000
639.8564,-346.6108,-537.3997,0.0000,0.000,6.123,6.016,1.0000
644.8553,-349.3133,-541.6052,0.0000,0.000,6.115,6.028,1.0000
649.8542,-352.0162,-545.8103,0.0000,0.000,6.108,6.040,1.0000
654.8531,-354.7198,-550.0150,0.0000,0.000,6.100,6.051,1.0000
659.8520,-357.4239,-554.2194,0.0000,0.000,6.092,6.063,1.0000
664.8509,-360.1286,-558.4234,0.0000,0.000,6.085,6.075,1.0000
669.8498,-362.8339,-562.6270,0.0000,0.000,6.077,6.087,1.0000
674.8487,-365.5399,-566.8301,0.0000,0.000,6.069,6.099,1.0000
679.8476,-368.2465,-571.0329,0.0000,0.000,6.062,6.111,1.0000
684.8465,-370.9538,-575.2352,0.0000,0.000,6.054,6.123,1.0000
689.8454,-373.6618,-579.4371,0.0000,0.000,6.046,6.135,1.0000
694.8443,-376.3706,-583.6385,0.0000,0.000,6.039,6.146,1.0000
699.8433,-379.0801,-587.8395,0.0000,0.000,6.031,6.158,1.0000
704.8422,-381.7903,-592.0399,0.0000,0.000,6.024,6.170,1.0000
709.8411,-384.5014,-596.2399,0.0000,0.000,6.016,6.182,1.0000
714.8400,-387.2132,-600.4393,0.0000,0.000,6.008,6.194,1.0000
719.8389,-389.9241,-604.6393,0.0000,0.000,5.994,6.172,1.0000
724.8376,-392.6283,-608.8434,0.0000,0.000,5.972,6.116,1.0000
729.8360,-395.3195,-613.0553,0.0000,0.000,5.950,6.060,1.0000
734.8339,-397.9917,-617.2789,0.0000,0.000,5.929,6.004,1.0000
739.8314,-400.6385,-621.5180,0.0000,0.000,5.907,5.948,1.0000
744.8287,-403.2537,-625.7763,0.0000,0.000,5.902,5.901,1.0000
749.8261,-405.8312,-630.0577,0.0000,0.000,6.240,6.047,1.0000
754.8240,-408.3665,-634.3648,0.0000,0.000,6.579,6.194,1.0000
759.8223,-410.8820,-638.6841,0.0000,0.000,6.864,6.311,1.0000
764.8202,-413.4197,-642.9897,0.0000,0.000,6.794,6.231,1.0000
769.8173,-416.0226,-647.2555,0.0000,0.000,6.724,6.151,1.0000
774.8158,-418.7188,-651.4644,0.0000,0.000,6.654,6.071,1.0000
779.8173,-421.4805,-655.6343,0.0000,0.000,6.584,5.991,1.0000
784.8216,-424.2661,-659.7917,0.0000,0.000,6.514,5.911,1.0000
789.8277,-427.0354,-663.9621,0.0000,0.000,6.444,5.831,1.0000
794.8319,-429.7900,-668.1398,0.0000,0.000,6.374,5.751,1.0000
799.8269,-432.5855,-672.2793,0.0000,0.000,6.305,5.671,1.0000
804.8079,-435.4805,-676.3327,0.0000,0.000,6.235,5.591,1.0000
809.7761,-438.5339,-680.2518,0.0000,0.000,6.068,5.654,1.0000
814.7420,-441.8044,-683.9886,0.0000,0.000,5.894,5.727,1.0000
819.7294,-445.3509,-687.4952,0.0000,0.000,5.808,5.780,1.0000
824.7773,-449.2319,-690.7230,0.0000,0.000,5.742,5.829,1.0000
829.8597,-453.4581,-693.5463,0.0000,0.000,5.927,5.535,1.0000
834.8170,-457.9365,-695.6721,0.0000,0.000,6.184,5.143,1.0000
839.6430,-462.6071,-696.8865,0.0000,0.000,5.930,5.335,1.0000
844.5498,-467.5032,-697.2113,0.0000,0.000,5.584,5.635,1.0000
849.6139,-472.5598,-696.9371,0.0000,0.000,5.598,5.555,1.0000
854.7028,-477.6293,-696.4927,0.0000,0.000,5.603,5.398,1.0000
859.6808,-482.5507,-695.7437,0.0000,0.000,5.561,4.838,1.0000
864.5557,-487.1968,-694.2681,0.0000,0.000,5.507,4.390,1.0000
869.4487,-491.6004,-692.1351,0.0000,0.000,5.342,4.956,1.0000
874.4163,-495.8325,-689.5338,0.0000,0.000,5.178,5.521,1.0000
879.4532,-499.9642,-686.6530,0.0000,0.000,5.225,5.561,1.0000
884.5224,-504.0623,-683.6693,0.0000,0.000,5.347,5.417,1.0000
889.5903,-508.1780,-680.7121,0.0000,0.000,5.469,5.273,1.0000
894.6289,-512.3589,-677.9001,0.0000,0.000,5.591,5.128,1.0000
899.6221,-516.6520,-675.3503,0.0000,0.000,5.383,5.295,1.0000
904.5769,-521.0794,-673.1257,0.0000,0.000,5.172,5.463,1.0000
909.5122,-525.6334,-671.2235,0.0000,0.000,4.972,5.614,1.0000
914.4454,-530.3044,-669.6367,0.0000,0.000,4.807,5.731,1.0000
919.3919,-535.0828,-668.3583,0.0000,0.000,4.949,5.553,1.0000
924.3650,-539.9590,-667.3815,0.0000,0.000,5.091,5.375,1.0000
929.3760,-544.9234,-666.6993,0.0000,0.000,5.217,5.258,1.0000
934.4343,-549.9663,-666.3051,0.0000,0.000,5.343,5.142,1.0000
939.5212,-555.0526,-666.2275,0.0000,0.000,5.264,5.195,1.0000
944.5755,-560.0953,-666.5695,0.0000,0.000,5.158,5.271,1.0000
949.5579,-565.0006,-667.4428,0.0000,0.000,4.974,5.425,1.0000
954.4747,-569.6814,-668.9476,0.0000,0.000,4.742,5.627,1.0000
959.3910,-574.1356,-671.0285,0.0000,0.000,4.748,5.627,1.0000
964.3484,-578.4222,-673.5188,0.0000,0.000,5.001,5.416,1.0000
969.3405,-582.6014,-676.2492,0.0000,0.000,5.175,5.274,1.0000
974.3411,-586.7244,-679.0788,0.0000,0.000,5.198,5.266,1.0000
979.3440,-590.8090,-681.9677,0.0000,0.000,5.220,5.258,1.0000
984.3491,-594.8657,-684.8992,0.0000,0.000,5.243,5.250,1.0000
989.3552,-598.9048,-687.8567,0.0000,0.000,5.265,5.242,1.0000
994.3610,-602.9366,-690.8236,0.0000,0.000,5.287,5.234,1.0000
999.3649,-606.9715,-693.7831,0.0000,0.000,5.310,5.226,1.0000
1004.3656,-611.0199,-696.7187,0.0000,0.000,5.332,5.218,1.0000
1009.3623,-615.0903,-699.6168,0.0000,0.000,5.355,5.210,1.0000
1014.3561,-619.1788,-702.4841,0.0000,0.000,5.377,5.202,1.0000
1019.3488,-623.2767,-705.3362,0.0000,0.000,5.399,5.194,1.0000
1024.3418,-627.3751,-708.1882,0.0000,0.000,5.422,5.186,1.0000
1029.3367,-631.4650,-711.0555,0.0000,0.000,5.444,5.178,1.0000
1034.3352,-635.5376,-713.9535,0.0000,0.000,5.467,5.170,1.0000
1039.3392,-639.5841,-716.8975,0.0000,0.000,5.297,5.314,1.0000
1044.3515,-643.5956,-719.9025,0.0000,0.000,5.122,5.464,1.0000
1049.3685,-647.5859,-722.9436,0.0000,0.000,5.129,5.493,1.0000
1054.3734,-651.6142,-725.9138,0.0000,0.000,5.378,5.362,1.0000
1059.3543,-655.7454,-728.6961,0.0000,0.000,5.609,5.234,1.0000
1064.3161,-660.0402,-731.1810,0.0000,0.000,5.662,5.138,1.0000
1069.2807,-664.5028,-733.3565,0.0000,0.000,5.712,5.046,1.0000
1074.2616,-669.0971,-735.2803,0.0000,0.000,5.500,5.203,1.0000
1079.2604,-673.7867,-737.0113,0.0000,0.000,5.288,5.360,1.0000
1084.2703,-678.5401,-738.5936,0.0000,0.000,5.202,5.405,1.0000
1089.2829,-683.3460,-740.0183,0.0000,0.000,5.377,5.217,1.0000
1094.2919,-688.1976,-741.2644,0.0000,0.000,5.552,5.029,1.0000
1099.2928,-693.0877,-742.3107,0.0000,0.000,5.490,5.077,1.0000
1104.2835,-698.0097,-743.1363,0.0000,0.000,5.427,5.125,1.0000
1109.2646,-702.9565,-743.7200,0.0000,0.000,5.374,5.164,1.0000
1114.2397,-707.9213,-744.0407,0.0000,0.000,5.478,5.059,1.0000
1119.2155,-712.8968,-744.0813,0.0000,0.000,5.582,4.954,1.0000
1124.1984,-717.8744,-743.8504,0.0000,0.000,5.423,5.113,1.0000
1129.1919,-722.8445,-743.3674,0.0000,0.000,5.225,5.313,1.0000
1134.1965,-727.7976,-742.6515,0.0000,0.000,5.149,5.391,1.0000
1139.2101,-732.7243,-741.7220,0.0000,0.000,5.274,5.270,1.0000
1144.2283,-737.6151,-740.5983,0.0000,0.000,5.399,5.148,1.0000
1149.2447,-742.4604,-739.2996,0.0000,0.000,5.499,5.060,1.0000
1154.2511,-747.2501,-737.8423,0.0000,0.000,5.592,4.980,1.0000
1159.2403,-751.9624,-736.2034,0.0000,0.000,5.654,4.922,1.0000
1164.2112,-756.5679,-734.3329,0.0000,0.000,5.658,4.902,1.0000
1169.1719,-761.0370,-732.1797,0.0000,0.000,5.662,4.882,1.0000
1174.1393,-765.3484,-729.7127,0.0000,0.000,5.666,4.863,1.0000
1179.1238,-769.5110,-726.9707,0.0000,0.000,5.646,4.880,1.0000
1184.1249,-773.5403,-724.0083,0.0000,0.000,5.564,4.988,1.0000
1189.1338,-777.4516,-720.8793,0.0000,0.000,5.482,5.096,1.0000
1194.1422,-781.2501,-717.6149,0.0000,0.000,5.400,5.204,1.0000
1199.1487,-784.9291,-714.2194,0.0000,0.000,5.422,5.220,1.0000
1204.1522,-788.4814,-710.6957,0.0000,0.000,5.469,5.216,1.0000
1209.1523,-791.8995,-707.0465,0.0000,0.000,5.516,5.211,1.0000
1214.1487,-795.1763,-703.2747,0.0000,0.000,5.472,5.255,1.0000
1219.1416,-798.3044,-699.3831,0.0000,0.000,5.398,5.316,1.0000
1224.1317,-801.2765,-695.3746,0.0000,0.000,5.363,5.340,1.0000
1229.1202,-804.0873,-691.2533,0.0000,0.000,5.488,5.217,1.0000
1234.1087,-806.7357,-687.0260,0.0000,0.000,5.613,5.093,1.0000
1239.0981,-809.2211,-682.6996,0.0000,0.000,5.700,5.008,1.0000
1244.0894,-811.5429,-678.2813,0.0000,0.000,5.674,5.035,1.0000
1249.0828,-813.7005,-673.7780,0.0000,0.000,5.648,5.062,1.0000
1254.0786,-815.6932,-669.1969,0.0000,0.000,5.623,5.089,1.0000
1259.0766,-817.5205,-664.5449,0.0000,0.000,5.597,5.116,1.0000
1264.0764,-819.1815,-659.8291,0.0000,0.000,5.587,5.118,1.0000
1269.0774,-820.6759,-655.0565,0.0000,0.000,5.576,5.121,1.0000
1274.0789,-822.0029,-650.2343,0.0000,0.000,5.566,5.123,1.0000
1279.0800,-823.1619,-645.3693,0.0000,0.000,5.555,5.126,1.0000
1284.0796,-824.1522,-640.4688,0.0000,0.000,5.533,5.133,1.0000
1289.0767,-824.9733,-635.5396,0.0000,0.000,5.507,5.142,1.0000
1294.0701,-825.6246,-630.5889,0.0000,0.000,5.480,5.151,1.0000
1299.0590,-826.1064,-625.6233,0.0000,0.000,5.460,5.161,1.0000
1304.0460,-826.4262,-620.6466,0.0000,0.000,5.461,5.175,1.0000
1309.0338,-826.5940,-615.6616,0.0000,0.000,5.462,5.188,1.0000
1314.0244,-826.6201,-610.6710,0.0000,0.000,5.465,5.207,1.0000
1319.0189,-826.5146,-605.6777,0.0000,0.000,5.469,5.229,1.0000
1324.0175,-826.2875,-600.6842,0.0000,0.000,5.473,5.251,1.0000
1329.0198,-825.9491,-595.6934,0.0000,0.000,5.477,5.273,1.0000
1334.0244,-825.5095,-590.7081,0.0000,0.000,5.487,5.269,1.0000
1339.0300,-824.9747,-585.7312,0.0000,0.000,5.500,5.256,1.0000
1344.0355,-824.3430,-580.7657,0.0000,0.000,5.512,5.242,1.0000
1349.0399,-823.6115,-575.8150,0.0000,0.000,5.525,5.228,1.0000
1354.0427,-822.7775,-570.8823,0.0000,0.000,5.540,5.223,1.0000
1359.0432,-821.8381,-565.9708,0.0000,0.000,5.557,5.220,1.0000
1364.0413,-820.7906,-561.0838,0.0000,0.000,5.574,5.217,1.0000
1369.0368,-819.6323,-556.2243,0.0000,0.000,5.558,5.292,1.0000
1374.0303,-818.3614,-551.3953,0.0000,0.000,5.520,5.417,1.0000
1379.0224,-816.9798,-546.5982,0.0000,0.000,5.483,5.543,1.0000
1384.0142,-815.4905,-541.8337,0.0000,0.000,5.496,5.623,1.0000
1389.0062,-813.8963,-537.1031,0.0000,0.000,5.602,5.624,1.0000
1393.9990,-812.2000,-532.4073,0.0000,0.000,5.707,5.625,1.0000
1398.9930,-810.4044,-527.7473,0.0000,0.000,5.812,5.626,1.0000
1403.9884,-808.5123,-523.1241,0.0000,0.000,5.881,5.585,1.0000
1408.9853,-806.5266,-518.5387,0.0000,0.000,5.942,5.536,1.0000
1413.9836,-804.4502,-513.9921,0.0000,0.000,6.004,5.487,1.0000
1418.9831,-802.2857,-509.4854,0.0000,0.000,6.045,5.449,1.0000
1423.9836,-800.0361,-505.0195,0.0000,0.000,5.979,5.467,1.0000
1428.9847,-797.7042,-500.5954,0.0000,0.000,5.913,5.484,1.0000
1433.9857,-795.2929,-496.2141,0.0000,0.000,5.847,5.502,1.0000
1438.9860,-792.8048,-491.8767,0.0000,0.000,5.813,5.512,1.0000
1443.9850,-790.2434,-487.5838,0.0000,0.000,5.808,5.516,1.0000
1448.9832,-787.6175,-483.3309,0.0000,0.000,5.803,5.520,1.0000
1453.9815,-784.9398,-479.1104,0.0000,0.000,5.798,5.524,1.0000
1458.9803,-782.2231,-474.9144,0.0000,0.000,5.793,5.528,1.0000
1463.9794,-779.4801,-470.7350,0.0000,0.000,5.788,5.532,1.0000
1468.9785,-776.7237,-466.5644,0.0000,0.000,5.782,5.536,1.0000
1473.9773,-773.9666,-462.3948,0.0000,0.000,5.777,5.539,1.0000
1478.9751,-771.2216,-458.2183,0.0000,0.000,5.772,5.543,1.0000
1483.9717,-768.4983,-454.0290,0.0000,0.000,5.767,5.547,1.0000
1488.9676,-765.7947,-449.8279,0.0000,0.000,5.762,5.551,1.0000
1493.9632,-763.1065,-445.6173,0.0000,0.000,5.757,5.555,1.0000
1498.9589,-760.4291,-441.3996,0.0000,0.000,5.751,5.559,1.0000
1503.9550,-757.7583,-437.1773,0.0000,0.000,5.743,5.556,1.0000
1508.9519,-755.0896,-432.9527,0.0000,0.000,5.734,5.549,1.0000
1513.9500,-752.4186,-428.7282,0.0000,0.000,5.725,5.543,1.0000
1518.9495,-749.7414,-424.5059,0.0000,0.000,5.716,5.536,1.0000
1523.9503,-747.0574,-420.2864,0.0000,0.000,5.707,5.530,1.0000
1528.9521,-744.3675,-416.0695,0.0000,0.000,5.698,5.524,1.0000
1533.9547,-741.6724,-411.8549,0.0000,0.000,5.689,5.517,1.0000
1538.9579,-738.9730,-407.6424,0.0000,0.000,5.680,5.511,1.0000
1543.9614,-736.2699,-403.4319,0.0000,0.000,5.671,5.505,1.0000
1548.9649,-733.5641,-399.2231,0.0000,0.000,5.662,5.498,1.0000
1553.9682,-730.8563,-395.0160,0.0000,0.000,5.653,5.492,1.0000
1558.9709,-728.1473,-390.8101,0.0000,0.000,5.644,5.485,1.0000
1563.9729,-725.4379,-386.6055,0.0000,0.000,5.635,5.479,1.0000
1568.9739,-722.7288,-382.4018,0.0000,0.000,5.626,5.473,1.0000
1573.9736,-720.0210,-378.1989,0.0000,0.000,5.617,5.466,1.0000
1578.9717,-717.3151,-373.9966,0.0000,0.000,5.608,5.460,1.0000
1583.9680,-714.6119,-369.7947,0.0000,0.000,5.599,5.453,1.0000
1588.9623,-711.9123,-365.5930,0.0000,0.000,5.590,5.447,1.0000
1593.9546,-709.2163,-361.3912,0.0000,0.000,5.581,5.441,1.0000
1598.9456,-706.5232,-357.1891,0.0000,0.000,5.572,5.434,1.0000
1603.9360,-703.8324,-352.9864,0.0000,0.000,5.563,5.428,1.0000
1608.9263,-701.1431,-348.7827,0.0000,0.000,5.553,5.422,1.0000
1613.9172,-698.4546,-344.5778,0.0000,0.000,5.544,5.415,1.0000
1618.9093,-695.7663,-340.3713,0.0000,0.000,5.535,5.409,1.0000
1623.9033,-693.0773,-336.1631,0.0000,0.000,5.526,5.402,1.0000
1628.8999,-690.3870,-331.9527,0.0000,0.000,5.517,5.396,1.0000
1633.8995,-687.6946,-327.7399,0.0000,0.000,5.508,5.390,1.0000
1638.9029,-684.9995,-323.5243,0.0000,0.000,5.499,5.383,1.0000
1643.9107,-682.3010,-319.3058,0.0000,0.000,5.490,5.377,1.0000
1648.9236,-679.5982,-315.0840,0.0000,0.000,5.481,5.370,1.0000
1653.9421,-676.8906,-310.8585,0.0000,0.000,5.472,5.364,1.0000
1658.9670,-674.1774,-306.6292,0.0000,0.000,5.463,5.358,1.0000
1663.9978,-671.4553,-302.3984,0.0000,0.000,5.454,5.351,1.0000
1669.0222,-668.6895,-298.2038,0.0000,0.000,5.445,5.345,1.0000
1674.0221,-665.8231,-294.1071,0.0000,0.000,5.570,5.255,1.0000
1678.9862,-662.7990,-290.1705,0.0000,0.000,5.701,5.161,1.0000
1683.9144,-659.5600,-286.4562,0.0000,0.000,5.707,5.196,1.0000
1688.8227,-656.0489,-283.0263,0.0000,0.000,5.543,5.408,1.0000
1693.7475,-652.2086,-279.9432,0.0000,0.000,5.497,5.459,1.0000
1698.7466,-647.9849,-277.2688,0.0000,0.000,5.788,5.049,1.0000
1703.8175,-643.4184,-275.0643,0.0000,0.000,5.871,4.878,1.0000
1708.8665,-638.6560,-273.3873,0.0000,0.000,5.473,5.259,1.0000
1713.8572,-633.7980,-272.2442,0.0000,0.000,5.075,5.640,1.0000
1718.8158,-628.8831,-271.5871,0.0000,0.000,5.508,5.299,1.0000
1723.7602,-623.9426,-271.3903,0.0000,0.000,6.053,4.861,1.0000
1728.7027,-619.0064,-271.6381,0.0000,0.000,5.818,5.052,1.0000
1733.6515,-614.1040,-272.3147,0.0000,0.000,5.469,5.335,1.0000
1738.6126,-609.2636,-273.4025,0.0000,0.000,5.484,5.304,1.0000
1743.5901,-604.5105,-274.8799,0.0000,0.000,5.681,5.117,1.0000
1748.5844,-599.8694,-276.7249,0.0000,0.000,5.642,5.175,1.0000
1753.5931,-595.3653,-278.9157,0.0000,0.000,5.324,5.520,1.0000
1758.6109,-591.0230,-281.4303,0.0000,0.000,5.237,5.585,1.0000
1763.6311,-586.8674,-284.2468,0.0000,0.000,5.371,5.381,1.0000
1768.6454,-582.9233,-287.3431,0.0000,0.000,5.469,5.237,1.0000
1773.6482,-579.2118,-290.6977,0.0000,0.000,5.530,5.156,1.0000
1778.6431,-575.7412,-294.2899,0.0000,0.000,5.562,5.121,1.0000
1783.6339,-572.5170,-298.0995,0.0000,0.000,5.572,5.119,1.0000
1788.6227,-569.5448,-302.1062,0.0000,0.000,5.581,5.118,1.0000
1793.6097,-566.8300,-306.2895,0.0000,0.000,5.559,5.110,1.0000
1798.5941,-564.3782,-310.6292,0.0000,0.000,5.537,5.102,1.0000
1803.5740,-562.1948,-315.1049,0.0000,0.000,5.528,5.101,1.0000
1808.5476,-560.2844,-319.6970,0.0000,0.000,5.525,5.103,1.0000
1813.5191,-558.6444,-324.3902,0.0000,0.000,5.503,5.119,1.0000
1818.4935,-557.2700,-329.1710,0.0000,0.000,5.424,5.172,1.0000
1823.4744,-556.1561,-334.0258,0.0000,0.000,5.345,5.225,1.0000
1828.4640,-555.2977,-338.9410,0.0000,0.000,5.306,5.241,1.0000
1833.4632,-554.6898,-343.9031,0.0000,0.000,5.283,5.244,1.0000
1838.4717,-554.3274,-348.8985,0.0000,0.000,5.259,5.246,1.0000
1843.4884,-554.2055,-353.9136,0.0000,0.000,5.297,5.188,1.0000
1848.5110,-554.3190,-358.9349,0.0000,0.000,5.347,5.118,1.0000
1853.5367,-554.6630,-363.9489,0.0000,0.000,5.401,5.066,1.0000
1858.5621,-555.2325,-368.9419,0.0000,0.000,5.464,5.062,1.0000
1863.5831,-556.0224,-373.9004,0.0000,0.000,5.528,5.059,1.0000
1868.5954,-557.0277,-378.8108,0.0000,0.000,5.588,5.085,1.0000
1873.5943,-558.2435,-383.6596,0.0000,0.000,5.648,5.123,1.0000
1878.5752,-559.6645,-388.4335,0.0000,0.000,5.707,5.160,1.0000
1883.5402,-561.2809,-393.1280,0.0000,0.000,5.767,5.203,1.0000
1888.4978,-563.0778,-397.7485,0.0000,0.000,5.828,5.254,1.0000
1893.4549,-565.0399,-402.3008,0.0000,0.000,5.889,5.304,1.0000
1898.4167,-567.1518,-406.7907,0.0000,0.000,5.879,5.364,1.0000
1903.3868,-569.3984,-411.2241,0.0000,0.000,5.802,5.432,1.0000
1908.3673,-571.7642,-415.6068,0.0000,0.000,5.724,5.501,1.0000
1913.3591,-574.2340,-419.9448,0.0000,0.000,5.647,5.570,1.0000
1918.3619,-576.7926,-424.2438,0.0000,0.000,5.569,5.639,1.0000
1923.3744,-579.4246,-428.5097,0.0000,0.000,5.537,5.654,1.0000
1928.3947,-582.1149,-432.7483,0.0000,0.000,5.555,5.611,1.0000
1933.4201,-584.8479,-436.9655,0.0000,0.000,5.574,5.568,1.0000
1938.4476,-587.6086,-441.1672,0.0000,0.000,5.592,5.525,1.0000
1943.4737,-590.3816,-445.3592,0.0000,0.000,5.610,5.482,1.0000
1948.4950,-593.1517,-449.5473,0.0000,0.000,5.628,5.439,1.0000
1953.5082,-595.9044,-453.7371,0.0000,0.000,5.646,5.396,1.0000
1958.5128,-598.6360,-457.9305,0.0000,0.000,5.665,5.353,1.0000
1963.5102,-601.3501,-462.1267,0.0000,0.000,5.660,5.328,1.0000
1968.5019,-604.0501,-466.3251,0.0000,0.000,5.640,5.317,1.0000
1973.4892,-606.7397,-470.5250,0.0000,0.000,5.620,5.306,1.0000
1978.4735,-609.4222,-474.7259,0.0000,0.000,5.600,5.295,1.0000
1983.4561,-612.1014,-478.9269,0.0000,0.000,5.580,5.284,1.0000
1988.4384,-614.7808,-483.1274,0.0000,0.000,5.560,5.273,1.0000
1993.4217,-617.4639,-487.3267,0.0000,0.000,5.540,5.262,1.0000
1998.4074,-620.1543,-491.5242,0.0000,0.000,5.520,5.251,1.0000
2003.3969,-622.8554,-495.7193,0.0000,0.000,5.500,5.240,1.0000
2008.3914,-625.5710,-499.9111,0.0000,0.000,5.480,5.229,1.0000
2013.3925,-628.3045,-504.0990,0.0000,0.000,5.460,5.217,1.0000
2018.4016,-631.0594,-508.2825,0.0000,0.000,5.440,5.206,1.0000
2023.4202,-633.8393,-512.4607,0.0000,0.000,5.420,5.195,1.0000
2028.4459,-636.6368,-516.6359,0.0000,0.000,5.400,5.184,1.0000
2033.4691,-639.4240,-520.8150,0.0000,0.000,5.380,5.173,1.0000
2038.4799,-642.1706,-525.0059,0.0000,0.000,5.360,5.162,1.0000
2043.4687,-644.8468,-529.2162,0.0000,0.000,5.340,5.151,1.0000
2048.4362,-647.4545,-533.4442,0.0000,0.000,5.319,5.140,1.0000
2053.3993,-650.0568,-537.6703,0.0000,0.000,5.299,5.129,1.0000
2058.3767,-652.7233,-541.8731,0.0000,0.000,5.279,5.118,1.0000
2063.3877,-655.5159,-546.0339,0.0000,0.000,5.259,5.107,1.0000
2068.4283,-658.3997,-550.1681,0.0000,0.000,5.239,5.096,1.0000
2073.4742,-661.2760,-554.3139,0.0000,0.000,5.219,5.085,1.0000
2078.5014,-664.0449,-558.5099,0.0000,0.000,5.199,5.073,1.0000
2083.4934,-666.6067,-562.7944,0.0000,0.000,5.173,5.074,1.0000
2088.4479,-668.8614,-567.2061,0.0000,0.000,5.012,5.348,1.0000
2093.3842,-670.7092,-571.7836,0.0000,0.000,4.876,5.566,1.0000
2098.3483,-672.0514,-576.5628,0.0000,0.000,4.852,5.531,1.0000
2103.3565,-672.8182,-581.5119,0.0000,0.000,4.858,5.484,1.0000
2108.3702,-672.9725,-586.5232,0.0000,0.000,4.966,5.392,1.0000
2113.3567,-672.4789,-591.4852,0.0000,0.000,5.055,5.310,1.0000
2118.3043,-671.3083,-596.2923,0.0000,0.000,4.999,5.291,1.0000
2123.2410,-669.4711,-600.8745,0.0000,0.000,4.947,5.304,1.0000
2128.2048,-666.9925,-605.1751,0.0000,0.000,4.911,5.511,1.0000
2133.2323,-663.8976,-609.1372,0.0000,0.000,5.167,5.331,1.0000
2138.3170,-660.2381,-612.6674,0.0000,0.000,5.243,5.247,1.0000
2143.3806,-656.1141,-615.6055,0.0000,0.000,4.924,5.473,1.0000
2148.3652,-651.6308,-617.7840,0.0000,0.000,4.935,5.377,1.0000
2153.2702,-646.8927,-619.0527,0.0000,0.000,5.151,5.078,1.0000
2158.1823,-641.9973,-619.4573,0.0000,0.000,4.937,5.287,1.0000
2163.1509,-637.0372,-619.1662,0.0000,0.000,4.694,5.545,1.0000
2168.1501,-632.1051,-618.3501,0.0000,0.000,4.668,5.584,1.0000
2173.1299,-627.2706,-617.1559,0.0000,0.000,4.862,5.483,1.0000
2178.1016,-622.5304,-615.6564,0.0000,0.000,5.253,5.258,1.0000
2183.0815,-617.8669,-613.9096,0.0000,0.000,5.397,5.176,1.0000
2188.0767,-613.2623,-611.9735,0.0000,0.000,5.389,5.184,1.0000
2193.0865,-608.6988,-609.9062,0.0000,0.000,5.380,5.192,1.0000
2198.1059,-604.1588,-607.7656,0.0000,0.000,5.372,5.200,1.0000
2203.1265,-599.6246,-605.6099,0.0000,0.000,5.364,5.207,1.0000
2208.1399,-595.0787,-603.4956,0.0000,0.000,5.355,5.215,1.0000
2213.1437,-590.5142,-601.4456,0.0000,0.000,5.347,5.223,1.0000
2218.1405,-585.9347,-599.4465,0.0000,0.000,5.339,5.231,1.0000
2223.1328,-581.3444,-597.4837,0.0000,0.000,5.330,5.238,1.0000
2228.1229,-576.7476,-595.5421,0.0000,0.000,5.322,5.246,1.0000
2233.1127,-572.1483,-593.6069,0.0000,0.000,5.314,5.254,1.0000
2238.1041,-567.5509,-591.6633,0.0000,0.000,5.305,5.262,1.0000
2243.0990,-562.9595,-589.6963,0.0000,0.000,5.297,5.269,1.0000
2248.0986,-558.3762,-587.6990,0.0000,0.000,5.289,5.277,1.0000
2253.1017,-553.7995,-585.6779,0.0000,0.000,5.280,5.285,1.0000
2258.1071,-549.2273,-583.6412,0.0000,0.000,5.272,5.293,1.0000
2263.1132,-544.6577,-581.5967,0.0000,0.000,5.264,5.300,1.0000
2268.1185,-540.0887,-579.5527,0.0000,0.000,5.255,5.308,1.0000
2273.1217,-535.5184,-577.5172,0.0000,0.000,5.247,5.316,1.0000
2278.1211,-530.9447,-575.4982,0.0000,0.000,5.239,5.324,1.0000
2283.1163,-526.3665,-573.5004,0.0000,0.000,5.230,5.331,1.0000
2288.1084,-521.7850,-571.5177,0.0000,0.000,5.222,5.339,1.0000
2293.0993,-517.2019,-569.5418,0.0000,0.000,5.214,5.347,1.0000
2298.0906,-512.6190,-567.5645,0.0000,0.000,5.205,5.355,1.0000
2303.0840,-508.0379,-565.5775,0.0000,0.000,5.197,5.362,1.0000
2308.0813,-503.4604,-563.5728,0.0000,0.000,5.189,5.370,1.0000
2313.0842,-498.8882,-561.5419,0.0000,0.000,5.180,5.378,1.0000
2318.0939,-494.3246,-559.4753,0.0000,0.000,5.172,5.386,1.0000
2323.1062,-489.7826,-557.3556,0.0000,0.000,5.207,5.447,1.0000
2328.1159,-485.2784,-555.1624,0.0000,0.000,5.297,5.578,1.0000
2333.1192,-480.8284,-552.8755,0.0000,0.000,5.388,5.708,1.0000
2338.1138,-476.4487,-550.4747,0.0000,0.000,5.478,5.839,1.0000
2343.0994,-472.1557,-547.9395,0.0000,0.000,5.473,5.918,1.0000
2348.0784,-467.9657,-545.2498,0.0000,0.000,5.385,5.951,1.0000
2353.0561,-463.8928,-542.3883,0.0000,0.000,5.296,5.985,1.0000
2358.0398,-459.9259,-539.3715,0.0000,0.000,5.208,6.019,1.0000
2363.0334,-456.0389,-536.2367,0.0000,0.000,5.119,6.052,1.0000
2368.0368,-452.2050,-533.0218,0.0000,0.000,5.148,6.026,1.0000
2373.0469,-448.4075,-529.7537,0.0000,0.000,5.181,5.997,1.0000
2378.0581,-444.6604,-526.4264,0.0000,0.000,5.215,5.968,1.0000
2383.0654,-440.9836,-523.0272,0.0000,0.000,5.248,5.939,1.0000
2388.0655,-437.3967,-519.5437,0.0000,0.000,5.282,5.910,1.0000
2393.0586,-433.9071,-515.9724,0.0000,0.000,5.315,5.881,1.0000
2398.0479,-430.5097,-512.3187,0.0000,0.000,5.346,5.852,1.0000
2403.0356,-427.1983,-508.5887,0.0000,0.000,5.321,5.822,1.0000
2408.0238,-423.9673,-504.7883,0.0000,0.000,5.297,5.793,1.0000
2413.0137,-420.8108,-500.9237,0.0000,0.000,5.273,5.763,1.0000
2418.0063,-417.7228,-497.0007,0.0000,0.000,5.248,5.733,1.0000
2423.0019,-414.6974,-493.0254,0.0000,0.000,5.283,5.667,1.0000
2428.0004,-411.7289,-489.0038,0.0000,0.000,5.337,5.589,1.0000
2433.0016,-408.8112,-484.9419,0.0000,0.000,5.392,5.511,1.0000
2438.0047,-405.9386,-480.8456,0.0000,0.000,5.446,5.432,1.0000
2443.0088,-403.1052,-476.7210,0.0000,0.000,5.497,5.356,1.0000
2448.0125,-400.3051,-472.5741,0.0000,0.000,5.450,5.347,1.0000
2453.0146,-397.5323,-468.4109,0.0000,0.000,5.403,5.338,1.0000
2458.0134,-394.7811,-464.2373,0.0000,0.000,5.355,5.329,1.0000
2463.0079,-392.0454,-460.0586,0.0000,0.000,5.308,5.319,1.0000
2467.9996,-389.3186,-455.8776,0.0000,0.000,5.261,5.310,1.0000
2472.9903,-386.5938,-451.6963,0.0000,0.000,5.214,5.301,1.0000
2477.9818,-383.8645,-447.5171,0.0000,0.000,5.167,5.291,1.0000
2482.9760,-381.1239,-443.3421,0.0000,0.000,5.120,5.282,1.0000
2487.9746,-378.3652,-439.1736,0.0000,0.000,5.072,5.273,1.0000
2492.9797,-375.5818,-435.0139,0.0000,0.000,5.025,5.264,1.0000
2497.9931,-372.7680,-430.8645,0.0000,0.000,4.978,5.254,1.0000
2503.0113,-369.9461,-426.7150,0.0000,0.000,4.931,5.245,1.0000
2508.0251,-367.1676,-422.5415,0.0000,0.000,4.884,5.236,1.0000
2513.0267,-364.4857,-418.3197,0.0000,0.000,4.836,5.226,1.0000
2518.0122,-361.9532,-414.0253,0.0000,0.000,4.815,5.206,1.0000
2522.9834,-359.6231,-409.6340,0.0000,0.000,5.007,5.100,1.0000
2527.9501,-357.5484,-405.1214,0.0000,0.000,5.165,5.027,1.0000
2532.9316,-355.7824,-400.4635,0.0000,0.000,4.937,5.345,1.0000
2537.9298,-354.4017,-395.6598,0.0000,0.000,4.925,5.483,1.0000
2542.9154,-353.5249,-390.7518,0.0000,0.000,5.117,5.450,1.0000
2547.8879,-353.2750,-385.7856,0.0000,0.000,5.157,5.370,1.0000
2552.8858,-353.7651,-380.8118,0.0000,0.000,5.099,5.260,1.0000
2557.9194,-355.0031,-375.9329,0.0000,0.000,5.130,5.344,1.0000
2562.9532,-356.9320,-371.2833,0.0000,0.000,5.196,5.379,1.0000
2567.9460,-359.4938,-366.9978,0.0000,0.000,5.152,5.504,1.0000
2572.8892,-362.6173,-363.1664,0.0000,0.000,5.040,5.684,1.0000
2577.8397,-366.1914,-359.7411,0.0000,0.000,4.983,5.729,1.0000
2582.8222,-370.0969,-356.6473,0.0000,0.000,5.032,5.513,1.0000
2587.8237,-374.2160,-353.8102,0.0000,0.000,5.121,5.326,1.0000
2592.8298,-378.4538,-351.1453,0.0000,0.000,5.337,5.226,1.0000
2597.8358,-382.7394,-348.5580,0.0000,0.000,5.553,5.126,1.0000
2602.8318,-387.0027,-345.9534,0.0000,0.000,5.715,5.045,1.0000
2607.8116,-391.1831,-343.2474,0.0000,0.000,5.764,5.004,1.0000
2612.7850,-395.2721,-340.4163,0.0000,0.000,5.812,4.964,1.0000
2617.7658,-399.2787,-337.4572,0.0000,0.000,5.861,4.923,1.0000
2622.7679,-403.2121,-334.3672,0.0000,0.000,5.910,4.882,1.0000
2627.7983,-407.0712,-331.1403,0.0000,0.000,5.958,4.842,1.0000
2632.8328,-410.7975,-327.7550,0.0000,0.000,5.956,4.843,1.0000
2637.8436,-414.3129,-324.1842,0.0000,0.000,5.688,5.067,1.0000
2642.8161,-417.5398,-320.4010,0.0000,0.000,5.420,5.292,1.0000
2647.7605,-420.4439,-316.3994,0.0000,0.000,5.372,5.297,1.0000
2652.7035,-423.0649,-312.2084,0.0000,0.000,5.424,5.204,1.0000
2657.6623,-425.4497,-307.8607,0.0000,0.000,5.472,5.118,1.0000
2662.6439,-427.6453,-303.3891,0.0000,0.000,5.451,5.191,1.0000
2667.6476,-429.6986,-298.8261,0.0000,0.000,5.430,5.264,1.0000
2672.6669,-431.6565,-294.2044,0.0000,0.000,5.404,5.325,1.0000
2677.6916,-433.5660,-289.5566,0.0000,0.000,5.334,5.268,1.0000
2682.7125,-435.4639,-284.9082,0.0000,0.000,5.264,5.210,1.0000
2687.7284,-437.3565,-280.2631,0.0000,0.000,5.193,5.152,1.0000
2692.7399,-439.2448,-275.6211,0.0000,0.000,5.123,5.094,1.0000
2697.7472,-441.1295,-270.9819,0.0000,0.000,5.053,5.036,1.0000
2702.7511,-443.0114,-266.3455,0.0000,0.000,4.982,4.979,1.0000
2707.7517,-444.8913,-261.7116,0.0000,0.000,4.912,4.921,1.0000
2712.7497,-446.7700,-257.0801,0.0000,0.000,4.842,4.863,1.0000
2717.7455,-448.6482,-252.4508,0.0000,0.000,4.772,4.805,1.0000
2722.7396,-450.5268,-247.8236,0.0000,0.000,4.701,4.747,1.0000
2727.7324,-452.4066,-243.1982,0.0000,0.000,4.631,4.690,1.0000
2732.7243,-454.2883,-238.5745,0.0000,0.000,4.561,4.632,1.0000
2737.7158,-456.1727,-233.9524,0.0000,0.000,4.490,4.574,1.0000
2742.7074,-458.0607,-229.3316,0.0000,0.000,4.420,4.516,1.0000
2747.6996,-459.9530,-224.7119,0.0000,0.000,4.350,4.458,1.0000
2752.6927,-461.8504,-220.0934,0.0000,0.000,4.279,4.401,1.0000
2757.6870,-463.7531,-215.4757,0.0000,0.000,4.214,4.347,1.0000
2762.6824,-465.6612,-210.8591,0.0000,0.000,4.274,4.400,1.0000
2767.6790,-467.5746,-206.2434,0.0000,0.000,4.333,4.453,1.0000
2772.6767,-469.4933,-201.6287,0.0000,0.000,4.392,4.505,1.0000
2777.6755,-471.4174,-197.0150,0.0000,0.000,4.451,4.558,1.0000
2782.6755,-473.3468,-192.4022,0.0000,0.000,4.510,4.610,1.0000
2787.6767,-475.2816,-187.7905,0.0000,0.000,4.569,4.663,1.0000
2792.6789,-477.2217,-183.1798,0.0000,0.000,4.628,4.716,1.0000
2797.6824,-479.1671,-178.5701,0.0000,0.000,4.687,4.768,1.0000
2802.6869,-481.1179,-173.9613,0.0000,0.000,4.746,4.821,1.0000
2807.6926,-483.0740,-169.3536,0.0000,0.000,4.805,4.874,1.0000
2812.6995,-485.0354,-164.7470,0.0000,0.000,4.865,4.926,1.0000
2817.7074,-487.0021,-160.1413,0.0000,0.000,4.924,4.979,1.0000
2822.7166,-488.9741,-155.5367,0.0000,0.000,4.983,5.031,1.0000
2827.7261,-490.9466,-150.9318,0.0000,0.000,5.042,5.084,1.0000
2832.7317,-492.8881,-146.3181,0.0000,0.000,5.101,5.137,1.0000
2837.7284,-494.7582,-141.6846,0.0000,0.000,5.160,5.189,1.0000
2842.7132,-496.5165,-137.0202,0.0000,0.000,5.383,5.132,1.0000
2847.6860,-498.1225,-132.3139,0.0000,0.000,5.619,5.065,1.0000
2852.6505,-499.5358,-127.5548,0.0000,0.000,5.724,5.048,1.0000
2857.6158,-500.7160,-122.7318,0.0000,0.000,5.699,5.078,1.0000
2862.5954,-501.6251,-117.8359,0.0000,0.000,5.674,5.109,1.0000
2867.5930,-502.2492,-112.8774,0.0000,0.000,5.648,5.139,1.0000
2872.6034,-502.5894,-107.8785,0.0000,0.000,5.574,5.135,1.0000
2877.6209,-502.6465,-102.8614,0.0000,0.000,5.500,5.130,1.0000
2882.6392,-502.4216,-97.8481,0.0000,0.000,5.426,5.126,1.0000
2887.6519,-501.9157,-92.8610,0.0000,0.000,5.437,5.105,1.0000
2892.6528,-501.1298,-87.9223,0.0000,0.000,5.470,5.079,1.0000
2897.6365,-500.0650,-83.0537,0.0000,0.000,5.501,5.057,1.0000
2902.6072,-498.7268,-78.2665,0.0000,0.000,5.506,5.062,1.0000
2907.5772,-497.1250,-73.5616,0.0000,0.000,5.512,5.067,1.0000
2912.5578,-495.2694,-68.9397,0.0000,0.000,5.507,5.086,1.0000
2917.5561,-493.1691,-64.4040,0.0000,0.000,5.460,5.159,1.0000
2922.5659,-490.8298,-59.9740,0.0000,0.000,5.414,5.231,1.0000
2927.5774,-488.2555,-55.6741,0.0000,0.000,5.433,5.242,1.0000
2932.5823,-485.4506,-51.5291,0.0000,0.000,5.552,5.156,1.0000
2937.5761,-482.4173,-47.5620,0.0000,0.000,5.672,5.069,1.0000
2942.5602,-479.1549,-43.7941,0.0000,0.000,5.641,5.106,1.0000
2947.5388,-475.6623,-40.2461,0.0000,0.000,5.552,5.190,1.0000
2952.5194,-471.9410,-36.9357,0.0000,0.000,5.463,5.274,1.0000
2957.5099,-468.0189,-33.8498,0.0000,0.000,5.511,5.216,1.0000
2962.5108,-463.9398,-30.9569,0.0000,0.000,5.582,5.133,1.0000
2967.5148,-459.7471,-28.2252,0.0000,0.000,5.654,5.050,1.0000
2972.5135,-455.4773,-25.6262,0.0000,0.000,5.637,5.043,1.0000
2977.5088,-451.1442,-23.1407,0.0000,0.000,5.520,5.122,1.0000
2982.5038,-446.7580,-20.7509,0.0000,0.000,5.403,5.202,1.0000
2987.5001,-442.3287,-18.4393,0.0000,0.000,5.286,5.281,1.0000
2992.4981,-437.8662,-16.1883,0.0000,0.000,5.214,5.327,1.0000
2997.4978,-433.3806,-13.9802,0.0000,0.000,5.208,5.322,1.0000
3002.4980,-428.8818,-11.7976,0.0000,0.000,5.203,5.318,1.0000
3007.4979,-424.3789,-9.6246,0.0000,0.000,5.197,5.313,1.0000
3012.4971,-419.8744,-7.4561,0.0000,0.000,5.191,5.309,1.0000
3017.4959,-415.3692,-5.2902,0.0000,0.000,5.186,5.304,1.0000
3022.4943,-410.8640,-3.1252,0.0000,0.000,5.180,5.299,1.0000
3027.4924,-406.3596,-0.9593,0.0000,0.000,5.174,5.295,1.0000
3032.4905,-401.8565,1.2094,0.0000,0.000,5.169,5.290,1.0000
3037.4884,-397.3557,3.3825,0.0000,0.000,5.163,5.286,1.0000
3042.4865,-392.8577,5.5617,0.0000,0.000,5.157,5.281,1.0000
3047.4848,-388.3628,7.7476,0.0000,0.000,5.152,5.277,1.0000
3052.4832,-383.8707,9.9396,0.0000,0.000,5.146,5.272,1.0000
3057.4817,-379.3813,12.1375,0.0000,0.000,5.140,5.268,1.0000
3062.4804,-374.8945,14.3409,0.0000,0.000,5.135,5.263,1.0000
3067.4792,-370.4100,16.5495,0.0000,0.000,5.129,5.259,1.0000
3072.4782,-365.9278,18.7629,0.0000,0.000,5.123,5.254,1.0000
3077.4772,-361.4476,20.9807,0.0000,0.000,5.118,5.249,1.0000
3082.4764,-356.9694,23.2027,0.0000,0.000,5.112,5.245,1.0000
3087.4757,-352.4929,25.4283,0.0000,0.000,5.110,5.240,1.0000
3092.4750,-348.0179,27.6574,0.0000,0.000,5.116,5.234,1.0000
3097.4745,-343.5445,29.8896,0.0000,0.000,5.122,5.227,1.0000
3102.4740,-339.0723,32.1244,0.0000,0.000,5.127,5.221,1.0000
3107.4736,-334.6012,34.3616,0.0000,0.000,5.133,5.215,1.0000
3112.4732,-330.1310,36.6008,0.0000,0.000,5.139,5.209,1.0000
3117.4728,-325.6617,38.8416,0.0000,0.000,5.145,5.202,1.0000
3122.4724,-321.1930,41.0837,0.0000,0.000,5.151,5.196,1.0000
3127.4721,-316.7248,43.3268,0.0000,0.000,5.157,5.190,1.0000
3132.4717,-312.2569,45.5704,0.0000,0.000,5.163,5.184,1.0000
3137.4713,-307.7891,47.8143,0.0000,0.000,5.169,5.177,1.0000
3142.4708,-303.3214,50.0581,0.0000,0.000,5.175,5.171,1.0000
3147.4703,-298.8535,52.3014,0.0000,0.000,5.181,5.165,1.0000
3152.4696,-294.3852,54.5439,0.0000,0.000,5.187,5.158,1.0000
3157.4689,-289.9165,56.7852,0.0000,0.000,5.193,5.152,1.0000
3162.4681,-285.4472,59.0250,0.0000,0.000,5.198,5.146,1.0000
3167.4671,-280.9771,61.2629,0.0000,0.000,5.204,5.140,1.0000
3172.4660,-276.5060,63.4987,0.0000,0.000,5.210,5.133,1.0000
3177.4647,-272.0338,65.7318,0.0000,0.000,5.216,5.127,1.0000
3182.4633,-267.5603,67.9620,0.0000,0.000,5.222,5.121,1.0000
3187.4617,-263.0855,70.1889,0.0000,0.000,5.228,5.115,1.0000
3192.4599,-258.6091,72.4126,0.0000,0.000,5.234,5.108,1.0000
3197.4580,-254.1314,74.6330,0.0000,0.000,5.240,5.102,1.0000
3202.4559,-249.6523,76.8505,0.0000,0.000,5.246,5.096,1.0000
3207.4538,-245.1720,79.0653,0.0000,0.000,5.255,5.101,1.0000
3212.4515,-240.6905,81.2775,0.0000,0.000,5.269,5.126,1.0000
3217.4492,-236.2079,83.4874,0.0000,0.000,5.284,5.151,1.0000
3222.4469,-231.7243,85.6951,0.0000,0.000,5.298,5.176,1.0000
3227.4446,-227.2398,87.9009,0.0000,0.000,5.312,5.200,1.0000
3232.4422,-222.7544,90.1049,0.0000,0.000,5.327,5.225,1.0000
3237.4399,-218.2682,92.3074,0.0000,0.000,5.341,5.250,1.0000
3242.4377,-213.7813,94.5086,0.0000,0.000,5.355,5.274,1.0000
3247.4355,-209.2937,96.7086,0.0000,0.000,5.370,5.299,1.0000
3252.4334,-204.8056,98.9077,0.0000,0.000,5.384,5.324,1.0000
3257.4314,-200.3170,101.1061,0.0000,0.000,5.399,5.348,1.0000
3262.4296,-195.8280,103.3039,0.0000,0.000,5.376,5.332,1.0000
3267.4279,-191.3387,105.5013,0.0000,0.000,5.347,5.310,1.0000
3272.4264,-186.8491,107.6987,0.0000,0.000,5.319,5.288,1.0000
3277.4251,-182.3593,109.8961,0.0000,0.000,5.290,5.266,1.0000
3282.4240,-177.8694,112.0938,0.0000,0.000,5.262,5.243,1.0000
3287.4231,-173.3794,114.2919,0.0000,0.000,5.234,5.221,1.0000
3292.4225,-168.8895,116.4907,0.0000,0.000,5.205,5.199,1.0000
3297.4222,-164.3997,118.6904,0.0000,0.000,5.177,5.177,1.0000
3302.4222,-159.9101,120.8911,0.0000,0.000,5.148,5.155,1.0000
3307.4224,-155.4208,123.0932,0.0000,0.000,5.120,5.132,1.0000
3312.4231,-150.9318,125.2967,0.0000,0.000,5.091,5.110,1.0000
3317.4241,-146.4433,127.5018,0.0000,0.000,5.072,5.093,1.0000
3322.4255,-141.9552,129.7089,0.0000,0.000,5.142,5.133,1.0000
3327.4273,-137.4677,131.9180,0.0000,0.000,5.212,5.172,1.0000
3332.4295,-132.9808,134.1294,0.0000,0.000,5.283,5.211,1.0000
3337.4320,-128.4946,136.3429,0.0000,0.000,5.353,5.251,1.0000
3342.4347,-124.0089,138.5576,0.0000,0.000,5.423,5.290,1.0000
3347.4373,-119.5234,140.7727,0.0000,0.000,5.494,5.329,1.0000
3352.4396,-115.0381,142.9873,0.0000,0.000,5.564,5.369,1.0000
3357.4412,-110.5528,145.2005,0.0000,0.000,5.634,5.408,1.0000
3362.4420,-106.0672,147.4114,0.0000,0.000,5.704,5.447,1.0000
3367.4418,-101.5813,149.6190,0.0000,0.000,5.775,5.487,1.0000
3372.4402,-97.0948,151.8227,0.0000,0.000,5.845,5.526,1.0000
3377.4371,-92.6076,154.0213,0.0000,0.000,5.915,5.565,1.0000
3382.4323,-88.1195,156.2141,0.0000,0.000,5.986,5.604,1.0000
3387.4254,-83.6303,158.4001,0.0000,0.000,6.056,5.644,1.0000
3392.4163,-79.1399,160.5786,0.0000,0.000,6.126,5.683,1.0000
3397.4048,-74.6481,162.7485,0.0000,0.000,6.197,5.722,1.0000
3402.3906,-70.1547,164.9089,0.0000,0.000,6.267,5.762,1.0000
3407.3736,-65.6595,167.0592,0.0000,0.000,6.337,5.801,1.0000
3412.3556,-61.1606,169.1992,0.0000,0.000,6.408,5.840,1.0000
3417.3402,-56.6545,171.3303,0.0000,0.000,6.478,5.880,1.0000
3422.3312,-52.1376,173.4533,0.0000,0.000,6.503,5.975,1.0000
3427.3323,-47.6063,175.5696,0.0000,0.000,6.450,6.164,1.0000
3432.3472,-43.0570,177.6801,0.0000,0.000,6.397,6.354,1.0000
3437.3799,-38.4862,179.7860,0.0000,0.000,6.345,6.543,1.0000
3442.4336,-33.8907,181.8888,0.0000,0.000,6.292,6.733,1.0000
3447.4953,-29.3001,184.0212,0.0000,0.000,6.273,6.824,1.0000
3452.5260,-24.7990,186.2679,0.0000,0.000,6.289,6.812,1.0000
3457.4945,-20.4771,188.7188,0.0000,0.000,6.305,6.801,1.0000
3462.3893,-16.4243,191.4637,0.0000,0.000,6.452,6.933,1.0000
3467.2300,-12.7305,194.5923,0.0000,0.000,6.760,7.156,1.0000
3472.0784,-9.4854,198.1946,0.0000,0.000,7.309,7.512,1.0000
3477.0461,-6.7790,202.3603,0.0000,0.000,7.385,7.503,1.0000
3482.2165,-4.6951,207.0922,0.0000,0.000,7.246,7.320,1.0000
3487.4550,-3.3007,212.1417,0.0000,0.000,7.693,7.477,1.0000
3492.5687,-2.6597,217.2151,0.0000,0.000,7.874,8.266,1.0000
3497.3816,-2.8605,222.0238,0.0000,0.000,7.946,9.145,1.0000
3502.0407,-4.5093,226.3814,0.0000,0.000,8.534,8.176,1.0000
3506.8926,-8.0161,229.7345,0.0000,0.000,8.526,9.109,1.0000
3511.9329,-12.5984,231.8338,0.0000,0.000,8.625,9.137,1.0000
3516.9848,-17.4182,233.3475,0.0000,0.000,8.460,8.225,1.0000
3521.9820,-22.2665,234.5583,0.0000,0.000,8.396,8.084,1.0000
3526.9600,-27.1309,235.6158,0.0000,0.000,8.341,8.015,1.0000
3531.9406,-31.9988,236.6690,0.0000,0.000,8.286,7.947,1.0000
3536.9345,-36.8629,237.8003,0.0000,0.000,8.231,7.878,1.0000
3541.9382,-41.7235,238.9883,0.0000,0.000,8.176,7.809,1.0000
3546.9457,-46.5817,240.2021,0.0000,0.000,8.121,7.740,1.0000
3551.9512,-51.4385,241.4132,0.0000,0.000,8.066,7.671,1.0000
3556.9531,-56.2947,242.6115,0.0000,0.000,8.011,7.603,1.0000
3561.9522,-61.1512,243.7971,0.0000,0.000,7.956,7.534,1.0000
3566.9493,-66.0086,244.9704,0.0000,0.000,7.901,7.465,1.0000
3571.9453,-70.8678,246.1317,0.0000,0.000,7.847,7.396,1.0000
3576.9410,-75.7294,247.2813,0.0000,0.000,7.792,7.327,1.0000
3581.9373,-80.5943,248.4195,0.0000,0.000,7.737,7.258,1.0000
3586.9350,-85.4630,249.5476,0.0000,0.000,7.682,7.190,1.0000
3591.9343,-90.3307,250.6875,0.0000,0.000,7.627,7.121,1.0000
3596.9356,-95.1876,251.8802,0.0000,0.000,7.572,7.052,1.0000
3601.9403,-100.0240,253.1672,0.0000,0.000,7.517,6.983,1.0000
3606.9490,-104.8419,254.5365,0.0000,0.000,7.462,6.914,1.0000
3611.9493,-109.7028,255.7088,0.0000,0.000,6.856,7.086,1.0000
3616.9307,-114.6466,256.3201,0.0000,0.000,6.287,7.234,1.0000
3621.8096,-119.5151,256.0022,0.0000,0.000,6.362,7.076,1.0000
3626.6722,-124.1797,254.6287,0.0000,0.000,6.519,6.894,1.0000
3631.6467,-128.6540,252.4547,0.0000,0.000,6.742,6.693,1.0000
3636.7252,-132.9638,249.7684,0.0000,0.000,6.856,6.832,1.0000
3641.8126,-137.1351,246.8559,0.0000,0.000,6.920,7.127,1.0000
3646.8367,-141.1984,243.9011,0.0000,0.000,6.904,7.146,1.0000
3651.8140,-145.1909,240.9289,0.0000,0.000,6.796,6.855,1.0000
3656.7688,-149.1506,237.9505,0.0000,0.000,6.689,6.565,1.0000
3661.7232,-153.1165,234.9811,0.0000,0.000,6.582,6.274,1.0000
3666.6865,-157.1380,232.0722,0.0000,0.000,6.474,5.984,1.0000
3671.6651,-161.2702,229.2953,0.0000,0.000,6.303,5.711,1.0000
3676.6746,-165.5682,226.7218,0.0000,0.000,5.882,5.505,1.0000
3681.7253,-170.0593,224.4109,0.0000,0.000,5.479,5.393,1.0000
3686.7842,-174.6965,222.3891,0.0000,0.000,5.140,5.599,1.0000
3691.8088,-179.4205,220.6774,0.0000,0.000,5.069,5.602,1.0000
3696.7594,-184.1745,219.2958,0.0000,0.000,5.646,5.111,1.0000
3701.6487,-188.9496,218.2454,0.0000,0.000,6.193,4.646,1.0000
3706.5355,-193.7808,217.5103,0.0000,0.000,5.950,4.865,1.0000
3711.4787,-198.7048,217.0737,0.0000,0.000,5.708,5.084,1.0000
3716.5159,-203.7399,216.9317,0.0000,0.000,5.465,5.303,1.0000
3721.5985,-208.8182,217.1423,0.0000,0.000,5.341,5.402,1.0000
3726.6664,-213.8455,217.7820,0.0000,0.000,5.236,5.482,1.0000
3731.6814,-218.7282,218.9264,0.0000,0.000,5.326,5.365,1.0000
3736.6469,-223.4012,220.6055,0.0000,0.000,5.734,4.926,1.0000
3741.5924,-227.8429,222.7801,0.0000,0.000,5.878,4.788,1.0000
3746.5387,-232.0352,225.4052,0.0000,0.000,5.675,5.045,1.0000
3751.4974,-235.9599,228.4358,0.0000,0.000,5.547,5.227,1.0000
3756.4716,-239.5991,231.8269,0.0000,0.000,5.596,5.226,1.0000
3761.4580,-242.9345,235.5335,0.0000,0.000,5.635,5.219,1.0000
3766.4479,-245.9481,239.5106,0.0000,0.000,5.629,5.188,1.0000
3771.4338,-248.6243,243.7174,0.0000,0.000,5.622,5.157,1.0000
3776.4183,-250.9536,248.1242,0.0000,0.000,5.613,5.135,1.0000
3781.4045,-252.9276,252.7030,0.0000,0.000,5.598,5.134,1.0000
3786.3943,-254.5379,257.4258,0.0000,0.000,5.583,5.133,1.0000
3791.3890,-255.7760,262.2647,0.0000,0.000,5.564,5.134,1.0000
3796.3900,-256.6334,267.1916,0.0000,0.000,5.543,5.137,1.0000
3801.3989,-257.1018,272.1785,0.0000,0.000,5.522,5.140,1.0000
3806.4179,-257.1728,277.1970,0.0000,0.000,5.473,5.139,1.0000
3811.4408,-256.8380,282.2088,0.0000,0.000,5.404,5.180,1.0000
3816.4554,-256.0896,287.1672,0.0000,0.000,5.302,5.291,1.0000
3821.4524,-254.9194,292.0253,0.0000,0.000,5.351,5.254,1.0000
3826.4275,-253.3194,296.7360,0.0000,0.000,5.513,5.107,1.0000
3831.3824,-251.2817,301.2525,0.0000,0.000,5.609,5.078,1.0000
3836.3267,-248.7981,305.5278,0.0000,0.000,5.643,5.157,1.0000
3841.2790,-245.8616,309.5156,0.0000,0.000,5.669,5.220,1.0000
3846.2654,-242.5141,313.2113,0.0000,0.000,5.677,5.251,1.0000
3851.2910,-238.8688,316.6708,0.0000,0.000,5.686,5.282,1.0000
3856.3316,-235.0447,319.9548,0.0000,0.000,5.657,5.296,1.0000
3861.3494,-231.1530,323.1222,0.0000,0.000,5.628,5.310,1.0000
3866.3395,-227.2371,326.2152,0.0000,0.000,5.599,5.324,1.0000
3871.3164,-223.3063,329.2679,0.0000,0.000,5.569,5.338,1.0000
3876.2940,-219.3696,332.3141,0.0000,0.000,5.540,5.352,1.0000
3881.2819,-215.4339,335.3782,0.0000,0.000,5.511,5.366,1.0000
3886.2791,-211.5006,338.4605,0.0000,0.000,5.482,5.380,1.0000
3891.2832,-207.5700,341.5576,0.0000,0.000,5.452,5.394,1.0000
3896.2918,-203.6426,344.6659,0.0000,0.000,5.423,5.408,1.0000
3901.3023,-199.7190,347.7821,0.0000,0.000,5.394,5.422,1.0000
3906.3122,-195.7996,350.9025,0.0000,0.000,5.365,5.436,1.0000
3911.3189,-191.8849,354.0238,0.0000,0.000,5.335,5.450,1.0000
3916.3205,-187.9753,357.1433,0.0000,0.000,5.306,5.464,1.0000
3921.3174,-184.0711,360.2621,0.0000,0.000,5.277,5.478,1.0000
3926.3106,-180.1727,363.3820,0.0000,0.000,5.248,5.492,1.0000
3931.3012,-176.2803,366.5053,0.0000,0.000,5.255,5.478,1.0000
3936.2902,-172.3942,369.6340,0.0000,0.000,5.284,5.448,1.0000
3941.2788,-168.5146,372.7701,0.0000,0.000,5.313,5.417,1.0000
3946.2681,-164.6420,375.9157,0.0000,0.000,5.343,5.386,1.0000
3951.2590,-160.7765,379.0729,0.0000,0.000,5.372,5.355,1.0000
3956.2529,-156.9184,382.2437,0.0000,0.000,5.401,5.325,1.0000
3961.2507,-153.0681,385.4302,0.0000,0.000,5.430,5.294,1.0000
3966.2538,-149.2258,388.6344,0.0000,0.000,5.459,5.263,1.0000
3971.2632,-145.3918,391.8584,0.0000,0.000,5.489,5.232,1.0000
3976.2801,-141.5664,395.1043,0.0000,0.000,5.518,5.202,1.0000
3981.3058,-137.7499,398.3741,0.0000,0.000,5.547,5.171,1.0000
3986.3415,-133.9424,401.6698,0.0000,0.000,5.576,5.140,1.0000
3991.3734,-130.1134,404.9347,0.0000,0.000,5.605,5.109,1.0000
3996.3589,-126.1543,407.9646,0.0000,0.000,5.635,5.079,1.0000
4001.2898,-121.9444,410.5319,0.0000,0.000,5.730,5.128,1.0000
4006.2331,-117.3731,412.4131,0.0000,0.000,5.963,5.343,1.0000
4011.2051,-112.5111,413.4530,0.0000,0.000,6.301,5.576,1.0000
4016.1319,-107.5853,413.5551,0.0000,0.000,6.627,5.769,1.0000
4020.9797,-102.8276,412.6251,0.0000,0.000,6.782,5.837,1.0000
4025.8191,-98.4153,410.6373,0.0000,0.000,6.741,5.839,1.0000
4030.7910,-94.2823,407.8736,0.0000,0.000,6.655,5.824,1.0000
4035.8864,-90.2945,404.7017,0.0000,0.000,6.568,5.810,1.0000
4040.9999,-86.3190,401.4856,0.0000,0.000,6.482,5.796,1.0000
4046.0642,-82.2863,398.4223,0.0000,0.000,6.396,5.782,1.0000
4051.0905,-78.2145,395.4752,0.0000,0.000,6.310,5.768,1.0000
4056.0921,-74.1285,392.5906,0.0000,0.000,6.223,5.754,1.0000
4061.0794,-70.0511,389.7188,0.0000,0.000,6.137,5.739,1.0000
4066.0575,-65.9885,386.8419,0.0000,0.000,6.051,5.725,1.0000
4071.0293,-61.9389,383.9576,0.0000,0.000,5.965,5.711,1.0000
4075.9976,-57.9004,381.0636,0.0000,0.000,5.879,5.697,1.0000
4080.9653,-53.8714,378.1576,0.0000,0.000,5.792,5.683,1.0000
4085.9352,-49.8498,375.2375,0.0000,0.000,5.706,5.669,1.0000
4090.9101,-45.8340,372.3010,0.0000,0.000,5.620,5.654,1.0000
4095.8930,-41.8221,369.3457,0.0000,0.000,5.617,5.621,1.0000
4100.8867,-37.8122,366.3696,0.0000,0.000,5.635,5.584,1.0000
4105.8940,-33.8025,363.3702,0.0000,0.000,5.653,5.546,1.0000
4110.9179,-29.7913,360.3454,0.0000,0.000,5.671,5.509,1.0000
4115.9613,-25.7766,357.2929,0.0000,0.000,5.689,5.471,1.0000
4121.0269,-21.7567,354.2105,0.0000,0.000,5.707,5.434,1.0000
4126.1178,-17.7297,351.0960,0.0000,0.000,5.725,5.396,1.0000
4131.2347,-13.6930,347.9515,0.0000,0.000,5.743,5.359,1.0000
4136.2805,-9.6075,344.9904,0.0000,0.000,5.643,5.391,1.0000
4141.0766,-5.3827,342.7202,0.0000,0.000,5.092,5.692,1.0000
4145.6566,-0.9246,341.6704,0.0000,0.000,4.949,6.255,1.0000
4150.4146,3.7906,342.3073,0.0000,0.000,5.509,6.467,1.0000
4155.4226,8.2396,344.6064,0.0000,0.000,6.291,6.164,1.0000
4160.4984,11.7907,348.2332,0.0000,0.000,6.113,6.088,1.0000
4165.5917,14.9398,352.2364,0.0000,0.000,5.934,6.012,1.0000
4170.5642,18.3172,355.8859,0.0000,0.000,5.756,5.935,1.0000
4175.5726,21.6573,359.6179,0.0000,0.000,5.578,5.859,1.0000
4180.5794,24.9576,363.3831,0.0000,0.000,5.401,5.782,1.0000
4185.2851,29.0508,365.7045,0.0000,0.000,6.184,4.962,1.0000
4190.1406,33.8941,366.0479,0.0000,0.000,5.572,6.075,1.0000
4195.0911,38.6872,364.8096,0.0000,0.000,5.345,5.403,1.0000
4200.0906,43.1842,362.6252,0.0000,0.000,5.865,4.951,1.0000
4205.1026,47.5514,360.1659,0.0000,0.000,6.120,5.586,1.0000
4210.1053,51.8389,357.5883,0.0000,0.000,6.376,6.223,1.0000
4215.1034,56.0649,354.9195,0.0000,0.000,6.632,6.860,1.0000
4220.0997,60.2476,352.1867,0.0000,0.000,6.644,6.971,1.0000
4225.0954,64.4052,349.4169,0.0000,0.000,6.537,6.829,1.0000
4230.0909,68.5559,346.6372,0.0000,0.000,6.431,6.686,1.0000
4235.0864,72.7179,343.8747,0.0000,0.000,6.324,6.544,1.0000
4240.0822,76.9091,341.1559,0.0000,0.000,6.218,6.402,1.0000
4245.0793,81.1332,338.4858,0.0000,0.000,6.112,6.260,1.0000
4250.0780,85.3752,335.8416,0.0000,0.000,6.005,6.117,1.0000
4255.0777,89.6192,333.1986,0.0000,0.000,5.899,5.975,1.0000
4260.0781,93.8493,330.5320,0.0000,0.000,5.793,5.833,1.0000
4265.0792,98.0493,327.8172,0.0000,0.000,5.686,5.690,1.0000
4270.0820,102.2033,325.0293,0.0000,0.000,5.580,5.548,1.0000
4275.0890,106.2952,322.1437,0.0000,0.000,5.639,5.437,1.0000
4280.0994,110.3033,319.1372,0.0000,0.000,5.701,5.325,1.0000
4285.1028,114.1934,315.9906,0.0000,0.000,5.764,5.214,1.0000
4290.0914,117.9295,312.6849,0.0000,0.000,5.793,5.129,1.0000
4295.0624,121.4757,309.2012,0.0000,0.000,5.784,5.074,1.0000
4300.0192,124.7958,305.5207,0.0000,0.000,5.776,5.019,1.0000
4304.9723,127.8540,301.6245,0.0000,0.000,5.739,5.045,1.0000
4309.9405,130.6143,297.4937,0.0000,0.000,5.666,5.179,1.0000
4314.9455,133.0548,293.1240,0.0000,0.000,5.593,5.312,1.0000
4319.9845,135.2096,288.5689,0.0000,0.000,5.539,5.424,1.0000
4325.0350,137.1265,283.8964,0.0000,0.000,5.643,5.354,1.0000
4330.0635,138.8522,279.1732,0.0000,0.000,5.747,5.283,1.0000
4335.0501,140.3849,274.4280,0.0000,0.000,5.787,5.292,1.0000
4340.0047,141.6611,269.6406,0.0000,0.000,5.756,5.389,1.0000
4344.9505,142.6131,264.7873,0.0000,0.000,5.739,5.469,1.0000
4349.9209,143.1842,259.8498,0.0000,0.000,5.800,5.451,1.0000
4354.9271,143.3973,254.8481,0.0000,0.000,5.861,5.434,1.0000
4359.9571,143.3106,249.8189,0.0000,0.000,5.853,5.392,1.0000
4364.9879,142.9822,244.7989,0.0000,0.000,5.633,5.273,1.0000
4369.9923,142.4625,239.8215,0.0000,0.000,5.412,5.154,1.0000
4374.9697,141.7453,234.8960,0.0000,0.000,5.327,5.091,1.0000
4379.9355,140.7993,230.0212,0.0000,0.000,5.606,5.179,1.0000
4384.9094,139.5935,225.1957,0.0000,0.000,5.884,5.267,1.0000
4389.9048,138.1090,220.4259,0.0000,0.000,6.093,5.335,1.0000
4394.9133,136.3539,215.7350,0.0000,0.000,6.028,5.325,1.0000
4399.9224,134.3400,211.1486,0.0000,0.000,5.963,5.315,1.0000
4404.9210,132.0809,206.6896,0.0000,0.000,5.898,5.305,1.0000
4409.9128,129.6199,202.3466,0.0000,0.000,5.833,5.295,1.0000
4414.9060,127.0220,198.0825,0.0000,0.000,5.828,5.307,1.0000
4419.9018,124.3529,193.8594,0.0000,0.000,5.828,5.321,1.0000
4424.8985,121.6673,189.6458,0.0000,0.000,5.828,5.336,1.0000
4429.8956,118.9759,185.4355,0.0000,0.000,5.828,5.350,1.0000
4434.8929,116.2794,181.2281,0.0000,0.000,5.828,5.364,1.0000
4439.8905,113.5781,177.0235,0.0000,0.000,5.828,5.378,1.0000
4444.8884,110.8725,172.8212,0.0000,0.000,5.828,5.393,1.0000
4449.8865,108.1632,168.6212,0.0000,0.000,5.828,5.407,1.0000
4454.8848,105.4505,164.4230,0.0000,0.000,5.828,5.421,1.0000
4459.8833,102.7350,160.2264,0.0000,0.000,5.828,5.435,1.0000
4464.8820,100.0171,156.0312,0.0000,0.000,5.828,5.450,1.0000
4469.8808,97.2973,151.8371,0.0000,0.000,5.828,5.464,1.0000
4474.8797,94.5760,147.6438,0.0000,0.000,5.828,5.478,1.0000
4479.8787,91.8538,143.4510,0.0000,0.000,5.828,5.493,1.0000
4484.8778,89.1310,139.2584,0.0000,0.000,5.828,5.507,1.0000
4489.8769,86.4082,135.0659,0.0000,0.000,5.828,5.521,1.0000
4494.8760,83.6858,130.8731,0.0000,0.000,5.828,5.535,1.0000
4499.8751,80.9640,126.6800,0.0000,0.000,5.828,5.550,1.0000
4504.8741,78.2428,122.4864,0.0000,0.000,5.828,5.564,1.0000
4509.8732,75.5222,118.2925,0.0000,0.000,5.828,5.578,1.0000
4514.8723,72.8022,114.0983,0.0000,0.000,5.828,5.592,1.0000
4519.8713,70.0826,109.9037,0.0000,0.000,5.828,5.607,1.0000
4524.8703,67.3637,105.7087,0.0000,0.000,5.828,5.621,1.0000
4529.8693,64.6452,101.5135,0.0000,0.000,5.828,5.635,1.0000
4534.8683,61.9273,97.3179,0.0000,0.000,5.828,5.649,1.0000
4539.8673,59.2098,93.1220,0.0000,0.000,5.828,5.664,1.0000
4544.8663,56.4929,88.9258,0.0000,0.000,5.828,5.678,1.0000
4549.8653,53.7764,84.7293,0.0000,0.000,5.828,5.692,1.0000
4554.8643,51.0604,80.5325,0.0000,0.000,5.828,5.707,1.0000
4559.8633,48.3448,76.3354,0.0000,0.000,5.828,5.721,1.0000
4564.8622,45.6297,72.1381,0.0000,0.000,5.828,5.735,1.0000
4569.8612,42.9150,67.9405,0.0000,0.000,5.828,5.749,1.0000
4574.8601,40.2007,63.7426,0.0000,0.000,5.828,5.764,1.0000
4579.8591,37.4868,59.5445,0.0000,0.000,5.828,5.778,1.0000
4584.8580,34.7733,55.3462,0.0000,0.000,5.828,5.792,1.0000
4589.8569,32.0601,51.1476,0.0000,0.000,5.828,5.806,1.0000
4594.8558,29.3474,46.9488,0.0000,0.000,5.828,5.821,1.0000
4599.8547,26.6349,42.7498,0.0000,0.000,5.828,5.835,1.0000
4604.8536,23.9228,38.5505,0.0000,0.000,5.828,5.849,1.0000
4609.8525,21.2110,34.3511,0.0000,0.000,5.828,5.863,1.0000
4614.8514,18.4996,30.1515,0.0000,0.000,5.828,5.878,1.0000
4619.8503,15.7884,25.9516,0.0000,0.000,5.828,5.892,1.0000
4624.8492,13.0775,21.7516,0.0000,0.000,5.828,5.906,1.0000
4629.8481,10.3669,17.5515,0.0000,0.000,5.828,5.913,1.0000
4634.8470,7.6565,13.3512,0.0000,0.000,5.829,5.908,1.0000
4639.8459,4.9464,9.1507,0.0000,0.000,5.829,5.903,1.0000
4644.8447,2.2365,4.9501,0.0000,0.000,5.830,5.898,1.0000
