# Indianapolis Motor Speedway (oval) — TUMFTM racetrack-database (LGPL-3.0), flat 2-D centre line + measured widths; upstream commit e59595d.
s_m,x_m,y_m,z_m,banking_deg,width_left_m,width_right_m,grip_scale
0.0000,-0.0291,-0.0005,0.0000,0.000,7.679,7.621,1.0000
4.9975,0.0721,-4.9970,0.0000,0.000,7.679,7.621,1.0000
9.9950,0.1734,-9.9934,0.0000,0.000,7.679,7.621,1.0000
14.9925,0.2749,-14.9899,0.0000,0.000,7.679,7.621,1.0000
19.9900,0.3765,-19.9864,0.0000,0.000,7.679,7.621,1.0000
24.9875,0.4783,-24.9829,0.0000,0.000,7.679,7.621,1.0000
29.9850,0.5801,-29.9793,0.0000,0.000,7.678,7.622,1.0000
34.9825,0.6821,-34.9758,0.0000,0.000,7.678,7.622,1.0000
39.9801,0.7841,-39.9723,0.0000,0.000,7.678,7.622,1.0000
44.9776,0.8862,-44.9688,0.0000,0.000,7.678,7.622,1.0000
49.9751,0.9883,-49.9652,0.0000,0.000,7.678,7.622,1.0000
54.9726,1.0905,-54.9617,0.0000,0.000,7.678,7.622,1.0000
59.9701,1.1927,-59.9582,0.0000,0.000,7.678,7.622,1.0000
64.9676,1.2950,-64.9546,0.0000,0.000,7.678,7.622,1.0000
69.9651,1.3972,-69.9511,0.0000,0.000,7.678,7.622,1.0000
74.9627,1.4994,-74.9476,0.0000,0.000,7.678,7.622,1.0000
79.9601,1.6016,-79.9440,0.0000,0.000,7.678,7.622,1.0000
84.9576,1.7037,-84.9405,0.0000,0.000,7.677,7.623,1.0000
89.9551,1.8058,-89.9369,0.0000,0.000,7.677,7.623,1.0000
94.9526,1.9078,-94.9334,0.0000,0.000,7.677,7.623,1.0000
99.9501,2.0098,-99.9298,0.0000,0.000,7.677,7.623,1.0000
104.9475,2.1116,-104.9262,0.0000,0.000,7.677,7.623,1.0000
109.9450,2.2133,-109.9226,0.0000,0.000,7.677,7.623,1.0000
114.9424,2.3149,-114.9190,0.0000,0.000,7.677,7.623,1.0000
119.9399,2.4164,-119.9154,0.0000,0.000,7.677,7.623,1.0000
124.9373,2.5177,-124.9118,0.0000,0.000,7.677,7.623,1.0000
129.9347,2.6188,-129.9082,0.0000,0.000,7.677,7.623,1.0000
134.9321,2.7198,-134.9046,0.0000,0.000,7.676,7.624,1.0000
139.9295,2.8205,-139.9009,0.0000,0.000,7.676,7.624,1.0000
144.9268,2.9211,-144.8973,0.0000,0.000,7.676,7.624,1.0000
149.9242,3.0214,-149.8936,0.0000,0.000,7.676,7.624,1.0000
154.9215,3.1215,-154.8900,0.0000,0.000,7.676,7.624,1.0000
159.9188,3.2214,-159.8863,0.0000,0.000,7.676,7.624,1.0000
164.9161,3.3209,-164.8826,0.0000,0.000,7.676,7.624,1.0000
169.9134,3.4202,-169.8789,0.0000,0.000,7.676,7.624,1.0000
174.9107,3.5193,-174.8752,0.0000,0.000,7.676,7.624,1.0000
179.9079,3.6180,-179.8714,0.0000,0.000,7.676,7.624,1.0000
184.9051,3.7163,-184.8677,0.0000,0.000,7.676,7.624,1.0000
189.9023,3.8144,-189.8639,0.0000,0.000,7.675,7.625,1.0000
194.8995,3.9121,-194.8602,0.0000,0.000,7.675,7.625,1.0000
199.8967,4.0094,-199.8564,0.0000,0.000,7.675,7.625,1.0000
204.8938,4.1064,-204.8525,0.0000,0.000,7.675,7.625,1.0000
209.8909,4.2030,-209.8487,0.0000,0.000,7.675,7.625,1.0000
214.8880,4.2992,-214.8449,0.0000,0.000,7.663,7.637,1.0000
219.8850,4.3949,-219.8410,0.0000,0.000,7.650,7.650,1.0000
224.8821,4.4903,-224.8371,0.0000,0.000,7.637,7.663,1.0000
229.8791,4.5851,-229.8332,0.0000,0.000,7.624,7.676,1.0000
234.8760,4.6796,-234.8293,0.0000,0.000,7.611,7.689,1.0000
239.8730,4.7735,-239.8254,0.0000,0.000,7.599,7.701,1.0000
244.8699,4.8670,-244.8214,0.0000,0.000,7.586,7.714,1.0000
249.8668,4.9600,-249.8174,0.0000,0.000,7.573,7.727,1.0000
254.8636,5.0526,-254.8134,0.0000,0.000,7.560,7.740,1.0000
259.8604,5.1475,-259.8093,0.0000,0.000,7.547,7.753,1.0000
264.8569,5.2495,-264.8048,0.0000,0.000,7.534,7.766,1.0000
269.8532,5.3634,-269.7997,0.0000,0.000,7.546,7.754,1.0000
274.8491,5.4938,-274.7939,0.0000,0.000,7.560,7.740,1.0000
279.8446,5.6457,-279.7871,0.0000,0.000,7.575,7.725,1.0000
284.8398,5.8237,-284.7792,0.0000,0.000,7.615,7.685,1.0000
289.8349,6.0326,-289.7699,0.0000,0.000,7.670,7.630,1.0000
294.8299,6.2773,-294.7589,0.0000,0.000,7.673,7.627,1.0000
299.8254,6.5624,-299.7462,0.0000,0.000,7.639,7.661,1.0000
304.8216,6.8928,-304.7315,0.0000,0.000,7.605,7.695,1.0000
309.8192,7.2733,-309.7146,0.0000,0.000,7.571,7.729,1.0000
314.8189,7.7086,-314.6953,0.0000,0.000,7.537,7.763,1.0000
319.8213,8.2034,-319.6732,0.0000,0.000,7.503,7.797,1.0000
324.8258,8.7619,-324.6464,0.0000,0.000,7.490,7.810,1.0000
329.8311,9.3881,-329.6124,0.0000,0.000,7.483,7.817,1.0000
334.8361,10.0858,-334.5686,0.0000,0.000,7.475,7.825,1.0000
339.8401,10.8591,-339.5124,0.0000,0.000,7.467,7.833,1.0000
344.8422,11.7118,-344.4413,0.0000,0.000,7.461,7.839,1.0000
349.8421,12.6479,-349.3528,0.0000,0.000,7.459,7.841,1.0000
354.8394,13.6713,-354.2442,0.0000,0.000,7.456,7.844,1.0000
359.8341,14.7859,-359.1130,0.0000,0.000,7.454,7.846,1.0000
364.8266,15.9958,-363.9566,0.0000,0.000,7.452,7.848,1.0000
369.8172,17.3048,-368.7724,0.0000,0.000,7.450,7.850,1.0000
374.8067,18.7168,-373.5580,0.0000,0.000,7.457,7.843,1.0000
379.7963,20.2358,-378.3108,0.0000,0.000,7.479,7.821,1.0000
384.7863,21.8642,-383.0276,0.0000,0.000,7.502,7.798,1.0000
389.7763,23.6027,-387.7050,0.0000,0.000,7.524,7.776,1.0000
394.7658,25.4517,-392.3392,0.0000,0.000,7.490,7.810,1.0000
399.7545,27.4117,-396.9267,0.0000,0.000,7.387,7.913,1.0000
404.7421,29.4831,-401.4638,0.0000,0.000,7.285,8.015,1.0000
409.7285,31.6664,-405.9469,0.0000,0.000,7.206,8.094,1.0000
414.7142,33.9609,-410.3732,0.0000,0.000,7.349,7.951,1.0000
419.7007,36.3612,-414.7440,0.0000,0.000,7.491,7.809,1.0000
424.6894,38.8605,-419.0615,0.0000,0.000,7.634,7.666,1.0000
429.6814,41.4522,-423.3280,0.0000,0.000,7.752,7.548,1.0000
434.6772,44.1295,-427.5458,0.0000,0.000,7.689,7.611,1.0000
439.6768,46.8858,-431.7171,0.0000,0.000,7.627,7.673,1.0000
444.6801,49.7145,-435.8440,0.0000,0.000,7.564,7.736,1.0000
449.6862,52.6122,-439.9262,0.0000,0.000,7.501,7.799,1.0000
454.6943,55.5784,-443.9613,0.0000,0.000,7.462,7.838,1.0000
459.7034,58.6124,-447.9470,0.0000,0.000,7.434,7.866,1.0000
464.7126,61.7136,-451.8809,0.0000,0.000,7.406,7.894,1.0000
469.7212,64.8813,-455.7605,0.0000,0.000,7.379,7.921,1.0000
474.7284,68.1149,-459.5835,0.0000,0.000,7.349,7.951,1.0000
479.7334,71.4138,-463.3475,0.0000,0.000,7.318,7.982,1.0000
484.7357,74.7775,-467.0501,0.0000,0.000,7.287,8.013,1.0000
489.7347,78.2052,-470.6889,0.0000,0.000,7.255,8.045,1.0000
494.7299,81.6963,-474.2615,0.0000,0.000,7.224,8.076,1.0000
499.7207,85.2503,-477.7654,0.0000,0.000,7.193,8.107,1.0000
504.7070,88.8665,-481.1984,0.0000,0.000,7.162,8.138,1.0000
509.6886,92.5442,-484.5587,0.0000,0.000,7.130,8.170,1.0000
514.6668,96.2825,-487.8463,0.0000,0.000,7.121,8.179,1.0000
519.6428,100.0804,-491.0612,0.0000,0.000,7.141,8.159,1.0000
524.6176,103.9369,-494.2038,0.0000,0.000,7.162,8.138,1.0000
529.5924,107.8511,-497.2743,0.0000,0.000,7.182,8.118,1.0000
534.5681,111.8220,-500.2726,0.0000,0.000,7.202,8.098,1.0000
539.5460,115.8487,-503.1992,0.0000,0.000,7.223,8.077,1.0000
544.5268,119.9301,-506.0541,0.0000,0.000,7.243,8.057,1.0000
549.5116,124.0654,-508.8376,0.0000,0.000,7.262,8.038,1.0000
554.5013,128.2535,-511.5498,0.0000,0.000,7.272,8.028,1.0000
559.4966,132.4936,-514.1909,0.0000,0.000,7.282,8.018,1.0000
564.4984,136.7845,-516.7611,0.0000,0.000,7.292,8.008,1.0000
569.5075,141.1255,-519.2605,0.0000,0.000,7.302,7.998,1.0000
574.5233,145.5151,-521.6873,0.0000,0.000,7.424,7.876,1.0000
579.5434,149.9517,-524.0365,0.0000,0.000,7.569,7.731,1.0000
584.5658,154.4334,-526.3031,0.0000,0.000,7.715,7.585,1.0000
589.5883,158.9587,-528.4822,0.0000,0.000,7.861,7.439,1.0000
594.6092,163.5256,-530.5686,0.0000,0.000,7.904,7.396,1.0000
599.6270,168.1324,-532.5573,0.0000,0.000,7.825,7.475,1.0000
604.6403,172.7774,-534.4433,0.0000,0.000,7.745,7.555,1.0000
609.6481,177.4588,-536.2216,0.0000,0.000,7.665,7.635,1.0000
614.6496,182.1749,-537.8871,0.0000,0.000,7.596,7.704,1.0000
619.6444,186.9239,-539.4347,0.0000,0.000,7.561,7.739,1.0000
624.6323,191.7040,-540.8595,0.0000,0.000,7.526,7.774,1.0000
629.6136,196.5135,-542.1564,0.0000,0.000,7.491,7.809,1.0000
634.5892,201.3506,-543.3222,0.0000,0.000,7.456,7.844,1.0000
639.5617,206.2132,-544.3617,0.0000,0.000,7.418,7.882,1.0000
644.5335,211.0991,-545.2819,0.0000,0.000,7.381,7.919,1.0000
649.5066,216.0062,-546.0899,0.0000,0.000,7.344,7.956,1.0000
654.4826,220.9323,-546.7926,0.0000,0.000,7.307,7.993,1.0000
659.4624,225.8752,-547.3970,0.0000,0.000,7.246,8.054,1.0000
664.4465,230.8329,-547.9103,0.0000,0.000,7.182,8.118,1.0000
669.4352,235.8030,-548.3393,0.0000,0.000,7.118,8.182,1.0000
674.4282,240.7836,-548.6910,0.0000,0.000,7.054,8.246,1.0000
679.4249,245.7724,-548.9726,0.0000,0.000,7.057,8.243,1.0000
684.4245,250.7673,-549.1910,0.0000,0.000,7.193,8.107,1.0000
689.4259,255.7660,-549.3531,0.0000,0.000,7.329,7.971,1.0000
694.4277,260.7666,-549.4661,0.0000,0.000,7.465,7.835,1.0000
699.4289,265.7673,-549.5361,0.0000,0.000,7.601,7.699,1.0000
704.4296,270.7678,-549.5674,0.0000,0.000,7.737,7.563,1.0000
709.4300,275.7683,-549.5640,0.0000,0.000,7.873,7.427,1.0000
714.4304,280.7685,-549.5300,0.0000,0.000,7.937,7.363,1.0000
719.4307,285.7685,-549.4693,0.0000,0.000,7.911,7.389,1.0000
724.4311,290.7682,-549.3860,0.0000,0.000,7.885,7.415,1.0000
729.4314,295.7675,-549.2840,0.0000,0.000,7.859,7.441,1.0000
734.4317,300.7664,-549.1674,0.0000,0.000,7.833,7.467,1.0000
739.4318,305.7649,-549.0402,0.0000,0.000,7.807,7.493,1.0000
744.4316,310.7629,-548.9063,0.0000,0.000,7.781,7.519,1.0000
749.4309,315.7603,-548.7698,0.0000,0.000,7.756,7.544,1.0000
754.4296,320.7572,-548.6348,0.0000,0.000,7.735,7.565,1.0000
759.4275,325.7534,-548.5048,0.0000,0.000,7.714,7.586,1.0000
764.4246,330.7490,-548.3809,0.0000,0.000,7.693,7.607,1.0000
769.4211,335.7441,-548.2627,0.0000,0.000,7.673,7.627,1.0000
774.4170,340.7387,-548.1499,0.0000,0.000,7.652,7.648,1.0000
779.4124,345.7330,-548.0422,0.0000,0.000,7.631,7.669,1.0000
784.4075,350.7269,-547.9392,0.0000,0.000,7.610,7.690,1.0000
789.4022,355.7207,-547.8406,0.0000,0.000,7.589,7.711,1.0000
794.3967,360.7143,-547.7461,0.0000,0.000,7.568,7.732,1.0000
799.3910,365.7078,-547.6553,0.0000,0.000,7.547,7.753,1.0000
804.3853,370.7013,-547.5678,0.0000,0.000,7.526,7.774,1.0000
809.3797,375.6950,-547.4834,0.0000,0.000,7.505,7.795,1.0000
814.3741,380.6887,-547.4017,0.0000,0.000,7.485,7.815,1.0000
819.3688,385.6828,-547.3223,0.0000,0.000,7.474,7.826,1.0000
824.3637,390.6771,-547.2450,0.0000,0.000,7.465,7.835,1.0000
829.3590,395.6718,-547.1693,0.0000,0.000,7.457,7.843,1.0000
834.3548,400.6670,-547.0950,0.0000,0.000,7.448,7.852,1.0000
839.3510,405.6627,-547.0217,0.0000,0.000,7.439,7.861,1.0000
844.3479,410.6591,-546.9490,0.0000,0.000,7.430,7.870,1.0000
849.3455,415.6561,-546.8767,0.0000,0.000,7.421,7.879,1.0000
854.3438,420.6539,-546.8043,0.0000,0.000,7.412,7.888,1.0000
859.3430,425.6526,-546.7316,0.0000,0.000,7.403,7.897,1.0000
864.3431,430.6522,-546.6582,0.0000,0.000,7.394,7.906,1.0000
869.3442,435.6528,-546.5838,0.0000,0.000,7.386,7.914,1.0000
874.3465,440.6544,-546.5080,0.0000,0.000,7.377,7.923,1.0000
879.3499,445.6572,-546.4305,0.0000,0.000,7.368,7.932,1.0000
884.3545,450.6612,-546.3507,0.0000,0.000,7.359,7.941,1.0000
889.3599,455.6658,-546.2640,0.0000,0.000,7.350,7.950,1.0000
894.3650,460.6699,-546.1623,0.0000,0.000,7.341,7.959,1.0000
899.3690,465.6724,-546.0373,0.0000,0.000,7.332,7.968,1.0000
904.3712,470.6721,-545.8807,0.0000,0.000,7.323,7.977,1.0000
909.3709,475.6679,-545.6844,0.0000,0.000,7.315,7.985,1.0000
914.3677,480.6587,-545.4401,0.0000,0.000,7.306,7.994,1.0000
919.3614,485.6434,-545.1396,0.0000,0.000,7.297,8.003,1.0000
924.3521,490.6208,-544.7746,0.0000,0.000,7.329,7.971,1.0000
929.3403,495.5897,-544.3368,0.0000,0.000,7.370,7.930,1.0000
934.3268,500.5492,-543.8181,0.0000,0.000,7.410,7.890,1.0000
939.3128,505.4979,-543.2102,0.0000,0.000,7.450,7.850,1.0000
944.2998,510.4349,-542.5048,0.0000,0.000,7.491,7.809,1.0000
949.2895,515.3585,-541.6960,0.0000,0.000,7.503,7.797,1.0000
954.2815,520.2664,-540.7834,0.0000,0.000,7.484,7.816,1.0000
959.2755,525.1560,-539.7675,0.0000,0.000,7.465,7.835,1.0000
964.2711,530.0248,-538.6489,0.0000,0.000,7.446,7.854,1.0000
969.2678,534.8700,-537.4281,0.0000,0.000,7.427,7.873,1.0000
974.2651,539.6892,-536.1055,0.0000,0.000,7.411,7.889,1.0000
979.2628,544.4797,-534.6818,0.0000,0.000,7.396,7.904,1.0000
984.2603,549.2391,-533.1574,0.0000,0.000,7.380,7.920,1.0000
989.2572,553.9646,-531.5329,0.0000,0.000,7.364,7.936,1.0000
994.2533,558.6538,-529.8088,0.0000,0.000,7.401,7.899,1.0000
999.2482,563.3040,-527.9857,0.0000,0.000,7.456,7.844,1.0000
1004.2415,567.9127,-526.0640,0.0000,0.000,7.510,7.790,1.0000
1009.2330,572.4774,-524.0444,0.0000,0.000,7.564,7.736,1.0000
1014.2232,576.9967,-521.9283,0.0000,0.000,7.538,7.762,1.0000
1019.2127,581.4698,-519.7177,0.0000,0.000,7.488,7.812,1.0000
1024.2021,585.8958,-517.4145,0.0000,0.000,7.437,7.863,1.0000
1029.1919,590.2739,-515.0207,0.0000,0.000,7.387,7.913,1.0000
1034.1825,594.6032,-512.5381,0.0000,0.000,7.337,7.963,1.0000
1039.1743,598.8830,-509.9687,0.0000,0.000,7.396,7.904,1.0000
1044.1675,603.1123,-507.3145,0.0000,0.000,7.477,7.823,1.0000
1049.1623,607.2903,-504.5772,0.0000,0.000,7.557,7.743,1.0000
1054.1589,611.4161,-501.7589,0.0000,0.000,7.625,7.675,1.0000
1059.1572,615.4890,-498.8615,0.0000,0.000,7.633,7.667,1.0000
1064.1573,619.5080,-495.8869,0.0000,0.000,7.640,7.660,1.0000
1069.1591,623.4724,-492.8370,0.0000,0.000,7.646,7.654,1.0000
1074.1625,627.3813,-489.7138,0.0000,0.000,7.648,7.652,1.0000
1079.1673,631.2338,-486.5191,0.0000,0.000,7.649,7.651,1.0000
1084.1732,635.0291,-483.2550,0.0000,0.000,7.658,7.642,1.0000
1089.1799,638.7663,-479.9233,0.0000,0.000,7.718,7.582,1.0000
1094.1871,642.4447,-476.5259,0.0000,0.000,7.778,7.522,1.0000
1099.1945,646.0633,-473.0648,0.0000,0.000,7.827,7.473,1.0000
1104.2015,649.6214,-469.5419,0.0000,0.000,7.759,7.541,1.0000
1109.2078,653.1180,-465.9592,0.0000,0.000,7.690,7.610,1.0000
1114.2127,656.5524,-462.3185,0.0000,0.000,7.617,7.683,1.0000
1119.2158,659.9236,-458.6217,0.0000,0.000,7.520,7.780,1.0000
1124.2165,663.2309,-454.8709,0.0000,0.000,7.422,7.878,1.0000
1129.2142,666.4734,-451.0679,0.0000,0.000,7.325,7.975,1.0000
1134.2082,669.6502,-447.2146,0.0000,0.000,7.228,8.072,1.0000
1139.1983,672.7593,-443.3115,0.0000,0.000,7.130,8.170,1.0000
1144.1845,675.7979,-439.3580,0.0000,0.000,7.046,8.254,1.0000
1149.1672,678.7630,-435.3536,0.0000,0.000,7.176,8.124,1.0000
1154.1468,681.6517,-431.2975,0.0000,0.000,7.307,7.993,1.0000
1159.1238,684.4610,-427.1892,0.0000,0.000,7.438,7.862,1.0000
1164.0990,687.1881,-423.0280,0.0000,0.000,7.568,7.732,1.0000
1169.0733,689.8300,-418.8132,0.0000,0.000,7.548,7.752,1.0000
1174.0478,692.3837,-414.5443,0.0000,0.000,7.435,7.865,1.0000
1179.0237,694.8465,-410.2206,0.0000,0.000,7.321,7.979,1.0000
1184.0025,697.2152,-405.8414,0.0000,0.000,7.208,8.092,1.0000
1188.9857,699.4871,-401.4062,0.0000,0.000,7.244,8.056,1.0000
1193.9752,701.6591,-396.9142,0.0000,0.000,7.373,7.927,1.0000
1198.9728,703.7289,-392.3654,0.0000,0.000,7.502,7.798,1.0000
1203.9785,705.6986,-387.7636,0.0000,0.000,7.631,7.669,1.0000
1208.9911,707.5727,-383.1145,0.0000,0.000,7.759,7.541,1.0000
1214.0089,709.3559,-378.4242,0.0000,0.000,7.754,7.546,1.0000
1219.0299,711.0526,-373.6985,0.0000,0.000,7.717,7.583,1.0000
1224.0517,712.6673,-368.9435,0.0000,0.000,7.681,7.619,1.0000
1229.0715,714.2047,-364.1649,0.0000,0.000,7.645,7.655,1.0000
1234.0869,715.6636,-359.3664,0.0000,0.000,7.608,7.692,1.0000
1239.0962,717.0350,-354.5484,0.0000,0.000,7.571,7.729,1.0000
1244.0986,718.3091,-349.7110,0.0000,0.000,7.523,7.777,1.0000
1249.0935,719.4762,-344.8544,0.0000,0.000,7.475,7.825,1.0000
1254.0812,720.5266,-339.9785,0.0000,0.000,7.429,7.871,1.0000
1259.0625,721.4505,-335.0836,0.0000,0.000,7.386,7.914,1.0000
1264.0395,722.2441,-330.1704,0.0000,0.000,7.343,7.957,1.0000
1269.0145,722.9124,-325.2404,0.0000,0.000,7.351,7.949,1.0000
1273.9898,723.4611,-320.2955,0.0000,0.000,7.371,7.929,1.0000
1278.9670,723.8960,-315.3373,0.0000,0.000,7.392,7.908,1.0000
1283.9475,724.2226,-310.3676,0.0000,0.000,7.425,7.875,1.0000
1288.9320,724.4468,-305.3880,0.0000,0.000,7.459,7.841,1.0000
1293.9213,724.5758,-300.4004,0.0000,0.000,7.500,7.800,1.0000
1298.9157,724.6245,-295.4062,0.0000,0.000,7.566,7.734,1.0000
1303.9150,724.6100,-290.4070,0.0000,0.000,7.632,7.668,1.0000
1308.9182,724.5494,-285.4041,0.0000,0.000,7.698,7.602,1.0000
1313.9240,724.4599,-280.3992,0.0000,0.000,7.763,7.537,1.0000
1318.9305,724.3587,-275.3937,0.0000,0.000,7.829,7.471,1.0000
1323.9361,724.2623,-270.3890,0.0000,0.000,7.872,7.428,1.0000
1328.9400,724.1779,-265.3859,0.0000,0.000,7.842,7.458,1.0000
1333.9423,724.1045,-260.3841,0.0000,0.000,7.812,7.488,1.0000
1338.9432,724.0402,-255.3836,0.0000,0.000,7.782,7.518,1.0000
1343.9429,723.9837,-250.3842,0.0000,0.000,7.751,7.549,1.0000
1348.9416,723.9334,-245.3858,0.0000,0.000,7.721,7.579,1.0000
1353.9394,723.8876,-240.3882,0.0000,0.000,7.691,7.609,1.0000
1358.9364,723.8449,-235.3913,0.0000,0.000,7.661,7.639,1.0000
1363.9329,723.8037,-230.3950,0.0000,0.000,7.631,7.669,1.0000
1368.9289,723.7625,-225.3992,0.0000,0.000,7.601,7.699,1.0000
1373.9246,723.7195,-220.4037,0.0000,0.000,7.571,7.729,1.0000
1378.9201,723.6735,-215.4083,0.0000,0.000,7.541,7.759,1.0000
1383.9157,723.6226,-210.4130,0.0000,0.000,7.511,7.789,1.0000
1388.9114,723.5659,-205.4177,0.0000,0.000,7.481,7.819,1.0000
1393.9072,723.5035,-200.4222,0.0000,0.000,7.451,7.849,1.0000
1398.9032,723.4355,-195.4267,0.0000,0.000,7.440,7.860,1.0000
1403.8993,723.3622,-190.4311,0.0000,0.000,7.447,7.853,1.0000
1408.8956,723.2839,-185.4355,0.0000,0.000,7.454,7.846,1.0000
1413.8919,723.2008,-180.4398,0.0000,0.000,7.461,7.839,1.0000
1418.8885,723.1132,-175.4440,0.0000,0.000,7.469,7.831,1.0000
1423.8851,723.0214,-170.4482,0.0000,0.000,7.476,7.824,1.0000
1428.8819,722.9256,-165.4524,0.0000,0.000,7.483,7.817,1.0000
1433.8788,722.8261,-160.4565,0.0000,0.000,7.490,7.810,1.0000
1438.8758,722.7231,-155.4605,0.0000,0.000,7.497,7.803,1.0000
1443.8729,722.6169,-150.4646,0.0000,0.000,7.504,7.796,1.0000
1448.8701,722.5078,-145.4685,0.0000,0.000,7.511,7.789,1.0000
1453.8674,722.3959,-140.4725,0.0000,0.000,7.518,7.782,1.0000
1458.8648,722.2816,-135.4764,0.0000,0.000,7.525,7.775,1.0000
1463.8623,722.1652,-130.4803,0.0000,0.000,7.532,7.768,1.0000
1468.8598,722.0468,-125.4842,0.0000,0.000,7.539,7.761,1.0000
1473.8574,721.9267,-120.4880,0.0000,0.000,7.546,7.754,1.0000
1478.8551,721.8052,-115.4918,0.0000,0.000,7.553,7.747,1.0000
1483.8527,721.6826,-110.4957,0.0000,0.000,7.560,7.740,1.0000
1488.8505,721.5591,-105.4995,0.0000,0.000,7.567,7.733,1.0000
1493.8482,721.4350,-100.5033,0.0000,0.000,7.574,7.726,1.0000
1498.8459,721.3105,-95.5071,0.0000,0.000,7.582,7.718,1.0000
1503.8437,721.1859,-90.5109,0.0000,0.000,7.589,7.711,1.0000
1508.8415,721.0614,-85.5147,0.0000,0.000,7.596,7.704,1.0000
1513.8392,720.9373,-80.5185,0.0000,0.000,7.603,7.697,1.0000
1518.8369,720.8136,-75.5223,0.0000,0.000,7.610,7.690,1.0000
1523.8346,720.6903,-70.5261,0.0000,0.000,7.617,7.683,1.0000
1528.8323,720.5674,-65.5299,0.0000,0.000,7.624,7.676,1.0000
1533.8300,720.4449,-60.5338,0.0000,0.000,7.631,7.669,1.0000
1538.8276,720.3228,-55.5376,0.0000,0.000,7.638,7.662,1.0000
1543.8252,720.2010,-50.5415,0.0000,0.000,7.645,7.655,1.0000
1548.8229,720.0797,-45.5453,0.0000,0.000,7.652,7.648,1.0000
1553.8205,719.9586,-40.5492,0.0000,0.000,7.659,7.641,1.0000
1558.8181,719.8380,-35.5530,0.0000,0.000,7.662,7.638,1.0000
1563.8157,719.7177,-30.5569,0.0000,0.000,7.661,7.639,1.0000
1568.8132,719.5977,-25.5608,0.0000,0.000,7.661,7.639,1.0000
1573.8108,719.4780,-20.5646,0.0000,0.000,7.660,7.640,1.0000
1578.8083,719.3587,-15.5685,0.0000,0.000,7.659,7.641,1.0000
1583.8059,719.2397,-10.5724,0.0000,0.000,7.659,7.641,1.0000
1588.8034,719.1210,-5.5763,0.0000,0.000,7.658,7.642,1.0000
1593.8009,719.0026,-0.5802,0.0000,0.000,7.657,7.643,1.0000
1598.7984,718.8845,4.4159,0.0000,0.000,7.657,7.643,1.0000
1603.7959,718.7666,9.4120,0.0000,0.000,7.656,7.644,1.0000
1608.7933,718.6491,14.4081,0.0000,0.000,7.655,7.645,1.0000
1613.7908,718.5318,19.4042,0.0000,0.000,7.654,7.646,1.0000
1618.7882,718.4148,24.4003,0.0000,0.000,7.654,7.646,1.0000
1623.7857,718.2981,29.3963,0.0000,0.000,7.653,7.647,1.0000
1628.7831,718.1816,34.3924,0.0000,0.000,7.652,7.648,1.0000
1633.7805,718.0653,39.3885,0.0000,0.000,7.652,7.648,1.0000
1638.7780,717.9493,44.3845,0.0000,0.000,7.651,7.649,1.0000
1643.7754,717.8335,49.3806,0.0000,0.000,7.650,7.650,1.0000
1648.7728,717.7179,54.3767,0.0000,0.000,7.649,7.651,1.0000
1653.7702,717.6026,59.3727,0.0000,0.000,7.649,7.651,1.0000
1658.7675,717.4874,64.3688,0.0000,0.000,7.648,7.652,1.0000
1663.7649,717.3724,69.3648,0.0000,0.000,7.647,7.653,1.0000
1668.7623,717.2577,74.3609,0.0000,0.000,7.647,7.653,1.0000
1673.7596,717.1431,79.3569,0.0000,0.000,7.646,7.654,1.0000
1678.7570,717.0287,84.3530,0.0000,0.000,7.645,7.655,1.0000
1683.7543,716.9144,89.3490,0.0000,0.000,7.645,7.655,1.0000
1688.7517,716.8004,94.3451,0.0000,0.000,7.644,7.656,1.0000
1693.7490,716.6864,99.3411,0.0000,0.000,7.643,7.657,1.0000
1698.7463,716.5727,104.3371,0.0000,0.000,7.642,7.658,1.0000
1703.7437,716.4590,109.3332,0.0000,0.000,7.642,7.658,1.0000
1708.7410,716.3455,114.3292,0.0000,0.000,7.641,7.659,1.0000
1713.7383,716.2321,119.3252,0.0000,0.000,7.640,7.660,1.0000
1718.7356,716.1189,124.3213,0.0000,0.000,7.640,7.660,1.0000
1723.7329,716.0057,129.3173,0.0000,0.000,7.639,7.661,1.0000
1728.7302,715.8927,134.3133,0.0000,0.000,7.638,7.662,1.0000
1733.7275,715.7797,139.3093,0.0000,0.000,7.637,7.663,1.0000
1738.7248,715.6669,144.3054,0.0000,0.000,7.637,7.663,1.0000
1743.7221,715.5541,149.3014,0.0000,0.000,7.636,7.664,1.0000
1748.7194,715.4413,154.2974,0.0000,0.000,7.635,7.665,1.0000
1753.7167,715.3287,159.2934,0.0000,0.000,7.635,7.665,1.0000
1758.7140,715.2161,164.2894,0.0000,0.000,7.634,7.666,1.0000
1763.7113,715.1036,169.2855,0.0000,0.000,7.633,7.667,1.0000
1768.7086,714.9911,174.2815,0.0000,0.000,7.633,7.667,1.0000
1773.7059,714.8786,179.2775,0.0000,0.000,7.632,7.668,1.0000
1778.7032,714.7662,184.2735,0.0000,0.000,7.631,7.669,1.0000
1783.7004,714.6538,189.2696,0.0000,0.000,7.630,7.670,1.0000
1788.6977,714.5414,194.2656,0.0000,0.000,7.630,7.670,1.0000
1793.6950,714.4290,199.2616,0.0000,0.000,7.629,7.671,1.0000
1798.6923,714.3166,204.2576,0.0000,0.000,7.628,7.672,1.0000
1803.6896,714.2042,209.2536,0.0000,0.000,7.628,7.672,1.0000
1808.6869,714.0918,214.2497,0.0000,0.000,7.627,7.673,1.0000
1813.6842,713.9793,219.2457,0.0000,0.000,7.626,7.674,1.0000
1818.6815,713.8668,224.2417,0.0000,0.000,7.626,7.674,1.0000
1823.6788,713.7543,229.2377,0.0000,0.000,7.625,7.675,1.0000
1828.6761,713.6418,234.2338,0.0000,0.000,7.624,7.676,1.0000
1833.6734,713.5292,239.2298,0.0000,0.000,7.623,7.677,1.0000
1838.6707,713.4165,244.2258,0.0000,0.000,7.623,7.677,1.0000
1843.6680,713.3038,249.2219,0.0000,0.000,7.622,7.678,1.0000
1848.6653,713.1910,254.2179,0.0000,0.000,7.621,7.679,1.0000
1853.6626,713.0781,259.2139,0.0000,0.000,7.621,7.679,1.0000
1858.6599,712.9651,264.2100,0.0000,0.000,7.620,7.680,1.0000
1863.6572,712.8520,269.2060,0.0000,0.000,7.619,7.681,1.0000
1868.6545,712.7389,274.2021,0.0000,0.000,7.618,7.682,1.0000
1873.6519,712.6256,279.1981,0.0000,0.000,7.618,7.682,1.0000
1878.6492,712.5122,284.1942,0.0000,0.000,7.617,7.683,1.0000
1883.6466,712.3986,289.1902,0.0000,0.000,7.616,7.684,1.0000
1888.6439,712.2850,294.1863,0.0000,0.000,7.616,7.684,1.0000
1893.6413,712.1712,299.1823,0.0000,0.000,7.615,7.685,1.0000
1898.6386,712.0572,304.1784,0.0000,0.000,7.614,7.686,1.0000
1903.6360,711.9431,309.1745,0.0000,0.000,7.614,7.686,1.0000
1908.6334,711.8288,314.1705,0.0000,0.000,7.613,7.687,1.0000
1913.6307,711.7144,319.1666,0.0000,0.000,7.612,7.688,1.0000
1918.6281,711.5997,324.1627,0.0000,0.000,7.611,7.689,1.0000
1923.6255,711.4849,329.1588,0.0000,0.000,7.611,7.689,1.0000
1928.6229,711.3699,334.1548,0.0000,0.000,7.610,7.690,1.0000
1933.6203,711.2547,339.1509,0.0000,0.000,7.609,7.691,1.0000
1938.6178,711.1393,344.1470,0.0000,0.000,7.609,7.691,1.0000
1943.6152,711.0237,349.1431,0.0000,0.000,7.608,7.692,1.0000
1948.6126,710.9079,354.1392,0.0000,0.000,7.607,7.693,1.0000
1953.6101,710.7918,359.1353,0.0000,0.000,7.606,7.694,1.0000
1958.6076,710.6755,364.1314,0.0000,0.000,7.606,7.694,1.0000
1963.6050,710.5589,369.1275,0.0000,0.000,7.605,7.695,1.0000
1968.6025,710.4421,374.1236,0.0000,0.000,7.604,7.696,1.0000
1973.6000,710.3250,379.1198,0.0000,0.000,7.604,7.696,1.0000
1978.5975,710.2077,384.1159,0.0000,0.000,7.603,7.697,1.0000
1983.5950,710.0901,389.1120,0.0000,0.000,7.602,7.698,1.0000
1988.5926,709.9722,394.1082,0.0000,0.000,7.602,7.698,1.0000
1993.5901,709.8540,399.1043,0.0000,0.000,7.601,7.699,1.0000
1998.5877,709.7356,404.1005,0.0000,0.000,7.600,7.700,1.0000
2003.5852,709.6168,409.0966,0.0000,0.000,7.599,7.701,1.0000
2008.5828,709.4977,414.0928,0.0000,0.000,7.599,7.701,1.0000
2013.5804,709.3783,419.0890,0.0000,0.000,7.598,7.702,1.0000
2018.5780,709.2586,424.0851,0.0000,0.000,7.597,7.703,1.0000
2023.5756,709.1387,429.0813,0.0000,0.000,7.597,7.703,1.0000
2028.5733,709.0185,434.0775,0.0000,0.000,7.596,7.704,1.0000
2033.5709,708.8982,439.0737,0.0000,0.000,7.595,7.705,1.0000
2038.5685,708.7778,444.0699,0.0000,0.000,7.594,7.706,1.0000
2043.5662,708.6573,449.0661,0.0000,0.000,7.594,7.706,1.0000
2048.5638,708.5368,454.0623,0.0000,0.000,7.593,7.707,1.0000
2053.5615,708.4164,459.0585,0.0000,0.000,7.592,7.708,1.0000
2058.5591,708.2960,464.0547,0.0000,0.000,7.592,7.708,1.0000
2063.5568,708.1757,469.0509,0.0000,0.000,7.591,7.709,1.0000
2068.5544,708.0556,474.0471,0.0000,0.000,7.590,7.710,1.0000
2073.5521,707.9358,479.0433,0.0000,0.000,7.590,7.710,1.0000
2078.5497,707.8162,484.0395,0.0000,0.000,7.589,7.711,1.0000
2083.5474,707.6969,489.0357,0.0000,0.000,7.588,7.712,1.0000
2088.5450,707.5780,494.0319,0.0000,0.000,7.587,7.713,1.0000
2093.5426,707.4594,499.0281,0.0000,0.000,7.587,7.713,1.0000
2098.5402,707.3414,504.0243,0.0000,0.000,7.586,7.714,1.0000
2103.5378,707.2238,509.0205,0.0000,0.000,7.585,7.715,1.0000
2108.5353,707.1068,514.0167,0.0000,0.000,7.585,7.715,1.0000
2113.5329,706.9904,519.0129,0.0000,0.000,7.584,7.716,1.0000
2118.5304,706.8746,524.0091,0.0000,0.000,7.583,7.717,1.0000
2123.5279,706.7596,529.0053,0.0000,0.000,7.583,7.717,1.0000
2128.5254,706.6452,534.0014,0.0000,0.000,7.582,7.718,1.0000
2133.5229,706.5317,538.9976,0.0000,0.000,7.581,7.719,1.0000
2138.5203,706.4190,543.9938,0.0000,0.000,7.580,7.720,1.0000
2143.5177,706.3071,548.9900,0.0000,0.000,7.580,7.720,1.0000
2148.5151,706.1962,553.9861,0.0000,0.000,7.588,7.712,1.0000
2153.5125,706.0863,558.9823,0.0000,0.000,7.600,7.700,1.0000
2158.5098,705.9774,563.9784,0.0000,0.000,7.613,7.687,1.0000
2163.5071,705.8695,568.9745,0.0000,0.000,7.625,7.675,1.0000
2168.5043,705.7628,573.9706,0.0000,0.000,7.637,7.663,1.0000
2173.5016,705.6572,578.9668,0.0000,0.000,7.649,7.651,1.0000
2178.4988,705.5528,583.9629,0.0000,0.000,7.662,7.638,1.0000
2183.4959,705.4497,588.9590,0.0000,0.000,7.674,7.626,1.0000
2188.4930,705.3479,593.9550,0.0000,0.000,7.686,7.614,1.0000
2193.4901,705.2475,598.9511,0.0000,0.000,7.698,7.602,1.0000
2198.4872,705.1484,603.9472,0.0000,0.000,7.710,7.590,1.0000
2203.4842,705.0508,608.9432,0.0000,0.000,7.723,7.577,1.0000
2208.4811,704.9547,613.9393,0.0000,0.000,7.735,7.565,1.0000
2213.4781,704.8601,618.9353,0.0000,0.000,7.747,7.553,1.0000
2218.4749,704.7671,623.9313,0.0000,0.000,7.759,7.541,1.0000
2223.4718,704.6757,628.9273,0.0000,0.000,7.772,7.528,1.0000
2228.4685,704.5860,633.9233,0.0000,0.000,7.784,7.516,1.0000
2233.4653,704.4981,638.9192,0.0000,0.000,7.796,7.504,1.0000
2238.4620,704.4119,643.9152,0.0000,0.000,7.808,7.492,1.0000
2243.4586,704.3275,648.9111,0.0000,0.000,7.821,7.479,1.0000
2248.4552,704.2450,653.9070,0.0000,0.000,7.833,7.467,1.0000
2253.4518,704.1644,658.9029,0.0000,0.000,7.845,7.455,1.0000
2258.4483,704.0858,663.8988,0.0000,0.000,7.857,7.443,1.0000
2263.4447,704.0092,668.8947,0.0000,0.000,7.869,7.431,1.0000
2268.4411,703.9336,673.8905,0.0000,0.000,7.872,7.428,1.0000
2273.4374,703.8547,678.8862,0.0000,0.000,7.858,7.442,1.0000
2278.4335,703.7678,683.8815,0.0000,0.000,7.844,7.456,1.0000
2283.4295,703.6678,688.8765,0.0000,0.000,7.829,7.471,1.0000
2288.4254,703.5499,693.8710,0.0000,0.000,7.815,7.485,1.0000
2293.4212,703.4093,698.8648,0.0000,0.000,7.801,7.499,1.0000
2298.4170,703.2411,703.8578,0.0000,0.000,7.787,7.513,1.0000
2303.4132,703.0403,708.8500,0.0000,0.000,7.757,7.543,1.0000
2308.4100,702.8022,713.8411,0.0000,0.000,7.684,7.616,1.0000
2313.4078,702.5219,718.8311,0.0000,0.000,7.612,7.688,1.0000
2318.4073,702.1945,723.8198,0.0000,0.000,7.540,7.760,1.0000
2323.4090,701.8150,728.8071,0.0000,0.000,7.468,7.832,1.0000
2328.4138,701.3787,733.7928,0.0000,0.000,7.395,7.905,1.0000
2333.4218,700.8808,738.7760,0.0000,0.000,7.331,7.969,1.0000
2338.4312,700.3169,743.7536,0.0000,0.000,7.273,8.027,1.0000
2343.4406,699.6824,748.7226,0.0000,0.000,7.215,8.085,1.0000
2348.4485,698.9731,753.6801,0.0000,0.000,7.207,8.093,1.0000
2353.4539,698.1843,758.6229,0.0000,0.000,7.212,8.088,1.0000
2358.4557,697.3117,763.5480,0.0000,0.000,7.216,8.084,1.0000
2363.4533,696.3508,768.4524,0.0000,0.000,7.231,8.069,1.0000
2368.4464,695.2973,773.3330,0.0000,0.000,7.248,8.052,1.0000
2373.4347,694.1465,778.1868,0.0000,0.000,7.369,7.931,1.0000
2378.4186,692.8942,783.0108,0.0000,0.000,7.539,7.761,1.0000
2383.3985,691.5358,787.8018,0.0000,0.000,7.647,7.653,1.0000
2388.3753,690.0669,792.5569,0.0000,0.000,7.732,7.568,1.0000
2393.3503,688.4840,797.2733,0.0000,0.000,7.813,7.487,1.0000
2398.3246,686.7878,801.9495,0.0000,0.000,7.804,7.496,1.0000
2403.2993,684.9810,806.5846,0.0000,0.000,7.794,7.506,1.0000
2408.2754,683.0662,811.1775,0.0000,0.000,7.747,7.553,1.0000
2413.2536,681.0459,815.7273,0.0000,0.000,7.689,7.611,1.0000
2418.2345,678.9228,820.2331,0.0000,0.000,7.632,7.668,1.0000
2423.2187,676.6993,824.6938,0.0000,0.000,7.586,7.714,1.0000
2428.2065,674.3781,829.1086,0.0000,0.000,7.549,7.751,1.0000
2433.1982,671.9618,833.4764,0.0000,0.000,7.511,7.789,1.0000
2438.1938,669.4528,837.7964,0.0000,0.000,7.513,7.787,1.0000
2443.1934,666.8539,842.0674,0.0000,0.000,7.614,7.686,1.0000
2448.1970,664.1675,846.2886,0.0000,0.000,7.702,7.598,1.0000
2453.2041,661.3962,850.4589,0.0000,0.000,7.746,7.554,1.0000
2458.2147,658.5427,854.5775,0.0000,0.000,7.791,7.509,1.0000
2463.2282,655.6094,858.6434,0.0000,0.000,7.818,7.482,1.0000
2468.2441,652.5990,862.6555,0.0000,0.000,7.718,7.582,1.0000
2473.2620,649.5141,866.6130,0.0000,0.000,7.618,7.682,1.0000
2478.2810,646.3571,870.5149,0.0000,0.000,7.519,7.781,1.0000
2483.3005,643.1307,874.3601,0.0000,0.000,7.461,7.839,1.0000
2488.3197,639.8375,878.1477,0.0000,0.000,7.431,7.869,1.0000
2493.3375,636.4800,881.8769,0.0000,0.000,7.400,7.900,1.0000
2498.3532,633.0608,885.5465,0.0000,0.000,7.370,7.930,1.0000
2503.3657,629.5825,889.1556,0.0000,0.000,7.376,7.924,1.0000
2508.3738,626.0476,892.7034,0.0000,0.000,7.387,7.913,1.0000
2513.3765,622.4588,896.1887,0.0000,0.000,7.397,7.903,1.0000
2518.3728,618.8184,899.6106,0.0000,0.000,7.499,7.801,1.0000
2523.3626,615.1271,902.9681,0.0000,0.000,7.632,7.668,1.0000
2528.3468,611.3844,906.2598,0.0000,0.000,7.765,7.535,1.0000
2533.3266,607.5898,909.4845,0.0000,0.000,7.764,7.536,1.0000
2538.3027,603.7430,912.6411,0.0000,0.000,7.749,7.551,1.0000
2543.2765,599.8433,915.7283,0.0000,0.000,7.689,7.611,1.0000
2548.2490,595.8903,918.7448,0.0000,0.000,7.632,7.668,1.0000
2553.2214,591.8835,921.6895,0.0000,0.000,7.619,7.681,1.0000
2558.1952,587.8225,924.5611,0.0000,0.000,7.605,7.695,1.0000
2563.1716,583.7068,927.3585,0.0000,0.000,7.592,7.708,1.0000
2568.1521,579.5358,930.0803,0.0000,0.000,7.581,7.719,1.0000
2573.1382,575.3091,932.7253,0.0000,0.000,7.573,7.727,1.0000
2578.1314,571.0262,935.2924,0.0000,0.000,7.565,7.735,1.0000
2583.1331,566.6870,937.7800,0.0000,0.000,7.545,7.755,1.0000
2588.1418,562.2932,940.1843,0.0000,0.000,7.521,7.779,1.0000
2593.1553,557.8471,942.5011,0.0000,0.000,7.498,7.802,1.0000
2598.1716,553.3511,944.7259,0.0000,0.000,7.474,7.826,1.0000
2603.1889,548.8076,946.8543,0.0000,0.000,7.454,7.846,1.0000
2608.2055,544.2191,948.8819,0.0000,0.000,7.434,7.866,1.0000
2613.2199,539.5878,950.8043,0.0000,0.000,7.414,7.886,1.0000
2618.2310,534.9161,952.6172,0.0000,0.000,7.469,7.831,1.0000
2623.2376,530.2065,954.3161,0.0000,0.000,7.545,7.755,1.0000
2628.2391,525.4614,955.8967,0.0000,0.000,7.621,7.679,1.0000
2633.2349,520.6830,957.3544,0.0000,0.000,7.659,7.641,1.0000
2638.2247,515.8739,958.6850,0.0000,0.000,7.679,7.621,1.0000
2643.2087,511.0363,959.8843,0.0000,0.000,7.700,7.600,1.0000
2648.1885,506.1726,960.9535,0.0000,0.000,7.691,7.609,1.0000
2653.1669,501.2851,961.8999,0.0000,0.000,7.647,7.653,1.0000
2658.1460,496.3758,962.7309,0.0000,0.000,7.603,7.697,1.0000
2663.1275,491.4470,963.4541,0.0000,0.000,7.556,7.744,1.0000
2668.1126,486.5010,964.0771,0.0000,0.000,7.496,7.804,1.0000
2673.1019,481.5400,964.6072,0.0000,0.000,7.436,7.864,1.0000
2678.0956,476.5661,965.0520,0.0000,0.000,7.376,7.924,1.0000
2683.0936,471.5816,965.4190,0.0000,0.000,7.329,7.971,1.0000
2688.0954,466.5887,965.7158,0.0000,0.000,7.380,7.920,1.0000
2693.0999,461.5896,965.9499,0.0000,0.000,7.430,7.870,1.0000
2698.1062,456.5865,966.1286,0.0000,0.000,7.475,7.825,1.0000
2703.1128,451.5816,966.2597,0.0000,0.000,7.491,7.809,1.0000
2708.1181,446.5771,966.3503,0.0000,0.000,7.508,7.792,1.0000
2713.1218,441.5737,966.4052,0.0000,0.000,7.523,7.777,1.0000
2718.1241,436.5715,966.4278,0.0000,0.000,7.534,7.766,1.0000
2723.1254,431.5702,966.4210,0.0000,0.000,7.545,7.755,1.0000
2728.1257,426.5700,966.3882,0.0000,0.000,7.556,7.744,1.0000
2733.1253,421.5708,966.3325,0.0000,0.000,7.567,7.733,1.0000
2738.1242,416.5724,966.2571,0.0000,0.000,7.577,7.723,1.0000
2743.1225,411.5749,966.1651,0.0000,0.000,7.588,7.712,1.0000
2748.1203,406.5782,966.0598,0.0000,0.000,7.599,7.701,1.0000
2753.1176,401.5823,965.9442,0.0000,0.000,7.610,7.690,1.0000
2758.1143,396.5871,965.8217,0.0000,0.000,7.621,7.679,1.0000
2763.1104,391.5926,965.6953,0.0000,0.000,7.632,7.668,1.0000
2768.1059,386.5987,965.5682,0.0000,0.000,7.643,7.657,1.0000
2773.1008,381.6053,965.4427,0.0000,0.000,7.654,7.646,1.0000
2778.0953,376.6125,965.3190,0.0000,0.000,7.665,7.635,1.0000
2783.0892,371.6199,965.1972,0.0000,0.000,7.676,7.624,1.0000
2788.0829,366.6277,965.0776,0.0000,0.000,7.687,7.613,1.0000
2793.0763,361.6357,964.9603,0.0000,0.000,7.697,7.603,1.0000
2798.0696,356.6437,964.8454,0.0000,0.000,7.708,7.592,1.0000
2803.0628,351.6518,964.7330,0.0000,0.000,7.719,7.581,1.0000
2808.0561,346.6597,964.6232,0.0000,0.000,7.730,7.570,1.0000
2813.0495,341.6675,964.5163,0.0000,0.000,7.741,7.559,1.0000
2818.0431,336.6750,964.4124,0.0000,0.000,7.752,7.548,1.0000
2823.0370,331.6821,964.3115,0.0000,0.000,7.763,7.537,1.0000
2828.0313,326.6887,964.2138,0.0000,0.000,7.774,7.526,1.0000
2833.0261,321.6947,964.1195,0.0000,0.000,7.785,7.515,1.0000
2838.0216,316.7002,964.0287,0.0000,0.000,7.796,7.504,1.0000
2843.0177,311.7048,963.9416,0.0000,0.000,7.806,7.494,1.0000
2848.0145,306.7086,963.8582,0.0000,0.000,7.817,7.483,1.0000
2853.0123,301.7115,963.7787,0.0000,0.000,7.828,7.472,1.0000
2858.0110,296.7133,963.7033,0.0000,0.000,7.839,7.461,1.0000
2863.0108,291.7140,963.6320,0.0000,0.000,7.850,7.450,1.0000
2868.0118,286.7135,963.5651,0.0000,0.000,7.861,7.439,1.0000
2873.0140,281.7117,963.5026,0.0000,0.000,7.872,7.428,1.0000
2878.0176,276.7085,963.4448,0.0000,0.000,7.883,7.417,1.0000
2883.0226,271.7038,963.3916,0.0000,0.000,7.894,7.406,1.0000
2888.0291,266.6974,963.3434,0.0000,0.000,7.905,7.395,1.0000
2893.0373,261.6894,963.3001,0.0000,0.000,7.916,7.384,1.0000
2898.0470,256.6799,963.2600,0.0000,0.000,7.926,7.374,1.0000
2903.0570,251.6702,963.2143,0.0000,0.000,7.937,7.363,1.0000
2908.0659,246.6616,963.1530,0.0000,0.000,7.946,7.354,1.0000
2913.0726,241.6557,963.0658,0.0000,0.000,7.865,7.435,1.0000
2918.0760,236.6538,962.9428,0.0000,0.000,7.784,7.516,1.0000
2923.0752,231.6575,962.7737,0.0000,0.000,7.704,7.596,1.0000
2928.0696,226.6681,962.5485,0.0000,0.000,7.623,7.677,1.0000
2933.0591,221.6871,962.2571,0.0000,0.000,7.558,7.742,1.0000
2938.0439,216.7159,961.8893,0.0000,0.000,7.506,7.794,1.0000
2943.0245,211.7561,961.4350,0.0000,0.000,7.454,7.846,1.0000
2948.0023,206.8089,960.8841,0.0000,0.000,7.413,7.887,1.0000
2952.9789,201.8759,960.2264,0.0000,0.000,7.376,7.924,1.0000
2957.9568,196.9585,959.4526,0.0000,0.000,7.340,7.960,1.0000
2962.9374,192.0584,958.5607,0.0000,0.000,7.329,7.971,1.0000
2967.9213,187.1773,957.5536,0.0000,0.000,7.337,7.963,1.0000
2972.9087,182.3171,956.4347,0.0000,0.000,7.345,7.955,1.0000
2977.8998,177.4793,955.2070,0.0000,0.000,7.353,7.947,1.0000
2982.8944,172.6659,953.8737,0.0000,0.000,7.436,7.864,1.0000
2987.8924,167.8786,952.4380,0.0000,0.000,7.520,7.780,1.0000
2992.8932,163.1191,950.9031,0.0000,0.000,7.605,7.695,1.0000
2997.8964,158.3893,949.2722,0.0000,0.000,7.667,7.633,1.0000
3002.9011,153.6909,947.5483,0.0000,0.000,7.662,7.638,1.0000
3007.9065,149.0256,945.7348,0.0000,0.000,7.657,7.643,1.0000
3012.9115,144.3952,943.8346,0.0000,0.000,7.651,7.649,1.0000
3017.9152,139.8015,941.8511,0.0000,0.000,7.663,7.637,1.0000
3022.9166,135.2462,939.7865,0.0000,0.000,7.681,7.619,1.0000
3027.9160,130.7304,937.6411,0.0000,0.000,7.698,7.602,1.0000
3032.9139,126.2555,935.4155,0.0000,0.000,7.702,7.598,1.0000
3037.9105,121.8227,933.1097,0.0000,0.000,7.608,7.692,1.0000
3042.9062,117.4333,930.7241,0.0000,0.000,7.514,7.786,1.0000
3047.9015,113.0886,928.2591,0.0000,0.000,7.420,7.880,1.0000
3052.8968,108.7899,925.7148,0.0000,0.000,7.389,7.911,1.0000
3057.8925,104.5384,923.0915,0.0000,0.000,7.377,7.923,1.0000
3062.8891,100.3353,920.3896,0.0000,0.000,7.364,7.936,1.0000
3067.8870,96.1820,917.6094,0.0000,0.000,7.352,7.948,1.0000
3072.8869,92.0797,914.7511,0.0000,0.000,7.452,7.848,1.0000
3077.8893,88.0297,911.8149,0.0000,0.000,7.579,7.721,1.0000
3082.8946,84.0333,908.8013,0.0000,0.000,7.706,7.594,1.0000
3087.9019,80.0939,905.7102,0.0000,0.000,7.795,7.505,1.0000
3092.9090,76.2172,902.5414,0.0000,0.000,7.821,7.479,1.0000
3097.9133,72.4089,899.2948,0.0000,0.000,7.847,7.453,1.0000
3102.9130,68.6748,895.9700,0.0000,0.000,7.873,7.427,1.0000
3107.9063,65.0208,892.5669,0.0000,0.000,7.734,7.566,1.0000
3112.8916,61.4526,889.0854,0.0000,0.000,7.572,7.728,1.0000
3117.8687,57.9741,885.5257,0.0000,0.000,7.410,7.890,1.0000
3122.8405,54.5822,881.8907,0.0000,0.000,7.320,7.980,1.0000
3127.8100,51.2725,878.1837,0.0000,0.000,7.244,8.056,1.0000
3132.7801,48.0406,874.4078,0.0000,0.000,7.168,8.132,1.0000
3137.7533,44.8820,870.5665,0.0000,0.000,7.227,8.073,1.0000
3142.7318,41.7921,866.6628,0.0000,0.000,7.299,8.001,1.0000
3147.7169,38.7679,862.6999,0.0000,0.000,7.370,7.930,1.0000
3152.7082,35.8100,858.6795,0.0000,0.000,7.490,7.810,1.0000
3157.7048,32.9202,854.6033,0.0000,0.000,7.625,7.675,1.0000
3162.7060,30.1003,850.4729,0.0000,0.000,7.713,7.587,1.0000
3167.7109,27.3520,846.2901,0.0000,0.000,7.657,7.643,1.0000
3172.7189,24.6771,842.0563,0.0000,0.000,7.602,7.698,1.0000
3177.7292,22.0773,837.7733,0.0000,0.000,7.546,7.754,1.0000
3182.7411,19.5543,833.4428,0.0000,0.000,7.491,7.809,1.0000
3187.7540,17.1100,829.0662,0.0000,0.000,7.514,7.786,1.0000
3192.7672,14.7459,824.6454,0.0000,0.000,7.549,7.751,1.0000
3197.7803,12.4640,820.1818,0.0000,0.000,7.585,7.715,1.0000
3202.7925,10.2658,815.6773,0.0000,0.000,7.621,7.679,1.0000
3207.8036,8.1533,811.1333,0.0000,0.000,7.646,7.654,1.0000
3212.8129,6.1280,806.5516,0.0000,0.000,7.643,7.657,1.0000
3217.8203,4.1918,801.9337,0.0000,0.000,7.639,7.661,1.0000
3222.8252,2.3464,797.2814,0.0000,0.000,7.636,7.664,1.0000
3227.8275,0.5935,792.5963,0.0000,0.000,7.632,7.668,1.0000
3232.8270,-1.0651,787.8800,0.0000,0.000,7.627,7.673,1.0000
3237.8235,-2.6277,783.1341,0.0000,0.000,7.608,7.692,1.0000
3242.8170,-4.0925,778.3603,0.0000,0.000,7.588,7.712,1.0000
3247.8074,-5.4578,773.5603,0.0000,0.000,7.569,7.731,1.0000
3252.7949,-6.7218,768.7356,0.0000,0.000,7.551,7.749,1.0000
3257.7797,-7.8829,763.8879,0.0000,0.000,7.533,7.767,1.0000
3262.7620,-8.9392,759.0189,0.0000,0.000,7.515,7.785,1.0000
3267.7422,-9.8890,754.1301,0.0000,0.000,7.462,7.838,1.0000
3272.7207,-10.7313,749.2233,0.0000,0.000,7.401,7.899,1.0000
3277.6993,-11.4704,744.3000,0.0000,0.000,7.339,7.961,1.0000
3282.6791,-12.1125,739.3616,0.0000,0.000,7.278,8.022,1.0000
3287.6615,-12.6638,734.4098,0.0000,0.000,7.230,8.070,1.0000
3292.6472,-13.1305,729.4461,0.0000,0.000,7.204,8.096,1.0000
3297.6365,-13.5188,724.4719,0.0000,0.000,7.179,8.121,1.0000
3302.6295,-13.8350,719.4889,0.0000,0.000,7.168,8.132,1.0000
3307.6262,-14.0854,714.4985,0.0000,0.000,7.342,7.958,1.0000
3312.6261,-14.2761,709.5023,0.0000,0.000,7.515,7.785,1.0000
3317.6285,-14.4134,704.5017,0.0000,0.000,7.688,7.612,1.0000
3322.6326,-14.5035,699.4984,0.0000,0.000,7.769,7.531,1.0000
3327.6374,-14.5527,694.4939,0.0000,0.000,7.830,7.470,1.0000
3332.6417,-14.5672,689.4896,0.0000,0.000,7.891,7.409,1.0000
3337.6446,-14.5525,684.4868,0.0000,0.000,7.883,7.417,1.0000
3342.6460,-14.5117,679.4855,0.0000,0.000,7.854,7.446,1.0000
3347.6462,-14.4476,674.4857,0.0000,0.000,7.818,7.482,1.0000
3352.6454,-14.3627,669.4872,0.0000,0.000,7.780,7.520,1.0000
3357.6439,-14.2595,664.4898,0.0000,0.000,7.742,7.558,1.0000
3362.6417,-14.1408,659.4934,0.0000,0.000,7.704,7.596,1.0000
3367.6391,-14.0091,654.4977,0.0000,0.000,7.667,7.633,1.0000
3372.6361,-13.8670,649.5028,0.0000,0.000,7.629,7.671,1.0000
3377.6328,-13.7171,644.5083,0.0000,0.000,7.591,7.709,1.0000
3382.6294,-13.5620,639.5141,0.0000,0.000,7.553,7.747,1.0000
3387.6259,-13.4044,634.5201,0.0000,0.000,7.515,7.785,1.0000
3392.6223,-13.2468,629.5262,0.0000,0.000,7.525,7.775,1.0000
3397.6188,-13.0918,624.5321,0.0000,0.000,7.539,7.761,1.0000
3402.6154,-12.9402,619.5378,0.0000,0.000,7.553,7.747,1.0000
3407.6120,-12.7921,614.5434,0.0000,0.000,7.568,7.732,1.0000
3412.6087,-12.6472,609.5488,0.0000,0.000,7.582,7.718,1.0000
3417.6055,-12.5054,604.5540,0.0000,0.000,7.597,7.703,1.0000
3422.6024,-12.3666,599.5591,0.0000,0.000,7.611,7.689,1.0000
3427.5993,-12.2306,594.5640,0.0000,0.000,7.625,7.675,1.0000
3432.5963,-12.0974,589.5688,0.0000,0.000,7.640,7.660,1.0000
3437.5933,-11.9668,584.5734,0.0000,0.000,7.654,7.646,1.0000
3442.5904,-11.8386,579.5780,0.0000,0.000,7.668,7.632,1.0000
3447.5876,-11.7128,574.5824,0.0000,0.000,7.683,7.617,1.0000
3452.5848,-11.5891,569.5867,0.0000,0.000,7.686,7.614,1.0000
3457.5821,-11.4676,564.5909,0.0000,0.000,7.688,7.612,1.0000
3462.5794,-11.3480,559.5950,0.0000,0.000,7.690,7.610,1.0000
3467.5768,-11.2302,554.5991,0.0000,0.000,7.692,7.608,1.0000
3472.5742,-11.1140,549.6030,0.0000,0.000,7.694,7.606,1.0000
3477.5716,-10.9994,544.6069,0.0000,0.000,7.695,7.605,1.0000
3482.5690,-10.8863,539.6107,0.0000,0.000,7.697,7.603,1.0000
3487.5665,-10.7744,534.6145,0.0000,0.000,7.699,7.601,1.0000
3492.5640,-10.6637,529.6182,0.0000,0.000,7.701,7.599,1.0000
3497.5616,-10.5539,524.6219,0.0000,0.000,7.703,7.597,1.0000
3502.5591,-10.4451,519.6255,0.0000,0.000,7.705,7.595,1.0000
3507.5567,-10.3370,514.6291,0.0000,0.000,7.706,7.594,1.0000
3512.5542,-10.2296,509.6327,0.0000,0.000,7.708,7.592,1.0000
3517.5518,-10.1227,504.6363,0.0000,0.000,7.710,7.590,1.0000
3522.5493,-10.0161,499.6399,0.0000,0.000,7.712,7.588,1.0000
3527.5469,-9.9098,494.6435,0.0000,0.000,7.714,7.586,1.0000
3532.5444,-9.8038,489.6471,0.0000,0.000,7.715,7.585,1.0000
3537.5419,-9.6980,484.6507,0.0000,0.000,7.717,7.583,1.0000
3542.5395,-9.5926,479.6543,0.0000,0.000,7.719,7.581,1.0000
3547.5370,-9.4874,474.6579,0.0000,0.000,7.721,7.579,1.0000
3552.5345,-9.3825,469.6615,0.0000,0.000,7.723,7.577,1.0000
3557.5320,-9.2778,464.6650,0.0000,0.000,7.725,7.575,1.0000
3562.5295,-9.1734,459.6686,0.0000,0.000,7.724,7.576,1.0000
3567.5270,-9.0692,454.6722,0.0000,0.000,7.719,7.581,1.0000
3572.5244,-8.9653,449.6758,0.0000,0.000,7.715,7.585,1.0000
3577.5219,-8.8616,444.6794,0.0000,0.000,7.710,7.590,1.0000
3582.5194,-8.7582,439.6830,0.0000,0.000,7.706,7.594,1.0000
3587.5168,-8.6549,434.6867,0.0000,0.000,7.701,7.599,1.0000
3592.5143,-8.5520,429.6903,0.0000,0.000,7.696,7.604,1.0000
3597.5118,-8.4492,424.6939,0.0000,0.000,7.692,7.608,1.0000
3602.5092,-8.3466,419.6975,0.0000,0.000,7.687,7.613,1.0000
3607.5066,-8.2443,414.7011,0.0000,0.000,7.683,7.617,1.0000
3612.5041,-8.1422,409.7047,0.0000,0.000,7.678,7.622,1.0000
3617.5015,-8.0402,404.7083,0.0000,0.000,7.673,7.627,1.0000
3622.4989,-7.9385,399.7119,0.0000,0.000,7.669,7.631,1.0000
3627.4963,-7.8370,394.7155,0.0000,0.000,7.664,7.636,1.0000
3632.4938,-7.7356,389.7191,0.0000,0.000,7.660,7.640,1.0000
3637.4912,-7.6344,384.7227,0.0000,0.000,7.655,7.645,1.0000
3642.4886,-7.5335,379.7264,0.0000,0.000,7.651,7.649,1.0000
3647.4860,-7.4326,374.7300,0.0000,0.000,7.646,7.654,1.0000
3652.4834,-7.3320,369.7336,0.0000,0.000,7.641,7.659,1.0000
3657.4808,-7.2315,364.7372,0.0000,0.000,7.638,7.662,1.0000
3662.4782,-7.1312,359.7408,0.0000,0.000,7.636,7.664,1.0000
3667.4756,-7.0311,354.7444,0.0000,0.000,7.633,7.667,1.0000
3672.4729,-6.9311,349.7480,0.0000,0.000,7.631,7.669,1.0000
3677.4703,-6.8312,344.7517,0.0000,0.000,7.628,7.672,1.0000
3682.4677,-6.7315,339.7553,0.0000,0.000,7.626,7.674,1.0000
3687.4651,-6.6319,334.7589,0.0000,0.000,7.623,7.677,1.0000
3692.4624,-6.5324,329.7625,0.0000,0.000,7.621,7.679,1.0000
3697.4598,-6.4331,324.7661,0.0000,0.000,7.622,7.678,1.0000
3702.4572,-6.3339,319.7698,0.0000,0.000,7.622,7.678,1.0000
3707.4545,-6.2349,314.7734,0.0000,0.000,7.622,7.678,1.0000
3712.4519,-6.1359,309.7770,0.0000,0.000,7.623,7.677,1.0000
3717.4493,-6.0370,304.7806,0.0000,0.000,7.623,7.677,1.0000
3722.4466,-5.9383,299.7842,0.0000,0.000,7.623,7.677,1.0000
3727.4440,-5.8396,294.7878,0.0000,0.000,7.624,7.676,1.0000
3732.4413,-5.7411,289.7915,0.0000,0.000,7.624,7.676,1.0000
3737.4387,-5.6426,284.7951,0.0000,0.000,7.624,7.676,1.0000
3742.4360,-5.5442,279.7987,0.0000,0.000,7.625,7.675,1.0000
3747.4334,-5.4459,274.8023,0.0000,0.000,7.625,7.675,1.0000
3752.4307,-5.3477,269.8059,0.0000,0.000,7.625,7.675,1.0000
3757.4281,-5.2496,264.8095,0.0000,0.000,7.626,7.674,1.0000
3762.4254,-5.1515,259.8132,0.0000,0.000,7.626,7.674,1.0000
3767.4228,-5.0535,254.8168,0.0000,0.000,7.626,7.674,1.0000
3772.4201,-4.9555,249.8204,0.0000,0.000,7.627,7.673,1.0000
3777.4175,-4.8576,244.8240,0.0000,0.000,7.627,7.673,1.0000
3782.4148,-4.7598,239.8276,0.0000,0.000,7.627,7.673,1.0000
3787.4122,-4.6620,234.8312,0.0000,0.000,7.628,7.672,1.0000
3792.4095,-4.5642,229.8348,0.0000,0.000,7.628,7.672,1.0000
3797.4069,-4.4665,224.8385,0.0000,0.000,7.628,7.672,1.0000
3802.4042,-4.3688,219.8421,0.0000,0.000,7.629,7.671,1.0000
3807.4015,-4.2711,214.8457,0.0000,0.000,7.629,7.671,1.0000
3812.3989,-4.1734,209.8493,0.0000,0.000,7.629,7.671,1.0000
3817.3962,-4.0758,204.8529,0.0000,0.000,7.630,7.670,1.0000
3822.3936,-3.9782,199.8565,0.0000,0.000,7.630,7.670,1.0000
3827.3909,-3.8805,194.8601,0.0000,0.000,7.630,7.670,1.0000
3832.3883,-3.7829,189.8637,0.0000,0.000,7.631,7.669,1.0000
3837.3856,-3.6853,184.8673,0.0000,0.000,7.631,7.669,1.0000
3842.3830,-3.5877,179.8709,0.0000,0.000,7.631,7.669,1.0000
3847.3803,-3.4900,174.8745,0.0000,0.000,7.632,7.668,1.0000
3852.3777,-3.3924,169.8781,0.0000,0.000,7.632,7.668,1.0000
3857.3750,-3.2947,164.8817,0.0000,0.000,7.632,7.668,1.0000
3862.3724,-3.1970,159.8853,0.0000,0.000,7.633,7.667,1.0000
3867.3698,-3.0992,154.8889,0.0000,0.000,7.633,7.667,1.0000
3872.3671,-3.0015,149.8925,0.0000,0.000,7.633,7.667,1.0000
3877.3645,-2.9037,144.8961,0.0000,0.000,7.634,7.666,1.0000
3882.3618,-2.8058,139.8997,0.0000,0.000,7.634,7.666,1.0000
3887.3592,-2.7079,134.9033,0.0000,0.000,7.634,7.666,1.0000
3892.3566,-2.6100,129.9069,0.0000,0.000,7.635,7.665,1.0000
3897.3540,-2.5119,124.9105,0.0000,0.000,7.635,7.665,1.0000
3902.3513,-2.4139,119.9140,0.0000,0.000,7.635,7.665,1.0000
3907.3487,-2.3157,114.9176,0.0000,0.000,7.636,7.664,1.0000
3912.3461,-2.2175,109.9212,0.0000,0.000,7.636,7.664,1.0000
3917.3435,-2.1192,104.9248,0.0000,0.000,7.636,7.664,1.0000
3922.3409,-2.0208,99.9284,0.0000,0.000,7.637,7.663,1.0000
3927.3383,-1.9224,94.9320,0.0000,0.000,7.637,7.663,1.0000
3932.3357,-1.8238,89.9355,0.0000,0.000,7.638,7.662,1.0000
3937.3331,-1.7252,84.9391,0.0000,0.000,7.638,7.662,1.0000
3942.3305,-1.6264,79.9427,0.0000,0.000,7.638,7.662,1.0000
3947.3279,-1.5276,74.9462,0.0000,0.000,7.639,7.661,1.0000
3952.3253,-1.4286,69.9498,0.0000,0.000,7.639,7.661,1.0000
3957.3227,-1.3295,64.9534,0.0000,0.000,7.639,7.661,1.0000
3962.3201,-1.2303,59.9569,0.0000,0.000,7.640,7.660,1.0000
3967.3176,-1.1310,54.9605,0.0000,0.000,7.640,7.660,1.0000
3972.3150,-1.0316,49.9641,0.0000,0.000,7.640,7.660,1.0000
3977.3124,-0.9320,44.9676,0.0000,0.000,7.641,7.659,1.0000
3982.3099,-0.8323,39.9712,0.0000,0.000,7.641,7.659,1.0000
3987.3073,-0.7324,34.9747,0.0000,0.000,7.641,7.659,1.0000
3992.3048,-0.6324,29.9783,0.0000,0.000,7.642,7.658,1.0000
3997.3022,-0.5323,24.9818,0.0000,0.000,7.642,7.658,1.0000
4002.2997,-0.4320,19.9854,0.0000,0.000,7.642,7.658,1.0000
4007.2971,-0.3315,14.9889,0.0000,0.000,7.643,7.657,1.0000
4012.2946,-0.2308,9.9924,0.0000,0.000,7.643,7.657,1.0000
4017.2921,-0.1300,4.9960,0.0000,0.000,7.643,7.657,1.0000
