# Silverstone Circuit — TUMFTM racetrack-database (LGPL-3.0), flat 2-D centre line + measured widths; upstream commit e59595d.
s_m,x_m,y_m,z_m,banking_deg,width_left_m,width_right_m,grip_scale
0.0000,3.4394,-0.4953,0.0000,0.000,6.536,6.556,1.0000
5.0005,6.3708,3.5558,0.0000,0.000,6.537,6.558,1.0000
10.0008,9.3019,7.6069,0.0000,0.000,6.538,6.560,1.0000
15.0010,12.2329,11.6581,0.0000,0.000,6.539,6.562,1.0000
20.0011,15.1636,15.7093,0.0000,0.000,6.540,6.564,1.0000
25.0012,18.0941,19.7605,0.0000,0.000,6.541,6.566,1.0000
30.0012,21.0244,23.8118,0.0000,0.000,6.543,6.568,1.0000
35.0011,23.9545,27.8632,0.0000,0.000,6.544,6.571,1.0000
40.0010,26.8845,31.9146,0.0000,0.000,6.545,6.573,1.0000
45.0008,29.8144,35.9661,0.0000,0.000,6.546,6.575,1.0000
50.0007,32.7441,40.0176,0.0000,0.000,6.547,6.577,1.0000
55.0005,35.6738,44.0692,0.0000,0.000,6.548,6.579,1.0000
60.0004,38.6034,48.1209,0.0000,0.000,6.549,6.581,1.0000
65.0003,41.5330,52.1726,0.0000,0.000,6.550,6.583,1.0000
70.0002,44.4625,56.2244,0.0000,0.000,6.551,6.585,1.0000
75.0002,47.3920,60.2763,0.0000,0.000,6.552,6.587,1.0000
80.0002,50.3214,64.3282,0.0000,0.000,6.553,6.589,1.0000
85.0002,53.2509,68.3802,0.0000,0.000,6.555,6.591,1.0000
90.0002,56.1803,72.4323,0.0000,0.000,6.556,6.594,1.0000
95.0003,59.1098,76.4843,0.0000,0.000,6.557,6.596,1.0000
100.0005,62.0392,80.5365,0.0000,0.000,6.558,6.598,1.0000
105.0006,64.9686,84.5886,0.0000,0.000,6.559,6.600,1.0000
110.0008,67.8980,88.6408,0.0000,0.000,6.560,6.602,1.0000
115.0010,70.8274,92.6930,0.0000,0.000,6.561,6.604,1.0000
120.0012,73.7568,96.7453,0.0000,0.000,6.562,6.606,1.0000
125.0014,76.6863,100.7975,0.0000,0.000,6.563,6.608,1.0000
130.0016,79.6157,104.8498,0.0000,0.000,6.564,6.610,1.0000
135.0019,82.5452,108.9020,0.0000,0.000,6.565,6.612,1.0000
140.0022,85.4746,112.9543,0.0000,0.000,6.567,6.614,1.0000
145.0025,88.4042,117.0066,0.0000,0.000,6.568,6.616,1.0000
150.0027,91.3337,121.0588,0.0000,0.000,6.569,6.619,1.0000
155.0030,94.2632,125.1111,0.0000,0.000,6.570,6.621,1.0000
160.0033,97.1928,129.1633,0.0000,0.000,6.571,6.623,1.0000
165.0036,100.1224,133.2155,0.0000,0.000,6.572,6.625,1.0000
170.0039,103.0521,137.2676,0.0000,0.000,6.573,6.627,1.0000
175.0042,105.9818,141.3198,0.0000,0.000,6.574,6.629,1.0000
180.0045,108.9116,145.3719,0.0000,0.000,6.575,6.631,1.0000
185.0048,111.8414,149.4239,0.0000,0.000,6.576,6.633,1.0000
190.0051,114.7713,153.4759,0.0000,0.000,6.577,6.635,1.0000
195.0054,117.7012,157.5278,0.0000,0.000,6.579,6.637,1.0000
200.0056,120.6312,161.5797,0.0000,0.000,6.580,6.639,1.0000
205.0058,123.5612,165.6315,0.0000,0.000,6.581,6.642,1.0000
210.0061,126.4913,169.6833,0.0000,0.000,6.582,6.644,1.0000
215.0063,129.4215,173.7350,0.0000,0.000,6.583,6.646,1.0000
220.0065,132.3518,177.7866,0.0000,0.000,6.584,6.648,1.0000
225.0066,135.2821,181.8381,0.0000,0.000,6.585,6.650,1.0000
230.0068,138.2125,185.8895,0.0000,0.000,6.586,6.652,1.0000
235.0069,141.1431,189.9408,0.0000,0.000,6.587,6.654,1.0000
240.0070,144.0737,193.9920,0.0000,0.000,6.588,6.656,1.0000
245.0070,147.0043,198.0431,0.0000,0.000,6.589,6.658,1.0000
250.0070,149.9351,202.0942,0.0000,0.000,6.590,6.660,1.0000
255.0070,152.8659,206.1451,0.0000,0.000,6.592,6.662,1.0000
260.0070,155.7966,210.1962,0.0000,0.000,6.593,6.664,1.0000
265.0069,158.7267,214.2476,0.0000,0.000,6.594,6.667,1.0000
270.0069,161.6562,218.2994,0.0000,0.000,6.595,6.669,1.0000
275.0068,164.5847,222.3520,0.0000,0.000,6.596,6.671,1.0000
280.0068,167.5120,226.4055,0.0000,0.000,6.597,6.673,1.0000
285.0068,170.4378,230.4600,0.0000,0.000,6.598,6.675,1.0000
290.0068,173.3620,234.5158,0.0000,0.000,6.599,6.677,1.0000
295.0069,176.2842,238.5731,0.0000,0.000,6.600,6.679,1.0000
300.0070,179.2043,242.6320,0.0000,0.000,6.601,6.681,1.0000
305.0072,182.1218,246.6928,0.0000,0.000,6.604,6.684,1.0000
310.0075,185.0367,250.7555,0.0000,0.000,6.619,6.690,1.0000
315.0079,187.9487,254.8206,0.0000,0.000,6.634,6.697,1.0000
320.0084,190.8575,258.8880,0.0000,0.000,6.649,6.704,1.0000
325.0090,193.7628,262.9580,0.0000,0.000,6.664,6.711,1.0000
330.0098,196.6645,267.0308,0.0000,0.000,6.679,6.718,1.0000
335.0107,199.5622,271.1067,0.0000,0.000,6.694,6.725,1.0000
340.0117,202.4557,275.1857,0.0000,0.000,6.709,6.731,1.0000
345.0129,205.3454,279.2675,0.0000,0.000,6.724,6.738,1.0000
350.0136,208.2357,283.3483,0.0000,0.000,6.740,6.745,1.0000
355.0129,211.1330,287.4225,0.0000,0.000,6.755,6.752,1.0000
360.0100,214.0433,291.4846,0.0000,0.000,6.770,6.759,1.0000
365.0041,216.9730,295.5292,0.0000,0.000,6.773,6.668,1.0000
369.9973,219.9181,299.5613,0.0000,0.000,6.777,6.577,1.0000
375.0014,222.8373,303.6256,0.0000,0.000,6.780,6.486,1.0000
380.0284,225.6945,307.7618,0.0000,0.000,6.784,6.395,1.0000
385.0426,228.6503,311.8121,0.0000,0.000,6.787,6.304,1.0000
390.0091,231.9933,315.4850,0.0000,0.000,6.846,6.470,1.0000
394.9477,235.8124,318.6163,0.0000,0.000,6.866,6.933,1.0000
399.8773,240.0486,321.1371,0.0000,0.000,7.274,6.788,1.0000
404.8387,244.6144,323.0787,0.0000,0.000,6.919,7.202,1.0000
409.8545,249.3690,324.6759,0.0000,0.000,6.700,7.028,1.0000
414.8882,254.1791,326.1597,0.0000,0.000,6.973,6.965,1.0000
419.9158,259.0076,327.5607,0.0000,0.000,6.858,6.974,1.0000
424.9279,263.8573,328.8265,0.0000,0.000,6.878,6.917,1.0000
429.9196,268.7312,329.9040,0.0000,0.000,7.140,6.741,1.0000
434.8919,273.6325,330.7414,0.0000,0.000,7.301,6.699,1.0000
439.8548,278.5610,331.3252,0.0000,0.000,7.224,6.788,1.0000
444.8204,283.5133,331.6880,0.0000,0.000,7.135,6.950,1.0000
449.7958,288.4855,331.8652,0.0000,0.000,6.878,7.279,1.0000
454.7843,293.4740,331.8923,0.0000,0.000,6.950,7.281,1.0000
459.7860,298.4749,331.8047,0.0000,0.000,7.069,7.205,1.0000
464.7984,303.4845,331.6377,0.0000,0.000,6.919,7.243,1.0000
469.8174,308.4990,331.4269,0.0000,0.000,6.881,7.192,1.0000
474.8379,313.5148,331.2077,0.0000,0.000,7.071,6.961,1.0000
479.8547,318.5279,331.0153,0.0000,0.000,7.129,6.890,1.0000
484.8650,323.5360,330.8700,0.0000,0.000,7.120,6.901,1.0000
489.8693,328.5392,330.7609,0.0000,0.000,7.090,6.939,1.0000
494.8689,333.5380,330.6734,0.0000,0.000,7.024,7.021,1.0000
499.8642,338.5327,330.5928,0.0000,0.000,6.958,7.104,1.0000
504.8562,343.5239,330.5045,0.0000,0.000,6.976,7.045,1.0000
509.8456,348.5120,330.3938,0.0000,0.000,7.058,6.879,1.0000
514.8332,353.4975,330.2461,0.0000,0.000,7.141,6.713,1.0000
519.8205,358.4808,330.0468,0.0000,0.000,7.190,6.605,1.0000
524.8092,363.4624,329.7811,0.0000,0.000,7.157,6.646,1.0000
529.8012,368.4428,329.4400,0.0000,0.000,7.123,6.687,1.0000
534.7974,373.4225,329.0346,0.0000,0.000,7.089,6.728,1.0000
539.7976,378.4021,328.5809,0.0000,0.000,7.055,6.769,1.0000
544.8014,383.3821,328.0944,0.0000,0.000,7.022,6.809,1.0000
549.8079,388.3632,327.5911,0.0000,0.000,6.988,6.850,1.0000
554.8161,393.3460,327.0866,0.0000,0.000,6.954,6.891,1.0000
559.8250,398.3310,326.5968,0.0000,0.000,6.921,6.932,1.0000
564.8339,403.3187,326.1375,0.0000,0.000,6.855,6.892,1.0000
569.8421,408.3098,325.7243,0.0000,0.000,6.936,6.837,1.0000
574.8490,413.3045,325.3748,0.0000,0.000,7.164,6.779,1.0000
579.8511,418.3000,325.1172,0.0000,0.000,7.223,6.627,1.0000
584.8455,423.2926,324.9840,0.0000,0.000,6.959,6.765,1.0000
589.8314,428.2785,325.0079,0.0000,0.000,6.803,6.954,1.0000
594.8114,433.2539,325.2215,0.0000,0.000,6.608,7.234,1.0000
599.7916,438.2161,325.6437,0.0000,0.000,6.700,7.140,1.0000
604.7785,443.1668,326.2431,0.0000,0.000,6.946,6.918,1.0000
609.7746,448.1087,326.9772,0.0000,0.000,7.066,6.876,1.0000
614.7788,453.0443,327.8035,0.0000,0.000,6.989,7.014,1.0000
619.7877,457.9753,328.6837,0.0000,0.000,6.931,6.898,1.0000
624.7946,462.8914,329.6322,0.0000,0.000,6.943,6.779,1.0000
629.7929,467.7742,330.7010,0.0000,0.000,6.899,6.781,1.0000
634.7805,472.6047,331.9426,0.0000,0.000,6.696,7.042,1.0000
639.7611,477.3644,333.4096,0.0000,0.000,6.731,7.155,1.0000
644.7454,482.0366,335.1455,0.0000,0.000,6.788,7.065,1.0000
649.7407,486.6185,337.1354,0.0000,0.000,6.949,6.933,1.0000
654.7471,491.1128,339.3409,0.0000,0.000,7.231,6.757,1.0000
659.7592,495.5226,341.7233,0.0000,0.000,6.993,6.970,1.0000
664.7680,499.8506,344.2445,0.0000,0.000,6.860,7.106,1.0000
669.7690,504.1015,346.8788,0.0000,0.000,6.992,7.047,1.0000
674.7651,508.2820,349.6147,0.0000,0.000,7.020,7.045,1.0000
679.7593,512.3989,352.4418,0.0000,0.000,6.988,7.074,1.0000
684.7534,516.4591,355.3498,0.0000,0.000,6.995,7.063,1.0000
689.7486,520.4693,358.3280,0.0000,0.000,7.073,6.979,1.0000
694.7454,524.4364,361.3661,0.0000,0.000,7.151,6.896,1.0000
699.7437,528.3672,364.4535,0.0000,0.000,6.927,7.095,1.0000
704.7432,532.2685,367.5799,0.0000,0.000,6.668,7.326,1.0000
709.7428,536.1472,370.7347,0.0000,0.000,6.674,7.361,1.0000
714.7421,540.0083,373.9102,0.0000,0.000,6.706,7.378,1.0000
719.7410,543.8538,377.1042,0.0000,0.000,6.738,7.394,1.0000
724.7397,547.6852,380.3147,0.0000,0.000,6.770,7.410,1.0000
729.7383,551.5039,383.5402,0.0000,0.000,6.802,7.427,1.0000
734.7370,555.3115,386.7789,0.0000,0.000,6.834,7.443,1.0000
739.7359,559.1095,390.0291,0.0000,0.000,6.866,7.459,1.0000
744.7349,562.8993,393.2891,0.0000,0.000,6.897,7.476,1.0000
749.7341,566.6825,396.5571,0.0000,0.000,6.929,7.492,1.0000
754.7336,570.4605,399.8315,0.0000,0.000,6.961,7.508,1.0000
759.7334,574.2348,403.1105,0.0000,0.000,6.993,7.525,1.0000
764.7334,578.0070,406.3924,0.0000,0.000,7.025,7.541,1.0000
769.7337,581.7786,409.6754,0.0000,0.000,7.057,7.557,1.0000
774.7343,585.5510,412.9579,0.0000,0.000,7.089,7.574,1.0000
779.7352,589.3257,416.2382,0.0000,0.000,7.121,7.590,1.0000
784.7363,593.1043,419.5145,0.0000,0.000,7.153,7.606,1.0000
789.7377,596.8882,422.7850,0.0000,0.000,7.184,7.623,1.0000
794.7395,600.6789,426.0482,0.0000,0.000,7.216,7.639,1.0000
799.7417,604.4779,429.3022,0.0000,0.000,7.248,7.655,1.0000
804.7442,608.2862,432.5460,0.0000,0.000,7.280,7.672,1.0000
809.7468,612.1012,435.7821,0.0000,0.000,7.312,7.688,1.0000
814.7492,615.9186,439.0149,0.0000,0.000,7.344,7.704,1.0000
819.7510,619.7346,442.2485,0.0000,0.000,7.376,7.721,1.0000
824.7517,623.5450,445.4871,0.0000,0.000,7.408,7.737,1.0000
829.7511,627.3458,448.7348,0.0000,0.000,7.440,7.753,1.0000
834.7488,631.1329,451.9960,0.0000,0.000,7.471,7.770,1.0000
839.7446,634.9022,455.2746,0.0000,0.000,7.503,7.786,1.0000
844.7382,638.6497,458.5751,0.0000,0.000,7.535,7.802,1.0000
849.7298,642.3741,461.8984,0.0000,0.000,7.567,7.819,1.0000
854.7201,646.1088,465.2084,0.0000,0.000,7.599,7.835,1.0000
859.7117,649.9104,468.4432,0.0000,0.000,7.631,7.851,1.0000
864.7124,653.8362,471.5406,0.0000,0.000,7.839,7.510,1.0000
869.7390,657.9434,474.4385,0.0000,0.000,7.765,7.740,1.0000
874.8033,662.2783,477.0567,0.0000,0.000,7.849,7.664,1.0000
879.8256,666.8190,479.2031,0.0000,0.000,7.680,7.756,1.0000
884.7387,671.5166,480.6419,0.0000,0.000,7.849,7.621,1.0000
889.5702,676.3227,481.1370,0.0000,0.000,7.945,7.414,1.0000
894.4790,681.1848,480.4615,0.0000,0.000,7.737,7.716,1.0000
899.5795,685.9494,478.6412,0.0000,0.000,7.600,7.717,1.0000
904.7191,690.3494,475.9851,0.0000,0.000,7.654,7.676,1.0000
909.7128,694.1568,472.7537,0.0000,0.000,7.795,7.506,1.0000
914.6094,697.2946,468.9947,0.0000,0.000,7.792,7.579,1.0000
919.5288,699.7341,464.7227,0.0000,0.000,7.850,7.706,1.0000
924.5415,701.6397,460.0863,0.0000,0.000,7.690,7.831,1.0000
929.5877,703.3017,455.3217,0.0000,0.000,7.661,7.768,1.0000
934.5978,704.9216,450.5807,0.0000,0.000,7.725,7.609,1.0000
939.5896,706.5292,445.8548,0.0000,0.000,7.721,7.584,1.0000
944.5825,708.1316,441.1261,0.0000,0.000,7.702,7.587,1.0000
949.5780,709.7297,436.3931,0.0000,0.000,7.683,7.589,1.0000
954.5757,711.3233,431.6563,0.0000,0.000,7.664,7.592,1.0000
959.5751,712.9124,426.9161,0.0000,0.000,7.646,7.595,1.0000
964.5759,714.4968,422.1730,0.0000,0.000,7.627,7.598,1.0000
969.5776,716.0766,417.4273,0.0000,0.000,7.608,7.600,1.0000
974.5798,717.6517,412.6796,0.0000,0.000,7.589,7.603,1.0000
979.5820,719.2220,407.9302,0.0000,0.000,7.570,7.606,1.0000
984.5839,720.7874,403.1796,0.0000,0.000,7.552,7.609,1.0000
989.5851,722.3498,398.4287,0.0000,0.000,7.533,7.612,1.0000
994.5853,723.9176,393.6806,0.0000,0.000,7.514,7.614,1.0000
999.5844,725.5004,388.9387,0.0000,0.000,7.495,7.617,1.0000
1004.5823,727.1078,384.2064,0.0000,0.000,7.476,7.620,1.0000
1009.5790,728.7501,379.4873,0.0000,0.000,7.457,7.623,1.0000
1014.5673,730.4878,374.8114,0.0000,0.000,7.421,7.679,1.0000
1019.5362,732.4762,370.2578,0.0000,0.000,7.094,7.428,1.0000
1024.5038,734.8807,365.9109,0.0000,0.000,7.202,6.882,1.0000
1029.5402,737.8668,361.8552,0.0000,0.000,6.673,6.939,1.0000
1034.7017,741.5565,358.2459,0.0000,0.000,6.872,6.802,1.0000
1039.6874,745.8161,355.6550,0.0000,0.000,6.803,7.354,1.0000
1044.3707,750.4176,354.7833,0.0000,0.000,6.997,7.155,1.0000
1049.1537,755.1065,355.7276,0.0000,0.000,6.553,7.328,1.0000
1054.1630,759.6003,357.9409,0.0000,0.000,7.113,6.959,1.0000
1059.2226,763.6990,360.9074,0.0000,0.000,7.476,6.942,1.0000
1064.2977,767.4658,364.3086,0.0000,0.000,7.269,7.207,1.0000
1069.3279,771.0017,367.8864,0.0000,0.000,6.904,7.497,1.0000
1074.2837,774.2527,371.6268,0.0000,0.000,6.959,7.208,1.0000
1079.2070,777.0820,375.6560,0.0000,0.000,6.926,7.092,1.0000
1084.1556,779.4961,379.9757,0.0000,0.000,7.027,7.013,1.0000
1089.1505,781.5913,384.5100,0.0000,0.000,7.210,7.019,1.0000
1094.1837,783.4648,389.1815,0.0000,0.000,7.188,7.076,1.0000
1099.2284,785.2141,393.9131,0.0000,0.000,6.999,7.155,1.0000
1104.2531,786.9240,398.6380,0.0000,0.000,7.024,7.086,1.0000
1109.2551,788.6074,403.3481,0.0000,0.000,7.046,7.049,1.0000
1114.2424,790.2523,408.0564,0.0000,0.000,7.065,7.037,1.0000
1119.2237,791.8463,412.7758,0.0000,0.000,6.909,7.032,1.0000
1124.2076,793.3775,417.5186,0.0000,0.000,6.734,7.028,1.0000
1129.1983,794.8390,422.2906,0.0000,0.000,6.750,6.965,1.0000
1134.1948,796.2294,427.0897,0.0000,0.000,6.810,6.888,1.0000
1139.1957,797.5474,431.9138,0.0000,0.000,6.870,6.842,1.0000
1144.1998,798.7919,436.7607,0.0000,0.000,6.930,6.817,1.0000
1149.2058,799.9616,441.6281,0.0000,0.000,6.974,6.806,1.0000
1154.2125,801.0554,446.5139,0.0000,0.000,6.921,6.877,1.0000
1159.2187,802.0720,451.4158,0.0000,0.000,6.868,6.949,1.0000
1164.2233,803.0103,456.3316,0.0000,0.000,6.822,6.922,1.0000
1169.2251,803.8690,461.2591,0.0000,0.000,6.776,6.892,1.0000
1174.2238,804.6477,466.1968,0.0000,0.000,6.745,6.943,1.0000
1179.2202,805.3473,471.1440,0.0000,0.000,6.727,7.067,1.0000
1184.2152,805.9686,476.1002,0.0000,0.000,6.726,7.092,1.0000
1189.2097,806.5126,481.0650,0.0000,0.000,6.739,7.029,1.0000
1194.2045,806.9804,486.0378,0.0000,0.000,6.752,6.966,1.0000
1199.2003,807.3727,491.0183,0.0000,0.000,6.765,6.903,1.0000
1204.1980,807.6907,496.0058,0.0000,0.000,6.778,6.840,1.0000
1209.1981,807.9351,501.0000,0.0000,0.000,6.736,6.841,1.0000
1214.2014,808.1071,506.0003,0.0000,0.000,6.685,6.876,1.0000
1219.2061,808.1952,511.0042,0.0000,0.000,6.755,6.892,1.0000
1224.2054,808.1500,516.0032,0.0000,0.000,6.775,6.813,1.0000
1229.1962,807.9154,520.9885,0.0000,0.000,6.743,6.705,1.0000
1234.1920,807.4371,525.9615,0.0000,0.000,6.548,6.746,1.0000
1239.2194,806.6616,530.9286,0.0000,0.000,6.661,6.618,1.0000
1244.2529,805.4691,535.8189,0.0000,0.000,6.702,6.659,1.0000
1249.2156,803.6254,540.4263,0.0000,0.000,6.597,6.742,1.0000
1254.1514,800.9627,544.5824,0.0000,0.000,6.402,7.045,1.0000
1259.1444,797.7451,548.4004,0.0000,0.000,6.737,6.890,1.0000
1264.1504,794.3369,552.0670,0.0000,0.000,7.044,6.790,1.0000
1269.1493,790.8393,555.6385,0.0000,0.000,7.008,6.629,1.0000
1274.1448,787.2635,559.1270,0.0000,0.000,6.733,6.785,1.0000
1279.1396,783.6210,562.5445,0.0000,0.000,6.493,6.981,1.0000
1284.1351,779.9231,565.9032,0.0000,0.000,6.526,7.006,1.0000
1289.1322,776.1811,569.2150,0.0000,0.000,6.558,7.030,1.0000
1294.1311,772.4062,572.4921,0.0000,0.000,6.591,7.055,1.0000
1299.1313,768.6099,575.7464,0.0000,0.000,6.624,7.080,1.0000
1304.1323,764.8034,578.9899,0.0000,0.000,6.657,7.104,1.0000
1309.1334,760.9974,582.2341,0.0000,0.000,6.690,7.129,1.0000
1314.1342,757.1956,585.4828,0.0000,0.000,6.723,7.154,1.0000
1319.1348,753.3974,588.7355,0.0000,0.000,6.756,7.178,1.0000
1324.1352,749.6022,591.9914,0.0000,0.000,6.788,7.203,1.0000
1329.1355,745.8096,595.2501,0.0000,0.000,6.821,7.227,1.0000
1334.1358,742.0189,598.5109,0.0000,0.000,6.854,7.252,1.0000
1339.1359,738.2296,601.7732,0.0000,0.000,6.887,7.277,1.0000
1344.1360,734.4412,605.0364,0.0000,0.000,6.920,7.301,1.0000
1349.1360,730.6530,608.2999,0.0000,0.000,6.953,7.326,1.0000
1354.1360,726.8646,611.5631,0.0000,0.000,6.986,7.350,1.0000
1359.1361,723.0757,614.8257,0.0000,0.000,7.018,7.375,1.0000
1364.1362,719.2862,618.0876,0.0000,0.000,7.051,7.400,1.0000
1369.1362,715.4962,621.3491,0.0000,0.000,7.084,7.424,1.0000
1374.1363,711.7058,624.6100,0.0000,0.000,7.117,7.449,1.0000
1379.1364,707.9149,627.8704,0.0000,0.000,7.150,7.473,1.0000
1384.1365,704.1236,631.1303,0.0000,0.000,7.183,7.498,1.0000
1389.1366,700.3320,634.3898,0.0000,0.000,7.215,7.523,1.0000
1394.1367,696.5399,637.6488,0.0000,0.000,7.248,7.547,1.0000
1399.1368,692.7475,640.9075,0.0000,0.000,7.281,7.572,1.0000
1404.1370,688.9549,644.1659,0.0000,0.000,7.314,7.596,1.0000
1409.1371,685.1619,647.4239,0.0000,0.000,7.347,7.621,1.0000
1414.1372,681.3687,650.6816,0.0000,0.000,7.380,7.646,1.0000
1419.1374,677.5752,653.9391,0.0000,0.000,7.413,7.670,1.0000
1424.1375,673.7815,657.1963,0.0000,0.000,7.445,7.695,1.0000
1429.1377,669.9877,660.4534,0.0000,0.000,7.478,7.719,1.0000
1434.1379,666.1937,663.7103,0.0000,0.000,7.511,7.744,1.0000
1439.1380,662.3996,666.9670,0.0000,0.000,7.544,7.769,1.0000
1444.1382,658.6053,670.2236,0.0000,0.000,7.577,7.793,1.0000
1449.1384,654.8110,673.4801,0.0000,0.000,7.610,7.818,1.0000
1454.1386,651.0167,676.7366,0.0000,0.000,7.643,7.843,1.0000
1459.1387,647.2223,679.9931,0.0000,0.000,7.675,7.867,1.0000
1464.1389,643.4279,683.2496,0.0000,0.000,7.708,7.892,1.0000
1469.1391,639.6336,686.5061,0.0000,0.000,7.741,7.916,1.0000
1474.1393,635.8393,689.7627,0.0000,0.000,7.774,7.941,1.0000
1479.1395,632.0451,693.0193,0.0000,0.000,7.807,7.966,1.0000
1484.1397,628.2510,696.2761,0.0000,0.000,7.840,7.990,1.0000
1489.1399,624.4570,699.5331,0.0000,0.000,7.873,8.015,1.0000
1494.1401,620.6632,702.7902,0.0000,0.000,7.905,8.039,1.0000
1499.1403,616.8696,706.0476,0.0000,0.000,7.938,8.064,1.0000
1504.1405,613.0762,709.3052,0.0000,0.000,7.971,8.089,1.0000
1509.1407,609.2830,712.5631,0.0000,0.000,8.004,8.113,1.0000
1514.1409,605.4901,715.8213,0.0000,0.000,8.037,8.138,1.0000
1519.1411,601.6975,719.0798,0.0000,0.000,8.070,8.162,1.0000
1524.1413,597.9051,722.3387,0.0000,0.000,8.103,8.187,1.0000
1529.1415,594.1132,725.5980,0.0000,0.000,8.135,8.212,1.0000
1534.1417,590.3216,728.8577,0.0000,0.000,8.168,8.236,1.0000
1539.1419,586.5304,732.1178,0.0000,0.000,8.201,8.261,1.0000
1544.1420,582.7395,735.3784,0.0000,0.000,8.234,8.285,1.0000
1549.1422,578.9491,738.6394,0.0000,0.000,8.267,8.310,1.0000
1554.1424,575.1589,741.9008,0.0000,0.000,8.300,8.335,1.0000
1559.1426,571.3690,745.1624,0.0000,0.000,8.333,8.359,1.0000
1564.1428,567.5793,748.4244,0.0000,0.000,8.365,8.384,1.0000
1569.1429,563.7899,751.6866,0.0000,0.000,8.398,8.408,1.0000
1574.1431,560.0006,754.9490,0.0000,0.000,8.431,8.433,1.0000
1579.1433,556.2115,758.2115,0.0000,0.000,8.464,8.458,1.0000
1584.1435,552.4225,761.4742,0.0000,0.000,8.497,8.482,1.0000
1589.1436,548.6335,764.7370,0.0000,0.000,8.530,8.507,1.0000
1594.1438,544.8447,767.9998,0.0000,0.000,8.562,8.532,1.0000
1599.1440,541.0558,771.2626,0.0000,0.000,8.595,8.556,1.0000
1604.1441,537.2669,774.5254,0.0000,0.000,8.628,8.581,1.0000
1609.1443,533.4779,777.7881,0.0000,0.000,8.661,8.605,1.0000
1614.1445,529.6889,781.0508,0.0000,0.000,8.694,8.630,1.0000
1619.1446,525.8997,784.3132,0.0000,0.000,8.727,8.655,1.0000
1624.1448,522.1104,787.5755,0.0000,0.000,8.760,8.679,1.0000
1629.1449,518.3208,790.8376,0.0000,0.000,8.792,8.704,1.0000
1634.1451,514.5311,794.0994,0.0000,0.000,8.825,8.728,1.0000
1639.1452,510.7411,797.3609,0.0000,0.000,8.858,8.753,1.0000
1644.1454,506.9508,800.6221,0.0000,0.000,8.891,8.778,1.0000
1649.1455,503.1602,803.8828,0.0000,0.000,8.924,8.802,1.0000
1654.1456,499.3693,807.1432,0.0000,0.000,8.957,8.827,1.0000
1659.1458,495.5779,810.4031,0.0000,0.000,8.990,8.851,1.0000
1664.1459,491.7861,813.6625,0.0000,0.000,8.885,8.766,1.0000
1669.1460,487.9939,816.9214,0.0000,0.000,8.675,8.596,1.0000
1674.1462,484.2012,820.1797,0.0000,0.000,8.466,8.426,1.0000
1679.1463,480.4079,823.4374,0.0000,0.000,8.256,8.256,1.0000
1684.1464,476.6141,826.6944,0.0000,0.000,8.046,8.085,1.0000
1689.1466,472.8197,829.9508,0.0000,0.000,7.837,7.915,1.0000
1694.1467,469.0247,833.2064,0.0000,0.000,7.627,7.745,1.0000
1699.1468,465.2290,836.4613,0.0000,0.000,7.417,7.575,1.0000
1704.1469,461.4327,839.7153,0.0000,0.000,7.207,7.405,1.0000
1709.1470,457.6356,842.9685,0.0000,0.000,6.998,7.235,1.0000
1714.1472,453.8377,846.2209,0.0000,0.000,6.807,7.076,1.0000
1719.1473,450.0391,849.4723,0.0000,0.000,6.797,7.025,1.0000
1724.1474,446.2396,852.7227,0.0000,0.000,6.787,6.975,1.0000
1729.1475,442.4393,855.9721,0.0000,0.000,6.784,6.972,1.0000
1734.1477,438.6381,859.2205,0.0000,0.000,6.782,6.974,1.0000
1739.1478,434.8359,862.4677,0.0000,0.000,6.780,6.976,1.0000
1744.1479,431.0327,865.7138,0.0000,0.000,6.777,6.978,1.0000
1749.1480,427.2285,868.9587,0.0000,0.000,6.775,6.980,1.0000
1754.1482,423.4231,872.2022,0.0000,0.000,6.773,6.982,1.0000
1759.1483,419.6167,875.4445,0.0000,0.000,6.770,6.984,1.0000
1764.1484,415.8090,878.6854,0.0000,0.000,6.768,6.986,1.0000
1769.1486,412.0002,881.9248,0.0000,0.000,6.766,6.988,1.0000
1774.1487,408.1901,885.1628,0.0000,0.000,6.763,6.990,1.0000
1779.1489,404.3786,888.3992,0.0000,0.000,6.761,6.992,1.0000
1784.1490,400.5659,891.6341,0.0000,0.000,6.759,6.995,1.0000
1789.1492,396.7517,894.8673,0.0000,0.000,6.757,6.997,1.0000
1794.1494,392.9361,898.0989,0.0000,0.000,6.754,6.999,1.0000
1799.1496,389.1190,901.3286,0.0000,0.000,6.752,7.001,1.0000
1804.1498,385.3003,904.5566,0.0000,0.000,6.750,7.003,1.0000
1809.1500,381.4801,907.7828,0.0000,0.000,6.747,7.005,1.0000
1814.1502,377.6583,911.0071,0.0000,0.000,6.745,7.007,1.0000
1819.1504,373.8354,914.2300,0.0000,0.000,6.743,7.009,1.0000
1824.1506,370.0121,917.4526,0.0000,0.000,6.740,7.011,1.0000
1829.1509,366.1895,920.6759,0.0000,0.000,6.738,7.013,1.0000
1834.1511,362.3683,923.9009,0.0000,0.000,6.736,7.015,1.0000
1839.1513,358.5495,927.1287,0.0000,0.000,6.733,7.017,1.0000
1844.1515,354.7339,930.3604,0.0000,0.000,6.731,7.019,1.0000
1849.1517,350.9225,933.5969,0.0000,0.000,6.729,7.021,1.0000
1854.1519,347.1161,936.8393,0.0000,0.000,6.727,7.023,1.0000
1859.1521,343.3156,940.0887,0.0000,0.000,6.724,7.026,1.0000
1864.1523,339.5199,943.3436,0.0000,0.000,6.722,7.028,1.0000
1869.1525,335.7246,946.5991,0.0000,0.000,6.720,7.030,1.0000
1874.1526,331.9253,949.8496,0.0000,0.000,6.717,7.032,1.0000
1879.1526,328.1174,953.0899,0.0000,0.000,6.715,7.034,1.0000
1884.1524,324.2963,956.3144,0.0000,0.000,6.713,7.036,1.0000
1889.1523,320.4574,959.5178,0.0000,0.000,6.710,7.038,1.0000
1894.1524,316.5962,962.6946,0.0000,0.000,6.708,7.040,1.0000
1899.1531,312.7081,965.8395,0.0000,0.000,6.706,7.042,1.0000
1904.1550,308.7886,968.9469,0.0000,0.000,6.671,6.990,1.0000
1909.1499,304.8052,971.9604,0.0000,0.000,7.019,6.594,1.0000
1914.1188,300.6479,974.6820,0.0000,0.000,6.581,7.070,1.0000
1919.0870,296.2098,976.9152,0.0000,0.000,6.859,6.813,1.0000
1924.0922,291.5365,978.7072,0.0000,0.000,6.840,6.905,1.0000
1929.1116,286.7562,980.2380,0.0000,0.000,6.846,6.799,1.0000
1934.1140,281.9428,981.6000,0.0000,0.000,6.781,6.751,1.0000
1939.1068,277.0836,982.7472,0.0000,0.000,6.558,6.672,1.0000
1944.1050,272.1642,983.6313,0.0000,0.000,6.582,6.702,1.0000
1949.1081,267.1998,984.2532,0.0000,0.000,6.859,6.900,1.0000
1954.1083,262.2134,984.6239,0.0000,0.000,6.930,6.935,1.0000
1959.1022,257.2206,984.7286,0.0000,0.000,6.871,6.808,1.0000
1964.0916,252.2346,984.5445,0.0000,0.000,6.776,6.762,1.0000
1969.0821,247.2687,984.0490,0.0000,0.000,6.616,6.807,1.0000
1974.0838,242.3364,983.2192,0.0000,0.000,6.509,6.871,1.0000
1979.0988,237.4649,982.0279,0.0000,0.000,6.645,6.723,1.0000
1984.1035,232.7203,980.4354,0.0000,0.000,6.786,6.555,1.0000
1989.0840,228.1749,978.3998,0.0000,0.000,6.742,6.340,1.0000
1994.0457,223.9010,975.8794,0.0000,0.000,6.269,6.678,1.0000
1999.0152,219.9692,972.8401,0.0000,0.000,6.181,6.658,1.0000
2004.0053,216.4345,969.3178,0.0000,0.000,6.587,6.529,1.0000
2009.0068,213.3435,965.3858,0.0000,0.000,6.612,6.525,1.0000
2014.0045,210.7426,961.1181,0.0000,0.000,6.745,6.471,1.0000
2018.9823,208.6785,956.5886,0.0000,0.000,6.573,6.544,1.0000
2023.9376,207.1740,951.8672,0.0000,0.000,6.453,6.850,1.0000
2028.9084,206.1398,947.0051,0.0000,0.000,6.549,6.928,1.0000
2033.9129,205.4526,942.0480,0.0000,0.000,6.648,6.906,1.0000
2038.9408,204.9892,937.0416,0.0000,0.000,6.661,6.900,1.0000
2043.9652,204.6292,932.0301,0.0000,0.000,6.674,6.894,1.0000
2048.9725,204.3083,927.0330,0.0000,0.000,6.688,6.888,1.0000
2053.9667,204.0125,922.0476,0.0000,0.000,6.701,6.882,1.0000
2058.9524,203.7295,917.0700,0.0000,0.000,6.714,6.876,1.0000
2063.9337,203.4471,912.0967,0.0000,0.000,6.727,6.870,1.0000
2068.9151,203.1530,907.1239,0.0000,0.000,6.740,6.864,1.0000
2073.9011,202.8350,902.1481,0.0000,0.000,6.753,6.858,1.0000
2078.8962,202.4809,897.1656,0.0000,0.000,6.766,6.852,1.0000
2083.9053,202.0783,892.1727,0.0000,0.000,6.779,6.847,1.0000
2088.9335,201.6147,887.1659,0.0000,0.000,6.845,6.889,1.0000
2093.9752,201.0634,882.1544,0.0000,0.000,6.915,6.858,1.0000
2099.0105,200.3758,877.1663,0.0000,0.000,6.940,6.682,1.0000
2104.0224,199.5016,872.2312,0.0000,0.000,6.932,6.561,1.0000
2109.0005,198.3905,867.3788,0.0000,0.000,6.914,6.443,1.0000
2113.9425,196.9921,862.6387,0.0000,0.000,6.748,6.621,1.0000
2118.8574,195.2561,858.0406,0.0000,0.000,6.973,6.459,1.0000
2123.7670,193.1322,853.6141,0.0000,0.000,6.468,6.777,1.0000
2128.7083,190.5702,849.3890,0.0000,0.000,6.670,6.722,1.0000
2133.7341,187.5197,845.3948,0.0000,0.000,6.515,6.988,1.0000
2138.8650,183.9972,841.6640,0.0000,0.000,6.524,6.960,1.0000
2143.9879,180.1903,838.2360,0.0000,0.000,7.053,6.427,1.0000
2148.9635,176.2877,835.1496,0.0000,0.000,6.942,6.727,1.0000
2153.8273,172.2556,832.4294,0.0000,0.000,7.066,6.629,1.0000
2158.7271,167.9490,830.0926,0.0000,0.000,6.782,6.849,1.0000
2163.7399,163.3205,828.1678,0.0000,0.000,6.698,6.854,1.0000
2168.8104,158.4671,826.6999,0.0000,0.000,6.829,6.756,1.0000
2173.8728,153.4975,825.7352,0.0000,0.000,6.760,6.854,1.0000
2178.8675,148.5201,825.3198,0.0000,0.000,6.846,7.081,1.0000
2183.7695,143.6210,825.4908,0.0000,0.000,7.279,6.646,1.0000
2188.6641,138.7846,826.2433,0.0000,0.000,7.023,6.570,1.0000
2193.6543,133.9707,827.5576,0.0000,0.000,6.766,6.790,1.0000
2198.7382,129.2206,829.3695,0.0000,0.000,6.555,7.414,1.0000
2203.8175,124.6455,831.5757,0.0000,0.000,6.892,7.067,1.0000
2208.8165,120.3308,834.1005,0.0000,0.000,6.816,6.820,1.0000
2213.7515,116.2932,836.9379,0.0000,0.000,7.242,6.527,1.0000
2218.6559,112.5384,840.0931,0.0000,0.000,7.186,6.555,1.0000
2223.5659,109.0725,843.5710,0.0000,0.000,6.627,7.069,1.0000
2228.5160,105.9025,847.3730,0.0000,0.000,6.915,6.714,1.0000
2233.5108,103.0466,851.4708,0.0000,0.000,6.652,6.807,1.0000
2238.5379,100.5280,855.8214,0.0000,0.000,6.861,6.554,1.0000
2243.5831,98.3701,860.3819,0.0000,0.000,6.594,6.720,1.0000
2248.6323,96.5962,865.1091,0.0000,0.000,6.406,6.896,1.0000
2253.6721,95.2296,869.9601,0.0000,0.000,6.587,6.716,1.0000
2258.6918,94.2937,874.8918,0.0000,0.000,6.511,6.799,1.0000
2263.6844,93.8118,879.8611,0.0000,0.000,6.587,6.745,1.0000
2268.6484,93.8073,884.8251,0.0000,0.000,6.607,6.597,1.0000
2273.5900,94.3001,889.7420,0.0000,0.000,6.859,6.679,1.0000
2278.5347,95.2538,894.5940,0.0000,0.000,7.154,6.506,1.0000
2283.5048,96.5863,899.3821,0.0000,0.000,6.993,6.594,1.0000
2288.5032,98.2137,904.1082,0.0000,0.000,7.037,6.583,1.0000
2293.5183,100.0524,908.7740,0.0000,0.000,6.814,6.781,1.0000
2298.5304,102.0232,913.3824,0.0000,0.000,6.780,7.030,1.0000
2303.5353,104.0811,917.9446,0.0000,0.000,6.664,7.075,1.0000
2308.5362,106.1976,922.4755,0.0000,0.000,6.636,7.013,1.0000
2313.5353,108.3443,926.9903,0.0000,0.000,6.663,6.882,1.0000
2318.5343,110.4928,931.5040,0.0000,0.000,6.644,6.843,1.0000
2323.5339,112.6272,936.0251,0.0000,0.000,6.617,6.819,1.0000
2328.5340,114.7475,940.5534,0.0000,0.000,6.591,6.794,1.0000
2333.5346,116.8552,945.0881,0.0000,0.000,6.564,6.769,1.0000
2338.5355,118.9517,949.6283,0.0000,0.000,6.538,6.744,1.0000
2343.5365,121.0384,954.1731,0.0000,0.000,6.511,6.720,1.0000
2348.5374,123.1167,958.7218,0.0000,0.000,6.484,6.695,1.0000
2353.5382,125.1881,963.2735,0.0000,0.000,6.458,6.670,1.0000
2358.5387,127.2538,967.8272,0.0000,0.000,6.431,6.645,1.0000
2363.5385,129.3154,972.3823,0.0000,0.000,6.404,6.620,1.0000
2368.5378,131.3743,976.9379,0.0000,0.000,6.378,6.596,1.0000
2373.5367,133.4323,981.4935,0.0000,0.000,6.351,6.571,1.0000
2378.5354,135.4914,986.0485,0.0000,0.000,6.325,6.546,1.0000
2383.5343,137.5532,990.6023,0.0000,0.000,6.298,6.521,1.0000
2388.5335,139.6197,995.1544,0.0000,0.000,6.271,6.497,1.0000
2393.5334,141.6926,999.7043,0.0000,0.000,6.245,6.472,1.0000
2398.5342,143.7738,1004.2515,0.0000,0.000,6.218,6.447,1.0000
2403.5362,145.8652,1008.7953,0.0000,0.000,6.191,6.422,1.0000
2408.5397,147.9685,1013.3353,0.0000,0.000,6.241,6.291,1.0000
2413.5445,150.0881,1017.8690,0.0000,0.000,6.324,6.114,1.0000
2418.5482,152.2388,1022.3870,0.0000,0.000,6.407,5.937,1.0000
2423.5484,154.4381,1026.8776,0.0000,0.000,6.474,6.014,1.0000
2428.5433,156.7035,1031.3292,0.0000,0.000,6.533,6.219,1.0000
2433.5321,159.0527,1035.7302,0.0000,0.000,6.592,6.425,1.0000
2438.5150,161.5031,1040.0691,0.0000,0.000,6.792,6.447,1.0000
2443.4942,164.0722,1044.3342,0.0000,0.000,6.948,6.457,1.0000
2448.4732,166.7777,1048.5140,0.0000,0.000,6.887,6.603,1.0000
2453.4578,169.6370,1052.5970,0.0000,0.000,6.364,7.190,1.0000
2458.4552,172.6630,1056.5741,0.0000,0.000,6.460,7.094,1.0000
2463.4675,175.8329,1060.4567,0.0000,0.000,6.522,6.897,1.0000
2468.4904,179.1071,1064.2659,0.0000,0.000,6.549,6.598,1.0000
2473.5163,182.4460,1068.0224,0.0000,0.000,6.778,6.548,1.0000
2478.5354,185.8099,1071.7472,0.0000,0.000,7.066,6.571,1.0000
2483.5392,189.1699,1075.4551,0.0000,0.000,7.088,6.720,1.0000
2488.5295,192.5406,1079.1351,0.0000,0.000,7.107,6.869,1.0000
2493.5113,195.9478,1082.7695,0.0000,0.000,7.126,7.019,1.0000
2498.4906,199.4175,1086.3409,0.0000,0.000,7.107,7.071,1.0000
2503.4749,202.9734,1089.8335,0.0000,0.000,7.083,7.110,1.0000
2508.4689,206.6047,1093.2619,0.0000,0.000,7.059,7.149,1.0000
2513.4725,210.2734,1096.6644,0.0000,0.000,7.056,7.126,1.0000
2518.4841,213.9408,1100.0800,0.0000,0.000,7.066,7.071,1.0000
2523.5022,217.5681,1103.5476,0.0000,0.000,7.075,7.016,1.0000
2528.5260,221.1274,1107.0929,0.0000,0.000,7.085,6.961,1.0000
2533.5421,224.6736,1110.6406,0.0000,0.000,6.833,7.148,1.0000
2538.5319,228.2996,1114.0685,0.0000,0.000,6.693,7.227,1.0000
2543.4898,232.0984,1117.2543,0.0000,0.000,7.134,6.747,1.0000
2548.4378,236.1611,1120.0787,0.0000,0.000,7.350,6.511,1.0000
2553.4141,240.4866,1122.5392,0.0000,0.000,6.961,7.065,1.0000
2558.4145,244.9527,1124.7881,0.0000,0.000,7.004,7.124,1.0000
2563.4109,249.4531,1126.9587,0.0000,0.000,7.039,7.095,1.0000
2568.4034,253.9805,1129.0627,0.0000,0.000,6.987,7.097,1.0000
2573.4011,258.5523,1131.0815,0.0000,0.000,7.060,6.992,1.0000
2578.4052,263.1744,1132.9991,0.0000,0.000,7.207,6.840,1.0000
2583.4104,267.8440,1134.8011,0.0000,0.000,6.984,7.174,1.0000
2588.4123,272.5580,1136.4734,0.0000,0.000,7.062,7.127,1.0000
2593.4073,277.3134,1138.0019,0.0000,0.000,7.415,6.731,1.0000
2598.3952,282.1069,1139.3810,0.0000,0.000,7.300,6.943,1.0000
2603.3801,286.9343,1140.6241,0.0000,0.000,7.158,7.172,1.0000
2608.3655,291.7915,1141.7474,0.0000,0.000,7.176,7.151,1.0000
2613.3536,296.6743,1142.7672,0.0000,0.000,7.193,7.131,1.0000
2618.3457,301.5785,1143.6995,0.0000,0.000,7.210,7.111,1.0000
2623.3419,306.5000,1144.5605,0.0000,0.000,7.228,7.092,1.0000
2628.3418,311.4345,1145.3663,0.0000,0.000,7.243,7.101,1.0000
2633.3444,316.3780,1146.1331,0.0000,0.000,7.258,7.110,1.0000
2638.3482,321.3262,1146.8771,0.0000,0.000,7.273,7.119,1.0000
2643.3519,326.2757,1147.6117,0.0000,0.000,7.222,7.057,1.0000
2648.3552,331.2257,1148.3397,0.0000,0.000,7.170,6.995,1.0000
2653.3580,336.1762,1149.0614,0.0000,0.000,7.119,6.933,1.0000
2658.3606,341.1273,1149.7768,0.0000,0.000,7.067,6.871,1.0000
2663.3627,346.0789,1150.4862,0.0000,0.000,7.015,6.809,1.0000
2668.3646,351.0310,1151.1897,0.0000,0.000,6.964,6.748,1.0000
2673.3661,355.9837,1151.8874,0.0000,0.000,6.912,6.686,1.0000
2678.3674,360.9368,1152.5795,0.0000,0.000,6.860,6.624,1.0000
2683.3684,365.8905,1153.2662,0.0000,0.000,6.809,6.562,1.0000
2688.3692,370.8446,1153.9476,0.0000,0.000,6.757,6.500,1.0000
2693.3697,375.7993,1154.6238,0.0000,0.000,6.705,6.438,1.0000
2698.3701,380.7544,1155.2951,0.0000,0.000,6.654,6.376,1.0000
2703.3703,385.7099,1155.9616,0.0000,0.000,6.602,6.314,1.0000
2708.3703,390.6659,1156.6234,0.0000,0.000,6.551,6.252,1.0000
2713.3702,395.6224,1157.2808,0.0000,0.000,6.505,6.197,1.0000
2718.3699,400.5793,1157.9338,0.0000,0.000,6.484,6.172,1.0000
2723.3696,405.5367,1158.5827,0.0000,0.000,6.463,6.146,1.0000
2728.3691,410.4945,1159.2275,0.0000,0.000,6.442,6.121,1.0000
2733.3686,415.4527,1159.8684,0.0000,0.000,6.421,6.096,1.0000
2738.3680,420.4113,1160.5057,0.0000,0.000,6.399,6.070,1.0000
2743.3674,425.3704,1161.1394,0.0000,0.000,6.378,6.045,1.0000
2748.3667,430.3298,1161.7697,0.0000,0.000,6.357,6.020,1.0000
2753.3660,435.2897,1162.3968,0.0000,0.000,6.336,5.994,1.0000
2758.3653,440.2499,1163.0208,0.0000,0.000,6.315,5.969,1.0000
2763.3647,445.2105,1163.6419,0.0000,0.000,6.294,5.943,1.0000
2768.3640,450.1714,1164.2603,0.0000,0.000,6.273,5.918,1.0000
2773.3634,455.1327,1164.8760,0.0000,0.000,6.252,5.893,1.0000
2778.3628,460.0944,1165.4893,0.0000,0.000,6.231,5.867,1.0000
2783.3624,465.0565,1166.1004,0.0000,0.000,6.210,5.842,1.0000
2788.3619,470.0188,1166.7093,0.0000,0.000,6.189,5.817,1.0000
2793.3616,474.9815,1167.3162,0.0000,0.000,6.168,5.791,1.0000
2798.3614,479.9445,1167.9213,0.0000,0.000,6.147,5.766,1.0000
2803.3613,484.9079,1168.5248,0.0000,0.000,6.126,5.740,1.0000
2808.3613,489.8715,1169.1268,0.0000,0.000,6.105,5.715,1.0000
2813.3615,494.8355,1169.7274,0.0000,0.000,6.084,5.690,1.0000
2818.3618,499.7997,1170.3269,0.0000,0.000,6.063,5.664,1.0000
2823.3622,504.7643,1170.9253,0.0000,0.000,6.042,5.639,1.0000
2828.3629,509.7291,1171.5228,0.0000,0.000,6.021,5.614,1.0000
2833.3637,514.6942,1172.1192,0.0000,0.000,6.000,5.588,1.0000
2838.3646,519.6596,1172.7140,0.0000,0.000,5.978,5.563,1.0000
2843.3656,524.6253,1173.3067,0.0000,0.000,5.957,5.537,1.0000
2848.3666,529.5914,1173.8970,0.0000,0.000,5.936,5.512,1.0000
2853.3677,534.5578,1174.4845,0.0000,0.000,5.915,5.487,1.0000
2858.3687,539.5246,1175.0687,0.0000,0.000,5.894,5.461,1.0000
2863.3697,544.4918,1175.6492,0.0000,0.000,5.873,5.436,1.0000
2868.3706,549.4594,1176.2256,0.0000,0.000,5.854,5.415,1.0000
2873.3714,554.4274,1176.7974,0.0000,0.000,5.850,5.434,1.0000
2878.3721,559.3959,1177.3644,0.0000,0.000,5.847,5.453,1.0000
2883.3726,564.3648,1177.9259,0.0000,0.000,5.843,5.473,1.0000
2888.3730,569.3341,1178.4816,0.0000,0.000,5.839,5.492,1.0000
2893.3731,574.3040,1179.0312,0.0000,0.000,5.836,5.512,1.0000
2898.3730,579.2743,1179.5741,0.0000,0.000,5.832,5.531,1.0000
2903.3727,584.2452,1180.1099,0.0000,0.000,5.829,5.551,1.0000
2908.3721,589.2166,1180.6383,0.0000,0.000,5.825,5.570,1.0000
2913.3712,594.1885,1181.1588,0.0000,0.000,5.821,5.589,1.0000
2918.3700,599.1610,1181.6710,0.0000,0.000,5.818,5.609,1.0000
2923.3686,604.1341,1182.1752,0.0000,0.000,5.814,5.628,1.0000
2928.3670,609.1077,1182.6727,0.0000,0.000,5.811,5.648,1.0000
2933.3653,614.0817,1183.1650,0.0000,0.000,5.807,5.667,1.0000
2938.3637,619.0562,1183.6531,0.0000,0.000,5.803,5.686,1.0000
2943.3622,624.0311,1184.1387,0.0000,0.000,5.800,5.706,1.0000
2948.3610,629.0063,1184.6228,0.0000,0.000,5.796,5.725,1.0000
2953.3600,633.9819,1185.1069,0.0000,0.000,5.793,5.745,1.0000
2958.3595,638.9577,1185.5924,0.0000,0.000,5.789,5.764,1.0000
2963.3594,643.9338,1186.0805,0.0000,0.000,5.785,5.784,1.0000
2968.3599,648.9100,1186.5725,0.0000,0.000,5.782,5.803,1.0000
2973.3611,653.8864,1187.0699,0.0000,0.000,5.778,5.822,1.0000
2978.3630,658.8629,1187.5739,0.0000,0.000,5.775,5.842,1.0000
2983.3659,663.8394,1188.0858,0.0000,0.000,5.771,5.861,1.0000
2988.3697,668.8160,1188.6071,0.0000,0.000,5.767,5.881,1.0000
2993.3746,673.7926,1189.1390,0.0000,0.000,5.764,5.900,1.0000
2998.3807,678.7691,1189.6829,0.0000,0.000,5.760,5.919,1.0000
3003.3883,683.7456,1190.2400,0.0000,0.000,5.757,5.939,1.0000
3008.3973,688.7219,1190.8118,0.0000,0.000,5.753,5.958,1.0000
3013.4059,693.6976,1191.3848,0.0000,0.000,5.898,5.941,1.0000
3018.4048,698.6710,1191.8893,0.0000,0.000,6.143,5.899,1.0000
3023.3861,703.6398,1192.2422,0.0000,0.000,6.388,5.857,1.0000
3028.3496,708.6018,1192.3602,0.0000,0.000,6.633,5.816,1.0000
3033.3068,713.5550,1192.1605,0.0000,0.000,6.735,5.940,1.0000
3038.2788,718.4961,1191.6062,0.0000,0.000,6.754,6.159,1.0000
3043.2749,723.4197,1190.7588,0.0000,0.000,6.774,6.379,1.0000
3048.2901,728.3202,1189.6921,0.0000,0.000,6.727,6.733,1.0000
3053.3105,733.1921,1188.4802,0.0000,0.000,6.648,7.182,1.0000
3058.3179,738.0300,1187.1883,0.0000,0.000,7.057,7.078,1.0000
3063.3100,742.8315,1185.8222,0.0000,0.000,7.208,6.947,1.0000
3068.2924,747.5951,1184.3619,0.0000,0.000,7.322,6.812,1.0000
3073.2721,752.3193,1182.7874,0.0000,0.000,7.332,6.813,1.0000
3078.2576,757.0029,1181.0789,0.0000,0.000,7.121,7.102,1.0000
3083.2554,761.6419,1179.2193,0.0000,0.000,6.911,7.390,1.0000
3088.2609,766.2231,1177.2024,0.0000,0.000,7.116,7.168,1.0000
3093.2673,770.7311,1175.0248,0.0000,0.000,7.343,6.920,1.0000
3098.2688,775.1505,1172.6830,0.0000,0.000,7.461,6.781,1.0000
3103.2613,779.4663,1170.1732,0.0000,0.000,7.251,6.972,1.0000
3108.2469,783.6696,1167.4922,0.0000,0.000,7.042,7.164,1.0000
3113.2320,787.7558,1164.6366,0.0000,0.000,7.122,7.118,1.0000
3118.2240,791.7203,1161.6029,0.0000,0.000,7.257,7.029,1.0000
3123.2309,795.5585,1158.3879,0.0000,0.000,7.223,6.928,1.0000
3128.2540,799.2488,1154.9799,0.0000,0.000,7.034,6.939,1.0000
3133.2575,802.6519,1151.3120,0.0000,0.000,6.731,7.040,1.0000
3138.2296,805.5850,1147.2972,0.0000,0.000,6.706,6.534,1.0000
3143.2139,808.0484,1142.9643,0.0000,0.000,7.249,6.556,1.0000
3148.2146,810.2617,1138.4800,0.0000,0.000,7.195,6.630,1.0000
3153.2117,812.3600,1133.9447,0.0000,0.000,7.141,6.705,1.0000
3158.2064,814.3608,1129.3684,0.0000,0.000,7.087,6.779,1.0000
3163.2004,816.2743,1124.7555,0.0000,0.000,7.033,6.854,1.0000
3168.1953,818.1111,1120.1106,0.0000,0.000,6.998,6.889,1.0000
3173.1917,819.8814,1115.4383,0.0000,0.000,6.983,6.883,1.0000
3178.1901,821.5955,1110.7430,0.0000,0.000,6.967,6.892,1.0000
3183.1902,823.2639,1106.0295,0.0000,0.000,6.947,6.945,1.0000
3188.1916,824.8969,1101.3021,0.0000,0.000,6.927,6.999,1.0000
3193.1937,826.5048,1096.5655,0.0000,0.000,6.947,7.031,1.0000
3198.1959,828.0947,1091.8227,0.0000,0.000,6.979,7.056,1.0000
3203.1979,829.6667,1087.0742,0.0000,0.000,7.007,7.053,1.0000
3208.1998,831.2204,1082.3197,0.0000,0.000,7.025,6.993,1.0000
3213.2015,832.7552,1077.5593,0.0000,0.000,7.042,6.932,1.0000
3218.2030,834.2705,1072.7929,0.0000,0.000,7.060,6.872,1.0000
3223.2042,835.7658,1068.0204,0.0000,0.000,7.078,6.812,1.0000
3228.2052,837.2404,1063.2417,0.0000,0.000,7.099,6.785,1.0000
3233.2059,838.6938,1058.4569,0.0000,0.000,7.131,6.863,1.0000
3238.2063,840.1254,1053.6659,0.0000,0.000,7.163,6.941,1.0000
3243.2063,841.5347,1048.8685,0.0000,0.000,7.194,7.018,1.0000
3248.2061,842.9210,1044.0648,0.0000,0.000,7.226,7.096,1.0000
3253.2056,844.2839,1039.2546,0.0000,0.000,7.229,7.141,1.0000
3258.2049,845.6228,1034.4380,0.0000,0.000,7.151,7.094,1.0000
3263.2039,846.9370,1029.6148,0.0000,0.000,7.072,7.046,1.0000
3268.2028,848.2260,1024.7850,0.0000,0.000,6.994,6.999,1.0000
3273.2015,849.4893,1019.9485,0.0000,0.000,6.916,6.951,1.0000
3278.2001,850.7262,1015.1053,0.0000,0.000,6.837,6.904,1.0000
3283.1988,851.9362,1010.2554,0.0000,0.000,6.759,6.856,1.0000
3288.1975,853.1188,1005.3986,0.0000,0.000,6.802,6.830,1.0000
3293.1963,854.2738,1000.5350,0.0000,0.000,6.846,6.804,1.0000
3298.1952,855.4011,995.6648,0.0000,0.000,6.889,6.778,1.0000
3303.1943,856.5006,990.7882,0.0000,0.000,6.948,6.748,1.0000
3308.1936,857.5724,985.9052,0.0000,0.000,7.019,6.717,1.0000
3313.1930,858.6162,981.0159,0.0000,0.000,7.089,6.685,1.0000
3318.1926,859.6320,976.1206,0.0000,0.000,7.160,6.653,1.0000
3323.1924,860.6198,971.2194,0.0000,0.000,7.230,6.621,1.0000
3328.1925,861.5796,966.3123,0.0000,0.000,7.152,6.675,1.0000
3333.1928,862.5111,961.3995,0.0000,0.000,7.047,6.744,1.0000
3338.1933,863.4143,956.4812,0.0000,0.000,6.943,6.813,1.0000
3343.1940,864.2891,951.5576,0.0000,0.000,6.839,6.882,1.0000
3348.1948,865.1352,946.6289,0.0000,0.000,6.735,6.951,1.0000
3353.1957,865.9524,941.6953,0.0000,0.000,6.739,6.956,1.0000
3358.1965,866.7406,936.7570,0.0000,0.000,6.746,6.959,1.0000
3363.1972,867.4995,931.8142,0.0000,0.000,6.754,6.962,1.0000
3368.1977,868.2291,926.8672,0.0000,0.000,6.762,6.965,1.0000
3373.1981,868.9291,921.9160,0.0000,0.000,6.770,6.967,1.0000
3378.1982,869.5994,916.9611,0.0000,0.000,6.793,6.958,1.0000
3383.1981,870.2405,912.0024,0.0000,0.000,6.842,6.929,1.0000
3388.1979,870.8538,907.0404,0.0000,0.000,6.890,6.900,1.0000
3393.1977,871.4407,902.0752,0.0000,0.000,6.942,6.871,1.0000
3398.1976,872.0025,897.1069,0.0000,0.000,7.002,6.844,1.0000
3403.1976,872.5408,892.1360,0.0000,0.000,7.061,6.817,1.0000
3408.1977,873.0569,887.1625,0.0000,0.000,7.121,6.789,1.0000
3413.1981,873.5523,882.1868,0.0000,0.000,7.177,6.766,1.0000
3418.1986,874.0283,877.2089,0.0000,0.000,7.184,6.800,1.0000
3423.1993,874.4864,872.2293,0.0000,0.000,7.191,6.834,1.0000
3428.2001,874.9280,867.2480,0.0000,0.000,7.199,6.867,1.0000
3433.2010,875.3545,862.2654,0.0000,0.000,7.206,6.901,1.0000
3438.2019,875.7673,857.2816,0.0000,0.000,7.214,6.935,1.0000
3443.2027,876.1678,852.2968,0.0000,0.000,7.170,6.938,1.0000
3448.2033,876.5575,847.3114,0.0000,0.000,7.074,6.910,1.0000
3453.2037,876.9377,842.3255,0.0000,0.000,6.978,6.882,1.0000
3458.2038,877.3099,837.3393,0.0000,0.000,6.882,6.854,1.0000
3463.2034,877.6755,832.3531,0.0000,0.000,6.786,6.826,1.0000
3468.2024,878.0358,827.3671,0.0000,0.000,6.691,6.798,1.0000
3473.2007,878.3922,822.3814,0.0000,0.000,6.647,6.781,1.0000
3478.1985,878.7450,817.3961,0.0000,0.000,6.660,6.778,1.0000
3483.1960,879.0945,812.4109,0.0000,0.000,6.673,6.774,1.0000
3488.1932,879.4409,807.4257,0.0000,0.000,6.686,6.770,1.0000
3493.1902,879.7846,802.4405,0.0000,0.000,6.699,6.767,1.0000
3498.1874,880.1258,797.4550,0.0000,0.000,6.712,6.763,1.0000
3503.1847,880.4647,792.4692,0.0000,0.000,6.725,6.759,1.0000
3508.1823,880.8017,787.4829,0.0000,0.000,6.738,6.756,1.0000
3513.1805,881.1369,782.4960,0.0000,0.000,6.751,6.752,1.0000
3518.1792,881.4708,777.5084,0.0000,0.000,6.764,6.748,1.0000
3523.1787,881.8034,772.5200,0.0000,0.000,6.777,6.745,1.0000
3528.1792,882.1352,767.5306,0.0000,0.000,6.790,6.741,1.0000
3533.1807,882.4663,762.5401,0.0000,0.000,6.803,6.737,1.0000
3538.1833,882.7971,757.5483,0.0000,0.000,6.816,6.734,1.0000
3543.1874,883.1278,752.5553,0.0000,0.000,6.829,6.730,1.0000
3548.1929,883.4586,747.5607,0.0000,0.000,6.842,6.726,1.0000
3553.2000,883.7899,742.5645,0.0000,0.000,6.855,6.723,1.0000
3558.2089,884.1219,737.5666,0.0000,0.000,6.868,6.719,1.0000
3563.2196,884.4556,732.5671,0.0000,0.000,6.881,6.717,1.0000
3568.2306,884.8025,727.5681,0.0000,0.000,6.890,6.730,1.0000
3573.2393,885.1806,722.5737,0.0000,0.000,6.900,6.744,1.0000
3578.2436,885.6084,717.5877,0.0000,0.000,6.910,6.757,1.0000
3583.2420,886.1044,712.6140,0.0000,0.000,6.864,6.755,1.0000
3588.2337,886.6867,707.6564,0.0000,0.000,6.803,6.748,1.0000
3593.2187,887.3740,702.7189,0.0000,0.000,6.663,6.817,1.0000
3598.1986,888.1845,697.8054,0.0000,0.000,6.439,6.967,1.0000
3603.1762,889.1366,692.9198,0.0000,0.000,6.268,7.086,1.0000
3608.1558,890.2482,688.0659,0.0000,0.000,6.459,6.999,1.0000
3613.1411,891.5254,683.2469,0.0000,0.000,6.648,6.910,1.0000
3618.1330,892.9599,678.4656,0.0000,0.000,6.788,6.761,1.0000
3623.1315,894.5431,673.7244,0.0000,0.000,6.927,6.613,1.0000
3628.1360,896.2660,669.0258,0.0000,0.000,6.882,6.692,1.0000
3633.1451,898.1199,664.3725,0.0000,0.000,6.707,6.931,1.0000
3638.1567,900.0960,659.7669,0.0000,0.000,6.764,6.926,1.0000
3643.1683,902.1854,655.2116,0.0000,0.000,6.880,6.863,1.0000
3648.1768,904.3794,650.7092,0.0000,0.000,6.746,7.066,1.0000
3653.1787,906.6691,646.2622,0.0000,0.000,6.826,6.891,1.0000
3658.1722,909.0510,641.8733,0.0000,0.000,6.977,6.614,1.0000
3663.1598,911.5308,637.5459,0.0000,0.000,6.927,6.805,1.0000
3668.1451,914.1159,633.2833,0.0000,0.000,6.812,6.923,1.0000
3673.1320,916.8134,629.0889,0.0000,0.000,6.763,7.000,1.0000
3678.1253,919.6286,624.9648,0.0000,0.000,6.829,7.035,1.0000
3683.1247,922.5147,620.8826,0.0000,0.000,6.984,7.044,1.0000
3688.1220,925.3661,616.7787,0.0000,0.000,7.202,6.985,1.0000
3693.1117,928.0739,612.5876,0.0000,0.000,7.270,6.893,1.0000
3698.1012,930.5292,608.2441,0.0000,0.000,7.138,6.777,1.0000
3703.1081,932.6394,603.7036,0.0000,0.000,6.860,7.054,1.0000
3708.1256,934.3679,598.9932,0.0000,0.000,6.915,7.081,1.0000
3713.1409,935.6896,594.1552,0.0000,0.000,6.985,6.940,1.0000
3718.1441,936.5797,589.2318,0.0000,0.000,7.018,6.826,1.0000
3723.1296,937.0135,584.2652,0.0000,0.000,7.056,6.866,1.0000
3728.1048,936.9915,579.2901,0.0000,0.000,7.015,6.824,1.0000
3733.0872,936.5628,574.3262,0.0000,0.000,7.048,6.799,1.0000
3738.0829,935.7815,569.3919,0.0000,0.000,6.686,6.909,1.0000
3743.0871,934.7020,564.5055,0.0000,0.000,6.926,6.757,1.0000
3748.0892,933.3803,559.6812,0.0000,0.000,7.008,6.873,1.0000
3753.0911,931.8824,554.9089,0.0000,0.000,6.965,7.042,1.0000
3758.0952,930.2781,550.1689,0.0000,0.000,6.909,7.164,1.0000
3763.0989,928.6374,545.4418,0.0000,0.000,6.919,7.151,1.0000
3768.0982,927.0301,540.7079,0.0000,0.000,6.929,7.137,1.0000
3773.0916,925.5037,535.9535,0.0000,0.000,6.938,7.124,1.0000
3778.0831,924.0312,531.1842,0.0000,0.000,6.948,7.111,1.0000
3783.0765,922.5701,526.4094,0.0000,0.000,6.957,7.097,1.0000
3788.0751,921.0778,521.6387,0.0000,0.000,6.967,7.084,1.0000
3793.0827,919.5157,516.8810,0.0000,0.000,6.976,7.071,1.0000
3798.0979,917.8908,512.1363,0.0000,0.000,7.040,7.004,1.0000
3803.1144,916.2402,507.3992,0.0000,0.000,7.152,6.890,1.0000
3808.1251,914.6016,502.6639,0.0000,0.000,7.234,6.812,1.0000
3813.1235,913.0125,497.9248,0.0000,0.000,7.003,7.132,1.0000
3818.1054,911.5067,493.1760,0.0000,0.000,6.972,7.151,1.0000
3823.0766,910.0954,488.4093,0.0000,0.000,6.945,7.164,1.0000
3828.0470,908.7809,483.6159,0.0000,0.000,6.939,7.145,1.0000
3833.0264,907.5657,478.7870,0.0000,0.000,6.958,7.152,1.0000
3838.0250,906.4526,473.9140,0.0000,0.000,7.063,7.256,1.0000
3843.0429,905.4525,468.9968,0.0000,0.000,7.160,7.347,1.0000
3848.0705,904.5854,464.0444,0.0000,0.000,7.156,7.265,1.0000
3853.0993,903.8719,459.0666,0.0000,0.000,7.153,7.182,1.0000
3858.1222,903.3322,454.0727,0.0000,0.000,7.106,7.122,1.0000
3863.1343,902.9870,449.0725,0.0000,0.000,7.027,7.078,1.0000
3868.1330,902.8567,444.0755,0.0000,0.000,6.986,7.081,1.0000
3873.1184,902.9618,439.0912,0.0000,0.000,7.018,7.176,1.0000
3878.0934,903.3227,434.1293,0.0000,0.000,7.050,7.271,1.0000
3883.0644,903.9597,429.1994,0.0000,0.000,6.991,7.392,1.0000
3888.0384,904.8834,424.3118,0.0000,0.000,6.897,7.524,1.0000
3893.0186,906.0855,419.4789,0.0000,0.000,6.851,7.586,1.0000
3898.0063,907.5560,414.7129,0.0000,0.000,6.934,7.465,1.0000
3903.0017,909.2846,410.0261,0.0000,0.000,7.016,7.344,1.0000
3908.0039,911.2612,405.4310,0.0000,0.000,7.123,7.299,1.0000
3913.0114,913.4758,400.9399,0.0000,0.000,7.235,7.270,1.0000
3918.0218,915.9182,396.5650,0.0000,0.000,7.339,7.239,1.0000
3923.0323,918.5782,392.3189,0.0000,0.000,7.240,7.176,1.0000
3928.0398,921.4457,388.2137,0.0000,0.000,7.141,7.113,1.0000
3933.0438,924.5021,384.2516,0.0000,0.000,7.031,7.161,1.0000
3938.0496,927.7011,380.4013,0.0000,0.000,6.910,7.332,1.0000
3943.0582,930.9909,376.6248,0.0000,0.000,6.799,7.487,1.0000
3948.0657,934.3196,372.8838,0.0000,0.000,6.956,7.206,1.0000
3953.0664,937.6355,369.1405,0.0000,0.000,7.112,6.924,1.0000
3958.0551,940.8865,365.3566,0.0000,0.000,7.086,6.843,1.0000
3963.0293,944.0210,361.4942,0.0000,0.000,6.896,6.940,1.0000
3967.9922,946.9871,357.5152,0.0000,0.000,6.824,6.954,1.0000
3972.9547,949.7328,353.3815,0.0000,0.000,6.475,7.137,1.0000
3977.9344,952.2109,349.0622,0.0000,0.000,7.049,6.534,1.0000
3982.9336,954.4008,344.5682,0.0000,0.000,7.099,6.526,1.0000
3987.9463,956.2915,339.9257,0.0000,0.000,7.066,6.515,1.0000
3992.9663,957.8720,335.1610,0.0000,0.000,6.966,6.633,1.0000
3997.9876,959.1313,330.3001,0.0000,0.000,6.805,6.861,1.0000
4003.0048,960.0586,325.3694,0.0000,0.000,6.630,6.961,1.0000
4008.0133,960.6428,320.3951,0.0000,0.000,6.846,6.865,1.0000
4013.0105,960.8730,315.4032,0.0000,0.000,6.946,6.971,1.0000
4017.9954,960.7382,310.4201,0.0000,0.000,6.550,6.892,1.0000
4022.9701,960.2290,305.4716,0.0000,0.000,6.752,6.832,1.0000
4027.9413,959.3514,300.5785,0.0000,0.000,6.818,6.793,1.0000
4032.9154,958.1213,295.7588,0.0000,0.000,6.952,6.702,1.0000
4037.8964,956.5549,291.0305,0.0000,0.000,7.289,6.492,1.0000
4042.8859,954.6682,286.4115,0.0000,0.000,7.249,6.634,1.0000
4047.8835,952.4773,281.9198,0.0000,0.000,7.148,6.804,1.0000
4052.8873,949.9984,277.5731,0.0000,0.000,7.041,6.842,1.0000
4057.8943,947.2474,273.3896,0.0000,0.000,6.872,6.954,1.0000
4062.9006,944.2405,269.3870,0.0000,0.000,6.778,7.041,1.0000
4067.9019,940.9941,265.5825,0.0000,0.000,7.111,6.788,1.0000
4072.9009,937.5343,261.9742,0.0000,0.000,6.872,6.927,1.0000
4077.9030,933.8970,258.5404,0.0000,0.000,6.631,7.106,1.0000
4082.9078,930.1187,255.2581,0.0000,0.000,6.509,7.265,1.0000
4087.9098,926.2359,252.1047,0.0000,0.000,7.185,6.901,1.0000
4092.9005,922.2832,249.0580,0.0000,0.000,7.383,6.779,1.0000
4097.8803,918.2759,246.1016,0.0000,0.000,7.192,7.117,1.0000
4102.8562,914.2172,243.2231,0.0000,0.000,7.466,6.880,1.0000
4107.8343,910.1102,240.4098,0.0000,0.000,7.457,6.883,1.0000
4112.8202,905.9581,237.6495,0.0000,0.000,7.172,7.130,1.0000
4117.8163,901.7643,234.9342,0.0000,0.000,6.888,7.378,1.0000
4122.8199,897.5325,232.2645,0.0000,0.000,6.814,7.443,1.0000
4127.8276,893.2665,229.6417,0.0000,0.000,7.028,7.258,1.0000
4132.8361,888.9703,227.0672,0.0000,0.000,7.243,7.073,1.0000
4137.8422,884.6481,224.5415,0.0000,0.000,7.417,6.911,1.0000
4142.8431,880.3143,222.0461,0.0000,0.000,7.349,6.882,1.0000
4147.8363,875.9935,219.5433,0.0000,0.000,7.281,6.853,1.0000
4152.8198,871.7112,216.9944,0.0000,0.000,7.026,7.117,1.0000
4157.7932,867.4925,214.3607,0.0000,0.000,6.671,7.551,1.0000
4162.7597,863.3639,211.6001,0.0000,0.000,6.951,7.107,1.0000
4167.7301,859.3554,208.6612,0.0000,0.000,6.897,7.236,1.0000
4172.7222,855.4824,205.5114,0.0000,0.000,7.157,7.024,1.0000
4177.7375,851.6076,202.3272,0.0000,0.000,7.426,6.698,1.0000
4182.7467,847.7638,199.1152,0.0000,0.000,7.244,6.946,1.0000
4187.7301,844.1448,195.6893,0.0000,0.000,6.938,7.409,1.0000
4192.6998,840.7627,192.0479,0.0000,0.000,6.773,7.608,1.0000
4197.6666,837.6107,188.2094,0.0000,0.000,6.931,7.433,1.0000
4202.6384,834.6820,184.1918,0.0000,0.000,7.147,7.191,1.0000
4207.6207,831.9652,180.0154,0.0000,0.000,7.135,7.109,1.0000
4212.6184,829.4249,175.7115,0.0000,0.000,7.075,7.061,1.0000
4217.6305,827.0174,171.3154,0.0000,0.000,6.995,6.978,1.0000
4222.6509,824.6991,166.8623,0.0000,0.000,6.836,6.758,1.0000
4227.6699,822.4264,162.3874,0.0000,0.000,6.688,6.622,1.0000
4232.6792,820.1647,157.9178,0.0000,0.000,6.558,6.647,1.0000
4237.6802,817.9065,153.4557,0.0000,0.000,6.525,6.654,1.0000
4242.6758,815.6496,148.9989,0.0000,0.000,6.528,6.655,1.0000
4247.6692,813.3916,144.5452,0.0000,0.000,6.531,6.657,1.0000
4252.6632,811.1303,140.0925,0.0000,0.000,6.534,6.658,1.0000
4257.6588,808.8653,135.6399,0.0000,0.000,6.537,6.659,1.0000
4262.6557,806.5972,131.1873,0.0000,0.000,6.539,6.661,1.0000
4267.6539,804.3269,126.7346,0.0000,0.000,6.542,6.662,1.0000
4272.6530,802.0550,122.2815,0.0000,0.000,6.545,6.663,1.0000
4277.6529,799.7822,117.8280,0.0000,0.000,6.548,6.665,1.0000
4282.6534,797.5092,113.3740,0.0000,0.000,6.551,6.666,1.0000
4287.6543,795.2367,108.9192,0.0000,0.000,6.554,6.667,1.0000
4292.6554,792.9654,104.4637,0.0000,0.000,6.557,6.669,1.0000
4297.6565,790.6960,100.0071,0.0000,0.000,6.560,6.670,1.0000
4302.6576,788.4287,95.5495,0.0000,0.000,6.563,6.671,1.0000
4307.6585,786.1635,91.0910,0.0000,0.000,6.566,6.672,1.0000
4312.6594,783.9003,86.6316,0.0000,0.000,6.569,6.674,1.0000
4317.6602,781.6390,82.1712,0.0000,0.000,6.572,6.675,1.0000
4322.6609,779.3794,77.7101,0.0000,0.000,6.574,6.676,1.0000
4327.6616,777.1215,73.2482,0.0000,0.000,6.577,6.678,1.0000
4332.6622,774.8652,68.7856,0.0000,0.000,6.580,6.679,1.0000
4337.6628,772.6104,64.3223,0.0000,0.000,6.583,6.680,1.0000
4342.6632,770.3568,59.8584,0.0000,0.000,6.586,6.682,1.0000
4347.6637,768.1046,55.3939,0.0000,0.000,6.589,6.683,1.0000
4352.6640,765.8535,50.9289,0.0000,0.000,6.592,6.684,1.0000
4357.6644,763.6034,46.4634,0.0000,0.000,6.595,6.686,1.0000
4362.6647,761.3543,41.9975,0.0000,0.000,6.598,6.687,1.0000
4367.6649,759.1060,37.5312,0.0000,0.000,6.601,6.688,1.0000
4372.6651,756.8584,33.0646,0.0000,0.000,6.604,6.689,1.0000
4377.6653,754.6115,28.5977,0.0000,0.000,6.607,6.691,1.0000
4382.6654,752.3650,24.1306,0.0000,0.000,6.607,6.684,1.0000
4387.6655,750.1190,19.6634,0.0000,0.000,6.607,6.675,1.0000
4392.6656,747.8733,15.1960,0.0000,0.000,6.607,6.667,1.0000
4397.6657,745.6278,10.7285,0.0000,0.000,6.607,6.658,1.0000
4402.6657,743.3824,6.2610,0.0000,0.000,6.607,6.650,1.0000
4407.6657,741.1371,1.7935,0.0000,0.000,6.607,6.641,1.0000
4412.6657,738.8916,-2.6739,0.0000,0.000,6.608,6.633,1.0000
4417.6657,736.6459,-7.1412,0.0000,0.000,6.608,6.624,1.0000
4422.6657,734.3998,-11.6083,0.0000,0.000,6.608,6.616,1.0000
4427.6657,732.1534,-16.0752,0.0000,0.000,6.608,6.607,1.0000
4432.6656,729.9064,-20.5419,0.0000,0.000,6.608,6.599,1.0000
4437.6656,727.6589,-25.0082,0.0000,0.000,6.608,6.590,1.0000
4442.6656,725.4105,-29.4741,0.0000,0.000,6.608,6.582,1.0000
4447.6655,723.1614,-33.9396,0.0000,0.000,6.608,6.573,1.0000
4452.6655,720.9113,-38.4047,0.0000,0.000,6.608,6.565,1.0000
4457.6655,718.6602,-42.8692,0.0000,0.000,6.608,6.556,1.0000
4462.6654,716.4079,-47.3332,0.0000,0.000,6.608,6.548,1.0000
4467.6655,714.1543,-51.7966,0.0000,0.000,6.609,6.539,1.0000
4472.6655,711.8995,-56.2593,0.0000,0.000,6.609,6.531,1.0000
4477.6655,709.6431,-60.7213,0.0000,0.000,6.609,6.522,1.0000
4482.6656,707.3852,-65.1825,0.0000,0.000,6.609,6.514,1.0000
4487.6657,705.1258,-69.6430,0.0000,0.000,6.609,6.505,1.0000
4492.6658,702.8649,-74.1028,0.0000,0.000,6.609,6.497,1.0000
4497.6659,700.6027,-78.5619,0.0000,0.000,6.609,6.488,1.0000
4502.6661,698.3393,-83.0205,0.0000,0.000,6.606,6.484,1.0000
4507.6663,696.0747,-87.4784,0.0000,0.000,6.598,6.488,1.0000
4512.6665,693.8091,-91.9359,0.0000,0.000,6.590,6.492,1.0000
4517.6667,691.5426,-96.3930,0.0000,0.000,6.581,6.496,1.0000
4522.6670,689.2752,-100.8496,0.0000,0.000,6.573,6.500,1.0000
4527.6672,687.0071,-105.3058,0.0000,0.000,6.565,6.504,1.0000
4532.6675,684.7384,-109.7618,0.0000,0.000,6.557,6.508,1.0000
4537.6678,682.4691,-114.2174,0.0000,0.000,6.548,6.512,1.0000
4542.6680,680.1994,-118.6729,0.0000,0.000,6.540,6.516,1.0000
4547.6683,677.9293,-123.1282,0.0000,0.000,6.532,6.520,1.0000
4552.6686,675.6590,-127.5834,0.0000,0.000,6.524,6.524,1.0000
4557.6689,673.3885,-132.0385,0.0000,0.000,6.515,6.529,1.0000
4562.6692,671.1179,-136.4936,0.0000,0.000,6.507,6.533,1.0000
4567.6695,668.8475,-140.9486,0.0000,0.000,6.499,6.537,1.0000
4572.6698,666.5771,-145.4038,0.0000,0.000,6.490,6.541,1.0000
4577.6701,664.3070,-149.8591,0.0000,0.000,6.482,6.545,1.0000
4582.6704,662.0373,-154.3146,0.0000,0.000,6.474,6.549,1.0000
4587.6707,659.7680,-158.7702,0.0000,0.000,6.466,6.553,1.0000
4592.6709,657.4992,-163.2261,0.0000,0.000,6.457,6.557,1.0000
4597.6712,655.2311,-167.6824,0.0000,0.000,6.449,6.561,1.0000
4602.6714,652.9637,-172.1390,0.0000,0.000,6.441,6.565,1.0000
4607.6716,650.6971,-176.5960,0.0000,0.000,6.433,6.569,1.0000
4612.6718,648.4314,-181.0534,0.0000,0.000,6.424,6.573,1.0000
4617.6720,646.1668,-185.5114,0.0000,0.000,6.416,6.577,1.0000
4622.6722,643.9034,-189.9699,0.0000,0.000,6.408,6.581,1.0000
4627.6723,641.6411,-194.4290,0.0000,0.000,6.400,6.585,1.0000
4632.6724,639.3802,-198.8888,0.0000,0.000,6.391,6.589,1.0000
4637.6725,637.1207,-203.3492,0.0000,0.000,6.383,6.593,1.0000
4642.6726,634.8627,-207.8104,0.0000,0.000,6.375,6.597,1.0000
4647.6726,632.6063,-212.2724,0.0000,0.000,6.367,6.601,1.0000
4652.6726,630.3517,-216.7352,0.0000,0.000,6.358,6.605,1.0000
4657.6726,628.0989,-221.1989,0.0000,0.000,6.350,6.609,1.0000
4662.6726,625.8480,-225.6635,0.0000,0.000,6.342,6.613,1.0000
4667.6725,623.5991,-230.1291,0.0000,0.000,6.353,6.629,1.0000
4672.6724,621.3525,-234.5959,0.0000,0.000,6.411,6.673,1.0000
4677.6723,619.1086,-239.0640,0.0000,0.000,6.470,6.718,1.0000
4682.6722,616.8676,-243.5335,0.0000,0.000,6.529,6.762,1.0000
4687.6720,614.6300,-248.0047,0.0000,0.000,6.588,6.807,1.0000
4692.6719,612.3959,-252.4777,0.0000,0.000,6.647,6.851,1.0000
4697.6718,610.1657,-256.9527,0.0000,0.000,6.705,6.896,1.0000
4702.6718,607.9398,-261.4298,0.0000,0.000,6.764,6.940,1.0000
4707.6718,605.7184,-265.9092,0.0000,0.000,6.823,6.985,1.0000
4712.6718,603.5019,-270.3911,0.0000,0.000,6.882,7.029,1.0000
4717.6719,601.2906,-274.8757,0.0000,0.000,6.940,7.074,1.0000
4722.6722,599.0848,-279.3631,0.0000,0.000,6.999,7.118,1.0000
4727.6725,596.8848,-283.8535,0.0000,0.000,7.058,7.163,1.0000
4732.6729,594.6911,-288.3470,0.0000,0.000,7.117,7.207,1.0000
4737.6735,592.5037,-292.8439,0.0000,0.000,7.175,7.252,1.0000
4742.6743,590.3232,-297.3442,0.0000,0.000,7.228,7.283,1.0000
4747.6753,588.1498,-301.8482,0.0000,0.000,7.258,7.259,1.0000
4752.6765,585.9839,-306.3561,0.0000,0.000,7.287,7.235,1.0000
4757.6779,583.8253,-310.8677,0.0000,0.000,7.317,7.212,1.0000
4762.6791,581.6656,-315.3786,0.0000,0.000,7.346,7.188,1.0000
4767.6793,579.4882,-319.8798,0.0000,0.000,7.376,7.165,1.0000
4772.6780,577.2764,-324.3625,0.0000,0.000,7.405,7.141,1.0000
4777.6749,575.0133,-328.8175,0.0000,0.000,7.435,7.118,1.0000
4782.6707,572.6843,-333.2372,0.0000,0.000,7.365,7.097,1.0000
4787.6666,570.2952,-337.6249,0.0000,0.000,7.290,7.077,1.0000
4792.6637,567.8633,-341.9903,0.0000,0.000,7.215,7.057,1.0000
4797.6623,565.4060,-346.3432,0.0000,0.000,7.140,7.037,1.0000
4802.6625,562.9406,-350.6933,0.0000,0.000,7.066,7.016,1.0000
4807.6641,560.4769,-355.0460,0.0000,0.000,6.991,6.996,1.0000
4812.6666,558.0123,-359.3992,0.0000,0.000,6.916,6.976,1.0000
4817.6696,555.5433,-363.7506,0.0000,0.000,6.938,6.931,1.0000
4822.6728,553.0662,-368.0976,0.0000,0.000,6.980,6.881,1.0000
4827.6758,550.5777,-372.4378,0.0000,0.000,7.022,6.832,1.0000
4832.6783,548.0740,-376.7686,0.0000,0.000,7.064,6.782,1.0000
4837.6799,545.5516,-381.0876,0.0000,0.000,7.106,6.732,1.0000
4842.6805,543.0070,-385.3923,0.0000,0.000,7.148,6.682,1.0000
4847.6798,540.4366,-389.6802,0.0000,0.000,7.112,6.718,1.0000
4852.6779,537.8382,-393.9499,0.0000,0.000,7.068,6.761,1.0000
4857.6751,535.2140,-398.2026,0.0000,0.000,7.024,6.805,1.0000
4862.6718,532.5666,-402.4403,0.0000,0.000,6.980,6.849,1.0000
4867.6682,529.8987,-406.6648,0.0000,0.000,6.936,6.892,1.0000
4872.6647,527.2129,-410.8780,0.0000,0.000,6.893,6.936,1.0000
4877.6613,524.5121,-415.0818,0.0000,0.000,6.852,6.975,1.0000
4882.6583,521.7989,-419.2781,0.0000,0.000,6.858,6.957,1.0000
4887.6558,519.0760,-423.4686,0.0000,0.000,6.864,6.938,1.0000
4892.6539,516.3462,-427.6553,0.0000,0.000,6.870,6.919,1.0000
4897.6526,513.6120,-431.8401,0.0000,0.000,6.876,6.901,1.0000
4902.6522,510.8763,-436.0247,0.0000,0.000,6.881,6.882,1.0000
4907.6526,508.1417,-440.2111,0.0000,0.000,6.887,6.863,1.0000
4912.6539,505.4109,-444.4011,0.0000,0.000,6.893,6.846,1.0000
4917.6563,502.6866,-448.5967,0.0000,0.000,6.892,6.854,1.0000
4922.6599,499.9716,-452.7996,0.0000,0.000,6.891,6.862,1.0000
4927.6648,497.2685,-457.0117,0.0000,0.000,6.890,6.869,1.0000
4932.6711,494.5800,-461.2349,0.0000,0.000,6.889,6.877,1.0000
4937.6792,491.9089,-465.4711,0.0000,0.000,6.888,6.885,1.0000
4942.6889,489.2562,-469.7209,0.0000,0.000,6.888,6.892,1.0000
4947.6984,486.6079,-473.9731,0.0000,0.000,6.887,6.900,1.0000
4952.7047,483.9418,-478.2105,0.0000,0.000,6.886,6.908,1.0000
4957.7052,481.2356,-482.4154,0.0000,0.000,6.885,6.915,1.0000
4962.6981,478.4668,-486.5703,0.0000,0.000,6.886,6.905,1.0000
4967.6831,475.6132,-490.6578,0.0000,0.000,6.896,6.804,1.0000
4972.6616,472.6525,-494.6602,0.0000,0.000,7.016,6.626,1.0000
4977.6375,469.5622,-498.5601,0.0000,0.000,6.963,6.708,1.0000
4982.6173,466.3201,-502.3399,0.0000,0.000,6.695,6.973,1.0000
4987.6102,462.9043,-505.9817,0.0000,0.000,6.750,6.744,1.0000
4992.6146,459.3035,-509.4570,0.0000,0.000,6.820,6.932,1.0000
4997.6192,455.5160,-512.7281,0.0000,0.000,6.651,6.643,1.0000
5002.6171,451.5403,-515.7569,0.0000,0.000,7.027,6.536,1.0000
5007.6073,447.3752,-518.5052,0.0000,0.000,7.146,6.634,1.0000
5012.5951,443.0215,-520.9392,0.0000,0.000,6.832,6.962,1.0000
5017.5901,438.5023,-523.0667,0.0000,0.000,6.532,7.088,1.0000
5022.5950,433.8521,-524.9173,0.0000,0.000,6.638,6.887,1.0000
5027.6050,429.1057,-526.5211,0.0000,0.000,6.843,6.748,1.0000
5032.6090,424.2976,-527.9077,0.0000,0.000,6.925,6.763,1.0000
5037.5998,419.4498,-529.0933,0.0000,0.000,7.038,6.741,1.0000
5042.5822,414.5646,-530.0731,0.0000,0.000,6.967,6.829,1.0000
5047.5633,409.6430,-530.8405,0.0000,0.000,7.137,6.744,1.0000
5052.5509,404.6856,-531.3889,0.0000,0.000,6.946,6.859,1.0000
5057.5528,399.6941,-531.7111,0.0000,0.000,6.678,7.062,1.0000
5062.5644,394.6831,-531.7878,0.0000,0.000,6.634,7.156,1.0000
5067.5721,389.6794,-531.5888,0.0000,0.000,6.937,6.711,1.0000
5072.5671,384.7100,-531.0835,0.0000,0.000,7.114,6.496,1.0000
5077.5465,379.8023,-530.2414,0.0000,0.000,6.907,6.759,1.0000
5082.5160,374.9791,-529.0446,0.0000,0.000,6.815,6.861,1.0000
5087.4859,370.2523,-527.5091,0.0000,0.000,6.956,6.699,1.0000
5092.4639,365.6319,-525.6565,0.0000,0.000,6.904,6.771,1.0000
5097.4540,361.1278,-523.5085,0.0000,0.000,6.786,6.925,1.0000
5102.4570,356.7501,-521.0865,0.0000,0.000,6.898,6.869,1.0000
5107.4710,352.5088,-518.4123,0.0000,0.000,6.714,7.009,1.0000
5112.4918,348.4137,-515.5073,0.0000,0.000,6.882,6.832,1.0000
5117.5129,344.4750,-512.3931,0.0000,0.000,6.970,6.786,1.0000
5122.5261,340.7026,-509.0914,0.0000,0.000,6.939,6.884,1.0000
5127.5233,337.1077,-505.6203,0.0000,0.000,6.849,7.053,1.0000
5132.5038,333.7072,-501.9814,0.0000,0.000,7.274,6.617,1.0000
5137.4712,330.5198,-498.1715,0.0000,0.000,6.978,6.676,1.0000
5142.4321,327.5639,-494.1874,0.0000,0.000,6.732,6.854,1.0000
5147.3958,324.8583,-490.0258,0.0000,0.000,6.878,6.722,1.0000
5152.3748,322.3992,-485.6965,0.0000,0.000,6.774,6.939,1.0000
5157.3753,320.1252,-481.2429,0.0000,0.000,6.705,7.083,1.0000
5162.3931,317.9658,-476.7136,0.0000,0.000,6.811,6.970,1.0000
5167.4165,315.8504,-472.1573,0.0000,0.000,7.105,6.542,1.0000
5172.4328,313.7133,-467.6191,0.0000,0.000,6.865,6.822,1.0000
5177.4388,311.5330,-463.1127,0.0000,0.000,6.873,6.886,1.0000
5182.4370,309.3105,-458.6359,0.0000,0.000,6.973,6.864,1.0000
5187.4294,307.0472,-454.1860,0.0000,0.000,6.892,6.969,1.0000
5192.4182,304.7442,-449.7606,0.0000,0.000,6.842,7.039,1.0000
5197.4054,302.4028,-445.3571,0.0000,0.000,6.988,6.892,1.0000
5202.3931,300.0243,-440.9731,0.0000,0.000,6.991,6.864,1.0000
5207.3832,297.6100,-436.6059,0.0000,0.000,6.749,7.042,1.0000
5212.3776,295.1611,-432.2531,0.0000,0.000,6.598,7.136,1.0000
5217.3780,292.6788,-427.9124,0.0000,0.000,6.736,6.963,1.0000
5222.3834,290.1614,-423.5861,0.0000,0.000,6.920,6.774,1.0000
5227.3909,287.6052,-419.2802,0.0000,0.000,7.150,6.568,1.0000
5232.3975,285.0061,-415.0011,0.0000,0.000,7.137,6.611,1.0000
5237.4004,282.3601,-410.7551,0.0000,0.000,6.990,6.792,1.0000
5242.3976,279.6637,-406.5479,0.0000,0.000,6.831,6.965,1.0000
5247.3898,276.9162,-402.3797,0.0000,0.000,6.656,7.126,1.0000
5252.3796,274.1184,-398.2481,0.0000,0.000,6.482,7.287,1.0000
5257.3691,271.2712,-394.1507,0.0000,0.000,6.574,7.084,1.0000
5262.3605,268.3755,-390.0851,0.0000,0.000,6.666,6.881,1.0000
5267.3550,265.4323,-386.0499,0.0000,0.000,6.755,6.749,1.0000
5272.3524,262.4433,-382.0450,0.0000,0.000,6.834,6.752,1.0000
5277.3520,259.4098,-378.0708,0.0000,0.000,6.987,6.689,1.0000
5282.3535,256.3335,-374.1273,0.0000,0.000,7.173,6.597,1.0000
5287.3562,253.2159,-370.2148,0.0000,0.000,7.091,6.737,1.0000
5292.3596,250.0586,-366.3335,0.0000,0.000,6.951,6.927,1.0000
5297.3630,246.8629,-362.4835,0.0000,0.000,6.811,7.117,1.0000
5302.3659,243.6306,-358.6650,0.0000,0.000,6.802,7.104,1.0000
5307.3675,240.3631,-354.8782,0.0000,0.000,6.833,7.029,1.0000
5312.3675,237.0622,-351.1227,0.0000,0.000,6.862,6.977,1.0000
5317.3663,233.7303,-347.3963,0.0000,0.000,6.885,7.003,1.0000
5322.3642,230.3697,-343.6968,0.0000,0.000,6.909,7.028,1.0000
5327.3618,226.9830,-340.0218,0.0000,0.000,6.953,7.073,1.0000
5332.3592,223.5725,-336.3690,0.0000,0.000,7.045,7.160,1.0000
5337.3567,220.1407,-332.7361,0.0000,0.000,7.137,7.248,1.0000
5342.3546,216.6900,-329.1207,0.0000,0.000,7.230,7.336,1.0000
5347.3527,213.2229,-325.5206,0.0000,0.000,7.366,7.393,1.0000
5352.3514,209.7419,-321.9333,0.0000,0.000,7.502,7.450,1.0000
5357.3505,206.2492,-318.3565,0.0000,0.000,7.639,7.507,1.0000
5362.3502,202.7475,-314.7880,0.0000,0.000,7.724,7.531,1.0000
5367.3503,199.2391,-311.2254,0.0000,0.000,7.701,7.485,1.0000
5372.3508,195.7265,-307.6664,0.0000,0.000,7.679,7.439,1.0000
5377.3517,192.2121,-304.1086,0.0000,0.000,7.657,7.393,1.0000
5382.3529,188.6983,-300.5498,0.0000,0.000,7.635,7.346,1.0000
5387.3544,185.1876,-296.9875,0.0000,0.000,7.612,7.300,1.0000
5392.3561,181.6824,-293.4195,0.0000,0.000,7.590,7.254,1.0000
5397.3579,178.1852,-289.8435,0.0000,0.000,7.568,7.208,1.0000
5402.3600,174.6982,-286.2571,0.0000,0.000,7.545,7.162,1.0000
5407.3620,171.2231,-282.6594,0.0000,0.000,7.523,7.115,1.0000
5412.3638,167.7608,-279.0496,0.0000,0.000,7.501,7.069,1.0000
5417.3650,164.3125,-275.4272,0.0000,0.000,7.478,7.023,1.0000
5422.3656,160.8792,-271.7916,0.0000,0.000,7.456,6.977,1.0000
5427.3652,157.4620,-268.1420,0.0000,0.000,7.434,6.931,1.0000
5432.3638,154.0620,-264.4780,0.0000,0.000,7.374,6.932,1.0000
5437.3610,150.6801,-260.7989,0.0000,0.000,7.297,6.955,1.0000
5442.3569,147.3176,-257.1040,0.0000,0.000,7.221,6.978,1.0000
5447.3512,143.9754,-253.3929,0.0000,0.000,7.145,7.001,1.0000
5452.3446,140.6523,-249.6658,0.0000,0.000,7.068,7.024,1.0000
5457.3383,137.3454,-245.9239,0.0000,0.000,6.992,7.047,1.0000
5462.3336,134.0519,-242.1682,0.0000,0.000,6.915,7.069,1.0000
5467.3315,130.7688,-238.3999,0.0000,0.000,6.839,7.092,1.0000
5472.3332,127.4930,-234.6201,0.0000,0.000,6.763,7.115,1.0000
5477.3399,124.2218,-230.8299,0.0000,0.000,6.686,7.138,1.0000
5482.3525,120.9522,-227.0304,0.0000,0.000,6.610,7.161,1.0000
5487.3723,117.6811,-223.2228,0.0000,0.000,6.534,7.184,1.0000
5492.3999,114.4052,-219.4089,0.0000,0.000,6.457,7.207,1.0000
5497.4231,111.0953,-215.6304,0.0000,0.000,6.381,7.229,1.0000
5502.4142,107.6855,-211.9857,0.0000,0.000,6.304,7.252,1.0000
5507.3129,104.0509,-208.7014,0.0000,0.000,6.230,7.275,1.0000
5512.0544,99.8591,-206.4853,0.0000,0.000,6.448,7.257,1.0000
5516.9269,95.0672,-205.6024,0.0000,0.000,7.093,6.750,1.0000
5522.0514,89.9493,-205.8630,0.0000,0.000,7.554,6.726,1.0000
5527.2135,84.9003,-206.9374,0.0000,0.000,7.378,7.431,1.0000
5532.1857,80.2156,-208.6035,0.0000,0.000,7.123,8.031,1.0000
5537.0398,75.9429,-210.9071,0.0000,0.000,7.308,7.916,1.0000
5541.9182,72.0528,-213.8509,0.0000,0.000,7.786,7.561,1.0000
5546.8886,68.4179,-217.2409,0.0000,0.000,7.664,7.427,1.0000
5551.9341,64.8967,-220.8546,0.0000,0.000,7.507,7.305,1.0000
5556.9999,61.3477,-224.4695,0.0000,0.000,7.351,7.183,1.0000
5562.0342,57.6310,-227.8650,0.0000,0.000,7.176,7.064,1.0000
5567.0288,53.6700,-230.9075,0.0000,0.000,6.774,6.982,1.0000
5572.0035,49.4762,-233.5832,0.0000,0.000,6.872,6.726,1.0000
5576.9781,45.0673,-235.8872,0.0000,0.000,6.795,6.785,1.0000
5581.9711,40.4612,-237.8143,0.0000,0.000,6.944,6.823,1.0000
5586.9786,35.6825,-239.3106,0.0000,0.000,7.368,6.742,1.0000
5591.9413,30.7856,-240.1163,0.0000,0.000,7.126,7.096,1.0000
5596.8938,25.8364,-239.9347,0.0000,0.000,7.014,7.180,1.0000
5601.9095,20.9610,-238.7569,0.0000,0.000,7.242,6.824,1.0000
5606.9320,16.3331,-236.8054,0.0000,0.000,7.144,6.853,1.0000
5611.8958,12.0615,-234.2770,0.0000,0.000,7.165,6.933,1.0000
5616.8541,8.1001,-231.2950,0.0000,0.000,7.177,6.983,1.0000
5621.8413,4.3812,-227.9721,0.0000,0.000,7.163,6.982,1.0000
5626.8586,0.8368,-224.4210,0.0000,0.000,7.113,6.979,1.0000
5631.8849,-2.6000,-220.7533,0.0000,0.000,7.037,6.975,1.0000
5636.9025,-5.9674,-217.0335,0.0000,0.000,6.962,6.972,1.0000
5641.9109,-9.2641,-213.2632,0.0000,0.000,6.912,6.949,1.0000
5646.9112,-12.4867,-209.4397,0.0000,0.000,6.920,6.884,1.0000
5651.9050,-15.6312,-205.5603,0.0000,0.000,6.933,6.818,1.0000
5656.8940,-18.6941,-201.6222,0.0000,0.000,7.038,6.742,1.0000
5661.8801,-21.6715,-197.6227,0.0000,0.000,7.142,6.665,1.0000
5666.8656,-24.5599,-193.5591,0.0000,0.000,7.173,6.670,1.0000
5671.8532,-27.3554,-189.4286,0.0000,0.000,7.077,6.817,1.0000
5676.8457,-30.0544,-185.2286,0.0000,0.000,6.994,6.928,1.0000
5681.8449,-32.6536,-180.9582,0.0000,0.000,6.962,6.903,1.0000
5686.8494,-35.1503,-176.6209,0.0000,0.000,6.930,6.878,1.0000
5691.8575,-37.5423,-172.2210,0.0000,0.000,6.898,6.854,1.0000
5696.8672,-39.8270,-167.7626,0.0000,0.000,6.887,6.814,1.0000
5701.8769,-42.0022,-163.2498,0.0000,0.000,6.947,6.723,1.0000
5706.8846,-44.0654,-158.6869,0.0000,0.000,7.006,6.633,1.0000
5711.8887,-46.0142,-154.0778,0.0000,0.000,6.944,6.674,1.0000
5716.8874,-47.8462,-149.4269,0.0000,0.000,6.808,6.794,1.0000
5721.8791,-49.5591,-144.7383,0.0000,0.000,6.723,6.877,1.0000
5726.8636,-51.1524,-140.0154,0.0000,0.000,6.929,6.743,1.0000
5731.8458,-52.6343,-135.2586,0.0000,0.000,7.136,6.608,1.0000
5736.8316,-54.0150,-130.4678,0.0000,0.000,7.015,6.741,1.0000
5741.8261,-55.3045,-125.6427,0.0000,0.000,6.886,6.879,1.0000
5746.8337,-56.5131,-120.7831,0.0000,0.000,6.806,6.919,1.0000
5751.8514,-57.6211,-115.8893,0.0000,0.000,6.785,6.838,1.0000
5756.8631,-58.5424,-110.9630,0.0000,0.000,6.789,6.743,1.0000
5761.8610,-59.1817,-106.0061,0.0000,0.000,6.814,6.636,1.0000
5766.8533,-59.4436,-101.0207,0.0000,0.000,6.818,6.579,1.0000
5771.8585,-59.2283,-96.0201,0.0000,0.000,6.759,6.502,1.0000
5776.8425,-58.4044,-91.1048,0.0000,0.000,6.635,6.453,1.0000
5781.7927,-56.8306,-86.4114,0.0000,0.000,6.594,6.565,1.0000
5786.7736,-54.5598,-81.9781,0.0000,0.000,6.686,6.594,1.0000
5791.8000,-51.8974,-77.7149,0.0000,0.000,6.761,6.485,1.0000
5796.8204,-49.1143,-73.5365,0.0000,0.000,6.648,6.364,1.0000
5801.8259,-46.2762,-69.4133,0.0000,0.000,6.183,6.221,1.0000
5806.8223,-43.3980,-65.3292,0.0000,0.000,6.201,6.741,1.0000
5811.8146,-40.4945,-61.2681,0.0000,0.000,6.524,6.572,1.0000
5816.8071,-37.5801,-57.2145,0.0000,0.000,6.610,6.494,1.0000
5821.8017,-34.6613,-53.1616,0.0000,0.000,6.605,6.498,1.0000
5826.7980,-31.7388,-49.1092,0.0000,0.000,6.599,6.503,1.0000
5831.7958,-28.8131,-45.0572,0.0000,0.000,6.593,6.508,1.0000
5836.7949,-25.8847,-41.0056,0.0000,0.000,6.588,6.512,1.0000
5841.7950,-22.9543,-36.9542,0.0000,0.000,6.582,6.517,1.0000
5846.7958,-20.0223,-32.9030,0.0000,0.000,6.576,6.521,1.0000
5851.7972,-17.0893,-28.8520,0.0000,0.000,6.570,6.526,1.0000
5856.7987,-14.1558,-24.8011,0.0000,0.000,6.565,6.530,1.0000
5861.8001,-11.2224,-20.7502,0.0000,0.000,6.559,6.535,1.0000
5866.8014,-8.2894,-16.6993,0.0000,0.000,6.553,6.540,1.0000
5871.8025,-5.3567,-12.6484,0.0000,0.000,6.548,6.544,1.0000
5876.8034,-2.4244,-8.5974,0.0000,0.000,6.542,6.549,1.0000
5881.8041,0.5076,-4.5464,0.0000,0.000,6.536,6.553,1.0000
