# Autódromo José Carlos Pace (Interlagos) — TUMFTM racetrack-database (LGPL-3.0), flat 2-D centre line + measured widths; upstream commit e59595d.
s_m,x_m,y_m,z_m,banking_deg,width_left_m,width_right_m,grip_scale
0.0000,-0.5188,-0.5198,0.0000,0.000,7.513,7.241,1.0000
4.9975,0.7553,-5.3521,0.0000,0.000,7.327,7.156,1.0000
9.9948,2.0187,-10.1871,0.0000,0.000,7.137,7.070,1.0000
14.9918,3.2704,-15.0248,0.0000,0.000,6.948,6.984,1.0000
19.9886,4.5097,-19.8655,0.0000,0.000,6.759,6.898,1.0000
24.9853,5.7359,-24.7093,0.0000,0.000,6.570,6.812,1.0000
29.9818,6.9523,-29.5555,0.0000,0.000,6.382,6.726,1.0000
34.9782,8.1651,-34.4025,0.0000,0.000,6.516,6.860,1.0000
39.9746,9.3803,-39.2489,0.0000,0.000,6.617,6.959,1.0000
44.9711,10.6041,-44.0932,0.0000,0.000,6.606,6.945,1.0000
49.9678,11.8428,-48.9339,0.0000,0.000,6.596,6.931,1.0000
54.9648,13.1025,-53.7695,0.0000,0.000,6.586,6.918,1.0000
59.9624,14.3884,-58.5989,0.0000,0.000,6.576,6.904,1.0000
64.9606,15.6983,-63.4224,0.0000,0.000,6.566,6.890,1.0000
69.9594,17.0269,-68.2414,0.0000,0.000,6.556,6.877,1.0000
74.9585,18.3687,-73.0570,0.0000,0.000,6.546,6.863,1.0000
79.9579,19.7185,-77.8707,0.0000,0.000,6.535,6.849,1.0000
84.9572,21.0709,-82.6836,0.0000,0.000,6.525,6.835,1.0000
89.9562,22.4204,-87.4970,0.0000,0.000,6.515,6.822,1.0000
94.9548,23.7629,-92.3120,0.0000,0.000,6.505,6.808,1.0000
99.9529,25.0981,-97.1285,0.0000,0.000,6.495,6.794,1.0000
104.9508,26.4268,-101.9465,0.0000,0.000,6.485,6.781,1.0000
109.9483,27.7500,-106.7657,0.0000,0.000,6.475,6.767,1.0000
114.9457,29.0683,-111.5860,0.0000,0.000,6.464,6.753,1.0000
119.9429,30.3827,-116.4072,0.0000,0.000,6.454,6.740,1.0000
124.9400,31.6939,-121.2292,0.0000,0.000,6.444,6.726,1.0000
129.9370,33.0029,-126.0518,0.0000,0.000,6.434,6.712,1.0000
134.9341,34.3104,-130.8748,0.0000,0.000,6.424,6.698,1.0000
139.9313,35.6173,-135.6981,0.0000,0.000,6.414,6.685,1.0000
144.9287,36.9244,-140.5215,0.0000,0.000,6.404,6.671,1.0000
149.9262,38.2325,-145.3448,0.0000,0.000,6.393,6.657,1.0000
154.9240,39.5425,-150.1678,0.0000,0.000,6.383,6.644,1.0000
159.9221,40.8551,-154.9905,0.0000,0.000,6.373,6.630,1.0000
164.9204,42.1703,-159.8127,0.0000,0.000,6.363,6.616,1.0000
169.9190,43.4878,-164.6345,0.0000,0.000,6.353,6.602,1.0000
174.9177,44.8073,-169.4559,0.0000,0.000,6.343,6.589,1.0000
179.9164,46.1284,-174.2769,0.0000,0.000,6.333,6.575,1.0000
184.9151,47.4510,-179.0974,0.0000,0.000,6.322,6.561,1.0000
189.9137,48.7746,-183.9176,0.0000,0.000,6.312,6.548,1.0000
194.9122,50.0989,-188.7374,0.0000,0.000,6.302,6.534,1.0000
199.9104,51.4237,-193.5569,0.0000,0.000,6.292,6.520,1.0000
204.9083,52.7487,-198.3759,0.0000,0.000,6.282,6.507,1.0000
209.9057,54.0734,-203.1946,0.0000,0.000,6.272,6.493,1.0000
214.9028,55.3976,-208.0130,0.0000,0.000,6.262,6.479,1.0000
219.8993,56.7211,-212.8311,0.0000,0.000,6.251,6.465,1.0000
224.8952,58.0434,-217.6488,0.0000,0.000,6.241,6.452,1.0000
229.8905,59.3642,-222.4664,0.0000,0.000,6.231,6.438,1.0000
234.8859,60.6828,-227.2846,0.0000,0.000,6.221,6.424,1.0000
239.8818,61.9984,-232.1041,0.0000,0.000,6.211,6.411,1.0000
244.8788,63.3103,-236.9258,0.0000,0.000,6.201,6.397,1.0000
249.8773,64.6178,-241.7503,0.0000,0.000,6.191,6.383,1.0000
254.8781,65.9201,-246.5785,0.0000,0.000,6.181,6.370,1.0000
259.8815,67.2169,-251.4110,0.0000,0.000,6.170,6.356,1.0000
264.8864,68.5200,-256.2433,0.0000,0.000,6.160,6.342,1.0000
269.8898,69.8573,-261.0646,0.0000,0.000,6.150,6.328,1.0000
274.8889,71.2576,-265.8636,0.0000,0.000,6.140,6.315,1.0000
279.8824,72.7497,-270.6289,0.0000,0.000,5.889,6.009,1.0000
284.8707,74.3626,-275.3494,0.0000,0.000,5.555,5.604,1.0000
289.8568,76.1251,-280.0135,0.0000,0.000,5.222,5.198,1.0000
294.8402,78.0816,-284.5968,0.0000,0.000,4.564,5.269,1.0000
299.8075,80.3393,-289.0214,0.0000,0.000,4.842,4.877,1.0000
304.7752,82.9475,-293.2494,0.0000,0.000,4.891,4.818,1.0000
309.7809,85.6692,-297.4504,0.0000,0.000,4.829,4.883,1.0000
314.8192,88.3829,-301.6954,0.0000,0.000,4.909,4.908,1.0000
319.8517,91.2102,-305.8587,0.0000,0.000,5.072,4.911,1.0000
324.8543,94.2888,-309.8018,0.0000,0.000,5.177,5.216,1.0000
329.8252,97.7144,-313.4040,0.0000,0.000,5.256,5.655,1.0000
334.7609,101.4889,-316.5841,0.0000,0.000,5.286,6.329,1.0000
339.6712,105.6017,-319.2667,0.0000,0.000,5.969,6.460,1.0000
344.5881,110.0398,-321.3830,0.0000,0.000,6.780,6.407,1.0000
349.5637,114.7575,-322.9642,0.0000,0.000,6.950,6.668,1.0000
354.6235,119.6842,-324.1175,0.0000,0.000,6.972,7.027,1.0000
359.7543,124.7473,-324.9476,0.0000,0.000,6.949,7.295,1.0000
364.8613,129.8345,-325.3976,0.0000,0.000,7.046,7.200,1.0000
369.8121,134.7815,-325.2036,0.0000,0.000,6.662,7.194,1.0000
374.5837,139.4209,-324.0882,0.0000,0.000,6.163,6.954,1.0000
379.3428,143.6131,-321.8356,0.0000,0.000,6.021,6.376,1.0000
384.2927,147.4154,-318.6663,0.0000,0.000,6.169,6.090,1.0000
389.4072,150.9701,-314.9891,0.0000,0.000,6.169,6.123,1.0000
394.5303,154.4148,-311.1970,0.0000,0.000,6.170,6.157,1.0000
399.5884,157.8192,-307.4561,0.0000,0.000,6.170,6.191,1.0000
404.5956,161.2027,-303.7650,0.0000,0.000,6.171,6.225,1.0000
409.5683,164.5835,-300.1183,0.0000,0.000,6.171,6.258,1.0000
414.5231,167.9799,-296.5108,0.0000,0.000,6.172,6.292,1.0000
419.4767,171.4100,-292.9370,0.0000,0.000,6.203,6.230,1.0000
424.4462,174.8923,-289.3916,0.0000,0.000,6.252,6.105,1.0000
429.4428,178.4513,-285.8845,0.0000,0.000,6.330,6.008,1.0000
434.4403,182.1576,-282.5322,0.0000,0.000,6.688,6.184,1.0000
439.4167,186.1015,-279.4973,0.0000,0.000,7.047,6.361,1.0000
444.3940,190.3729,-276.9423,0.0000,0.000,6.883,6.537,1.0000
449.4181,194.9957,-274.9746,0.0000,0.000,6.712,6.701,1.0000
454.4699,199.8522,-273.5837,0.0000,0.000,6.537,6.706,1.0000
459.4949,204.8066,-272.7438,0.0000,0.000,6.449,6.367,1.0000
464.4269,209.7323,-272.4955,0.0000,0.000,6.513,5.435,1.0000
469.2751,214.5385,-273.1323,0.0000,0.000,6.307,5.385,1.0000
474.2014,219.1610,-274.8356,0.0000,0.000,5.972,5.768,1.0000
479.2135,223.6041,-277.1548,0.0000,0.000,5.989,5.857,1.0000
484.2186,227.9114,-279.7041,0.0000,0.000,6.006,5.946,1.0000
489.2209,232.1553,-282.3522,0.0000,0.000,6.023,6.036,1.0000
494.2230,236.4095,-284.9833,0.0000,0.000,6.041,6.125,1.0000
499.2264,240.7251,-287.5151,0.0000,0.000,6.058,6.215,1.0000
504.2303,245.1052,-289.9344,0.0000,0.000,6.075,6.304,1.0000
509.2335,249.5472,-292.2368,0.0000,0.000,6.065,6.346,1.0000
514.2352,254.0484,-294.4177,0.0000,0.000,6.041,6.366,1.0000
519.2347,258.6061,-296.4725,0.0000,0.000,6.017,6.386,1.0000
524.2316,263.2177,-298.3967,0.0000,0.000,5.992,6.406,1.0000
529.2258,267.8805,-300.1857,0.0000,0.000,5.986,6.452,1.0000
534.2175,272.5918,-301.8351,0.0000,0.000,6.000,6.530,1.0000
539.2072,277.3490,-303.3402,0.0000,0.000,6.014,6.607,1.0000
544.1955,282.1494,-304.6965,0.0000,0.000,6.270,6.504,1.0000
549.1837,286.9904,-305.8994,0.0000,0.000,6.557,6.377,1.0000
554.1732,291.8692,-306.9445,0.0000,0.000,6.719,6.293,1.0000
559.1658,296.7832,-307.8271,0.0000,0.000,6.585,6.311,1.0000
564.1631,301.7290,-308.5431,0.0000,0.000,6.450,6.329,1.0000
569.1637,306.6996,-309.0893,0.0000,0.000,6.286,6.441,1.0000
574.1658,311.6878,-309.4630,0.0000,0.000,6.101,6.618,1.0000
579.1680,316.6860,-309.6615,0.0000,0.000,5.978,6.706,1.0000
584.1689,321.6868,-309.6820,0.0000,0.000,6.001,6.580,1.0000
589.1674,326.6828,-309.5216,0.0000,0.000,6.023,6.453,1.0000
594.1629,331.6665,-309.1776,0.0000,0.000,6.048,6.406,1.0000
599.1551,336.6304,-308.6472,0.0000,0.000,6.073,6.401,1.0000
604.1439,341.5670,-307.9277,0.0000,0.000,6.098,6.397,1.0000
609.1299,346.4690,-307.0163,0.0000,0.000,6.196,6.318,1.0000
614.1140,351.3289,-305.9102,0.0000,0.000,6.347,6.186,1.0000
619.0978,356.1392,-304.6066,0.0000,0.000,6.499,6.054,1.0000
624.0833,360.8924,-303.1027,0.0000,0.000,6.216,6.303,1.0000
629.0730,365.5811,-301.3960,0.0000,0.000,5.925,6.559,1.0000
634.0674,370.1960,-299.4864,0.0000,0.000,5.634,6.815,1.0000
639.0638,374.7256,-297.3777,0.0000,0.000,5.702,6.683,1.0000
644.0596,379.1585,-295.0738,0.0000,0.000,5.948,6.357,1.0000
649.0530,383.4847,-292.5802,0.0000,0.000,6.195,6.031,1.0000
654.0465,387.7064,-289.9132,0.0000,0.000,6.269,5.938,1.0000
659.0421,391.8305,-287.0941,0.0000,0.000,6.139,6.119,1.0000
664.0396,395.8633,-284.1427,0.0000,0.000,6.010,6.300,1.0000
669.0365,399.8006,-281.0658,0.0000,0.000,5.934,6.358,1.0000
674.0308,403.6306,-277.8605,0.0000,0.000,5.884,6.358,1.0000
679.0213,407.3416,-274.5238,0.0000,0.000,5.834,6.357,1.0000
684.0080,410.9216,-271.0524,0.0000,0.000,5.868,6.363,1.0000
688.9919,414.3588,-267.4433,0.0000,0.000,5.921,6.371,1.0000
693.9756,417.6414,-263.6934,0.0000,0.000,5.973,6.378,1.0000
698.9627,420.7599,-259.8016,0.0000,0.000,6.041,6.368,1.0000
703.9568,423.7210,-255.7801,0.0000,0.000,6.134,6.328,1.0000
708.9590,426.5385,-251.6468,0.0000,0.000,6.226,6.288,1.0000
713.9682,429.2258,-247.4194,0.0000,0.000,6.292,6.269,1.0000
718.9812,431.7965,-243.1158,0.0000,0.000,6.220,6.352,1.0000
723.9928,434.2643,-238.7539,0.0000,0.000,6.147,6.435,1.0000
728.9967,436.6427,-234.3514,0.0000,0.000,6.075,6.519,1.0000
733.9866,438.9329,-229.9181,0.0000,0.000,6.103,6.543,1.0000
738.9630,441.0905,-225.4337,0.0000,0.000,6.143,6.560,1.0000
743.9327,443.0603,-220.8711,0.0000,0.000,6.183,6.578,1.0000
748.9099,444.7893,-216.2039,0.0000,0.000,6.164,6.436,1.0000
753.9074,446.2879,-211.4364,0.0000,0.000,6.125,6.241,1.0000
758.9210,447.6437,-206.6095,0.0000,0.000,6.086,6.046,1.0000
763.9369,448.9489,-201.7664,0.0000,0.000,5.862,5.790,1.0000
768.9437,450.2688,-196.9367,0.0000,0.000,5.533,5.498,1.0000
773.9424,451.6139,-192.1224,0.0000,0.000,5.205,5.207,1.0000
778.9358,452.9878,-187.3218,0.0000,0.000,4.905,4.945,1.0000
783.9266,454.3941,-182.5332,0.0000,0.000,4.824,4.911,1.0000
788.9176,455.8364,-177.7552,0.0000,0.000,4.743,4.877,1.0000
793.9116,457.3183,-172.9860,0.0000,0.000,4.661,4.843,1.0000
798.9117,458.8426,-168.2240,0.0000,0.000,4.580,4.809,1.0000
803.9167,460.3833,-163.4620,0.0000,0.000,4.499,4.775,1.0000
808.9210,461.8796,-158.6867,0.0000,0.000,4.417,4.741,1.0000
813.9206,463.2688,-153.8840,0.0000,0.000,4.336,4.707,1.0000
818.9163,464.5227,-149.0481,0.0000,0.000,4.255,4.673,1.0000
823.9117,465.6847,-144.1897,0.0000,0.000,4.383,4.769,1.0000
828.9077,466.8072,-139.3215,0.0000,0.000,4.725,4.996,1.0000
833.9038,467.9333,-134.4540,0.0000,0.000,5.066,5.223,1.0000
838.9000,469.0706,-129.5890,0.0000,0.000,5.407,5.450,1.0000
843.8962,470.2187,-124.7264,0.0000,0.000,5.748,5.677,1.0000
848.8927,471.3771,-119.8661,0.0000,0.000,6.089,5.903,1.0000
853.8892,472.5452,-115.0080,0.0000,0.000,6.430,6.130,1.0000
858.8859,473.7225,-110.1520,0.0000,0.000,6.611,6.247,1.0000
863.8828,474.9086,-105.2980,0.0000,0.000,6.471,6.144,1.0000
868.8798,476.1029,-100.4458,0.0000,0.000,6.330,6.040,1.0000
873.8769,477.3050,-95.5953,0.0000,0.000,6.190,5.937,1.0000
878.8743,478.5143,-90.7465,0.0000,0.000,6.049,5.833,1.0000
883.8717,479.7303,-85.8993,0.0000,0.000,5.909,5.730,1.0000
888.8693,480.9525,-81.0534,0.0000,0.000,5.768,5.626,1.0000
893.8671,482.1804,-76.2089,0.0000,0.000,5.628,5.523,1.0000
898.8650,483.4136,-71.3655,0.0000,0.000,5.487,5.419,1.0000
903.8629,484.6515,-66.5233,0.0000,0.000,5.347,5.316,1.0000
908.8610,485.8935,-61.6820,0.0000,0.000,5.206,5.212,1.0000
913.8592,487.1393,-56.8415,0.0000,0.000,5.066,5.109,1.0000
918.8575,488.3883,-52.0018,0.0000,0.000,4.990,5.047,1.0000
923.8558,489.6399,-47.1628,0.0000,0.000,4.967,5.020,1.0000
928.8541,490.8938,-42.3242,0.0000,0.000,4.943,4.993,1.0000
933.8525,492.1493,-37.4861,0.0000,0.000,4.920,4.966,1.0000
938.8509,493.4060,-32.6483,0.0000,0.000,4.896,4.939,1.0000
943.8492,494.6634,-27.8107,0.0000,0.000,4.873,4.912,1.0000
948.8475,495.9210,-22.9732,0.0000,0.000,4.850,4.885,1.0000
953.8458,497.1782,-18.1356,0.0000,0.000,4.826,4.858,1.0000
958.8440,498.4346,-13.2979,0.0000,0.000,4.803,4.831,1.0000
963.8421,499.6896,-8.4600,0.0000,0.000,4.780,4.804,1.0000
968.8401,500.9429,-3.6217,0.0000,0.000,4.756,4.777,1.0000
973.8379,502.1943,1.2170,0.0000,0.000,4.733,4.750,1.0000
978.8357,503.4439,6.0560,0.0000,0.000,4.710,4.723,1.0000
983.8334,504.6920,10.8954,0.0000,0.000,4.686,4.696,1.0000
988.8310,505.9384,15.7351,0.0000,0.000,4.663,4.669,1.0000
993.8285,507.1834,20.5750,0.0000,0.000,4.640,4.642,1.0000
998.8260,508.4271,25.4153,0.0000,0.000,4.616,4.615,1.0000
1003.8234,509.6696,30.2558,0.0000,0.000,4.593,4.588,1.0000
1008.8208,510.9110,35.0965,0.0000,0.000,4.590,4.581,1.0000
1013.8182,512.1513,39.9375,0.0000,0.000,4.591,4.577,1.0000
1018.8155,513.3907,44.7787,0.0000,0.000,4.592,4.573,1.0000
1023.8128,514.6293,49.6201,0.0000,0.000,4.593,4.570,1.0000
1028.8101,515.8671,54.4616,0.0000,0.000,4.594,4.566,1.0000
1033.8074,517.1044,59.3033,0.0000,0.000,4.595,4.563,1.0000
1038.8047,518.3412,64.1452,0.0000,0.000,4.596,4.559,1.0000
1043.8020,519.5775,68.9871,0.0000,0.000,4.597,4.556,1.0000
1048.7993,520.8136,73.8292,0.0000,0.000,4.598,4.552,1.0000
1053.7967,522.0495,78.6713,0.0000,0.000,4.598,4.549,1.0000
1058.7941,523.2853,83.5135,0.0000,0.000,4.599,4.545,1.0000
1063.7916,524.5211,88.3558,0.0000,0.000,4.600,4.542,1.0000
1068.7891,525.7570,93.1981,0.0000,0.000,4.601,4.538,1.0000
1073.7867,526.9932,98.0404,0.0000,0.000,4.602,4.534,1.0000
1078.7844,528.2296,102.8827,0.0000,0.000,4.603,4.531,1.0000
1083.7821,529.4666,107.7249,0.0000,0.000,4.604,4.527,1.0000
1088.7800,530.7040,112.5672,0.0000,0.000,4.605,4.524,1.0000
1093.7779,531.9421,117.4093,0.0000,0.000,4.606,4.520,1.0000
1098.7760,533.1809,122.2514,0.0000,0.000,4.607,4.517,1.0000
1103.7741,534.4206,127.0934,0.0000,0.000,4.608,4.513,1.0000
1108.7724,535.6610,131.9353,0.0000,0.000,4.609,4.510,1.0000
1113.7708,536.9024,136.7771,0.0000,0.000,4.610,4.506,1.0000
1118.7692,538.1445,141.6188,0.0000,0.000,4.611,4.503,1.0000
1123.7677,539.3875,146.4603,0.0000,0.000,4.612,4.499,1.0000
1128.7663,540.6312,151.3016,0.0000,0.000,4.613,4.495,1.0000
1133.7649,541.8758,156.1428,0.0000,0.000,4.614,4.492,1.0000
1138.7635,543.1212,160.9838,0.0000,0.000,4.615,4.488,1.0000
1143.7621,544.3673,165.8246,0.0000,0.000,4.615,4.485,1.0000
1148.7608,545.6142,170.6652,0.0000,0.000,4.616,4.481,1.0000
1153.7594,546.8619,175.5056,0.0000,0.000,4.617,4.478,1.0000
1158.7580,548.1103,180.3458,0.0000,0.000,4.618,4.474,1.0000
1163.7565,549.3595,185.1857,0.0000,0.000,4.619,4.471,1.0000
1168.7550,550.6095,190.0254,0.0000,0.000,4.620,4.467,1.0000
1173.7534,551.8602,194.8648,0.0000,0.000,4.621,4.464,1.0000
1178.7517,553.1116,199.7039,0.0000,0.000,4.622,4.460,1.0000
1183.7500,554.3637,204.5428,0.0000,0.000,4.638,4.483,1.0000
1188.7481,555.6166,209.3813,0.0000,0.000,4.667,4.527,1.0000
1193.7461,556.8702,214.2195,0.0000,0.000,4.695,4.572,1.0000
1198.7439,558.1244,219.0575,0.0000,0.000,4.724,4.616,1.0000
1203.7416,559.3794,223.8950,0.0000,0.000,4.752,4.660,1.0000
1208.7392,560.6350,228.7323,0.0000,0.000,4.781,4.704,1.0000
1213.7366,561.8914,233.5691,0.0000,0.000,4.809,4.749,1.0000
1218.7337,563.1484,238.4056,0.0000,0.000,4.838,4.793,1.0000
1223.7307,564.4060,243.2418,0.0000,0.000,4.866,4.837,1.0000
1228.7275,565.6643,248.0775,0.0000,0.000,4.895,4.881,1.0000
1233.7240,566.9233,252.9128,0.0000,0.000,4.923,4.925,1.0000
1238.7203,568.1829,257.7477,0.0000,0.000,4.952,4.970,1.0000
1243.7164,569.4429,262.5823,0.0000,0.000,4.980,5.014,1.0000
1248.7124,570.7034,267.4167,0.0000,0.000,5.009,5.058,1.0000
1253.7083,571.9641,272.2509,0.0000,0.000,5.037,5.102,1.0000
1258.7042,573.2250,277.0851,0.0000,0.000,5.066,5.146,1.0000
1263.7002,574.4859,281.9193,0.0000,0.000,5.094,5.191,1.0000
1268.6962,575.7467,286.7536,0.0000,0.000,5.123,5.235,1.0000
1273.6924,577.0073,291.5881,0.0000,0.000,5.150,5.276,1.0000
1278.6887,578.2677,296.4229,0.0000,0.000,5.165,5.284,1.0000
1283.6853,579.5276,301.2581,0.0000,0.000,5.179,5.293,1.0000
1288.6823,580.7869,306.0937,0.0000,0.000,5.194,5.301,1.0000
1293.6795,582.0456,310.9299,0.0000,0.000,5.209,5.309,1.0000
1298.6772,583.3035,315.7667,0.0000,0.000,5.224,5.318,1.0000
1303.6754,584.5605,320.6042,0.0000,0.000,5.239,5.326,1.0000
1308.6740,585.8165,325.4425,0.0000,0.000,5.253,5.335,1.0000
1313.6733,587.0713,330.2817,0.0000,0.000,5.268,5.343,1.0000
1318.6731,588.3250,335.1218,0.0000,0.000,5.283,5.351,1.0000
1323.6737,589.5772,339.9630,0.0000,0.000,5.298,5.360,1.0000
1328.6749,590.8280,344.8054,0.0000,0.000,5.313,5.368,1.0000
1333.6770,592.0772,349.6489,0.0000,0.000,5.327,5.376,1.0000
1338.6799,593.3247,354.4938,0.0000,0.000,5.342,5.385,1.0000
1343.6837,594.5703,359.3401,0.0000,0.000,5.357,5.393,1.0000
1348.6884,595.8140,364.1878,0.0000,0.000,5.372,5.402,1.0000
1353.6942,597.0557,369.0371,0.0000,0.000,5.387,5.410,1.0000
1358.7010,598.2952,373.8881,0.0000,0.000,5.401,5.418,1.0000
1363.7089,599.5323,378.7408,0.0000,0.000,5.411,5.427,1.0000
1368.7178,600.7657,383.5954,0.0000,0.000,5.358,5.434,1.0000
1373.7171,601.9380,388.4553,0.0000,0.000,5.305,5.441,1.0000
1378.6878,602.9205,393.3280,0.0000,0.000,5.265,5.463,1.0000
1383.6251,603.5792,398.2212,0.0000,0.000,5.424,5.730,1.0000
1388.5511,603.7993,403.1423,0.0000,0.000,5.538,5.938,1.0000
1393.5079,603.6045,408.0952,0.0000,0.000,5.603,6.081,1.0000
1398.5226,603.0808,413.0825,0.0000,0.000,5.948,6.204,1.0000
1403.6012,602.3054,418.1016,0.0000,0.000,6.352,6.356,1.0000
1408.6899,601.2283,423.0749,0.0000,0.000,6.739,6.552,1.0000
1413.7197,599.7014,427.8674,0.0000,0.000,7.375,6.724,1.0000
1418.6746,597.5743,432.3425,0.0000,0.000,7.137,7.292,1.0000
1423.6075,594.7465,436.3845,0.0000,0.000,6.941,7.780,1.0000
1428.5618,591.3178,439.9605,0.0000,0.000,7.064,7.891,1.0000
1433.5271,587.4375,443.0586,0.0000,0.000,7.045,7.730,1.0000
1438.4673,583.2461,445.6734,0.0000,0.000,6.886,7.027,1.0000
1443.4020,578.8171,447.8495,0.0000,0.000,6.594,6.459,1.0000
1448.3639,574.1947,449.6533,0.0000,0.000,6.142,6.051,1.0000
1453.3651,569.4230,451.1513,0.0000,0.000,5.793,5.780,1.0000
1458.4019,564.5462,452.4100,0.0000,0.000,5.823,6.017,1.0000
1463.4579,559.6081,453.4960,0.0000,0.000,5.853,6.254,1.0000
1468.5089,554.6530,454.4756,0.0000,0.000,5.870,6.404,1.0000
1473.5324,549.7162,455.4047,0.0000,0.000,5.860,6.387,1.0000
1478.5298,544.7989,456.2960,0.0000,0.000,5.849,6.371,1.0000
1483.5088,539.8940,457.1520,0.0000,0.000,5.839,6.354,1.0000
1488.4772,534.9943,457.9752,0.0000,0.000,5.829,6.338,1.0000
1493.4425,530.0927,458.7680,0.0000,0.000,5.819,6.322,1.0000
1498.4125,525.1819,459.5329,0.0000,0.000,5.809,6.305,1.0000
1503.3946,520.2550,460.2722,0.0000,0.000,5.799,6.289,1.0000
1508.3926,515.3079,460.9833,0.0000,0.000,5.789,6.272,1.0000
1513.4015,510.3438,461.6520,0.0000,0.000,5.779,6.256,1.0000
1518.4156,505.3670,462.2630,0.0000,0.000,5.734,6.238,1.0000
1523.4299,500.3817,462.8007,0.0000,0.000,5.687,6.220,1.0000
1528.4398,495.3919,463.2495,0.0000,0.000,5.640,6.202,1.0000
1533.4416,490.4020,463.5940,0.0000,0.000,5.592,6.184,1.0000
1538.4327,485.4159,463.8187,0.0000,0.000,5.545,6.166,1.0000
1543.4152,480.4343,463.9145,0.0000,0.000,5.495,6.149,1.0000
1548.3963,475.4533,463.8798,0.0000,0.000,5.421,6.141,1.0000
1553.3836,470.4688,463.7137,0.0000,0.000,5.346,6.134,1.0000
1558.3815,465.4804,463.4061,0.0000,0.000,5.272,6.126,1.0000
1563.3739,460.5159,462.8787,0.0000,0.000,5.197,6.118,1.0000
1568.3482,455.6157,462.0231,0.0000,0.000,5.150,6.103,1.0000
1573.3152,450.8170,460.7414,0.0000,0.000,5.289,6.037,1.0000
1578.3019,446.1115,459.0906,0.0000,0.000,5.428,5.972,1.0000
1583.3097,441.4563,457.2448,0.0000,0.000,5.566,5.906,1.0000
1588.3178,436.8079,455.3810,0.0000,0.000,5.705,5.841,1.0000
1593.3095,432.1314,453.6351,0.0000,0.000,5.678,5.776,1.0000
1598.2968,427.4264,451.9811,0.0000,0.000,5.635,5.711,1.0000
1603.2948,422.7009,450.3533,0.0000,0.000,5.591,5.647,1.0000
1608.3129,417.9695,448.6815,0.0000,0.000,5.547,5.582,1.0000
1613.3293,413.2937,446.8645,0.0000,0.000,5.569,5.575,1.0000
1618.3199,408.7559,444.7874,0.0000,0.000,5.760,5.847,1.0000
1623.2859,404.4323,442.3445,0.0000,0.000,5.677,6.102,1.0000
1628.2588,400.3076,439.5667,0.0000,0.000,5.719,6.075,1.0000
1633.2543,396.2967,436.5888,0.0000,0.000,5.826,5.903,1.0000
1638.2658,392.3148,433.5459,0.0000,0.000,5.920,5.751,1.0000
1643.2788,388.3463,430.4828,0.0000,0.000,5.818,5.895,1.0000
1648.2802,384.4647,427.3291,0.0000,0.000,5.715,6.039,1.0000
1653.2647,380.7490,424.0065,0.0000,0.000,5.561,5.957,1.0000
1658.2428,377.2662,420.4497,0.0000,0.000,5.392,5.811,1.0000
1663.2301,373.9938,416.6860,0.0000,0.000,5.223,5.665,1.0000
1668.2286,370.8703,412.7837,0.0000,0.000,5.177,5.578,1.0000
1673.2295,367.8357,408.8087,0.0000,0.000,5.166,5.507,1.0000
1678.2278,364.8594,404.7931,0.0000,0.000,5.155,5.436,1.0000
1683.2247,361.9327,400.7431,0.0000,0.000,5.144,5.365,1.0000
1688.2209,359.0476,396.6641,0.0000,0.000,5.155,5.329,1.0000
1693.2170,356.1960,392.5617,0.0000,0.000,5.194,5.336,1.0000
1698.2134,353.3698,388.4414,0.0000,0.000,5.232,5.344,1.0000
1703.2102,350.5610,384.3088,0.0000,0.000,5.271,5.351,1.0000
1708.2074,347.7621,380.1690,0.0000,0.000,5.310,5.358,1.0000
1713.2050,344.9700,376.0241,0.0000,0.000,5.348,5.365,1.0000
1718.2029,342.1834,371.8751,0.0000,0.000,5.387,5.373,1.0000
1723.2011,339.4011,367.7229,0.0000,0.000,5.426,5.380,1.0000
1728.1996,336.6220,363.5683,0.0000,0.000,5.464,5.387,1.0000
1733.1982,333.8447,359.4122,0.0000,0.000,5.482,5.388,1.0000
1738.1969,331.0681,355.2555,0.0000,0.000,5.494,5.387,1.0000
1743.1957,328.2909,351.0991,0.0000,0.000,5.506,5.386,1.0000
1748.1945,325.5120,346.9439,0.0000,0.000,5.518,5.385,1.0000
1753.1933,322.7301,342.7908,0.0000,0.000,5.530,5.384,1.0000
1758.1919,319.9440,338.6406,0.0000,0.000,5.541,5.383,1.0000
1763.1904,317.1525,334.4943,0.0000,0.000,5.553,5.382,1.0000
1768.1887,314.3543,330.3527,0.0000,0.000,5.565,5.381,1.0000
1773.1867,311.5483,326.2167,0.0000,0.000,5.577,5.380,1.0000
1778.1845,308.7342,322.0865,0.0000,0.000,5.589,5.379,1.0000
1783.1821,305.9121,317.9619,0.0000,0.000,5.601,5.377,1.0000
1788.1795,303.0825,313.8428,0.0000,0.000,5.613,5.376,1.0000
1793.1768,300.2454,309.7289,0.0000,0.000,5.625,5.375,1.0000
1798.1740,297.4013,305.6200,0.0000,0.000,5.637,5.374,1.0000
1803.1710,294.5504,301.5160,0.0000,0.000,5.649,5.373,1.0000
1808.1681,291.6930,297.4166,0.0000,0.000,5.656,5.382,1.0000
1813.1651,288.8292,293.3216,0.0000,0.000,5.659,5.396,1.0000
1818.1620,285.9595,289.2308,0.0000,0.000,5.663,5.409,1.0000
1823.1590,283.0841,285.1440,0.0000,0.000,5.667,5.423,1.0000
1828.1560,280.2033,281.0610,0.0000,0.000,5.671,5.437,1.0000
1833.1531,277.3173,276.9815,0.0000,0.000,5.674,5.451,1.0000
1838.1502,274.4264,272.9055,0.0000,0.000,5.678,5.464,1.0000
1843.1474,271.5309,268.8327,0.0000,0.000,5.682,5.478,1.0000
1848.1447,268.6311,264.7628,0.0000,0.000,5.686,5.492,1.0000
1853.1421,265.7272,260.6958,0.0000,0.000,5.689,5.506,1.0000
1858.1395,262.8195,256.6313,0.0000,0.000,5.697,5.515,1.0000
1863.1372,259.9082,252.5691,0.0000,0.000,5.712,5.514,1.0000
1868.1349,256.9938,248.5092,0.0000,0.000,5.727,5.513,1.0000
1873.1328,254.0764,244.4511,0.0000,0.000,5.742,5.512,1.0000
1878.1308,251.1562,240.3949,0.0000,0.000,5.757,5.511,1.0000
1883.1290,248.2337,236.3402,0.0000,0.000,5.772,5.510,1.0000
1888.1274,245.3090,232.2868,0.0000,0.000,5.788,5.508,1.0000
1893.1259,242.3825,228.2346,0.0000,0.000,5.803,5.507,1.0000
1898.1246,239.4543,224.1833,0.0000,0.000,5.818,5.506,1.0000
1903.1235,236.5248,220.1327,0.0000,0.000,5.833,5.505,1.0000
1908.1226,233.5943,216.0827,0.0000,0.000,5.848,5.504,1.0000
1913.1218,230.6625,212.0334,0.0000,0.000,5.863,5.503,1.0000
1918.1210,227.7295,207.9850,0.0000,0.000,5.879,5.502,1.0000
1923.1201,224.7949,203.9378,0.0000,0.000,5.894,5.501,1.0000
1928.1191,221.8587,199.8921,0.0000,0.000,5.909,5.500,1.0000
1933.1178,218.9205,195.8480,0.0000,0.000,5.924,5.498,1.0000
1938.1162,215.9803,191.8059,0.0000,0.000,5.939,5.497,1.0000
1943.1141,213.0378,187.7660,0.0000,0.000,5.954,5.496,1.0000
1948.1114,210.0929,183.7286,0.0000,0.000,5.969,5.495,1.0000
1953.1081,207.1453,179.6938,0.0000,0.000,5.985,5.494,1.0000
1958.1042,204.1949,175.6621,0.0000,0.000,6.000,5.493,1.0000
1963.0994,201.2415,171.6335,0.0000,0.000,6.015,5.492,1.0000
1968.0937,198.2849,167.6084,0.0000,0.000,6.030,5.491,1.0000
1973.0870,195.3248,163.5871,0.0000,0.000,6.045,5.490,1.0000
1978.0789,192.3537,159.5756,0.0000,0.000,6.060,5.489,1.0000
1983.0687,189.3469,155.5935,0.0000,0.000,6.075,5.487,1.0000
1988.0564,186.2774,151.6621,0.0000,0.000,5.919,5.536,1.0000
1993.0439,183.1183,147.8027,0.0000,0.000,5.696,5.604,1.0000
1998.0352,179.8426,144.0366,0.0000,0.000,5.472,5.672,1.0000
2003.0376,176.4235,140.3852,0.0000,0.000,5.439,5.591,1.0000
2008.0614,172.8343,136.8700,0.0000,0.000,5.553,5.616,1.0000
2013.1022,169.0674,133.5204,0.0000,0.000,5.644,5.679,1.0000
2018.1329,165.1402,130.3762,0.0000,0.000,5.429,5.666,1.0000
2023.1279,161.0718,127.4783,0.0000,0.000,5.420,5.562,1.0000
2028.0595,156.8626,124.9086,0.0000,0.000,6.116,5.208,1.0000
2032.9143,152.3719,123.0642,0.0000,0.000,6.100,5.326,1.0000
2037.8440,147.5276,122.1501,0.0000,0.000,5.912,5.395,1.0000
2042.8486,142.5495,121.6357,0.0000,0.000,5.725,5.463,1.0000
2047.8576,137.5559,121.2434,0.0000,0.000,5.551,5.501,1.0000
2052.8669,132.5539,120.9739,0.0000,0.000,5.382,5.525,1.0000
2057.8749,127.5478,120.8352,0.0000,0.000,5.546,5.635,1.0000
2062.8809,122.5418,120.8352,0.0000,0.000,5.822,5.773,1.0000
2067.8847,117.5401,120.9819,0.0000,0.000,5.894,5.784,1.0000
2072.8869,112.5471,121.2833,0.0000,0.000,5.861,5.729,1.0000
2077.8880,107.5676,121.7483,0.0000,0.000,5.840,5.710,1.0000
2082.8848,102.6125,122.3924,0.0000,0.000,5.863,5.833,1.0000
2087.8738,97.6951,123.2343,0.0000,0.000,6.043,5.732,1.0000
2092.8540,92.8286,124.2926,0.0000,0.000,6.304,5.513,1.0000
2097.8272,88.0265,125.5859,0.0000,0.000,6.137,5.707,1.0000
2102.7985,83.3020,127.1329,0.0000,0.000,5.891,5.978,1.0000
2107.7763,78.6686,128.9523,0.0000,0.000,5.770,6.061,1.0000
2112.7717,74.1330,131.0457,0.0000,0.000,5.848,5.843,1.0000
2117.7873,69.6759,133.3458,0.0000,0.000,5.897,5.667,1.0000
2122.8144,65.2710,135.7682,0.0000,0.000,5.922,5.525,1.0000
2127.8370,60.8928,138.2295,0.0000,0.000,5.830,5.655,1.0000
2132.8433,56.5403,140.7032,0.0000,0.000,5.688,5.905,1.0000
2137.8308,52.2447,143.2376,0.0000,0.000,5.809,6.052,1.0000
2142.8005,48.0393,145.8857,0.0000,0.000,6.218,6.086,1.0000
2147.7583,43.9589,148.7017,0.0000,0.000,6.515,6.086,1.0000
2152.7166,40.0416,151.7414,0.0000,0.000,6.631,6.033,1.0000
2157.6992,36.3259,155.0609,0.0000,0.000,6.536,6.057,1.0000
2162.7285,32.8530,158.6986,0.0000,0.000,6.175,6.179,1.0000
2167.7760,29.6752,162.6203,0.0000,0.000,5.839,6.073,1.0000
2172.8001,26.8477,166.7732,0.0000,0.000,5.565,5.425,1.0000
2177.7712,24.4119,171.1065,0.0000,0.000,5.313,4.824,1.0000
2182.7172,22.3063,175.5820,0.0000,0.000,5.280,4.682,1.0000
2187.6739,20.4229,180.1670,0.0000,0.000,5.298,4.804,1.0000
2192.6604,18.6536,184.8290,0.0000,0.000,5.360,5.154,1.0000
2197.6776,16.9373,189.5435,0.0000,0.000,5.420,5.208,1.0000
2202.7053,15.3194,194.3039,0.0000,0.000,5.480,5.190,1.0000
2207.7242,13.8597,199.1057,0.0000,0.000,5.540,5.171,1.0000
2212.7239,12.6015,203.9446,0.0000,0.000,5.599,5.153,1.0000
2217.7121,11.5212,208.8144,0.0000,0.000,5.659,5.134,1.0000
2222.6967,10.5780,213.7089,0.0000,0.000,5.602,5.142,1.0000
2227.6821,9.7310,218.6218,0.0000,0.000,5.542,5.150,1.0000
2232.6703,8.9395,223.5468,0.0000,0.000,5.483,5.158,1.0000
2237.6618,8.1627,228.4775,0.0000,0.000,5.423,5.166,1.0000
2242.6568,7.3600,233.4076,0.0000,0.000,5.363,5.175,1.0000
2247.6557,6.5075,238.3332,0.0000,0.000,5.304,5.183,1.0000
2252.6575,5.6196,243.2557,0.0000,0.000,5.244,5.191,1.0000
2257.6611,4.7164,248.1770,0.0000,0.000,5.184,5.199,1.0000
2262.6647,3.8175,253.0993,0.0000,0.000,5.125,5.208,1.0000
2267.6671,2.9427,258.0246,0.0000,0.000,5.065,5.216,1.0000
2272.6670,2.1120,262.9550,0.0000,0.000,5.005,5.224,1.0000
2277.6638,1.3451,267.8925,0.0000,0.000,4.946,5.232,1.0000
2282.6575,0.6618,272.8393,0.0000,0.000,4.963,5.072,1.0000
2287.6494,0.0819,277.7974,0.0000,0.000,5.017,4.830,1.0000
2292.6419,-0.3746,282.7689,0.0000,0.000,5.072,4.588,1.0000
2297.6387,-0.6881,287.7559,0.0000,0.000,5.157,4.650,1.0000
2302.6454,-0.8387,292.7604,0.0000,0.000,5.245,4.748,1.0000
2307.6696,-0.8066,297.7844,0.0000,0.000,5.333,4.927,1.0000
2312.6956,-0.5281,302.8028,0.0000,0.000,5.441,5.203,1.0000
2317.6306,0.2402,307.6776,0.0000,0.000,5.660,5.556,1.0000
2322.4506,1.7878,312.2423,0.0000,0.000,6.370,5.715,1.0000
2327.3009,4.3953,316.3322,0.0000,0.000,6.546,6.208,1.0000
2332.3219,7.9748,319.8531,0.0000,0.000,6.050,6.895,1.0000
2337.3219,12.0034,322.8147,0.0000,0.000,6.706,6.081,1.0000
2342.3124,16.3290,325.3035,0.0000,0.000,7.189,6.447,1.0000
2347.3676,20.9469,327.3602,0.0000,0.000,7.068,6.944,1.0000
2352.4129,25.7678,328.8481,0.0000,0.000,6.694,7.294,1.0000
2357.3938,30.6907,329.6062,0.0000,0.000,6.887,7.001,1.0000
2362.3204,35.6159,329.4856,0.0000,0.000,6.974,6.462,1.0000
2367.2626,40.4622,328.5173,0.0000,0.000,6.825,5.966,1.0000
2372.2437,45.1632,326.8704,0.0000,0.000,6.525,5.562,1.0000
2377.2242,49.6540,324.7168,0.0000,0.000,5.949,5.809,1.0000
2382.1829,53.9252,322.1978,0.0000,0.000,5.727,5.798,1.0000
2387.1483,58.0376,319.4152,0.0000,0.000,5.717,5.632,1.0000
2392.1321,62.0567,316.4681,0.0000,0.000,5.707,5.466,1.0000
2397.1325,66.0480,313.4558,0.0000,0.000,5.697,5.300,1.0000
2402.1427,70.0769,310.4775,0.0000,0.000,5.687,5.133,1.0000
2407.1594,74.2089,307.6326,0.0000,0.000,5.487,5.442,1.0000
2412.1891,78.5061,305.0188,0.0000,0.000,5.295,5.757,1.0000
2417.2224,82.9800,302.7126,0.0000,0.000,5.299,5.675,1.0000
2422.2360,87.6040,300.7748,0.0000,0.000,5.392,5.640,1.0000
2427.2167,92.3505,299.2656,0.0000,0.000,5.595,5.663,1.0000
2432.1643,97.1917,298.2450,0.0000,0.000,5.651,5.732,1.0000
2437.0954,102.1002,297.7733,0.0000,0.000,5.534,5.855,1.0000
2442.0451,107.0480,297.9107,0.0000,0.000,5.290,6.030,1.0000
2447.0344,111.9738,298.7042,0.0000,0.000,5.482,5.902,1.0000
2452.0243,116.7426,300.1731,0.0000,0.000,6.136,5.474,1.0000
2456.9862,121.2099,302.3325,0.0000,0.000,5.488,6.015,1.0000
2461.9253,125.2375,305.1914,0.0000,0.000,5.440,6.078,1.0000
2466.8882,128.7782,308.6690,0.0000,0.000,5.700,5.832,1.0000
2471.8922,131.8525,312.6173,0.0000,0.000,5.919,5.470,1.0000
2476.9075,134.4822,316.8879,0.0000,0.000,5.733,5.762,1.0000
2481.9069,136.6782,321.3792,0.0000,0.000,5.560,6.055,1.0000
2486.8959,138.4371,326.0478,0.0000,0.000,5.659,5.956,1.0000
2491.8796,139.7549,330.8542,0.0000,0.000,5.702,6.055,1.0000
2496.8610,140.6273,335.7586,0.0000,0.000,5.731,6.150,1.0000
2501.8420,141.0503,340.7215,0.0000,0.000,5.792,5.978,1.0000
2506.8239,141.0197,345.7033,0.0000,0.000,5.791,5.785,1.0000
2511.8089,140.5323,350.6645,0.0000,0.000,5.678,5.553,1.0000
2516.8005,139.5977,355.5678,0.0000,0.000,5.343,5.609,1.0000
2521.7994,138.2352,360.3774,0.0000,0.000,5.139,5.584,1.0000
2526.8036,136.4641,365.0577,0.0000,0.000,5.231,5.365,1.0000
2531.8090,134.3040,369.5730,0.0000,0.000,5.268,5.338,1.0000
2536.8106,131.7741,373.8876,0.0000,0.000,5.225,5.359,1.0000
2541.8033,128.8939,377.9659,0.0000,0.000,5.083,5.440,1.0000
2546.7865,125.6902,381.7827,0.0000,0.000,4.955,5.501,1.0000
2551.7758,122.2408,385.3875,0.0000,0.000,4.946,5.388,1.0000
2556.7752,118.6456,388.8615,0.0000,0.000,4.937,5.274,1.0000
2561.7738,115.0042,392.2858,0.0000,0.000,4.928,5.161,1.0000
2566.7622,111.3836,395.7173,0.0000,0.000,4.919,5.047,1.0000
2571.7458,107.7808,399.1607,0.0000,0.000,4.910,4.934,1.0000
2576.7321,104.1840,402.6140,0.0000,0.000,4.904,4.842,1.0000
2581.7264,100.5851,406.0768,0.0000,0.000,4.904,4.796,1.0000
2586.7277,96.9904,409.5542,0.0000,0.000,4.904,4.750,1.0000
2591.7336,93.4098,413.0524,0.0000,0.000,4.903,4.703,1.0000
2596.7415,89.8529,416.5777,0.0000,0.000,4.903,4.657,1.0000
2601.7494,86.3295,420.1365,0.0000,0.000,4.902,4.611,1.0000
2606.7555,82.8494,423.7350,0.0000,0.000,4.997,4.740,1.0000
2611.7584,79.4223,427.3797,0.0000,0.000,5.111,4.907,1.0000
2616.7570,76.0579,431.0767,0.0000,0.000,5.226,5.074,1.0000
2621.7512,72.7661,434.8325,0.0000,0.000,5.341,5.241,1.0000
2626.7411,69.5566,438.6533,0.0000,0.000,5.359,5.385,1.0000
2631.7278,66.4391,442.5454,0.0000,0.000,5.358,5.525,1.0000
2636.7132,63.4234,446.5152,0.0000,0.000,5.462,5.539,1.0000
2641.6998,60.5193,450.5689,0.0000,0.000,5.617,5.494,1.0000
2646.6914,57.7369,454.7130,0.0000,0.000,5.876,5.420,1.0000
2651.6860,55.1049,458.9579,0.0000,0.000,5.943,5.388,1.0000
2656.6782,52.6747,463.3186,0.0000,0.000,5.691,5.427,1.0000
2661.6694,50.4990,467.8107,0.0000,0.000,5.525,5.422,1.0000
2666.6695,48.6196,472.4441,0.0000,0.000,5.386,5.403,1.0000
2671.6835,47.0012,477.1898,0.0000,0.000,5.213,5.278,1.0000
2676.7027,45.5747,482.0020,0.0000,0.000,5.003,5.041,1.0000
2681.7095,44.2728,486.8365,0.0000,0.000,4.960,4.930,1.0000
2686.6996,43.0498,491.6745,0.0000,0.000,5.166,5.008,1.0000
2691.6807,41.8761,496.5153,0.0000,0.000,5.232,5.078,1.0000
2696.6598,40.7226,501.3590,0.0000,0.000,5.255,5.146,1.0000
2701.6437,39.5602,506.2054,0.0000,0.000,5.278,5.214,1.0000
2706.6394,38.3597,511.0547,0.0000,0.000,5.303,5.284,1.0000
2711.6543,37.0922,515.9068,0.0000,0.000,5.415,5.425,1.0000
2716.6863,35.7944,520.7685,0.0000,0.000,5.527,5.567,1.0000
2721.7131,34.6429,525.6617,0.0000,0.000,5.674,5.628,1.0000
2726.7271,33.8331,530.6098,0.0000,0.000,5.889,5.531,1.0000
2731.7496,33.5606,535.6249,0.0000,0.000,6.105,5.435,1.0000
2736.6991,34.0336,540.5518,0.0000,0.000,6.441,5.409,1.0000
2741.4793,35.4689,545.1114,0.0000,0.000,6.800,5.738,1.0000
2746.1835,38.0759,549.0272,0.0000,0.000,6.588,6.676,1.0000
2751.0824,41.7910,552.2205,0.0000,0.000,6.593,6.943,1.0000
2756.2314,46.2135,554.8575,0.0000,0.000,6.814,6.786,1.0000
2761.4548,50.9217,557.1196,0.0000,0.000,7.052,6.773,1.0000
2766.5212,55.5604,559.1570,0.0000,0.000,7.288,6.888,1.0000
2771.5123,60.2361,560.9031,0.0000,0.000,6.803,7.289,1.0000
2776.4837,65.0787,562.0273,0.0000,0.000,6.951,6.795,1.0000
2781.2622,69.8546,561.8699,0.0000,0.000,7.136,6.123,1.0000
2785.9900,74.2800,560.2062,0.0000,0.000,6.080,5.333,1.0000
2790.8547,78.0996,557.1936,0.0000,0.000,4.968,5.009,1.0000
2795.9322,81.4736,553.3992,0.0000,0.000,4.930,5.068,1.0000
2801.0270,84.7698,549.5144,0.0000,0.000,5.032,5.164,1.0000
2806.0880,88.0593,545.6682,0.0000,0.000,5.134,5.260,1.0000
2811.1162,91.3451,541.8622,0.0000,0.000,5.122,5.221,1.0000
2816.1134,94.6300,538.0963,0.0000,0.000,5.041,5.101,1.0000
2821.0864,97.9143,534.3622,0.0000,0.000,4.960,4.981,1.0000
2826.0439,101.1978,530.6479,0.0000,0.000,4.880,4.862,1.0000
2830.9947,104.4800,526.9415,0.0000,0.000,4.799,4.742,1.0000
2835.9473,107.7605,523.2311,0.0000,0.000,4.718,4.623,1.0000
2840.9105,111.0388,519.5047,0.0000,0.000,4.637,4.503,1.0000
2845.8931,114.3146,515.7504,0.0000,0.000,4.569,4.543,1.0000
2850.9007,117.5896,511.9621,0.0000,0.000,4.503,4.602,1.0000
2855.9282,120.8740,508.1558,0.0000,0.000,4.436,4.661,1.0000
2860.9678,124.1797,504.3518,0.0000,0.000,4.369,4.720,1.0000
2866.0119,127.5186,500.5709,0.0000,0.000,4.302,4.779,1.0000
2871.0536,130.9026,496.8337,0.0000,0.000,4.237,4.837,1.0000
2876.0867,134.3438,493.1608,0.0000,0.000,4.499,4.808,1.0000
2881.1062,137.8539,489.5727,0.0000,0.000,4.760,4.779,1.0000
2886.1086,141.4451,486.0902,0.0000,0.000,5.021,4.749,1.0000
2891.0923,145.1291,482.7338,0.0000,0.000,5.166,4.922,1.0000
2896.0580,148.9179,479.5241,0.0000,0.000,5.302,5.111,1.0000
2901.0087,152.8234,476.4817,0.0000,0.000,5.325,5.103,1.0000
2905.9506,156.8577,473.6273,0.0000,0.000,5.309,5.029,1.0000
2910.8933,161.0325,470.9814,0.0000,0.000,4.979,5.530,1.0000
2915.8496,165.3595,468.5644,0.0000,0.000,4.837,5.817,1.0000
2920.8280,169.8357,466.3852,0.0000,0.000,5.078,5.662,1.0000
2925.8276,174.4412,464.4397,0.0000,0.000,5.252,5.571,1.0000
2930.8444,179.1550,462.7226,0.0000,0.000,5.344,5.557,1.0000
2935.8724,183.9560,461.2289,0.0000,0.000,5.506,5.590,1.0000
2940.9040,188.8233,459.9535,0.0000,0.000,5.733,5.667,1.0000
2945.9301,193.7359,458.8912,0.0000,0.000,5.885,5.754,1.0000
2950.9410,198.6734,458.0371,0.0000,0.000,5.964,5.852,1.0000
2955.9356,203.6257,457.3883,0.0000,0.000,5.942,5.926,1.0000
2960.9191,208.5893,456.9431,0.0000,0.000,5.818,5.977,1.0000
2965.8970,213.5612,456.7001,0.0000,0.000,5.834,6.043,1.0000
2970.8742,218.5383,456.6577,0.0000,0.000,5.971,6.121,1.0000
2975.8558,223.5174,456.8144,0.0000,0.000,5.986,6.195,1.0000
2980.8463,228.4953,457.1685,0.0000,0.000,5.935,6.265,1.0000
2985.8477,233.4665,457.7171,0.0000,0.000,5.995,6.191,1.0000
2990.8561,238.4205,458.4533,0.0000,0.000,6.127,6.021,1.0000
2995.8663,243.3461,459.3703,0.0000,0.000,6.017,5.974,1.0000
3000.8723,248.2311,460.4644,0.0000,0.000,5.874,5.943,1.0000
3005.8652,253.0484,461.7768,0.0000,0.000,5.683,6.000,1.0000
3010.8427,257.7606,463.3803,0.0000,0.000,5.565,6.030,1.0000
3015.8175,262.3302,465.3469,0.0000,0.000,5.864,5.906,1.0000
3020.8047,266.7280,467.6986,0.0000,0.000,5.972,5.943,1.0000
3025.8031,270.9350,470.3977,0.0000,0.000,5.780,6.237,1.0000
3030.8042,274.9326,473.4028,0.0000,0.000,5.724,6.260,1.0000
3035.7975,278.7063,476.6726,0.0000,0.000,5.760,6.101,1.0000
3040.7872,282.2703,480.1648,0.0000,0.000,5.796,5.943,1.0000
3045.7779,285.6501,483.8368,0.0000,0.000,5.647,5.876,1.0000
3050.7672,288.8712,487.6471,0.0000,0.000,5.398,5.859,1.0000
3055.7561,291.9551,491.5686,0.0000,0.000,5.248,5.661,1.0000
3060.7482,294.9206,495.5845,0.0000,0.000,5.173,5.328,1.0000
3065.7451,297.7863,499.6780,0.0000,0.000,5.097,4.994,1.0000
3070.7466,300.5710,503.8326,0.0000,0.000,5.088,5.003,1.0000
3075.7510,303.2934,508.0317,0.0000,0.000,5.096,5.093,1.0000
3080.7552,305.9721,512.2585,0.0000,0.000,5.103,5.183,1.0000
3085.7560,308.6246,516.4980,0.0000,0.000,5.111,5.273,1.0000
3090.7533,311.2582,520.7450,0.0000,0.000,5.116,5.349,1.0000
3095.7481,313.8765,524.9985,0.0000,0.000,5.111,5.348,1.0000
3100.7413,316.4830,529.2574,0.0000,0.000,5.105,5.347,1.0000
3105.7341,319.0811,533.5209,0.0000,0.000,5.100,5.346,1.0000
3110.7273,321.6744,537.7878,0.0000,0.000,5.094,5.345,1.0000
3115.7219,324.2664,542.0573,0.0000,0.000,5.088,5.344,1.0000
3120.7187,326.8599,546.3283,0.0000,0.000,5.083,5.343,1.0000
3125.7174,329.4547,550.6007,0.0000,0.000,5.077,5.341,1.0000
3130.7176,332.0505,554.8744,0.0000,0.000,5.072,5.340,1.0000
3135.7189,334.6465,559.1491,0.0000,0.000,5.066,5.339,1.0000
3140.7208,337.2422,563.4248,0.0000,0.000,5.061,5.338,1.0000
3145.7229,339.8369,567.7014,0.0000,0.000,5.055,5.337,1.0000
3150.7248,342.4301,571.9786,0.0000,0.000,5.050,5.336,1.0000
3155.7261,345.0212,576.2563,0.0000,0.000,5.044,5.335,1.0000
3160.7264,347.6096,580.5345,0.0000,0.000,5.039,5.334,1.0000
3165.7252,350.1947,584.8130,0.0000,0.000,5.033,5.333,1.0000
3170.7221,352.7759,589.0916,0.0000,0.000,5.028,5.332,1.0000
3175.7167,355.3526,593.3702,0.0000,0.000,5.022,5.330,1.0000
3180.7085,357.9242,597.6487,0.0000,0.000,5.016,5.329,1.0000
3185.6973,360.4901,601.9270,0.0000,0.000,5.011,5.328,1.0000
3190.6839,363.0497,606.2066,0.0000,0.000,5.005,5.327,1.0000
3195.6711,365.6021,610.4911,0.0000,0.000,5.000,5.326,1.0000
3200.6615,368.1464,614.7841,0.0000,0.000,4.994,5.325,1.0000
3205.6579,370.6820,619.0894,0.0000,0.000,4.996,5.322,1.0000
3210.6632,373.2080,623.4105,0.0000,0.000,5.013,5.316,1.0000
3215.6801,375.7236,627.7511,0.0000,0.000,5.030,5.309,1.0000
3220.7102,378.2241,632.1157,0.0000,0.000,5.046,5.303,1.0000
3225.7386,380.6521,636.5191,0.0000,0.000,5.063,5.296,1.0000
3230.7428,382.9121,640.9839,0.0000,0.000,5.080,5.290,1.0000
3235.7103,384.9082,645.5327,0.0000,0.000,5.120,5.558,1.0000
3240.6448,386.5440,650.1881,0.0000,0.000,5.376,5.946,1.0000
3245.5727,387.7235,654.9728,0.0000,0.000,6.033,6.305,1.0000
3250.5485,388.3505,659.9090,0.0000,0.000,6.600,6.680,1.0000
3255.5971,388.3366,664.9576,0.0000,0.000,6.744,6.770,1.0000
3260.6451,387.6094,669.9529,0.0000,0.000,6.461,6.573,1.0000
3265.6398,386.0984,674.7136,0.0000,0.000,6.318,7.037,1.0000
3270.5839,383.7412,679.0595,0.0000,0.000,6.828,6.777,1.0000
3275.5010,380.5809,682.8266,0.0000,0.000,6.947,6.488,1.0000
3280.4194,376.7719,685.9382,0.0000,0.000,5.746,6.943,1.0000
3285.3659,372.5932,688.5851,0.0000,0.000,5.757,6.388,1.0000
3290.3196,368.2287,690.9283,0.0000,0.000,6.158,6.479,1.0000
3295.2923,363.7192,693.0242,0.0000,0.000,6.566,6.582,1.0000
3300.2889,359.0976,694.9233,0.0000,0.000,6.634,6.553,1.0000
3305.3058,354.3969,696.6762,0.0000,0.000,6.563,6.471,1.0000
3310.3338,349.6499,698.3336,0.0000,0.000,6.492,6.388,1.0000
3315.3597,344.8896,699.9459,0.0000,0.000,6.421,6.306,1.0000
3320.3698,340.1472,701.5616,0.0000,0.000,6.350,6.224,1.0000
3325.3623,335.4315,703.2007,0.0000,0.000,6.279,6.142,1.0000
3330.3434,330.7363,704.8639,0.0000,0.000,6.208,6.060,1.0000
3335.3197,326.0549,706.5515,0.0000,0.000,6.137,5.977,1.0000
3340.2976,321.3807,708.2637,0.0000,0.000,6.066,5.895,1.0000
3345.2835,316.7072,710.0009,0.0000,0.000,5.995,5.813,1.0000
3350.2840,312.0276,711.7633,0.0000,0.000,5.924,5.731,1.0000
3355.3031,307.3355,713.5454,0.0000,0.000,5.853,5.649,1.0000
3360.3318,302.6246,715.3047,0.0000,0.000,5.775,5.572,1.0000
3365.3564,297.8889,716.9839,0.0000,0.000,5.627,5.557,1.0000
3370.3661,293.1222,718.5254,0.0000,0.000,5.480,5.542,1.0000
3375.3549,288.3186,719.8720,0.0000,0.000,5.333,5.527,1.0000
3380.3235,283.4720,720.9663,0.0000,0.000,5.077,5.647,1.0000
3385.2815,278.5766,721.7517,0.0000,0.000,4.885,5.793,1.0000
3390.2415,273.6370,722.2010,0.0000,0.000,5.271,5.494,1.0000
3395.2103,268.6697,722.3208,0.0000,0.000,5.351,5.479,1.0000
3400.1921,263.6920,722.1197,0.0000,0.000,5.442,5.544,1.0000
3405.1901,258.7195,721.6145,0.0000,0.000,5.697,5.678,1.0000
3410.2051,253.7596,720.8735,0.0000,0.000,5.844,5.790,1.0000
3415.2280,248.8157,719.9859,0.0000,0.000,5.883,5.880,1.0000
3420.2433,243.8910,719.0374,0.0000,0.000,5.921,5.971,1.0000
3425.2454,238.9831,718.0706,0.0000,0.000,5.960,6.062,1.0000
3430.2382,234.0859,717.0984,0.0000,0.000,5.999,6.153,1.0000
3435.2253,229.1932,716.1331,0.0000,0.000,6.037,6.243,1.0000
3440.2104,224.2986,715.1869,0.0000,0.000,6.151,6.297,1.0000
3445.1976,219.3961,714.2722,0.0000,0.000,6.270,6.349,1.0000
3450.1910,214.4792,713.4013,0.0000,0.000,6.388,6.400,1.0000
3455.1942,209.5435,712.5818,0.0000,0.000,6.507,6.452,1.0000
3460.2052,204.5953,711.7917,0.0000,0.000,6.627,6.527,1.0000
3465.2188,199.6450,710.9968,0.0000,0.000,6.753,6.690,1.0000
3470.2303,194.7034,710.1630,0.0000,0.000,6.879,6.853,1.0000
3475.2356,189.7809,709.2564,0.0000,0.000,7.005,7.016,1.0000
3480.2322,184.8882,708.2427,0.0000,0.000,7.131,7.179,1.0000
3485.2201,180.0358,707.0880,0.0000,0.000,7.211,7.398,1.0000
3490.2025,175.2312,705.7688,0.0000,0.000,7.226,7.692,1.0000
3495.1846,170.4707,704.2994,0.0000,0.000,7.242,7.986,1.0000
3500.1697,165.7483,702.7026,0.0000,0.000,7.330,8.032,1.0000
3505.1593,161.0577,701.0012,0.0000,0.000,7.452,7.962,1.0000
3510.1535,156.3928,699.2177,0.0000,0.000,7.574,7.892,1.0000
3515.1509,151.7476,697.3751,0.0000,0.000,7.696,7.821,1.0000
3520.1495,147.1161,695.4948,0.0000,0.000,7.785,7.756,1.0000
3525.1481,142.4972,693.5838,0.0000,0.000,7.644,7.730,1.0000
3530.1464,137.8928,691.6389,0.0000,0.000,7.503,7.703,1.0000
3535.1443,133.3049,689.6566,0.0000,0.000,7.362,7.676,1.0000
3540.1415,128.7354,687.6336,0.0000,0.000,7.221,7.649,1.0000
3545.1382,124.1865,685.5663,0.0000,0.000,7.081,7.622,1.0000
3550.1344,119.6600,683.4513,0.0000,0.000,6.940,7.596,1.0000
3555.1304,115.1579,681.2854,0.0000,0.000,6.799,7.569,1.0000
3560.1263,110.6812,679.0677,0.0000,0.000,6.778,7.543,1.0000
3565.1222,106.2309,676.7976,0.0000,0.000,6.825,7.518,1.0000
3570.1181,101.8077,674.4749,0.0000,0.000,6.873,7.492,1.0000
3575.1143,97.4124,672.0993,0.0000,0.000,6.920,7.467,1.0000
3580.1110,93.0458,669.6704,0.0000,0.000,6.967,7.442,1.0000
3585.1081,88.7089,667.1880,0.0000,0.000,7.015,7.416,1.0000
3590.1059,84.4030,664.6510,0.0000,0.000,7.062,7.391,1.0000
3595.1034,80.1317,662.0565,0.0000,0.000,7.109,7.366,1.0000
3600.1000,75.8991,659.4010,0.0000,0.000,7.367,7.205,1.0000
3605.0951,71.7094,656.6810,0.0000,0.000,7.293,7.384,1.0000
3610.0886,67.5667,653.8932,0.0000,0.000,7.174,7.608,1.0000
3615.0803,63.4751,651.0338,0.0000,0.000,7.214,7.680,1.0000
3620.0706,59.4386,648.0996,0.0000,0.000,7.253,7.753,1.0000
3625.0599,55.4615,645.0870,0.0000,0.000,7.292,7.825,1.0000
3630.0492,51.5477,641.9925,0.0000,0.000,7.339,7.861,1.0000
3635.0397,47.7015,638.8127,0.0000,0.000,7.397,7.842,1.0000
3640.0328,43.9269,635.5441,0.0000,0.000,7.456,7.824,1.0000
3645.0305,40.2280,632.1832,0.0000,0.000,7.514,7.805,1.0000
3650.0351,36.6090,628.7265,0.0000,0.000,7.572,7.787,1.0000
3655.0489,33.0746,625.1704,0.0000,0.000,7.547,7.775,1.0000
3660.0655,29.6499,621.5048,0.0000,0.000,7.379,7.773,1.0000
3665.0708,26.3838,617.7119,0.0000,0.000,7.210,7.771,1.0000
3670.0561,23.3269,613.7738,0.0000,0.000,7.042,7.770,1.0000
3675.0228,20.5177,609.6778,0.0000,0.000,7.130,7.620,1.0000
3679.9883,17.9151,605.4491,0.0000,0.000,7.300,7.422,1.0000
3684.9655,15.4455,601.1277,0.0000,0.000,7.367,7.316,1.0000
3689.9591,13.0393,596.7521,0.0000,0.000,7.275,7.353,1.0000
3694.9654,10.6800,592.3366,0.0000,0.000,7.182,7.391,1.0000
3699.9777,8.3883,587.8789,0.0000,0.000,7.165,7.411,1.0000
3704.9903,6.1855,583.3762,0.0000,0.000,7.222,7.413,1.0000
3709.9988,4.0930,578.8258,0.0000,0.000,7.280,7.416,1.0000
3715.0002,2.1323,574.2248,0.0000,0.000,7.253,7.493,1.0000
3719.9931,0.3247,569.5705,0.0000,0.000,7.222,7.576,1.0000
3724.9790,-1.3132,564.8614,0.0000,0.000,7.190,7.658,1.0000
3729.9632,-2.7973,560.1033,0.0000,0.000,7.158,7.740,1.0000
3734.9499,-4.1565,555.3053,0.0000,0.000,7.102,7.719,1.0000
3739.9412,-5.4200,550.4766,0.0000,0.000,7.006,7.527,1.0000
3744.9370,-6.6166,545.6263,0.0000,0.000,6.910,7.335,1.0000
3749.9361,-7.7756,540.7633,0.0000,0.000,6.815,7.144,1.0000
3754.9367,-8.9259,535.8968,0.0000,0.000,6.719,6.952,1.0000
3759.9370,-10.0902,531.0339,0.0000,0.000,6.623,6.760,1.0000
3764.9368,-11.2680,526.1749,0.0000,0.000,6.527,6.568,1.0000
3769.9361,-12.4535,521.3182,0.0000,0.000,6.431,6.376,1.0000
3774.9349,-13.6411,516.4625,0.0000,0.000,6.335,6.184,1.0000
3779.9333,-14.8250,511.6064,0.0000,0.000,6.239,5.993,1.0000
3784.9312,-15.9995,506.7484,0.0000,0.000,6.153,5.843,1.0000
3789.9288,-17.1591,501.8872,0.0000,0.000,6.123,5.924,1.0000
3794.9261,-18.3023,497.0224,0.0000,0.000,6.092,6.006,1.0000
3799.9233,-19.4302,492.1542,0.0000,0.000,6.061,6.087,1.0000
3804.9202,-20.5441,487.2830,0.0000,0.000,6.030,6.169,1.0000
3809.9172,-21.6453,482.4089,0.0000,0.000,5.999,6.250,1.0000
3814.9140,-22.7350,477.5323,0.0000,0.000,6.027,6.297,1.0000
3819.9109,-23.8144,472.6534,0.0000,0.000,6.083,6.328,1.0000
3824.9078,-24.8848,467.7724,0.0000,0.000,6.139,6.358,1.0000
3829.9048,-25.9474,462.8898,0.0000,0.000,6.196,6.389,1.0000
3834.9019,-27.0036,458.0056,0.0000,0.000,6.252,6.419,1.0000
3839.8990,-28.0544,453.1202,0.0000,0.000,6.308,6.449,1.0000
3844.8962,-29.1012,448.2339,0.0000,0.000,6.364,6.480,1.0000
3849.8935,-30.1452,443.3468,0.0000,0.000,6.421,6.510,1.0000
3854.8909,-31.1877,438.4594,0.0000,0.000,6.474,6.518,1.0000
3859.8884,-32.2298,433.5718,0.0000,0.000,6.524,6.499,1.0000
3864.8859,-33.2730,428.6843,0.0000,0.000,6.574,6.480,1.0000
3869.8836,-34.3183,423.7972,0.0000,0.000,6.624,6.460,1.0000
3874.8813,-35.3670,418.9107,0.0000,0.000,6.674,6.441,1.0000
3879.8792,-36.4205,414.0252,0.0000,0.000,6.696,6.444,1.0000
3884.8771,-37.4798,409.1408,0.0000,0.000,6.717,6.448,1.0000
3889.8751,-38.5464,404.2579,0.0000,0.000,6.738,6.451,1.0000
3894.8733,-39.6213,399.3767,0.0000,0.000,6.760,6.454,1.0000
3899.8716,-40.7059,394.4974,0.0000,0.000,6.781,6.458,1.0000
3904.8702,-41.8014,389.6204,0.0000,0.000,6.803,6.461,1.0000
3909.8689,-42.9091,384.7460,0.0000,0.000,6.824,6.464,1.0000
3914.8679,-44.0302,379.8743,0.0000,0.000,6.846,6.468,1.0000
3919.8673,-45.1659,375.0056,0.0000,0.000,6.867,6.471,1.0000
3924.8670,-46.3174,370.1403,0.0000,0.000,6.888,6.475,1.0000
3929.8670,-47.4813,365.2777,0.0000,0.000,6.910,6.478,1.0000
3934.8665,-48.6492,360.4164,0.0000,0.000,6.931,6.481,1.0000
3939.8651,-49.8121,355.5551,0.0000,0.000,6.953,6.485,1.0000
3944.8619,-50.9610,350.6921,0.0000,0.000,6.974,6.488,1.0000
3949.8566,-52.0872,345.8260,0.0000,0.000,6.995,6.492,1.0000
3954.8488,-53.1816,340.9553,0.0000,0.000,6.802,6.629,1.0000
3959.8381,-54.2356,336.0785,0.0000,0.000,6.346,6.930,1.0000
3964.8251,-55.2427,331.1943,0.0000,0.000,6.256,7.081,1.0000
3969.8105,-56.1979,326.3013,0.0000,0.000,6.642,7.038,1.0000
3974.7954,-57.0964,321.3980,0.0000,0.000,7.001,7.060,1.0000
3979.7809,-57.9334,316.4833,0.0000,0.000,7.233,7.370,1.0000
3984.7683,-58.7041,311.5558,0.0000,0.000,7.467,7.674,1.0000
3989.7594,-59.4035,306.6140,0.0000,0.000,7.737,7.833,1.0000
3994.7554,-60.0272,301.6570,0.0000,0.000,8.007,7.992,1.0000
3999.7560,-60.5723,296.6862,0.0000,0.000,8.204,8.140,1.0000
4004.7600,-61.0370,291.7038,0.0000,0.000,8.391,8.287,1.0000
4009.7663,-61.4192,286.7122,0.0000,0.000,8.507,8.407,1.0000
4014.7737,-61.7170,281.7137,0.0000,0.000,8.593,8.515,1.0000
4019.7813,-61.9285,276.7105,0.0000,0.000,8.663,8.625,1.0000
4024.7882,-62.0518,271.7051,0.0000,0.000,8.726,8.736,1.0000
4029.7938,-62.0847,266.6997,0.0000,0.000,8.814,8.853,1.0000
4034.7972,-62.0255,261.6966,0.0000,0.000,8.916,8.973,1.0000
4039.7980,-61.8722,256.6981,0.0000,0.000,8.882,8.970,1.0000
4044.7957,-61.6227,251.7067,0.0000,0.000,8.785,8.909,1.0000
4049.7900,-61.2752,246.7245,0.0000,0.000,8.760,8.823,1.0000
4054.7807,-60.8277,241.7539,0.0000,0.000,8.842,8.701,1.0000
4059.7678,-60.2786,236.7971,0.0000,0.000,8.781,8.724,1.0000
4064.7526,-59.6317,231.8544,0.0000,0.000,8.583,8.886,1.0000
4069.7370,-58.8944,226.9249,0.0000,0.000,8.393,9.009,1.0000
4074.7222,-58.0744,222.0076,0.0000,0.000,8.264,8.786,1.0000
4079.7094,-57.1792,217.1014,0.0000,0.000,8.150,8.545,1.0000
4084.6991,-56.2166,212.2055,0.0000,0.000,8.213,8.073,1.0000
4089.6917,-55.1941,207.3187,0.0000,0.000,8.230,7.681,1.0000
4094.6872,-54.1193,202.4401,0.0000,0.000,7.972,7.763,1.0000
4099.6856,-52.9999,197.5687,0.0000,0.000,7.713,7.846,1.0000
4104.6864,-51.8434,192.7035,0.0000,0.000,7.621,7.795,1.0000
4109.6889,-50.6576,187.8435,0.0000,0.000,7.547,7.730,1.0000
4114.6927,-49.4500,182.9877,0.0000,0.000,7.473,7.665,1.0000
4119.6967,-48.2282,178.1351,0.0000,0.000,7.399,7.599,1.0000
4124.7002,-46.9998,173.2847,0.0000,0.000,7.325,7.534,1.0000
4129.7025,-45.7710,168.4357,0.0000,0.000,7.251,7.469,1.0000
4134.7034,-44.5424,163.5880,0.0000,0.000,7.177,7.403,1.0000
4139.7032,-43.3131,158.7417,0.0000,0.000,7.103,7.338,1.0000
4144.7020,-42.0826,153.8968,0.0000,0.000,7.029,7.273,1.0000
4149.6998,-40.8499,149.0533,0.0000,0.000,6.955,7.207,1.0000
4154.6969,-39.6144,144.2114,0.0000,0.000,6.881,7.142,1.0000
4159.6933,-38.3752,139.3711,0.0000,0.000,6.807,7.077,1.0000
4164.6892,-37.1318,134.5324,0.0000,0.000,6.733,7.012,1.0000
4169.6847,-35.8832,129.6955,0.0000,0.000,6.659,6.946,1.0000
4174.6799,-34.6288,124.8603,0.0000,0.000,6.585,6.881,1.0000
4179.6751,-33.3678,120.0270,0.0000,0.000,6.511,6.816,1.0000
4184.6703,-32.0994,115.1955,0.0000,0.000,6.486,6.785,1.0000
4189.6656,-30.8229,110.3660,0.0000,0.000,6.528,6.804,1.0000
4194.6613,-29.5376,105.5385,0.0000,0.000,6.571,6.823,1.0000
4199.6573,-28.2435,100.7130,0.0000,0.000,6.614,6.842,1.0000
4204.6538,-26.9412,95.8892,0.0000,0.000,6.657,6.861,1.0000
4209.6506,-25.6318,91.0670,0.0000,0.000,6.700,6.880,1.0000
4214.6478,-24.3159,86.2462,0.0000,0.000,6.742,6.899,1.0000
4219.6453,-22.9946,81.4265,0.0000,0.000,6.785,6.918,1.0000
4224.6431,-21.6686,76.6078,0.0000,0.000,6.828,6.937,1.0000
4229.6411,-20.3389,71.7899,0.0000,0.000,6.871,6.956,1.0000
4234.6394,-19.0061,66.9726,0.0000,0.000,6.914,6.975,1.0000
4239.6379,-17.6713,62.1557,0.0000,0.000,6.957,6.994,1.0000
4244.6365,-16.3353,57.3389,0.0000,0.000,6.999,7.013,1.0000
4249.6352,-14.9989,52.5221,0.0000,0.000,7.042,7.032,1.0000
4254.6340,-13.6630,47.7052,0.0000,0.000,7.085,7.051,1.0000
4259.6328,-12.3284,42.8878,0.0000,0.000,7.128,7.070,1.0000
4264.6316,-10.9961,38.0698,0.0000,0.000,7.171,7.089,1.0000
4269.6304,-9.6667,33.2510,0.0000,0.000,7.214,7.108,1.0000
4274.6292,-8.3413,28.4312,0.0000,0.000,7.256,7.127,1.0000
4279.6278,-7.0207,23.6102,0.0000,0.000,7.299,7.146,1.0000
4284.6263,-5.7056,18.7878,0.0000,0.000,7.342,7.165,1.0000
4289.6246,-4.3971,13.9638,0.0000,0.000,7.385,7.184,1.0000
4294.6227,-3.0958,9.1380,0.0000,0.000,7.428,7.203,1.0000
4299.6207,-1.8028,4.3102,0.0000,0.000,7.471,7.222,1.0000
