# Moscow Raceway — TUMFTM racetrack-database (LGPL-3.0), flat 2-D centre line + measured widths; upstream commit e59595d.
s_m,x_m,y_m,z_m,banking_deg,width_left_m,width_right_m,grip_scale
0.0000,0.8935,-0.1319,0.0000,0.000,6.598,6.737,1.0000
5.0046,1.4418,4.8426,0.0000,0.000,6.596,6.734,1.0000
10.0092,1.9909,9.8169,0.0000,0.000,6.595,6.732,1.0000
15.0136,2.5405,14.7911,0.0000,0.000,6.594,6.730,1.0000
20.0180,3.0905,19.7652,0.0000,0.000,6.592,6.727,1.0000
25.0223,3.6409,24.7391,0.0000,0.000,6.591,6.725,1.0000
30.0265,4.1914,29.7129,0.0000,0.000,6.590,6.723,1.0000
35.0306,4.7420,34.6867,0.0000,0.000,6.589,6.720,1.0000
40.0347,5.2924,39.6604,0.0000,0.000,6.587,6.718,1.0000
45.0387,5.8427,44.6341,0.0000,0.000,6.586,6.715,1.0000
50.0427,6.3926,49.6077,0.0000,0.000,6.585,6.713,1.0000
55.0466,6.9420,54.5814,0.0000,0.000,6.583,6.711,1.0000
60.0505,7.4908,59.5551,0.0000,0.000,6.582,6.708,1.0000
65.0544,8.0388,64.5289,0.0000,0.000,6.581,6.706,1.0000
70.0582,8.5860,69.5027,0.0000,0.000,6.580,6.704,1.0000
75.0621,9.1321,74.4767,0.0000,0.000,6.578,6.701,1.0000
80.0659,9.6771,79.4508,0.0000,0.000,6.577,6.699,1.0000
85.0697,10.2207,84.4250,0.0000,0.000,6.576,6.696,1.0000
90.0736,10.7630,89.3993,0.0000,0.000,6.574,6.694,1.0000
95.0774,11.3039,94.3739,0.0000,0.000,6.573,6.692,1.0000
100.0813,11.8433,99.3486,0.0000,0.000,6.572,6.689,1.0000
105.0852,12.3814,104.3234,0.0000,0.000,6.570,6.687,1.0000
110.0891,12.9183,109.2985,0.0000,0.000,6.569,6.685,1.0000
115.0930,13.4538,114.2736,0.0000,0.000,6.568,6.682,1.0000
120.0969,13.9882,119.2489,0.0000,0.000,6.567,6.680,1.0000
125.1009,14.5215,124.2244,0.0000,0.000,6.565,6.677,1.0000
130.1048,15.0536,129.2000,0.0000,0.000,6.564,6.675,1.0000
135.1088,15.5847,134.1757,0.0000,0.000,6.563,6.673,1.0000
140.1128,16.1148,139.1515,0.0000,0.000,6.571,6.699,1.0000
145.1168,16.6440,144.1274,0.0000,0.000,6.585,6.739,1.0000
150.1208,17.1722,149.1035,0.0000,0.000,6.598,6.780,1.0000
155.1248,17.6996,154.0797,0.0000,0.000,6.612,6.820,1.0000
160.1289,18.2262,159.0560,0.0000,0.000,6.625,6.861,1.0000
165.1330,18.7521,164.0323,0.0000,0.000,6.638,6.901,1.0000
170.1371,19.2772,169.0088,0.0000,0.000,6.652,6.942,1.0000
175.1412,19.8017,173.9854,0.0000,0.000,6.665,6.982,1.0000
180.1454,20.3256,178.9620,0.0000,0.000,6.679,7.022,1.0000
185.1495,20.8490,183.9387,0.0000,0.000,6.692,7.063,1.0000
190.1537,21.3718,188.9155,0.0000,0.000,6.706,7.103,1.0000
195.1579,21.8942,193.8924,0.0000,0.000,6.719,7.144,1.0000
200.1621,22.4162,198.8693,0.0000,0.000,6.732,7.184,1.0000
205.1664,22.9378,203.8463,0.0000,0.000,6.746,7.225,1.0000
210.1707,23.4591,208.8234,0.0000,0.000,6.759,7.265,1.0000
215.1750,23.9801,213.8005,0.0000,0.000,6.773,7.306,1.0000
220.1793,24.5010,218.7776,0.0000,0.000,6.786,7.346,1.0000
225.1836,25.0217,223.7548,0.0000,0.000,6.800,7.387,1.0000
230.1880,25.5422,228.7320,0.0000,0.000,6.813,7.427,1.0000
235.1924,26.0627,233.7092,0.0000,0.000,6.826,7.468,1.0000
240.1968,26.5832,238.6865,0.0000,0.000,6.840,7.508,1.0000
245.2012,27.1037,243.6638,0.0000,0.000,6.853,7.549,1.0000
250.2057,27.6244,248.6411,0.0000,0.000,6.867,7.589,1.0000
255.2102,28.1451,253.6184,0.0000,0.000,6.880,7.629,1.0000
260.2147,28.6660,258.5957,0.0000,0.000,6.894,7.670,1.0000
265.2192,29.1872,263.5731,0.0000,0.000,6.907,7.710,1.0000
270.2238,29.7086,268.5504,0.0000,0.000,6.920,7.751,1.0000
275.2283,30.2304,273.5277,0.0000,0.000,6.934,7.791,1.0000
280.2329,30.7525,278.5050,0.0000,0.000,6.947,7.832,1.0000
285.2376,31.2751,283.4823,0.0000,0.000,6.961,7.872,1.0000
290.2422,31.7982,288.4595,0.0000,0.000,6.974,7.913,1.0000
295.2469,32.3218,293.4367,0.0000,0.000,6.988,7.953,1.0000
300.2516,32.8459,298.4139,0.0000,0.000,7.001,7.994,1.0000
305.2564,33.3707,303.3911,0.0000,0.000,7.014,8.034,1.0000
310.2611,33.8962,308.3682,0.0000,0.000,7.028,8.075,1.0000
315.2659,34.4223,313.3452,0.0000,0.000,7.041,8.115,1.0000
320.2707,34.9493,318.3222,0.0000,0.000,7.055,8.155,1.0000
325.2756,35.4771,323.2992,0.0000,0.000,7.068,8.196,1.0000
330.2805,36.0057,328.2760,0.0000,0.000,7.082,8.236,1.0000
335.2854,36.5353,333.2529,0.0000,0.000,7.095,8.277,1.0000
340.2903,37.0658,338.2296,0.0000,0.000,7.108,8.317,1.0000
345.2903,37.5703,343.2041,0.0000,0.000,7.122,8.358,1.0000
350.2544,37.8493,348.1603,0.0000,0.000,7.135,8.398,1.0000
355.1756,37.6355,353.0769,0.0000,0.000,7.266,8.150,1.0000
360.1218,36.6838,357.9306,0.0000,0.000,7.668,7.316,1.0000
365.1544,35.0150,362.6786,0.0000,0.000,7.820,7.492,1.0000
370.2359,32.8261,367.2644,0.0000,0.000,8.301,8.388,1.0000
375.2711,30.3041,371.6224,0.0000,0.000,8.933,9.338,1.0000
380.1440,27.2677,375.4337,0.0000,0.000,9.372,10.053,1.0000
385.0255,23.2705,378.2358,0.0000,0.000,9.420,10.112,1.0000
390.0675,18.7083,380.3824,0.0000,0.000,9.208,9.733,1.0000
395.1034,14.0720,382.3483,0.0000,0.000,8.995,9.354,1.0000
400.1187,9.4367,384.2632,0.0000,0.000,8.783,8.975,1.0000
405.1206,4.8336,386.2204,0.0000,0.000,8.571,8.596,1.0000
410.1174,0.2852,388.2893,0.0000,0.000,8.358,8.217,1.0000
415.1137,-4.2125,390.4649,0.0000,0.000,8.146,7.838,1.0000
420.1117,-8.6694,392.7270,0.0000,0.000,8.045,7.695,1.0000
425.1125,-13.0949,395.0556,0.0000,0.000,7.998,7.667,1.0000
430.1160,-17.4987,397.4307,0.0000,0.000,7.952,7.639,1.0000
435.1214,-21.8904,399.8322,0.0000,0.000,7.906,7.611,1.0000
440.1278,-26.2791,402.2412,0.0000,0.000,7.859,7.584,1.0000
445.1344,-30.6682,404.6499,0.0000,0.000,7.813,7.556,1.0000
450.1409,-35.0575,407.0580,0.0000,0.000,7.767,7.528,1.0000
455.1468,-39.4469,409.4649,0.0000,0.000,7.720,7.500,1.0000
460.1519,-43.8361,411.8704,0.0000,0.000,7.674,7.472,1.0000
465.1558,-48.2249,414.2739,0.0000,0.000,7.628,7.444,1.0000
470.1580,-52.6131,416.6751,0.0000,0.000,7.581,7.416,1.0000
475.1587,-57.0008,419.0741,0.0000,0.000,7.535,7.388,1.0000
480.1588,-61.3885,421.4718,0.0000,0.000,7.488,7.360,1.0000
485.1593,-65.7767,423.8693,0.0000,0.000,7.442,7.332,1.0000
490.1612,-70.1661,426.2677,0.0000,0.000,7.396,7.305,1.0000
495.1654,-74.5570,428.6681,0.0000,0.000,7.349,7.277,1.0000
500.1730,-78.9502,431.0715,0.0000,0.000,7.303,7.249,1.0000
505.1844,-83.3458,433.4783,0.0000,0.000,7.257,7.221,1.0000
510.1975,-87.7430,435.8859,0.0000,0.000,7.210,7.193,1.0000
515.2091,-92.1402,438.2902,0.0000,0.000,7.164,7.165,1.0000
520.2160,-96.5360,440.6873,0.0000,0.000,7.134,7.089,1.0000
525.2151,-100.9289,443.0731,0.0000,0.000,7.106,7.008,1.0000
530.2031,-105.3176,445.4439,0.0000,0.000,7.078,6.927,1.0000
535.1780,-109.7008,447.7970,0.0000,0.000,7.050,6.846,1.0000
540.1595,-114.0850,450.1622,0.0000,0.000,7.022,6.765,1.0000
545.1897,-118.4839,452.6020,0.0000,0.000,6.994,6.684,1.0000
550.3107,-122.9123,455.1737,0.0000,0.000,6.966,6.603,1.0000
555.3542,-127.4236,457.4285,0.0000,0.000,7.723,7.867,1.0000
560.0875,-132.1020,458.1477,0.0000,0.000,8.430,9.357,1.0000
564.8295,-136.6808,456.9144,0.0000,0.000,8.664,8.934,1.0000
569.8661,-140.8471,454.0843,0.0000,0.000,8.441,8.742,1.0000
575.0126,-144.7534,450.7335,0.0000,0.000,8.219,8.550,1.0000
580.0338,-148.5877,447.4916,0.0000,0.000,7.996,8.358,1.0000
584.9905,-152.4619,444.3996,0.0000,0.000,7.773,8.165,1.0000
589.9332,-156.3371,441.3316,0.0000,0.000,7.678,8.115,1.0000
594.9039,-160.1267,438.1151,0.0000,0.000,7.645,8.134,1.0000
599.9353,-163.7495,434.6236,0.0000,0.000,7.613,8.154,1.0000
604.9992,-167.1387,430.8611,0.0000,0.000,7.580,8.173,1.0000
610.0603,-170.2306,426.8541,0.0000,0.000,7.338,8.092,1.0000
615.0904,-172.9610,422.6296,0.0000,0.000,7.480,7.773,1.0000
620.0713,-175.2662,418.2143,0.0000,0.000,7.168,7.414,1.0000
624.9977,-177.0821,413.6348,0.0000,0.000,6.797,7.061,1.0000
629.8835,-178.3549,408.9177,0.0000,0.000,6.267,6.892,1.0000
634.7754,-179.1269,404.0871,0.0000,0.000,5.637,6.409,1.0000
639.7102,-179.4936,399.1659,0.0000,0.000,5.614,6.249,1.0000
644.6994,-179.5510,394.1771,0.0000,0.000,5.621,6.216,1.0000
649.7356,-179.3952,389.1433,0.0000,0.000,5.629,6.184,1.0000
654.7987,-179.1222,384.0875,0.0000,0.000,5.637,6.151,1.0000
659.8624,-178.8275,379.0324,0.0000,0.000,5.644,6.119,1.0000
664.9099,-178.5691,373.9916,0.0000,0.000,5.652,6.086,1.0000
669.9419,-178.3470,368.9644,0.0000,0.000,5.659,6.054,1.0000
674.9608,-178.1557,363.9492,0.0000,0.000,5.667,6.021,1.0000
679.9688,-177.9900,358.9439,0.0000,0.000,5.674,5.989,1.0000
684.9679,-177.8448,353.9469,0.0000,0.000,5.682,5.956,1.0000
689.9602,-177.7148,348.9564,0.0000,0.000,5.689,5.923,1.0000
694.9476,-177.5947,343.9703,0.0000,0.000,5.697,5.891,1.0000
699.9322,-177.4792,338.9871,0.0000,0.000,5.705,5.858,1.0000
704.9159,-177.3631,334.0048,0.0000,0.000,5.712,5.826,1.0000
709.9006,-177.2412,329.0216,0.0000,0.000,5.720,5.793,1.0000
714.8883,-177.1083,324.0356,0.0000,0.000,5.727,5.761,1.0000
719.8810,-176.9590,319.0452,0.0000,0.000,5.735,5.728,1.0000
724.8806,-176.7884,314.0484,0.0000,0.000,5.742,5.696,1.0000
729.8874,-176.5987,309.0452,0.0000,0.000,5.750,5.663,1.0000
734.9001,-176.3980,304.0366,0.0000,0.000,5.758,5.631,1.0000
739.9170,-176.1946,299.0238,0.0000,0.000,5.765,5.598,1.0000
744.9367,-175.9971,294.0080,0.0000,0.000,5.773,5.566,1.0000
749.9577,-175.8137,288.9904,0.0000,0.000,5.780,5.533,1.0000
754.9785,-175.6530,283.9721,0.0000,0.000,5.788,5.501,1.0000
759.9972,-175.5285,278.9549,0.0000,0.000,5.795,5.468,1.0000
765.0101,-175.4670,273.9424,0.0000,0.000,5.803,5.436,1.0000
770.0144,-175.4976,268.9382,0.0000,0.000,5.791,5.411,1.0000
775.0090,-175.6491,263.9459,0.0000,0.000,5.638,5.446,1.0000
779.9946,-175.9506,258.9694,0.0000,0.000,5.506,5.458,1.0000
784.9750,-176.4310,254.0123,0.0000,0.000,5.480,5.348,1.0000
789.9563,-177.1169,249.0785,0.0000,0.000,5.454,5.239,1.0000
794.9423,-178.0128,244.1736,0.0000,0.000,5.369,5.331,1.0000
799.9341,-179.1125,239.3044,0.0000,0.000,5.370,5.361,1.0000
804.9324,-180.4093,234.4773,0.0000,0.000,5.557,5.219,1.0000
809.9369,-181.8969,229.6990,0.0000,0.000,5.744,5.077,1.0000
814.9470,-183.5686,224.9761,0.0000,0.000,5.605,5.150,1.0000
819.9615,-185.4182,220.3151,0.0000,0.000,5.443,5.237,1.0000
824.9788,-187.4389,215.7227,0.0000,0.000,5.282,5.324,1.0000
829.9969,-189.6244,211.2055,0.0000,0.000,5.166,5.328,1.0000
835.0135,-191.9681,206.7700,0.0000,0.000,5.066,5.310,1.0000
840.0260,-194.4636,202.4229,0.0000,0.000,5.213,5.248,1.0000
845.0314,-197.1044,198.1708,0.0000,0.000,5.337,5.193,1.0000
850.0268,-199.8837,194.0200,0.0000,0.000,5.364,5.168,1.0000
855.0139,-202.7873,189.9653,0.0000,0.000,5.392,5.143,1.0000
859.9992,-205.7894,185.9853,0.0000,0.000,5.456,5.095,1.0000
864.9874,-208.8637,182.0571,0.0000,0.000,5.558,5.033,1.0000
869.9813,-211.9838,178.1578,0.0000,0.000,5.549,5.279,1.0000
874.9826,-215.1233,174.2647,0.0000,0.000,5.707,5.491,1.0000
879.9924,-218.2557,170.3549,0.0000,0.000,5.972,5.681,1.0000
885.0111,-221.3638,166.4144,0.0000,0.000,6.237,5.871,1.0000
890.0333,-224.4702,162.4683,0.0000,0.000,6.502,6.061,1.0000
895.0521,-227.6088,158.5519,0.0000,0.000,6.766,6.251,1.0000
900.0619,-230.8131,154.7009,0.0000,0.000,7.031,6.441,1.0000
905.0597,-234.1170,150.9509,0.0000,0.000,7.296,6.631,1.0000
910.0468,-237.5541,147.3375,0.0000,0.000,7.561,6.821,1.0000
915.0261,-241.1613,143.9050,0.0000,0.000,7.846,6.901,1.0000
919.9570,-245.0272,140.8442,0.0000,0.000,7.758,6.990,1.0000
924.8319,-249.2828,138.4662,0.0000,0.000,7.309,7.100,1.0000
929.8026,-254.0539,137.0719,0.0000,0.000,7.196,7.086,1.0000
934.9822,-259.1878,136.3847,0.0000,0.000,7.260,7.006,1.0000
940.0823,-264.2150,135.5257,0.0000,0.000,7.324,6.926,1.0000
945.0065,-269.1037,134.9360,0.0000,0.000,7.388,6.846,1.0000
949.8998,-273.9840,135.2932,0.0000,0.000,7.487,7.030,1.0000
954.8893,-278.8618,136.3430,0.0000,0.000,7.586,7.236,1.0000
959.9387,-283.7255,137.6998,0.0000,0.000,7.670,7.452,1.0000
964.9612,-288.5549,139.0790,0.0000,0.000,7.755,7.667,1.0000
969.9415,-293.2951,140.6068,0.0000,0.000,7.838,7.881,1.0000
974.9092,-297.8821,142.5138,0.0000,0.000,7.370,7.388,1.0000
979.9320,-302.2444,145.0036,0.0000,0.000,7.353,6.961,1.0000
984.9841,-306.2510,148.0812,0.0000,0.000,7.480,6.675,1.0000
989.9866,-309.7442,151.6620,0.0000,0.000,6.635,6.586,1.0000
994.8887,-312.5785,155.6617,0.0000,0.000,6.287,6.253,1.0000
999.7607,-314.7864,160.0046,0.0000,0.000,6.285,5.750,1.0000
1004.6985,-316.5368,164.6217,0.0000,0.000,5.784,5.443,1.0000
1009.7378,-317.9985,169.4444,0.0000,0.000,5.403,5.235,1.0000
1014.8483,-319.2270,174.4051,0.0000,0.000,5.298,5.241,1.0000
1019.9621,-320.1326,179.4380,0.0000,0.000,5.288,5.167,1.0000
1025.0247,-320.6161,184.4776,0.0000,0.000,5.329,5.047,1.0000
1030.0054,-320.5783,189.4581,0.0000,0.000,5.023,5.216,1.0000
1034.9056,-319.9201,194.3138,0.0000,0.000,5.200,5.164,1.0000
1039.7701,-318.5424,198.9792,0.0000,0.000,5.809,4.969,1.0000
1044.6851,-316.3997,203.4026,0.0000,0.000,6.145,5.225,1.0000
1049.6913,-313.6486,207.5850,0.0000,0.000,6.116,5.283,1.0000
1054.7507,-310.4936,211.5402,0.0000,0.000,5.964,5.274,1.0000
1059.7891,-307.1288,215.2904,0.0000,0.000,5.811,5.264,1.0000
1064.7967,-303.6758,218.9170,0.0000,0.000,5.659,5.255,1.0000
1069.7893,-300.2262,222.5262,0.0000,0.000,5.506,5.246,1.0000
1074.7811,-296.8679,226.2196,0.0000,0.000,5.354,5.236,1.0000
1079.7781,-293.6435,230.0371,0.0000,0.000,5.202,5.227,1.0000
1084.7774,-290.5626,233.9741,0.0000,0.000,5.030,5.264,1.0000
1089.7762,-287.6339,238.0251,0.0000,0.000,4.796,5.447,1.0000
1094.7723,-284.8664,242.1847,0.0000,0.000,4.594,5.605,1.0000
1099.7638,-282.2691,246.4472,0.0000,0.000,4.640,5.557,1.0000
1104.7501,-279.8482,250.8064,0.0000,0.000,4.687,5.508,1.0000
1109.7370,-277.5773,255.2463,0.0000,0.000,4.734,5.459,1.0000
1114.7309,-275.4062,259.7435,0.0000,0.000,4.780,5.411,1.0000
1119.7344,-273.2847,264.2750,0.0000,0.000,4.827,5.362,1.0000
1124.7482,-271.1624,268.8175,0.0000,0.000,4.874,5.313,1.0000
1129.7729,-268.9887,273.3477,0.0000,0.000,4.920,5.264,1.0000
1134.8105,-266.7142,277.8426,0.0000,0.000,4.967,5.216,1.0000
1139.8455,-264.4033,282.3160,0.0000,0.000,5.014,5.167,1.0000
1144.8279,-262.3494,286.8552,0.0000,0.000,5.092,5.133,1.0000
1149.7556,-260.8731,291.5566,0.0000,0.000,5.203,5.254,1.0000
1154.7238,-260.1736,296.4754,0.0000,0.000,5.412,5.992,1.0000
1159.7738,-260.0217,301.5230,0.0000,0.000,5.861,5.998,1.0000
1164.8307,-260.0943,306.5794,0.0000,0.000,6.090,5.931,1.0000
1169.7869,-260.1915,311.5347,0.0000,0.000,5.745,6.330,1.0000
1174.6465,-260.8894,316.3439,0.0000,0.000,5.401,6.730,1.0000
1179.5978,-262.6732,320.9627,0.0000,0.000,5.376,6.764,1.0000
1184.6345,-265.2911,325.2657,0.0000,0.000,5.368,6.777,1.0000
1189.5180,-268.7334,328.7296,0.0000,0.000,5.363,6.777,1.0000
1194.3552,-273.0392,330.9339,0.0000,0.000,5.487,6.297,1.0000
1199.3234,-277.7143,332.6151,0.0000,0.000,5.610,5.817,1.0000
1204.3282,-282.4329,334.2835,0.0000,0.000,5.635,5.470,1.0000
1209.3482,-287.1679,335.9505,0.0000,0.000,5.410,5.460,1.0000
1214.3672,-291.9071,337.6029,0.0000,0.000,5.184,5.450,1.0000
1219.3728,-296.6583,339.1786,0.0000,0.000,4.959,5.440,1.0000
1224.3656,-301.4653,340.5280,0.0000,0.000,5.043,5.392,1.0000
1229.3698,-306.3756,341.4923,0.0000,0.000,5.188,5.337,1.0000
1234.3645,-311.3606,341.8028,0.0000,0.000,5.024,5.473,1.0000
1239.2540,-316.1624,340.8804,0.0000,0.000,4.980,5.447,1.0000
1244.2332,-320.7047,338.8410,0.0000,0.000,5.182,5.216,1.0000
1249.2496,-325.1296,336.4778,0.0000,0.000,5.122,5.172,1.0000
1254.2555,-329.5054,334.0463,0.0000,0.000,5.062,5.129,1.0000
1259.2577,-333.8713,331.6048,0.0000,0.000,5.002,5.085,1.0000
1264.2621,-338.2636,329.2066,0.0000,0.000,5.048,5.049,1.0000
1269.2702,-342.6866,326.8575,0.0000,0.000,5.122,5.014,1.0000
1274.2804,-347.1257,324.5345,0.0000,0.000,5.196,4.979,1.0000
1279.2904,-351.5661,322.2144,0.0000,0.000,5.270,4.945,1.0000
1284.2977,-355.9927,319.8737,0.0000,0.000,5.344,4.910,1.0000
1289.3006,-360.3908,317.4894,0.0000,0.000,5.418,4.875,1.0000
1294.2977,-364.7458,315.0388,0.0000,0.000,5.492,4.841,1.0000
1299.2874,-369.0805,312.5674,0.0000,0.000,5.566,4.806,1.0000
1304.2671,-373.4804,310.2355,0.0000,0.000,5.640,4.772,1.0000
1309.2519,-378.0371,308.2144,0.0000,0.000,5.713,4.737,1.0000
1314.2702,-382.8027,306.6420,0.0000,0.000,5.574,4.892,1.0000
1319.2994,-387.7137,305.5582,0.0000,0.000,5.304,5.164,1.0000
1324.3038,-392.6852,304.9847,0.0000,0.000,5.212,5.216,1.0000
1329.2626,-397.6436,304.9288,0.0000,0.000,5.416,4.905,1.0000
1334.2095,-402.5749,305.3210,0.0000,0.000,5.591,4.637,1.0000
1339.1752,-407.4844,306.0668,0.0000,0.000,5.552,4.696,1.0000
1344.1702,-412.3772,307.0717,0.0000,0.000,5.513,4.755,1.0000
1349.1898,-417.2587,308.2410,0.0000,0.000,5.474,4.814,1.0000
1354.2204,-422.1343,309.4803,0.0000,0.000,5.435,4.873,1.0000
1359.2448,-427.0090,310.6977,0.0000,0.000,5.396,4.932,1.0000
1364.2566,-431.8847,311.8574,0.0000,0.000,5.357,4.991,1.0000
1369.2591,-436.7603,312.9771,0.0000,0.000,5.318,5.050,1.0000
1374.2557,-441.6344,314.0767,0.0000,0.000,5.279,5.110,1.0000
1379.2494,-446.5056,315.1759,0.0000,0.000,5.240,5.169,1.0000
1384.2434,-451.3727,316.2947,0.0000,0.000,5.201,5.228,1.0000
1389.2410,-456.2343,317.4527,0.0000,0.000,5.162,5.287,1.0000
1394.2444,-461.0909,318.6558,0.0000,0.000,5.123,5.346,1.0000
1399.2515,-465.9484,319.8710,0.0000,0.000,5.084,5.405,1.0000
1404.2594,-470.8133,321.0586,0.0000,0.000,5.045,5.464,1.0000
1409.2655,-475.6926,322.1787,0.0000,0.000,5.006,5.523,1.0000
1414.2693,-480.5926,323.1918,0.0000,0.000,4.967,5.582,1.0000
1419.2725,-485.5203,324.0582,0.0000,0.000,4.928,5.641,1.0000
1424.2788,-490.4806,324.7358,0.0000,0.000,4.938,5.625,1.0000
1429.2793,-495.4628,325.1620,0.0000,0.000,4.953,5.603,1.0000
1434.2656,-500.4481,325.2627,0.0000,0.000,4.968,5.580,1.0000
1439.2441,-505.4180,324.9706,0.0000,0.000,5.001,5.519,1.0000
1444.2354,-510.3703,324.3471,0.0000,0.000,5.082,5.355,1.0000
1449.2424,-515.3170,323.5723,0.0000,0.000,5.162,5.190,1.0000
1454.2516,-520.2708,322.8292,0.0000,0.000,5.243,5.026,1.0000
1459.2562,-525.2383,322.2219,0.0000,0.000,5.290,4.935,1.0000
1464.2591,-530.2173,321.7335,0.0000,0.000,5.282,4.962,1.0000
1469.2622,-535.2048,321.3370,0.0000,0.000,5.274,4.990,1.0000
1474.2660,-540.1975,321.0055,0.0000,0.000,5.265,5.017,1.0000
1479.2697,-545.1926,320.7119,0.0000,0.000,5.257,5.044,1.0000
1484.2719,-550.1869,320.4294,0.0000,0.000,5.249,5.072,1.0000
1489.2719,-555.1780,320.1317,0.0000,0.000,5.241,5.099,1.0000
1494.2721,-560.1669,319.7969,0.0000,0.000,5.232,5.127,1.0000
1499.2762,-565.1556,319.4045,0.0000,0.000,5.224,5.154,1.0000
1504.2880,-570.1464,318.9462,0.0000,0.000,5.216,5.181,1.0000
1509.3041,-575.1449,318.5259,0.0000,0.000,5.208,5.209,1.0000
1514.3225,-580.1584,318.3052,0.0000,0.000,5.199,5.237,1.0000
1519.3560,-585.1899,318.4458,0.0000,0.000,5.166,5.284,1.0000
1524.3656,-590.1569,319.0985,0.0000,0.000,5.433,5.095,1.0000
1529.2873,-594.9020,320.4050,0.0000,0.000,5.716,4.652,1.0000
1534.1312,-599.2680,322.5030,0.0000,0.000,5.608,4.755,1.0000
1539.0104,-603.2197,325.3649,0.0000,0.000,5.324,5.216,1.0000
1543.9923,-606.8978,328.7251,0.0000,0.000,5.372,5.249,1.0000
1549.0363,-610.4564,332.2997,0.0000,0.000,5.420,5.282,1.0000
1554.0799,-614.0093,335.8796,0.0000,0.000,5.468,5.316,1.0000
1559.1150,-617.5700,339.4395,0.0000,0.000,5.516,5.349,1.0000
1564.1423,-621.1372,342.9820,0.0000,0.000,5.564,5.382,1.0000
1569.1629,-624.7096,346.5096,0.0000,0.000,5.613,5.416,1.0000
1574.1776,-628.2858,350.0250,0.0000,0.000,5.661,5.449,1.0000
1579.1873,-631.8644,353.5308,0.0000,0.000,5.709,5.482,1.0000
1584.1927,-635.4440,357.0295,0.0000,0.000,5.757,5.516,1.0000
1589.1948,-639.0232,360.5238,0.0000,0.000,5.805,5.549,1.0000
1594.1943,-642.6007,364.0161,0.0000,0.000,5.853,5.583,1.0000
1599.1921,-646.1751,367.5092,0.0000,0.000,5.902,5.616,1.0000
1604.1890,-649.7450,371.0056,0.0000,0.000,5.950,5.649,1.0000
1609.1858,-653.3090,374.5079,0.0000,0.000,5.998,5.683,1.0000
1614.1833,-656.8659,378.0184,0.0000,0.000,6.046,5.716,1.0000
1619.1819,-660.4155,381.5377,0.0000,0.000,6.023,5.702,1.0000
1624.1813,-663.9581,385.0654,0.0000,0.000,5.951,5.655,1.0000
1629.1816,-667.4940,388.6010,0.0000,0.000,5.880,5.609,1.0000
1634.1828,-671.0235,392.1442,0.0000,0.000,5.809,5.563,1.0000
1639.1847,-674.5469,395.6946,0.0000,0.000,5.738,5.516,1.0000
1644.1874,-678.0644,399.2518,0.0000,0.000,5.666,5.470,1.0000
1649.1908,-681.5765,402.8153,0.0000,0.000,5.595,5.424,1.0000
1654.1948,-685.0834,406.3849,0.0000,0.000,5.524,5.377,1.0000
1659.1993,-688.5855,409.9600,0.0000,0.000,5.453,5.331,1.0000
1664.2044,-692.0829,413.5403,0.0000,0.000,5.381,5.285,1.0000
1669.2099,-695.5761,417.1254,0.0000,0.000,5.310,5.239,1.0000
1674.2158,-699.0653,420.7149,0.0000,0.000,5.239,5.192,1.0000
1679.2221,-702.5509,424.3084,0.0000,0.000,5.168,5.146,1.0000
1684.2285,-706.0331,427.9055,0.0000,0.000,5.096,5.100,1.0000
1689.2352,-709.5122,431.5058,0.0000,0.000,5.076,5.100,1.0000
1694.2420,-712.9886,435.1089,0.0000,0.000,5.076,5.119,1.0000
1699.2488,-716.4626,438.7145,0.0000,0.000,5.076,5.138,1.0000
1704.2556,-719.9344,442.3220,0.0000,0.000,5.076,5.158,1.0000
1709.2623,-723.4043,445.9312,0.0000,0.000,5.076,5.177,1.0000
1714.2688,-726.8728,449.5416,0.0000,0.000,5.076,5.196,1.0000
1719.2750,-730.3400,453.1528,0.0000,0.000,5.076,5.216,1.0000
1724.2809,-733.8063,456.7644,0.0000,0.000,5.076,5.235,1.0000
1729.2864,-737.2720,460.3761,0.0000,0.000,5.076,5.254,1.0000
1734.2915,-740.7373,463.9874,0.0000,0.000,5.076,5.273,1.0000
1739.2959,-744.2027,467.5980,0.0000,0.000,5.076,5.293,1.0000
1744.2998,-747.6688,471.2070,0.0000,0.000,5.076,5.312,1.0000
1749.3030,-751.1374,474.8127,0.0000,0.000,5.076,5.331,1.0000
1754.3057,-754.6103,478.4134,0.0000,0.000,5.076,5.350,1.0000
1759.3077,-758.0895,482.0073,0.0000,0.000,5.076,5.370,1.0000
1764.3091,-761.5767,485.5925,0.0000,0.000,5.076,5.389,1.0000
1769.3100,-765.0739,489.1672,0.0000,0.000,5.076,5.408,1.0000
1774.3105,-768.5829,492.7296,0.0000,0.000,5.076,5.427,1.0000
1779.3106,-772.1057,496.2780,0.0000,0.000,5.076,5.447,1.0000
1784.3104,-775.6440,499.8105,0.0000,0.000,5.085,5.461,1.0000
1789.3101,-779.1998,503.3253,0.0000,0.000,5.175,5.436,1.0000
1794.3100,-782.7749,506.8207,0.0000,0.000,5.264,5.410,1.0000
1799.3102,-786.3712,510.2947,0.0000,0.000,5.354,5.385,1.0000
1804.3113,-789.9901,513.7463,0.0000,0.000,5.444,5.359,1.0000
1809.3198,-793.6173,517.2002,0.0000,0.000,5.534,5.334,1.0000
1814.3509,-797.2179,520.7141,0.0000,0.000,5.623,5.308,1.0000
1819.4218,-800.7569,524.3458,0.0000,0.000,5.653,5.308,1.0000
1824.4219,-804.3820,527.7895,0.0000,0.000,4.949,5.614,1.0000
1829.1924,-808.5973,530.0233,0.0000,0.000,4.728,5.740,1.0000
1834.0669,-813.3784,530.9724,0.0000,0.000,5.062,5.693,1.0000
1839.0403,-818.3430,531.2683,0.0000,0.000,5.233,5.722,1.0000
1844.0744,-823.3771,531.2672,0.0000,0.000,5.404,5.750,1.0000
1849.1289,-828.4316,531.2571,0.0000,0.000,5.575,5.779,1.0000
1854.1645,-833.4625,531.4759,0.0000,0.000,5.746,5.808,1.0000
1859.1756,-838.4616,531.8212,0.0000,0.000,5.916,5.836,1.0000
1864.1550,-843.4358,532.0500,0.0000,0.000,6.087,5.865,1.0000
1869.1141,-848.3949,532.0310,0.0000,0.000,6.258,5.893,1.0000
1874.0793,-853.3601,532.0411,0.0000,0.000,6.429,5.922,1.0000
1879.0912,-858.3552,532.4505,0.0000,0.000,6.600,5.950,1.0000
1884.2176,-863.3510,533.6004,0.0000,0.000,7.214,6.737,1.0000
1889.2643,-867.9667,535.6410,0.0000,0.000,7.711,6.699,1.0000
1894.0391,-871.6783,538.6448,0.0000,0.000,8.208,6.662,1.0000
1898.6853,-874.0159,542.6601,0.0000,0.000,7.451,6.959,1.0000
1903.6128,-875.1566,547.4537,0.0000,0.000,7.303,6.919,1.0000
1908.7963,-875.6992,552.6088,0.0000,0.000,7.156,6.879,1.0000
1913.9304,-876.2368,557.7146,0.0000,0.000,7.009,6.838,1.0000
1918.8913,-877.0094,562.6150,0.0000,0.000,6.862,6.798,1.0000
1923.7838,-877.8722,567.4309,0.0000,0.000,6.714,6.758,1.0000
1928.7133,-878.6618,572.2967,0.0000,0.000,6.567,6.718,1.0000
1933.7389,-879.3061,577.2808,0.0000,0.000,6.420,6.677,1.0000
1938.8232,-879.9007,582.3302,0.0000,0.000,6.273,6.637,1.0000
1943.9145,-880.5594,587.3787,0.0000,0.000,6.125,6.597,1.0000
1948.9657,-881.3959,592.3602,0.0000,0.000,5.978,6.557,1.0000
1953.9436,-882.5241,597.2086,0.0000,0.000,5.828,6.511,1.0000
1958.8391,-884.0576,601.8577,0.0000,0.000,5.538,6.140,1.0000
1963.6872,-886.0893,606.2595,0.0000,0.000,5.247,5.769,1.0000
1968.5860,-888.5905,610.4717,0.0000,0.000,5.108,5.595,1.0000
1973.6217,-891.4888,614.5897,0.0000,0.000,5.067,5.549,1.0000
1978.8335,-894.7180,618.6806,0.0000,0.000,5.110,5.460,1.0000
1984.0545,-898.2830,622.4950,0.0000,0.000,5.291,5.300,1.0000
1989.0702,-902.2322,625.5870,0.0000,0.000,5.361,5.201,1.0000
1993.8566,-906.6102,627.5215,0.0000,0.000,4.861,5.409,1.0000
1998.6407,-911.3459,628.2003,0.0000,0.000,4.666,5.827,1.0000
2003.5544,-916.2488,627.8730,0.0000,0.000,4.801,5.641,1.0000
2008.5451,-921.1238,626.8049,0.0000,0.000,5.122,5.222,1.0000
2013.5389,-925.8658,625.2390,0.0000,0.000,5.129,5.211,1.0000
2018.5525,-930.5218,623.3796,0.0000,0.000,5.136,5.199,1.0000
2023.5790,-935.1537,621.4273,0.0000,0.000,5.143,5.187,1.0000
2028.6034,-939.8080,619.5347,0.0000,0.000,5.150,5.176,1.0000
2033.6243,-944.4863,617.7116,0.0000,0.000,5.158,5.164,1.0000
2038.6421,-949.1816,615.9419,0.0000,0.000,5.165,5.152,1.0000
2043.6563,-953.8869,614.2092,0.0000,0.000,5.172,5.140,1.0000
2048.6664,-958.5955,612.4973,0.0000,0.000,5.179,5.129,1.0000
2053.6714,-963.3002,610.7899,0.0000,0.000,5.186,5.117,1.0000
2058.6706,-967.9949,609.0719,0.0000,0.000,5.194,5.105,1.0000
2063.6648,-972.6793,607.3401,0.0000,0.000,5.201,5.094,1.0000
2068.6557,-977.3563,605.5981,0.0000,0.000,5.208,5.082,1.0000
2073.6450,-982.0293,603.8498,0.0000,0.000,5.215,5.070,1.0000
2078.6344,-986.7013,602.0988,0.0000,0.000,5.222,5.058,1.0000
2083.6255,-991.3756,600.3489,0.0000,0.000,5.186,5.111,1.0000
2088.6200,-996.0554,598.6039,0.0000,0.000,5.148,5.164,1.0000
2093.6196,-1000.7437,596.8676,0.0000,0.000,5.110,5.218,1.0000
2098.6259,-1005.4439,595.1436,0.0000,0.000,5.073,5.272,1.0000
2103.6408,-1010.1590,593.4357,0.0000,0.000,5.035,5.325,1.0000
2108.6661,-1014.8923,591.7477,0.0000,0.000,4.997,5.379,1.0000
2113.7036,-1019.6469,590.0834,0.0000,0.000,4.960,5.433,1.0000
2118.7550,-1024.4255,588.4457,0.0000,0.000,4.922,5.487,1.0000
2123.8058,-1029.1985,586.7937,0.0000,0.000,4.884,5.540,1.0000
2128.8177,-1033.8840,585.0148,0.0000,0.000,4.847,5.594,1.0000
2133.7625,-1038.3952,582.9898,0.0000,0.000,4.809,5.648,1.0000
2138.6387,-1042.6454,580.5997,0.0000,0.000,4.822,5.672,1.0000
2143.4856,-1046.5480,577.7252,0.0000,0.000,4.850,5.686,1.0000
2148.3971,-1050.0161,574.2474,0.0000,0.000,4.938,5.564,1.0000
2153.4831,-1052.9551,570.0965,0.0000,0.000,5.099,5.273,1.0000
2158.6596,-1055.2309,565.4471,0.0000,0.000,5.166,5.191,1.0000
2163.7728,-1056.6972,560.5487,0.0000,0.000,5.135,5.333,1.0000
2168.7167,-1057.2305,555.6336,0.0000,0.000,4.828,5.567,1.0000
2173.5816,-1056.9147,550.7790,0.0000,0.000,4.517,5.802,1.0000
2178.4783,-1055.9431,545.9797,0.0000,0.000,4.529,5.776,1.0000
2183.4405,-1054.5091,541.2292,0.0000,0.000,4.574,5.723,1.0000
2188.4594,-1052.7889,536.5142,0.0000,0.000,4.620,5.670,1.0000
2193.5077,-1050.9435,531.8154,0.0000,0.000,4.666,5.617,1.0000
2198.5468,-1049.1318,527.1133,0.0000,0.000,4.712,5.565,1.0000
2203.5587,-1047.4307,522.3988,0.0000,0.000,4.757,5.512,1.0000
2208.5538,-1045.7958,517.6788,0.0000,0.000,4.803,5.459,1.0000
2213.5427,-1044.1735,512.9611,0.0000,0.000,4.849,5.406,1.0000
2218.5333,-1042.5247,508.2507,0.0000,0.000,4.895,5.353,1.0000
2223.5277,-1040.8487,503.5459,0.0000,0.000,4.941,5.300,1.0000
2228.5272,-1039.1506,498.8437,0.0000,0.000,4.986,5.247,1.0000
2233.5328,-1037.4354,494.1411,0.0000,0.000,5.032,5.194,1.0000
2238.5456,-1035.7082,489.4352,0.0000,0.000,5.078,5.141,1.0000
2243.5667,-1033.9741,484.7231,0.0000,0.000,5.124,5.088,1.0000
2248.5955,-1032.2438,480.0013,0.0000,0.000,5.169,5.035,1.0000
2253.6194,-1030.5747,475.2628,0.0000,0.000,5.215,4.982,1.0000
2258.6223,-1029.0476,470.4987,0.0000,0.000,5.261,4.930,1.0000
2263.5950,-1027.7436,465.7001,0.0000,0.000,5.362,4.854,1.0000
2268.5392,-1026.7435,460.8580,0.0000,0.000,5.483,4.769,1.0000
2273.4721,-1026.1284,455.9636,0.0000,0.000,5.605,4.684,1.0000
2278.4295,-1025.9786,451.0085,0.0000,0.000,5.457,4.958,1.0000
2283.4368,-1026.3353,446.0139,0.0000,0.000,5.306,5.168,1.0000
2288.4806,-1027.1853,441.0423,0.0000,0.000,5.178,5.285,1.0000
2293.5406,-1028.5116,436.1592,0.0000,0.000,5.178,5.284,1.0000
2298.5953,-1030.2967,431.4302,0.0000,0.000,5.443,5.042,1.0000
2303.6244,-1032.5234,426.9209,0.0000,0.000,5.708,4.801,1.0000
2308.6115,-1035.1745,422.6968,0.0000,0.000,5.723,4.818,1.0000
2313.5545,-1038.2276,418.8094,0.0000,0.000,5.647,4.931,1.0000
2318.4847,-1041.6389,415.2498,0.0000,0.000,5.572,5.044,1.0000
2323.4285,-1045.3586,411.9933,0.0000,0.000,5.584,4.935,1.0000
2328.3983,-1049.3371,409.0151,0.0000,0.000,5.610,4.792,1.0000
2333.3944,-1053.5247,406.2903,0.0000,0.000,5.636,4.649,1.0000
2338.4073,-1057.8720,403.7942,0.0000,0.000,5.624,4.633,1.0000
2343.4204,-1062.3300,401.5013,0.0000,0.000,5.585,4.703,1.0000
2348.4292,-1066.8658,399.3765,0.0000,0.000,5.547,4.772,1.0000
2353.4381,-1071.4582,397.3767,0.0000,0.000,5.508,4.842,1.0000
2358.4482,-1076.0866,395.4587,0.0000,0.000,5.470,4.911,1.0000
2363.4578,-1080.7303,393.5794,0.0000,0.000,5.431,4.981,1.0000
2368.4640,-1085.3686,391.6955,0.0000,0.000,5.393,5.050,1.0000
2373.4645,-1089.9809,389.7639,0.0000,0.000,5.354,5.120,1.0000
2378.4593,-1094.5567,387.7613,0.0000,0.000,5.316,5.189,1.0000
2383.4523,-1099.1084,385.7089,0.0000,0.000,5.277,5.259,1.0000
2388.4469,-1103.6516,383.6341,0.0000,0.000,5.239,5.328,1.0000
2393.4458,-1108.2019,381.5643,0.0000,0.000,5.200,5.398,1.0000
2398.4520,-1112.7747,379.5268,0.0000,0.000,5.162,5.467,1.0000
2403.4694,-1117.3858,377.5490,0.0000,0.000,5.123,5.537,1.0000
2408.5007,-1122.0442,375.6480,0.0000,0.000,5.085,5.606,1.0000
2413.5337,-1126.7118,373.7654,0.0000,0.000,5.046,5.675,1.0000
2418.5485,-1131.3292,371.8089,0.0000,0.000,5.008,5.745,1.0000
2423.5312,-1135.8371,369.6862,0.0000,0.000,4.969,5.814,1.0000
2428.4806,-1140.1760,367.3048,0.0000,0.000,4.931,5.884,1.0000
2433.4164,-1144.2866,364.5725,0.0000,0.000,5.929,6.557,1.0000
2438.3839,-1148.1071,361.3977,0.0000,0.000,6.976,7.268,1.0000
2443.3823,-1151.4917,357.7195,0.0000,0.000,7.617,7.801,1.0000
2448.3761,-1154.1878,353.5162,0.0000,0.000,8.189,8.340,1.0000
2453.4347,-1155.9364,348.7694,0.0000,0.000,8.226,8.934,1.0000
2458.6017,-1156.5251,343.6360,0.0000,0.000,8.342,9.184,1.0000
2463.6391,-1155.8415,338.6452,0.0000,0.000,8.527,9.140,1.0000
2468.3798,-1153.7861,334.3732,0.0000,0.000,8.151,8.959,1.0000
2473.0268,-1150.3682,331.2248,0.0000,0.000,7.538,8.564,1.0000
2477.9446,-1145.9841,328.9967,0.0000,0.000,6.849,7.489,1.0000
2483.0840,-1141.1153,327.3510,0.0000,0.000,6.480,6.922,1.0000
2488.1952,-1136.1920,325.9778,0.0000,0.000,6.455,6.899,1.0000
2493.2223,-1131.3188,324.7438,0.0000,0.000,6.430,6.876,1.0000
2498.2053,-1126.4725,323.5846,0.0000,0.000,6.405,6.854,1.0000
2503.1804,-1121.6309,322.4393,0.0000,0.000,6.380,6.831,1.0000
2508.1620,-1116.7853,321.2835,0.0000,0.000,6.355,6.808,1.0000
2513.1495,-1111.9359,320.1179,0.0000,0.000,6.330,6.786,1.0000
2518.1423,-1107.0832,318.9435,0.0000,0.000,6.305,6.763,1.0000
2523.1398,-1102.2275,317.7614,0.0000,0.000,6.280,6.740,1.0000
2528.1412,-1097.3694,316.5727,0.0000,0.000,6.254,6.718,1.0000
2533.1459,-1092.5093,315.3785,0.0000,0.000,6.229,6.695,1.0000
2538.1532,-1087.6476,314.1797,0.0000,0.000,6.204,6.672,1.0000
2543.1624,-1082.7848,312.9775,0.0000,0.000,6.179,6.650,1.0000
2548.1729,-1077.9214,311.7729,0.0000,0.000,6.154,6.627,1.0000
2553.1838,-1073.0576,310.5670,0.0000,0.000,6.129,6.604,1.0000
2558.1947,-1068.1941,309.3609,0.0000,0.000,6.104,6.582,1.0000
2563.2046,-1063.3313,308.1556,0.0000,0.000,6.079,6.559,1.0000
2568.2132,-1058.4695,306.9521,0.0000,0.000,6.054,6.536,1.0000
2573.2202,-1053.6087,305.7508,0.0000,0.000,6.029,6.514,1.0000
2578.2258,-1048.7489,304.5517,0.0000,0.000,6.004,6.491,1.0000
2583.2300,-1043.8899,303.3550,0.0000,0.000,5.979,6.468,1.0000
2588.2329,-1039.0316,302.1607,0.0000,0.000,5.953,6.446,1.0000
2593.2347,-1034.1738,300.9690,0.0000,0.000,5.928,6.423,1.0000
2598.2355,-1029.3165,299.7800,0.0000,0.000,5.903,6.400,1.0000
2603.2352,-1024.4595,298.5937,0.0000,0.000,5.878,6.378,1.0000
2608.2341,-1019.6027,297.4104,0.0000,0.000,5.853,6.355,1.0000
2613.2322,-1014.7459,296.2300,0.0000,0.000,5.828,6.332,1.0000
2618.2297,-1009.8891,295.0528,0.0000,0.000,5.803,6.310,1.0000
2623.2265,-1005.0322,293.8787,0.0000,0.000,5.778,6.287,1.0000
2628.2231,-1000.1749,292.7075,0.0000,0.000,5.753,6.264,1.0000
2633.2239,-995.3161,291.5239,0.0000,0.000,5.728,6.242,1.0000
2638.2387,-990.4536,290.2972,0.0000,0.000,5.703,6.219,1.0000
2643.2778,-985.5852,288.9966,0.0000,0.000,5.677,6.196,1.0000
2648.3303,-980.7087,287.6747,0.0000,0.000,5.652,6.174,1.0000
2653.3481,-975.8221,286.5352,0.0000,0.000,5.627,6.151,1.0000
2658.3021,-970.9233,285.7978,0.0000,0.000,5.582,6.132,1.0000
2663.2121,-966.0159,285.6377,0.0000,0.000,5.381,6.142,1.0000
2668.1270,-961.1217,286.0883,0.0000,0.000,5.179,6.151,1.0000
2673.0986,-956.2658,287.1550,0.0000,0.000,5.258,5.807,1.0000
2678.1604,-951.4931,288.8412,0.0000,0.000,5.428,5.349,1.0000
2683.2430,-946.9597,291.1392,0.0000,0.000,5.288,5.418,1.0000
2688.2631,-942.8607,294.0373,0.0000,0.000,4.905,5.900,1.0000
2693.1869,-939.3790,297.5190,0.0000,0.000,4.887,5.917,1.0000
2698.0725,-936.5664,301.5137,0.0000,0.000,5.060,5.689,1.0000
2702.9834,-934.3945,305.9183,0.0000,0.000,5.144,5.562,1.0000
2707.9459,-932.8339,310.6290,0.0000,0.000,5.029,5.659,1.0000
2712.9557,-931.8553,315.5423,0.0000,0.000,4.914,5.755,1.0000
2717.9858,-931.4293,320.5543,0.0000,0.000,4.827,5.695,1.0000
2722.9946,-931.5260,325.5621,0.0000,0.000,4.754,5.549,1.0000
2727.9690,-932.0912,330.5043,0.0000,0.000,4.755,5.457,1.0000
2732.9432,-933.0290,335.3893,0.0000,0.000,4.814,5.407,1.0000
2737.9353,-934.2398,340.2324,0.0000,0.000,4.873,5.357,1.0000
2742.9465,-935.6239,345.0486,0.0000,0.000,4.932,5.307,1.0000
2747.9673,-937.0816,349.8532,0.0000,0.000,4.991,5.257,1.0000
2752.9840,-938.5131,354.6613,0.0000,0.000,5.050,5.207,1.0000
2757.9866,-939.8366,359.4857,0.0000,0.000,5.109,5.157,1.0000
2762.9800,-941.0631,364.3261,0.0000,0.000,5.168,5.107,1.0000
2767.9713,-942.2338,369.1782,0.0000,0.000,5.227,5.057,1.0000
2772.9664,-943.3901,374.0376,0.0000,0.000,5.286,5.006,1.0000
2777.9708,-944.5732,378.9001,0.0000,0.000,5.345,4.956,1.0000
2782.9904,-945.8244,383.7612,0.0000,0.000,5.404,4.906,1.0000
2788.0313,-947.1779,388.6171,0.0000,0.000,5.463,4.856,1.0000
2793.0686,-948.5186,393.4726,0.0000,0.000,5.522,4.806,1.0000
2798.0532,-949.5884,398.3412,0.0000,0.000,5.581,4.756,1.0000
2802.9774,-950.1249,403.2360,0.0000,0.000,5.606,4.744,1.0000
2807.8901,-949.9766,408.1465,0.0000,0.000,5.597,4.771,1.0000
2812.8343,-949.1672,413.0239,0.0000,0.000,5.587,4.798,1.0000
2817.8359,-947.7356,417.8163,0.0000,0.000,5.596,4.830,1.0000
2822.8946,-945.7205,422.4564,0.0000,0.000,5.622,4.865,1.0000
2827.9675,-943.1600,426.8356,0.0000,0.000,5.648,4.900,1.0000
2833.0109,-940.0915,430.8382,0.0000,0.000,5.546,4.976,1.0000
2837.9955,-936.5529,434.3488,0.0000,0.000,5.440,5.053,1.0000
2842.9143,-932.5819,437.2515,0.0000,0.000,5.409,5.043,1.0000
2847.7938,-928.2161,439.4309,0.0000,0.000,5.476,4.953,1.0000
2852.7057,-923.4992,440.8009,0.0000,0.000,5.542,4.963,1.0000
2857.7323,-918.5269,441.5381,0.0000,0.000,5.359,5.137,1.0000
2862.8538,-913.4225,441.9567,0.0000,0.000,5.110,5.474,1.0000
2867.9770,-908.3129,442.3295,0.0000,0.000,4.938,5.544,1.0000
2872.9033,-903.3904,442.1379,0.0000,0.000,5.222,5.090,1.0000
2877.7411,-898.8246,440.5386,0.0000,0.000,5.935,4.433,1.0000
2882.6695,-894.4365,438.2950,0.0000,0.000,5.897,4.465,1.0000
2887.6257,-890.1198,435.8597,0.0000,0.000,5.858,4.497,1.0000
2892.6088,-885.8595,433.2752,0.0000,0.000,5.820,4.529,1.0000
2897.6143,-881.6408,430.5810,0.0000,0.000,5.781,4.561,1.0000
2902.6351,-877.4496,427.8165,0.0000,0.000,5.743,4.593,1.0000
2907.6623,-873.2711,425.0213,0.0000,0.000,5.705,4.625,1.0000
2912.6860,-869.0912,422.2346,0.0000,0.000,5.666,4.657,1.0000
2917.7012,-864.9018,419.4777,0.0000,0.000,5.628,4.689,1.0000
2922.7093,-860.7037,416.7469,0.0000,0.000,5.590,4.721,1.0000
2927.7120,-856.4987,414.0367,0.0000,0.000,5.551,4.753,1.0000
2932.7113,-852.2883,411.3412,0.0000,0.000,5.513,4.785,1.0000
2937.7089,-848.0741,408.6549,0.0000,0.000,5.475,4.817,1.0000
2942.7063,-843.8578,405.9721,0.0000,0.000,5.436,4.849,1.0000
2947.7051,-839.6408,403.2879,0.0000,0.000,5.398,4.881,1.0000
2952.7054,-835.4237,400.6012,0.0000,0.000,5.360,4.913,1.0000
2957.7070,-831.2067,397.9117,0.0000,0.000,5.321,4.945,1.0000
2962.7098,-826.9902,395.2194,0.0000,0.000,5.283,4.977,1.0000
2967.7135,-822.7744,392.5241,0.0000,0.000,5.244,5.009,1.0000
2972.7181,-818.5596,389.8257,0.0000,0.000,5.206,5.041,1.0000
2977.7234,-814.3462,387.1239,0.0000,0.000,5.168,5.073,1.0000
2982.7291,-810.1344,384.4186,0.0000,0.000,5.129,5.105,1.0000
2987.7352,-805.9246,381.7097,0.0000,0.000,5.091,5.137,1.0000
2992.7414,-801.7170,378.9970,0.0000,0.000,5.062,5.164,1.0000
2997.7477,-797.5120,376.2803,0.0000,0.000,5.057,5.176,1.0000
3002.7538,-793.3098,373.5596,0.0000,0.000,5.051,5.189,1.0000
3007.7596,-789.1107,370.8345,0.0000,0.000,5.045,5.202,1.0000
3012.7650,-784.9148,368.1054,0.0000,0.000,5.040,5.214,1.0000
3017.7699,-780.7214,365.3732,0.0000,0.000,5.034,5.227,1.0000
3022.7745,-776.5297,362.6390,0.0000,0.000,5.029,5.239,1.0000
3027.7788,-772.3390,359.9038,0.0000,0.000,5.023,5.252,1.0000
3032.7828,-768.1485,357.1689,0.0000,0.000,5.017,5.264,1.0000
3037.7866,-763.9575,354.4353,0.0000,0.000,5.012,5.277,1.0000
3042.7902,-759.7651,351.7041,0.0000,0.000,5.006,5.290,1.0000
3047.7936,-755.5706,348.9763,0.0000,0.000,5.001,5.302,1.0000
3052.7969,-751.3733,346.2532,0.0000,0.000,4.995,5.315,1.0000
3057.8001,-747.1724,343.5357,0.0000,0.000,4.990,5.327,1.0000
3062.8033,-742.9671,340.8251,0.0000,0.000,4.984,5.340,1.0000
3067.8065,-738.7567,338.1223,0.0000,0.000,4.978,5.352,1.0000
3072.8099,-734.5404,335.4285,0.0000,0.000,4.973,5.365,1.0000
3077.8134,-730.3182,332.7437,0.0000,0.000,4.967,5.377,1.0000
3082.8171,-726.0909,330.0666,0.0000,0.000,4.962,5.390,1.0000
3087.8209,-721.8595,327.3958,0.0000,0.000,4.956,5.403,1.0000
3092.8249,-717.6248,324.7299,0.0000,0.000,4.950,5.415,1.0000
3097.8289,-713.3879,322.0674,0.0000,0.000,4.945,5.428,1.0000
3102.8331,-709.1495,319.4069,0.0000,0.000,5.005,5.429,1.0000
3107.8373,-704.9107,316.7471,0.0000,0.000,5.127,5.420,1.0000
3112.8416,-700.6724,314.0865,0.0000,0.000,5.250,5.410,1.0000
3117.8458,-696.4354,311.4237,0.0000,0.000,5.372,5.401,1.0000
3122.8500,-692.2008,308.7572,0.0000,0.000,5.495,5.391,1.0000
3127.8541,-687.9694,306.0857,0.0000,0.000,5.618,5.382,1.0000
3132.8582,-683.7422,303.4078,0.0000,0.000,5.740,5.372,1.0000
3137.8622,-679.5198,300.7223,0.0000,0.000,5.737,5.376,1.0000
3142.8662,-675.3022,298.0295,0.0000,0.000,5.733,5.379,1.0000
3147.8701,-671.0891,295.3298,0.0000,0.000,5.730,5.382,1.0000
3152.8740,-666.8800,292.6236,0.0000,0.000,5.727,5.385,1.0000
3157.8779,-662.6749,289.9115,0.0000,0.000,5.723,5.388,1.0000
3162.8818,-658.4732,287.1940,0.0000,0.000,5.720,5.391,1.0000
3167.8857,-654.2747,284.4715,0.0000,0.000,5.716,5.394,1.0000
3172.8896,-650.0792,281.7446,0.0000,0.000,5.713,5.397,1.0000
3177.8935,-645.8861,279.0136,0.0000,0.000,5.710,5.400,1.0000
3182.8975,-641.6954,276.2792,0.0000,0.000,5.706,5.404,1.0000
3187.9015,-637.5066,273.5417,0.0000,0.000,5.703,5.407,1.0000
3192.9055,-633.3194,270.8016,0.0000,0.000,5.699,5.410,1.0000
3197.9096,-629.1335,268.0596,0.0000,0.000,5.696,5.413,1.0000
3202.9137,-624.9487,265.3159,0.0000,0.000,5.693,5.416,1.0000
3207.9178,-620.7645,262.5711,0.0000,0.000,5.689,5.419,1.0000
3212.9219,-616.5807,259.8257,0.0000,0.000,5.686,5.422,1.0000
3217.9260,-612.3969,257.0803,0.0000,0.000,5.683,5.425,1.0000
3222.9302,-608.2129,254.3351,0.0000,0.000,5.679,5.428,1.0000
3227.9344,-604.0284,251.5908,0.0000,0.000,5.676,5.432,1.0000
3232.9386,-599.8429,248.8478,0.0000,0.000,5.672,5.435,1.0000
3237.9428,-595.6563,246.1067,0.0000,0.000,5.669,5.438,1.0000
3242.9470,-591.4681,243.3678,0.0000,0.000,5.666,5.441,1.0000
3247.9512,-587.2781,240.6317,0.0000,0.000,5.662,5.444,1.0000
3252.9554,-583.0860,237.8988,0.0000,0.000,5.619,5.437,1.0000
3257.9597,-578.8914,235.1697,0.0000,0.000,5.533,5.419,1.0000
3262.9639,-574.6941,232.4448,0.0000,0.000,5.448,5.401,1.0000
3267.9682,-570.4941,229.7241,0.0000,0.000,5.362,5.382,1.0000
3272.9725,-566.2918,227.0067,0.0000,0.000,5.277,5.364,1.0000
3277.9768,-562.0878,224.2921,0.0000,0.000,5.191,5.346,1.0000
3282.9811,-557.8825,221.5794,0.0000,0.000,5.105,5.328,1.0000
3287.9854,-553.6764,218.8679,0.0000,0.000,5.020,5.310,1.0000
3292.9898,-549.4701,216.1568,0.0000,0.000,4.979,5.284,1.0000
3297.9940,-545.2640,213.4454,0.0000,0.000,4.998,5.246,1.0000
3302.9983,-541.0587,210.7329,0.0000,0.000,5.018,5.209,1.0000
3308.0025,-536.8546,208.0186,0.0000,0.000,5.038,5.171,1.0000
3313.0067,-532.6521,205.3017,0.0000,0.000,5.057,5.134,1.0000
3318.0109,-528.4519,202.5814,0.0000,0.000,5.077,5.096,1.0000
3323.0150,-524.2544,199.8571,0.0000,0.000,5.097,5.059,1.0000
3328.0190,-520.0600,197.1280,0.0000,0.000,5.116,5.022,1.0000
3333.0231,-515.8690,194.3940,0.0000,0.000,5.136,4.984,1.0000
3338.0270,-511.6810,191.6552,0.0000,0.000,5.155,4.947,1.0000
3343.0310,-507.4959,188.9120,0.0000,0.000,5.175,4.909,1.0000
3348.0349,-503.3136,186.1647,0.0000,0.000,5.195,4.872,1.0000
3353.0389,-499.1339,183.4134,0.0000,0.000,5.214,4.835,1.0000
3358.0428,-494.9567,180.6585,0.0000,0.000,5.234,4.797,1.0000
3363.0467,-490.7816,177.9002,0.0000,0.000,5.253,4.760,1.0000
3368.0507,-486.6087,175.1387,0.0000,0.000,5.273,4.722,1.0000
3373.0546,-482.4376,172.3743,0.0000,0.000,5.288,4.693,1.0000
3378.0585,-478.2683,169.6074,0.0000,0.000,5.282,4.695,1.0000
3383.0625,-474.1006,166.8380,0.0000,0.000,5.276,4.698,1.0000
3388.0664,-469.9342,164.0665,0.0000,0.000,5.270,4.700,1.0000
3393.0704,-465.7691,161.2932,0.0000,0.000,5.264,4.703,1.0000
3398.0743,-461.6052,158.5181,0.0000,0.000,5.258,4.705,1.0000
3403.0783,-457.4424,155.7412,0.0000,0.000,5.251,4.708,1.0000
3408.0823,-453.2807,152.9627,0.0000,0.000,5.245,4.710,1.0000
3413.0863,-449.1200,150.1826,0.0000,0.000,5.239,4.713,1.0000
3418.0903,-444.9604,147.4009,0.0000,0.000,5.233,4.716,1.0000
3423.0943,-440.8018,144.6177,0.0000,0.000,5.227,4.718,1.0000
3428.0983,-436.6441,141.8331,0.0000,0.000,5.221,4.721,1.0000
3433.1024,-432.4874,139.0471,0.0000,0.000,5.215,4.723,1.0000
3438.1064,-428.3316,136.2597,0.0000,0.000,5.209,4.726,1.0000
3443.1105,-424.1766,133.4710,0.0000,0.000,5.203,4.728,1.0000
3448.1146,-420.0224,130.6811,0.0000,0.000,5.197,4.731,1.0000
3453.1187,-415.8690,127.8900,0.0000,0.000,5.191,4.733,1.0000
3458.1227,-411.7164,125.0978,0.0000,0.000,5.185,4.736,1.0000
3463.1269,-407.5644,122.3045,0.0000,0.000,5.179,4.739,1.0000
3468.1310,-403.4132,119.5101,0.0000,0.000,5.173,4.741,1.0000
3473.1351,-399.2626,116.7148,0.0000,0.000,5.167,4.744,1.0000
3478.1392,-395.1126,113.9186,0.0000,0.000,5.161,4.746,1.0000
3483.1434,-390.9632,111.1215,0.0000,0.000,5.154,4.749,1.0000
3488.1476,-386.8143,108.3236,0.0000,0.000,5.148,4.751,1.0000
3493.1517,-382.6659,105.5249,0.0000,0.000,5.142,4.754,1.0000
3498.1559,-378.5180,102.7255,0.0000,0.000,5.136,4.756,1.0000
3503.1601,-374.3705,99.9254,0.0000,0.000,5.130,4.759,1.0000
3508.1643,-370.2234,97.1248,0.0000,0.000,5.124,4.762,1.0000
3513.1685,-366.0767,94.3236,0.0000,0.000,5.118,4.764,1.0000
3518.1727,-361.9303,91.5219,0.0000,0.000,5.112,4.767,1.0000
3523.1769,-357.7842,88.7197,0.0000,0.000,5.106,4.769,1.0000
3528.1812,-353.6383,85.9172,0.0000,0.000,5.100,4.772,1.0000
3533.1854,-349.4927,83.1143,0.0000,0.000,5.094,4.774,1.0000
3538.1896,-345.3473,80.3112,0.0000,0.000,5.088,4.777,1.0000
3543.1939,-341.2020,77.5078,0.0000,0.000,5.082,4.780,1.0000
3548.1981,-337.0568,74.7042,0.0000,0.000,5.076,4.782,1.0000
3553.2024,-332.9117,71.9005,0.0000,0.000,5.070,4.785,1.0000
3558.2066,-328.7667,69.0967,0.0000,0.000,5.064,4.787,1.0000
3563.2109,-324.6216,66.2929,0.0000,0.000,5.057,4.790,1.0000
3568.2151,-320.4766,63.4892,0.0000,0.000,5.051,4.792,1.0000
3573.2194,-316.3315,60.6855,0.0000,0.000,5.045,4.795,1.0000
3578.2236,-312.1863,57.8820,0.0000,0.000,5.039,4.797,1.0000
3583.2279,-308.0409,55.0786,0.0000,0.000,5.033,4.800,1.0000
3588.2321,-303.8954,52.2755,0.0000,0.000,5.027,4.803,1.0000
3593.2364,-299.7497,49.4728,0.0000,0.000,5.021,4.805,1.0000
3598.2406,-295.6038,46.6703,0.0000,0.000,5.015,4.808,1.0000
3603.2449,-291.4576,43.8683,0.0000,0.000,5.009,4.810,1.0000
3608.2491,-287.3111,41.0667,0.0000,0.000,5.003,4.813,1.0000
3613.2533,-283.1642,38.2656,0.0000,0.000,4.997,4.815,1.0000
3618.2575,-279.0170,35.4651,0.0000,0.000,4.991,4.818,1.0000
3623.2618,-274.8694,32.6652,0.0000,0.000,4.985,4.820,1.0000
3628.2660,-270.7213,29.8660,0.0000,0.000,4.979,4.823,1.0000
3633.2702,-266.5727,27.0675,0.0000,0.000,4.973,4.826,1.0000
3638.2744,-262.4237,24.2698,0.0000,0.000,4.967,4.828,1.0000
3643.2786,-258.2740,21.4729,0.0000,0.000,4.960,4.831,1.0000
3648.2828,-254.1239,18.6769,0.0000,0.000,4.954,4.833,1.0000
3653.2869,-249.9732,15.8816,0.0000,0.000,4.948,4.836,1.0000
3658.2911,-245.8220,13.0870,0.0000,0.000,4.942,4.838,1.0000
3663.2953,-241.6705,10.2930,0.0000,0.000,4.936,4.841,1.0000
3668.2994,-237.5187,7.4995,0.0000,0.000,4.930,4.843,1.0000
3673.3036,-233.3666,4.7063,0.0000,0.000,4.924,4.846,1.0000
3678.3077,-229.2143,1.9135,0.0000,0.000,4.918,4.849,1.0000
3683.3119,-225.0619,-0.8792,0.0000,0.000,4.912,4.851,1.0000
3688.3160,-220.9094,-3.6717,0.0000,0.000,4.906,4.854,1.0000
3693.3202,-216.7569,-6.4643,0.0000,0.000,4.900,4.856,1.0000
3698.3243,-212.6045,-9.2570,0.0000,0.000,4.894,4.859,1.0000
3703.3284,-208.4523,-12.0498,0.0000,0.000,4.888,4.861,1.0000
3708.3325,-204.3002,-14.8430,0.0000,0.000,4.882,4.864,1.0000
3713.3366,-200.1484,-17.6365,0.0000,0.000,4.876,4.867,1.0000
3718.3407,-195.9970,-20.4305,0.0000,0.000,4.870,4.869,1.0000
3723.3449,-191.8459,-23.2251,0.0000,0.000,4.863,4.872,1.0000
3728.3490,-187.6953,-26.0203,0.0000,0.000,4.857,4.874,1.0000
3733.3531,-183.5452,-28.8164,0.0000,0.000,4.851,4.877,1.0000
3738.3572,-179.3957,-31.6133,0.0000,0.000,4.845,4.879,1.0000
3743.3613,-175.2468,-34.4111,0.0000,0.000,4.839,4.882,1.0000
3748.3654,-171.0987,-37.2101,0.0000,0.000,4.833,4.884,1.0000
3753.3695,-166.9514,-40.0101,0.0000,0.000,4.851,4.908,1.0000
3758.3736,-162.8049,-42.8115,0.0000,0.000,4.900,4.960,1.0000
3763.3776,-158.6593,-45.6142,0.0000,0.000,4.950,5.011,1.0000
3768.3818,-154.5147,-48.4183,0.0000,0.000,4.999,5.063,1.0000
3773.3859,-150.3711,-51.2240,0.0000,0.000,5.049,5.115,1.0000
3778.3900,-146.2285,-54.0311,0.0000,0.000,5.098,5.166,1.0000
3783.3941,-142.0866,-56.8394,0.0000,0.000,5.148,5.218,1.0000
3788.3982,-137.9454,-59.6486,0.0000,0.000,5.197,5.270,1.0000
3793.4024,-133.8045,-62.4583,0.0000,0.000,5.246,5.321,1.0000
3798.4066,-129.6638,-65.2684,0.0000,0.000,5.296,5.373,1.0000
3803.4108,-125.5231,-68.0785,0.0000,0.000,5.345,5.424,1.0000
3808.4150,-121.3822,-70.8884,0.0000,0.000,5.395,5.476,1.0000
3813.4193,-117.2409,-73.6978,0.0000,0.000,5.444,5.528,1.0000
3818.4236,-113.0990,-76.5063,0.0000,0.000,5.493,5.579,1.0000
3823.4280,-108.9563,-79.3137,0.0000,0.000,5.543,5.631,1.0000
3828.4324,-104.8126,-82.1197,0.0000,0.000,5.592,5.682,1.0000
3833.4369,-100.6677,-84.9241,0.0000,0.000,5.642,5.734,1.0000
3838.4414,-96.5215,-87.7266,0.0000,0.000,5.691,5.786,1.0000
3843.4459,-92.3741,-90.5274,0.0000,0.000,5.741,5.837,1.0000
3848.4505,-88.2258,-93.3270,0.0000,0.000,5.790,5.889,1.0000
3853.4550,-84.0771,-96.1258,0.0000,0.000,5.839,5.941,1.0000
3858.4594,-79.9284,-98.9244,0.0000,0.000,5.889,5.992,1.0000
3863.4637,-75.7799,-101.7232,0.0000,0.000,5.938,6.044,1.0000
3868.4679,-71.6321,-104.5226,0.0000,0.000,5.988,6.095,1.0000
3873.4718,-67.4852,-107.3233,0.0000,0.000,6.037,6.147,1.0000
3878.4756,-63.3398,-110.1255,0.0000,0.000,6.086,6.199,1.0000
3883.4790,-59.1961,-112.9299,0.0000,0.000,6.136,6.250,1.0000
3888.4822,-55.0545,-115.7368,0.0000,0.000,6.185,6.302,1.0000
3893.4850,-50.9154,-118.5468,0.0000,0.000,6.235,6.353,1.0000
3898.4874,-46.7788,-121.3598,0.0000,0.000,6.284,6.405,1.0000
3903.4874,-42.6227,-124.1395,0.0000,0.000,6.334,6.457,1.0000
3908.4827,-38.3902,-126.7926,0.0000,0.000,6.954,7.171,1.0000
3913.4808,-34.0216,-129.2208,0.0000,0.000,7.931,8.301,1.0000
3918.4853,-29.4261,-131.2023,0.0000,0.000,8.552,9.028,1.0000
3923.5465,-24.4599,-132.1783,0.0000,0.000,8.410,8.898,1.0000
3928.4804,-19.5714,-131.5100,0.0000,0.000,8.357,9.186,1.0000
3933.2404,-15.6896,-128.7553,0.0000,0.000,8.040,8.684,1.0000
3938.0727,-13.3835,-124.5087,0.0000,0.000,7.170,7.460,1.0000
3943.1033,-12.4569,-119.5642,0.0000,0.000,6.860,6.787,1.0000
3948.1938,-11.8730,-114.5073,0.0000,0.000,6.827,6.647,1.0000
3953.2275,-11.2751,-109.5092,0.0000,0.000,6.765,6.688,1.0000
3958.2283,-10.6720,-104.5449,0.0000,0.000,6.704,6.730,1.0000
3963.2201,-10.0751,-99.5889,0.0000,0.000,6.643,6.771,1.0000
3968.2138,-9.4887,-94.6298,0.0000,0.000,6.622,6.782,1.0000
3973.2096,-8.9120,-89.6674,0.0000,0.000,6.621,6.780,1.0000
3978.2073,-8.3440,-84.7021,0.0000,0.000,6.620,6.777,1.0000
3983.2066,-7.7836,-79.7343,0.0000,0.000,6.618,6.775,1.0000
3988.2075,-7.2298,-74.7642,0.0000,0.000,6.617,6.773,1.0000
3993.2097,-6.6816,-69.7921,0.0000,0.000,6.616,6.770,1.0000
3998.2130,-6.1380,-64.8184,0.0000,0.000,6.615,6.768,1.0000
4003.2172,-5.5979,-59.8435,0.0000,0.000,6.613,6.765,1.0000
4008.2221,-5.0602,-54.8675,0.0000,0.000,6.612,6.763,1.0000
4013.2275,-4.5241,-49.8909,0.0000,0.000,6.611,6.761,1.0000
4018.2332,-3.9883,-44.9139,0.0000,0.000,6.609,6.758,1.0000
4023.2390,-3.4519,-39.9370,0.0000,0.000,6.608,6.756,1.0000
4028.2447,-2.9140,-34.9603,0.0000,0.000,6.607,6.753,1.0000
4033.2502,-2.3743,-29.9839,0.0000,0.000,6.605,6.751,1.0000
4038.2556,-1.8330,-25.0079,0.0000,0.000,6.604,6.749,1.0000
4043.2609,-1.2902,-20.0321,0.0000,0.000,6.603,6.746,1.0000
4048.2660,-0.7460,-15.0567,0.0000,0.000,6.602,6.744,1.0000
4053.2710,-0.2005,-10.0815,0.0000,0.000,6.600,6.742,1.0000
4058.2758,0.3460,-5.1066,0.0000,0.000,6.599,6.739,1.0000
