# 2026 Barcelona real racing line (FastF1), savgol-smoothed to physical apex radii.
s_m,x_m,y_m,z_m,banking_deg,width_left_m,width_right_m,grip_scale
0.0,137.27607575603636,-25.559018776942768,0.0,0.0,0.8,0.8,1.0
3.0,136.07961086454188,-27.43476367291418,0.0,0.0,0.8,0.8,1.0
6.0,134.86670382764407,-29.340062669009047,0.0,0.0,0.8,0.8,1.0
9.0,133.6281686634374,-31.28927307948324,0.0,0.0,0.8,0.8,1.0
12.0,132.35469199978763,-33.296670995566885,0.0,0.0,0.8,0.8,1.0
15.0,131.03681760153526,-35.37644115347124,0.0,0.0,0.8,0.8,1.0
18.0,129.6650967943358,-37.54277320827068,0.0,0.0,0.8,0.8,1.0
21.0,128.23010947994337,-39.8098751485698,0.0,0.0,0.8,0.8,1.0
24.0,126.72244557856295,-42.19196140319687,0.0,0.0,0.8,0.8,1.0
27.0,125.13270704941263,-44.70325409301906,0.0,0.0,0.8,0.8,1.0
30.0,123.45151515580798,-47.357987662264605,0.0,0.0,0.8,0.8,1.0
33.0,121.66950361404767,-50.17040449641017,0.0,0.0,0.8,0.8,1.0
36.0,119.94295191914286,-52.89296236972232,0.0,0.0,0.8,0.8,1.0
39.0,118.33536022280654,-55.425866851518094,0.0,0.0,0.8,0.8,1.0
42.0,116.72693193726887,-57.95824047092238,0.0,0.0,0.8,0.8,1.0
45.0,115.11771349196052,-60.4901134943826,0.0,0.0,0.8,0.8,1.0
48.0,113.50782537726974,-63.02156378206736,0.0,0.0,0.8,0.8,1.0
51.0,111.8974269450358,-65.55269370622838,0.0,0.0,0.8,0.8,1.0
54.0,110.28636640497274,-68.08340482425187,0.0,0.0,0.8,0.8,1.0
57.0,108.67441298469507,-70.61354678104743,0.0,0.0,0.8,0.8,1.0
60.0,107.06132275131606,-73.14296224248741,0.0,0.0,0.8,0.8,1.0
63.0,105.44705816756671,-75.67162737240052,0.0,0.0,0.8,0.8,1.0
66.0,103.83141181062264,-78.19941311944802,0.0,0.0,0.8,0.8,1.0
69.0,102.21434325097921,-80.72629957938527,0.0,0.0,0.8,0.8,1.0
72.0,100.59655404009065,-83.25273087636049,0.0,0.0,0.8,0.8,1.0
75.0,98.97893753943345,-85.77926881099569,0.0,0.0,0.8,0.8,1.0
78.0,97.36224565562345,-88.30638610250725,0.0,0.0,0.8,0.8,1.0
81.0,95.74707271309123,-90.83445690412113,0.0,0.0,0.8,0.8,1.0
84.0,94.13383062651573,-93.36374172586378,0.0,0.0,0.8,0.8,1.0
87.0,92.52277810490884,-95.89440596994486,0.0,0.0,0.8,0.8,1.0
90.0,90.91391982126707,-98.42645486907153,0.0,0.0,0.8,0.8,1.0
93.0,89.30682399343245,-100.95961539494684,0.0,0.0,0.8,0.8,1.0
96.0,87.70117820850199,-103.49369074074646,0.0,0.0,0.8,0.8,1.0
99.0,86.09681618362343,-106.02857725780677,0.0,0.0,0.8,0.8,1.0
102.0,84.4936096854271,-108.56419551644179,0.0,0.0,0.8,0.8,1.0
105.0,82.8914508728612,-111.10047904312913,0.0,0.0,0.8,0.8,1.0
108.0,81.29025856153895,-113.6373782962316,0.0,0.0,0.8,0.8,1.0
111.0,79.68987957662523,-116.17479794097113,0.0,0.0,0.8,0.8,1.0
114.0,78.0901109208215,-118.71261093644452,0.0,0.0,0.8,0.8,1.0
117.0,76.49063019372376,-121.2506141222484,0.0,0.0,0.8,0.8,1.0
120.0,74.89094975758127,-123.78849867631763,0.0,0.0,0.8,0.8,1.0
123.0,73.29041901750642,-126.32585086722071,0.0,0.0,0.8,0.8,1.0
126.0,71.68823165668906,-128.86215643580454,0.0,0.0,0.8,0.8,1.0
129.0,70.08373513516678,-131.3970008022596,0.0,0.0,0.8,0.8,1.0
132.0,68.47660336567503,-133.93017933838001,0.0,0.0,0.8,0.8,1.0
135.0,66.8668670097584,-136.4617145791317,0.0,0.0,0.8,0.8,1.0
138.0,65.25466085124219,-138.99169404558373,0.0,0.0,0.8,0.8,1.0
141.0,63.640735742746884,-141.52059291629845,0.0,0.0,0.8,0.8,1.0
144.0,62.02632086225655,-144.04918275167927,0.0,0.0,0.8,0.8,1.0
147.0,60.41218748692572,-146.57794789834313,0.0,0.0,0.8,0.8,1.0
150.0,58.79883830867635,-149.10720666478562,0.0,0.0,0.8,0.8,1.0
153.0,57.18662698307728,-151.6371844437252,0.0,0.0,0.8,0.8,1.0
156.0,55.57567996347748,-154.167963417845,0.0,0.0,0.8,0.8,1.0
159.0,53.96589496352179,-156.699480284456,0.0,0.0,0.8,0.8,1.0
162.0,52.35693832315887,-159.2315235533008,0.0,0.0,0.8,0.8,1.0
165.0,50.74845579723742,-161.76386755455147,0.0,0.0,0.8,0.8,1.0
168.0,49.14046478928503,-164.29652368802124,0.0,0.0,0.8,0.8,1.0
171.0,47.532953660492176,-166.82948478235295,0.0,0.0,0.8,0.8,1.0
174.0,45.92583339152988,-169.36269433587674,0.0,0.0,0.8,0.8,1.0
177.0,44.318996859210245,-171.89608431936725,0.0,0.0,0.8,0.8,1.0
180.0,42.71232673946345,-174.42958020789703,0.0,0.0,0.8,0.8,1.0
183.0,41.10568514533013,-176.96309438714312,0.0,0.0,0.8,0.8,1.0
186.0,39.4989225231053,-179.4965318254287,0.0,0.0,0.8,0.8,1.0
189.0,37.891885883310785,-182.02979531868797,0.0,0.0,0.8,0.8,1.0
192.0,36.284436733071786,-184.56279689396226,0.0,0.0,0.8,0.8,1.0
195.0,34.67646916671105,-187.0954693403215,0.0,0.0,0.8,0.8,1.0
198.0,33.067863273202796,-189.62773651631565,0.0,0.0,0.8,0.8,1.0
201.0,31.458536451622138,-192.15954600581958,0.0,0.0,0.8,0.8,1.0
204.0,29.84858426662302,-194.69095871926592,0.0,0.0,0.8,0.8,1.0
207.0,28.238205439314815,-197.22210094404062,0.0,0.0,0.8,0.8,1.0
210.0,26.627616525955307,-199.75311012480893,0.0,0.0,0.8,0.8,1.0
213.0,25.017016754839883,-202.28411266800165,0.0,0.0,0.8,0.8,1.0
216.0,23.406622662157606,-204.81524582603953,0.0,0.0,0.8,0.8,1.0
219.0,21.7966823155574,-207.3466667107545,0.0,0.0,0.8,0.8,1.0
222.0,20.187498954871852,-209.87856734612225,0.0,0.0,0.8,0.8,1.0
225.0,18.579338032433412,-212.41111604226734,0.0,0.0,0.8,0.8,1.0
228.0,16.972385619786717,-214.94443130768659,0.0,0.0,0.8,0.8,1.0
231.0,15.366675649668654,-217.4785354960269,0.0,0.0,0.8,0.8,1.0
234.0,13.761978986398972,-220.01328325762137,0.0,0.0,0.8,0.8,1.0
237.0,12.15813642901596,-222.54857420619845,0.0,0.0,0.8,0.8,1.0
240.0,10.555058823776225,-225.0843536654805,0.0,0.0,0.8,0.8,1.0
243.0,8.952582717760363,-227.62052020041565,0.0,0.0,0.8,0.8,1.0
246.0,7.350251097917066,-230.15678241487723,0.0,0.0,0.8,0.8,1.0
249.0,5.7474853153775625,-232.692769631002,0.0,0.0,0.8,0.8,1.0
252.0,4.143872178270712,-235.2282189818329,0.0,0.0,0.8,0.8,1.0
255.0,2.538955565823097,-237.76283939603323,0.0,0.0,0.8,0.8,1.0
258.0,0.9322006654587285,-240.29628723266873,0.0,0.0,0.8,0.8,1.0
261.0,-0.6769941352740112,-242.82817332903312,0.0,0.0,0.8,0.8,1.0
264.0,-2.2891606606727577,-245.35815274415705,0.0,0.0,0.8,0.8,1.0
267.0,-3.9046606017925494,-247.8859911558681,0.0,0.0,0.8,0.8,1.0
270.0,-5.523709949642355,-250.41154872027965,0.0,0.0,0.8,0.8,1.0
273.0,-7.146475893447406,-252.9347157740361,0.0,0.0,0.8,0.8,1.0
276.0,-8.773088554111819,-255.4554051237255,0.0,0.0,0.8,0.8,1.0
279.0,-10.40364454566276,-257.9735501082025,0.0,0.0,0.8,0.8,1.0
282.0,-12.038173452354265,-260.4891265710571,0.0,0.0,0.8,0.8,1.0
285.0,-13.676617546107263,-263.00216555581585,0.0,0.0,0.8,0.8,1.0
288.0,-15.318799222126344,-265.5127744626149,0.0,0.0,0.8,0.8,1.0
291.0,-16.964475945684192,-268.02110278344503,0.0,0.0,0.8,0.8,1.0
294.0,-18.613346547667373,-270.52733924328925,0.0,0.0,0.8,0.8,1.0
297.0,-20.265081365940826,-273.03169301781315,0.0,0.0,0.8,0.8,1.0
300.0,-21.919385749380695,-275.5343528245441,0.0,0.0,0.8,0.8,1.0
303.0,-23.576041913997578,-278.0354597454481,0.0,0.0,0.8,0.8,1.0
306.0,-25.234776988824287,-280.535192384756,0.0,0.0,0.8,0.8,1.0
309.0,-26.89496727607419,-283.0339580459478,0.0,0.0,0.8,0.8,1.0
312.0,-28.556141237567783,-285.53206612291956,0.0,0.0,0.8,0.8,1.0
315.0,-30.21805669560481,-288.02967818306274,0.0,0.0,0.8,0.8,1.0
318.0,-31.880627270971157,-290.5268541317731,0.0,0.0,0.8,0.8,1.0
321.0,-33.54358102480532,-293.02377443031844,0.0,0.0,0.8,0.8,1.0
324.0,-35.20648577229445,-295.52072476720514,0.0,0.0,0.8,0.8,1.0
327.0,-36.8691613312953,-298.0178258458514,0.0,0.0,0.8,0.8,1.0
330.0,-38.531565911723845,-300.51510660350783,0.0,0.0,0.8,0.8,1.0
333.0,-40.19369508507084,-303.0125705392732,0.0,0.0,0.8,0.8,1.0
336.0,-41.855482883989815,-305.51026130237216,0.0,0.0,0.8,0.8,1.0
339.0,-43.51680510198533,-308.00826112134894,0.0,0.0,0.8,0.8,1.0
342.0,-45.17760025101007,-310.5066110099825,0.0,0.0,0.8,0.8,1.0
345.0,-46.83790506476634,-313.00528711571707,0.0,0.0,0.8,0.8,1.0
348.0,-48.4978207484994,-315.50422258056403,0.0,0.0,0.8,0.8,1.0
351.0,-50.15751408597491,-318.0033066316779,0.0,0.0,0.8,0.8,1.0
354.0,-51.81721323753034,-320.50238729224935,0.0,0.0,0.8,0.8,1.0
357.0,-53.47720601658558,-323.00127251728486,0.0,0.0,0.8,0.8,1.0
360.0,-55.13778219697533,-325.49976881826274,0.0,0.0,0.8,0.8,1.0
363.0,-56.799171777576944,-327.9977226956804,0.0,0.0,0.8,0.8,1.0
366.0,-58.46154228426995,-330.49502238514947,0.0,0.0,0.8,0.8,1.0
369.0,-60.125010463822676,-332.9915900313231,0.0,0.0,0.8,0.8,1.0
372.0,-61.7896512597473,-335.48737564620166,0.0,0.0,0.8,0.8,1.0
375.0,-63.455469341835645,-337.98237603522335,0.0,0.0,0.8,0.8,1.0
378.0,-65.12237679369323,-340.4766494977616,0.0,0.0,0.8,0.8,1.0
381.0,-66.79023918845955,-342.97028519138104,0.0,0.0,0.8,0.8,1.0
384.0,-68.45903320407828,-345.46329861932395,0.0,0.0,0.8,0.8,1.0
387.0,-70.12868444806202,-347.955739239062,0.0,0.0,0.8,0.8,1.0
390.0,-71.79907412931915,-350.44768608215605,0.0,0.0,0.8,0.8,1.0
393.0,-73.47003004705742,-352.93925376997663,0.0,0.0,0.8,0.8,1.0
396.0,-75.14137818421149,-355.43055833624805,0.0,0.0,0.8,0.8,1.0
399.0,-76.81301587649133,-357.9216686399972,0.0,0.0,0.8,0.8,1.0
402.0,-78.48486691170206,-360.412635940937,0.0,0.0,0.8,0.8,1.0
405.0,-80.15684717035963,-362.9035167114562,0.0,0.0,0.8,0.8,1.0
408.0,-81.82885702377395,-365.39437770762214,0.0,0.0,0.8,0.8,1.0
411.0,-83.5007556444871,-367.88531316641854,0.0,0.0,0.8,0.8,1.0
414.0,-85.17241182210616,-370.3764109337448,0.0,0.0,0.8,0.8,1.0
417.0,-86.84373481845142,-372.86773184653913,0.0,0.0,0.8,0.8,1.0
420.0,-88.51467213095528,-375.35931118625876,0.0,0.0,0.8,0.8,1.0
423.0,-90.18520881517415,-377.8511590161858,0.0,0.0,0.8,0.8,1.0
426.0,-91.85536844967545,-380.343259517329,0.0,0.0,0.8,0.8,1.0
429.0,-93.5252212701429,-382.83556558107443,0.0,0.0,0.8,0.8,1.0
432.0,-95.19480494831315,-385.32805194560547,0.0,0.0,0.8,0.8,1.0
435.0,-96.86406387918666,-387.8207559182425,0.0,0.0,0.8,0.8,1.0
438.0,-98.53290192934705,-390.3137421814324,0.0,0.0,0.8,0.8,1.0
441.0,-100.20120180455721,-392.8070902569669,0.0,0.0,0.8,0.8,1.0
444.0,-101.86889233982207,-395.30084963304483,0.0,0.0,0.8,0.8,1.0
447.0,-103.53618123091265,-397.7948812838017,0.0,0.0,0.8,0.8,1.0
450.0,-105.20356366386089,-400.28885045156375,0.0,0.0,0.8,0.8,1.0
453.0,-106.8716788682654,-402.7823245812696,0.0,0.0,0.8,0.8,1.0
456.0,-108.54107705045206,-405.2749326475617,0.0,0.0,0.8,0.8,1.0
459.0,-110.21208223308624,-407.76645751209895,0.0,0.0,0.8,0.8,1.0
462.0,-111.88469859925753,-410.256897287272,0.0,0.0,0.8,0.8,1.0
465.0,-113.55866688597784,-412.74642633155935,0.0,0.0,0.8,0.8,1.0
468.0,-115.23361926163547,-415.2352916481785,0.0,0.0,0.8,0.8,1.0
471.0,-116.90929174927638,-417.7236708628408,0.0,0.0,0.8,0.8,1.0
474.0,-118.58549576739874,-420.21169112610255,0.0,0.0,0.8,0.8,1.0
477.0,-120.26209019101893,-422.699447766118,0.0,0.0,0.8,0.8,1.0
480.0,-121.93897192675647,-425.1870105828048,0.0,0.0,0.8,0.8,1.0
483.0,-123.61599216678916,-427.674480031246,0.0,0.0,0.8,0.8,1.0
486.0,-125.29298864033365,-430.16196557806717,0.0,0.0,0.8,0.8,1.0
489.0,-126.96982014252413,-432.6495625174013,0.0,0.0,0.8,0.8,1.0
492.0,-128.6463125407598,-435.13738821082836,0.0,0.0,0.8,0.8,1.0
495.0,-130.32227823492136,-437.6255691370667,0.0,0.0,0.8,0.8,1.0
498.0,-131.99768319852873,-440.11412875921195,0.0,0.0,0.8,0.8,1.0
501.0,-133.67257752413855,-442.60303441132095,0.0,0.0,0.8,0.8,1.0
504.0,-135.346987428736,-445.09227020711484,0.0,0.0,0.8,0.8,1.0
507.0,-137.02089612138727,-447.58185025945363,0.0,0.0,0.8,0.8,1.0
510.0,-138.69428098689878,-450.07179349625164,0.0,0.0,0.8,0.8,1.0
513.0,-140.36711032608648,-452.5621240675918,0.0,0.0,0.8,0.8,1.0
516.0,-142.0393431467434,-455.05286775702353,0.0,0.0,0.8,0.8,1.0
519.0,-143.71082972881402,-457.5441129377638,0.0,0.0,0.8,0.8,1.0
522.0,-145.38129148591406,-460.03603137785717,0.0,0.0,0.8,0.8,1.0
525.0,-147.05039647349327,-462.5288362396361,0.0,0.0,0.8,0.8,1.0
528.0,-148.71830127346482,-465.0224306611747,0.0,0.0,0.8,0.8,1.0
531.0,-150.3851767148255,-467.51671811633196,0.0,0.0,0.8,0.8,1.0
534.0,-152.05084525514263,-470.01183516241514,0.0,0.0,0.8,0.8,1.0
537.0,-153.71480272918683,-472.5081271327399,0.0,0.0,0.8,0.8,1.0
540.0,-155.37632237030175,-475.0060717590583,0.0,0.0,0.8,0.8,1.0
543.0,-157.03453481656103,-477.50622372926557,0.0,0.0,0.8,0.8,1.0
546.0,-158.68834922502944,-480.0092684434434,0.0,0.0,0.8,0.8,1.0
549.0,-160.3365107933251,-482.5159851314218,0.0,0.0,0.8,0.8,1.0
552.0,-161.977935236236,-485.02704389492465,0.0,0.0,0.8,0.8,1.0
555.0,-163.6121502255565,-487.54273679298296,0.0,0.0,0.8,0.8,1.0
558.0,-165.23912247896737,-490.0630801885589,0.0,0.0,0.8,0.8,1.0
561.0,-166.85908697084642,-492.5879218321595,0.0,0.0,0.8,0.8,1.0
564.0,-168.47237658853058,-495.117048874293,0.0,0.0,0.8,0.8,1.0
567.0,-170.07934688449194,-497.6502308588909,0.0,0.0,0.8,0.8,1.0
570.0,-171.6803191414519,-500.1872478615559,0.0,0.0,0.8,0.8,1.0
573.0,-173.27528882058536,-502.7280740475642,0.0,0.0,0.8,0.8,1.0
576.0,-174.8637690533558,-505.2729670339822,0.0,0.0,0.8,0.8,1.0
579.0,-176.4449512329243,-507.8223757149406,0.0,0.0,0.8,0.8,1.0
582.0,-178.01839370314667,-510.3765446813596,0.0,0.0,0.8,0.8,1.0
585.0,-179.58384849399923,-512.9356126933161,0.0,0.0,0.8,0.8,1.0
588.0,-181.1411608046306,-515.499665131687,0.0,0.0,0.8,0.8,1.0
591.0,-182.69036774975956,-518.0686673629812,0.0,0.0,0.8,0.8,1.0
594.0,-184.23198915450763,-520.6422747782739,0.0,0.0,0.8,0.8,1.0
597.0,-185.76691710476493,-523.219896686147,0.0,0.0,0.8,0.8,1.0
600.0,-187.2961572305095,-525.8008570268944,0.0,0.0,0.8,0.8,1.0
603.0,-188.82021668892762,-528.3848217045296,0.0,0.0,0.8,0.8,1.0
606.0,-190.339091635785,-530.9717916079417,0.0,0.0,0.8,0.8,1.0
609.0,-191.85282231629697,-533.5617588254066,0.0,0.0,0.8,0.8,1.0
612.0,-193.3614247242707,-536.1547310133146,0.0,0.0,0.8,0.8,1.0
615.0,-194.86485580589567,-538.750743964949,0.0,0.0,0.8,0.8,1.0
618.0,-196.3632265376229,-541.3497389951963,0.0,0.0,0.8,0.8,1.0
621.0,-197.85673366386928,-543.9515961408225,0.0,0.0,0.8,0.8,1.0
624.0,-199.34588985377778,-546.5559946075498,0.0,0.0,0.8,0.8,1.0
627.0,-200.83157597261464,-549.162390740965,0.0,0.0,0.8,0.8,1.0
630.0,-202.31446481570404,-551.7703697691577,0.0,0.0,0.8,0.8,1.0
633.0,-203.79488420655173,-554.3797224569166,0.0,0.0,0.8,0.8,1.0
636.0,-205.27280020240548,-556.9904547124983,0.0,0.0,0.8,0.8,1.0
639.0,-206.74795077956006,-559.6027122885848,0.0,0.0,0.8,0.8,1.0
642.0,-208.21990176892135,-562.2167451958251,0.0,0.0,0.8,0.8,1.0
645.0,-209.6882144608541,-564.8328087394016,0.0,0.0,0.8,0.8,1.0
648.0,-211.1526005039465,-567.451071925805,0.0,0.0,0.8,0.8,1.0
651.0,-212.6130726963348,-570.0715281412416,0.0,0.0,0.8,0.8,1.0
654.0,-214.0700925405829,-572.6939125945889,0.0,0.0,0.8,0.8,1.0
657.0,-215.52388693461634,-575.3180970089602,0.0,0.0,0.8,0.8,1.0
660.0,-216.97470737780787,-577.9439453409939,0.0,0.0,0.8,0.8,1.0
663.0,-218.4230381175021,-580.5711930647672,0.0,0.0,0.8,0.8,1.0
666.0,-219.86958333759355,-583.1994507716641,0.0,0.0,0.8,0.8,1.0
669.0,-221.31527905677268,-585.8281936012346,0.0,0.0,0.8,0.8,1.0
672.0,-222.7612460257942,-588.4567885332498,0.0,0.0,0.8,0.8,1.0
675.0,-224.20881976894873,-591.0844806464107,0.0,0.0,0.8,0.8,1.0
678.0,-225.65919873255564,-593.7105947655238,0.0,0.0,0.8,0.8,1.0
681.0,-227.1136214223824,-596.3344333538597,0.0,0.0,0.8,0.8,1.0
684.0,-228.57281069854213,-598.9555962380139,0.0,0.0,0.8,0.8,1.0
687.0,-230.03728954102525,-601.5737947073144,0.0,0.0,0.8,0.8,1.0
690.0,-231.50699290511216,-604.1890952990915,0.0,0.0,0.8,0.8,1.0
693.0,-232.98165699444337,-606.8016841372156,0.0,0.0,0.8,0.8,1.0
696.0,-234.46159878270296,-609.4113909714979,0.0,0.0,0.8,0.8,1.0
699.0,-235.94680772152466,-612.0182735842111,0.0,0.0,0.8,0.8,1.0
702.0,-237.43824367780925,-614.6217472403484,0.0,0.0,0.8,0.8,1.0
705.0,-238.93739719598847,-617.2208431558536,0.0,0.0,0.8,0.8,1.0
708.0,-240.4460214931552,-619.8143984462738,0.0,0.0,0.8,0.8,1.0
711.0,-241.96553695431018,-622.4014801249632,0.0,0.0,0.8,0.8,1.0
714.0,-243.49695301062204,-624.9814376674087,0.0,0.0,0.8,0.8,1.0
717.0,-245.0412995961351,-627.553596178969,0.0,0.0,0.8,0.8,1.0
720.0,-246.59926323022617,-630.1175084510575,0.0,0.0,0.8,0.8,1.0
723.0,-248.17138263194101,-632.6728058524188,0.0,0.0,0.8,0.8,1.0
726.0,-249.759190219457,-635.2183261195711,0.0,0.0,0.8,0.8,1.0
729.0,-251.36515972560542,-637.7521311146909,0.0,0.0,0.8,0.8,1.0
732.0,-252.9888452990347,-640.274763801292,0.0,0.0,0.8,0.8,1.0
735.0,-254.62869208645614,-642.7880321981561,0.0,0.0,0.8,0.8,1.0
738.0,-256.28400651065203,-645.2934838276775,0.0,0.0,0.8,0.8,1.0
741.0,-257.95638615543834,-647.7908103028146,0.0,0.0,0.8,0.8,1.0
744.0,-259.6496878379796,-650.2772609460625,0.0,0.0,0.8,0.8,1.0
747.0,-261.3699727354454,-652.7469167413428,0.0,0.0,0.8,0.8,1.0
750.0,-263.12530048908707,-655.1903155178211,0.0,0.0,0.8,0.8,1.0
753.0,-264.9243033131711,-657.596396117722,0.0,0.0,0.8,0.8,1.0
756.0,-266.77222775776954,-659.9582264244166,0.0,0.0,0.8,0.8,1.0
759.0,-268.6728266523405,-662.2704947702466,0.0,0.0,0.8,0.8,1.0
762.0,-270.6284144583131,-664.529330828615,0.0,0.0,0.8,0.8,1.0
765.0,-272.6406936025317,-666.7317953547438,0.0,0.0,0.8,0.8,1.0
768.0,-274.7111372208024,-668.8752360269501,0.0,0.0,0.8,0.8,1.0
771.0,-276.8411833255203,-670.9566239067148,0.0,0.0,0.8,0.8,1.0
774.0,-279.0276780048189,-672.9796692764679,0.0,0.0,0.8,0.8,1.0
777.0,-281.26337703098557,-674.9537666732795,0.0,0.0,0.8,0.8,1.0
780.0,-283.5405798139412,-676.8900043970898,0.0,0.0,0.8,0.8,1.0
783.0,-285.8527657416268,-678.7997707646042,0.0,0.0,0.8,0.8,1.0
786.0,-288.1969630623251,-680.6900521363457,0.0,0.0,0.8,0.8,1.0
789.0,-290.57346120564875,-682.5625044245074,0.0,0.0,0.8,0.8,1.0
792.0,-292.98430658044646,-684.4117751568964,0.0,0.0,0.8,0.8,1.0
795.0,-295.432087541409,-686.224084441005,0.0,0.0,0.8,0.8,1.0
798.0,-297.9188704104197,-687.9850947489749,0.0,0.0,0.8,0.8,1.0
801.0,-300.4443089994579,-689.6776807269423,0.0,0.0,0.8,0.8,1.0
804.0,-303.004962607023,-691.2861697023778,0.0,0.0,0.8,0.8,1.0
807.0,-305.59938278535685,-692.7936310384525,0.0,0.0,0.8,0.8,1.0
810.0,-308.2286199977506,-694.1815797786619,0.0,0.0,0.8,0.8,1.0
813.0,-310.89524331776124,-695.4291008516292,0.0,0.0,0.8,0.8,1.0
816.0,-313.6027325888628,-696.5164416733124,0.0,0.0,0.8,0.8,1.0
819.0,-316.3542464970395,-697.4248597095132,0.0,0.0,0.8,0.8,1.0
822.0,-319.1510542670193,-698.1380479917306,0.0,0.0,0.8,0.8,1.0
825.0,-321.9903434654699,-698.6440556234584,0.0,0.0,0.8,0.8,1.0
828.0,-324.8648082876938,-698.9367928591007,0.0,0.0,0.8,0.8,1.0
831.0,-327.76858734482045,-699.0161945713777,0.0,0.0,0.8,0.8,1.0
834.0,-330.69360303502066,-698.8838890814967,0.0,0.0,0.8,0.8,1.0
837.0,-333.6307652160164,-698.5462154515756,0.0,0.0,0.8,0.8,1.0
840.0,-336.5709343407801,-698.0162633678666,0.0,0.0,0.8,0.8,1.0
843.0,-339.50375646978614,-697.3139766849082,0.0,0.0,0.8,0.8,1.0
846.0,-342.41575964045455,-696.4679936887244,0.0,0.0,0.8,0.8,1.0
849.0,-345.29752711334856,-695.5069553364717,0.0,0.0,0.8,0.8,1.0
852.0,-348.145106052203,-694.4556265418194,0.0,0.0,0.8,0.8,1.0
855.0,-350.95930405225755,-693.335780322578,0.0,0.0,0.8,0.8,1.0
858.0,-353.7443988212045,-692.1620525484345,0.0,0.0,0.8,0.8,1.0
861.0,-356.5067164620988,-690.9468562199801,0.0,0.0,0.8,0.8,1.0
864.0,-359.25308038887147,-689.6996220132984,0.0,0.0,0.8,0.8,1.0
867.0,-361.9900370351968,-688.4294111220705,0.0,0.0,0.8,0.8,1.0
870.0,-364.7239673749411,-687.1496480458494,0.0,0.0,0.8,0.8,1.0
873.0,-367.4611451482555,-685.8746077900136,0.0,0.0,0.8,0.8,1.0
876.0,-370.20786626742506,-684.6188169197318,0.0,0.0,0.8,0.8,1.0
879.0,-372.97031797352963,-683.3987984660566,0.0,0.0,0.8,0.8,1.0
882.0,-375.753554655388,-682.2346002085194,0.0,0.0,0.8,0.8,1.0
885.0,-378.56095453257586,-681.1477304557861,0.0,0.0,0.8,0.8,1.0
888.0,-381.39474882239773,-680.1598289878962,0.0,0.0,0.8,0.8,1.0
891.0,-384.25501480329723,-679.2897931196476,0.0,0.0,0.8,0.8,1.0
894.0,-387.1400887303931,-678.5524981731431,0.0,0.0,0.8,0.8,1.0
897.0,-390.04682821277356,-677.958988590094,0.0,0.0,0.8,0.8,1.0
900.0,-392.9716450967269,-677.5178934087935,0.0,0.0,0.8,0.8,1.0
903.0,-395.91239987002103,-677.2338203832178,0.0,0.0,0.8,0.8,1.0
906.0,-398.86514094981726,-677.1045953657465,0.0,0.0,0.8,0.8,1.0
909.0,-401.82478312705825,-677.1313518983334,0.0,0.0,0.8,0.8,1.0
912.0,-404.78439777580274,-677.3171984932642,0.0,0.0,0.8,0.8,1.0
915.0,-407.7374350638954,-677.6597806777099,0.0,0.0,0.8,0.8,1.0
918.0,-410.6772399733413,-678.1537584624921,0.0,0.0,0.8,0.8,1.0
921.0,-413.597908511841,-678.7911877767526,0.0,0.0,0.8,0.8,1.0
924.0,-416.4942046830686,-679.5615968952246,0.0,0.0,0.8,0.8,1.0
927.0,-419.3617714998605,-680.4541215564154,0.0,0.0,0.8,0.8,1.0
930.0,-422.1968928243104,-681.456821789222,0.0,0.0,0.8,0.8,1.0
933.0,-424.99718084593513,-682.5597935806985,0.0,0.0,0.8,0.8,1.0
936.0,-427.76152792400404,-683.7519171059919,0.0,0.0,0.8,0.8,1.0
939.0,-430.49010151787627,-685.0221013907445,0.0,0.0,0.8,0.8,1.0
942.0,-433.18385597799295,-686.3606598531137,0.0,0.0,0.8,0.8,1.0
945.0,-435.84444968357457,-687.7595368004188,0.0,0.0,0.8,0.8,1.0
948.0,-438.47386881326327,-689.2098388488027,0.0,0.0,0.8,0.8,1.0
951.0,-441.07416146412265,-690.7074411994477,0.0,0.0,0.8,0.8,1.0
954.0,-443.6470508685203,-692.2507222363398,0.0,0.0,0.8,0.8,1.0
957.0,-446.1943081174728,-693.8371536643426,0.0,0.0,0.8,0.8,1.0
960.0,-448.71823094093446,-695.4624381275197,0.0,0.0,0.8,0.8,1.0
963.0,-451.2213741307582,-697.1218225334359,0.0,0.0,0.8,0.8,1.0
966.0,-453.70677496164814,-698.8093050320285,0.0,0.0,0.8,0.8,1.0
969.0,-456.1778063765271,-700.5184131036605,0.0,0.0,0.8,0.8,1.0
972.0,-458.63827735454595,-702.2421111973314,0.0,0.0,0.8,0.8,1.0
975.0,-461.0925241331454,-703.9727748714148,0.0,0.0,0.8,0.8,1.0
978.0,-463.5437274893646,-705.7061485140997,0.0,0.0,0.8,0.8,1.0
981.0,-465.9936540754682,-707.4407906786879,0.0,0.0,0.8,0.8,1.0
984.0,-468.4446164076615,-709.1737050634063,0.0,0.0,0.8,0.8,1.0
987.0,-470.9003534039504,-710.899065073098,0.0,0.0,0.8,0.8,1.0
990.0,-473.36278145347933,-712.6143224210367,0.0,0.0,0.8,0.8,1.0
993.0,-475.83421651374493,-714.316128276441,0.0,0.0,0.8,0.8,1.0
996.0,-478.3162393956375,-716.0024255947196,0.0,0.0,0.8,0.8,1.0
999.0,-480.8106580239428,-717.6702811804989,0.0,0.0,0.8,0.8,1.0
1002.0,-483.3190532020745,-719.3169899622924,0.0,0.0,0.8,0.8,1.0
1005.0,-485.8427169657356,-720.9403584793716,0.0,0.0,0.8,0.8,1.0
1008.0,-488.3837481451192,-722.5363975859685,0.0,0.0,0.8,0.8,1.0
1011.0,-490.9444198259478,-724.0999360865505,0.0,0.0,0.8,0.8,1.0
1014.0,-493.5258300950248,-725.628227088015,0.0,0.0,0.8,0.8,1.0
1017.0,-496.1286665921559,-727.1194441598947,0.0,0.0,0.8,0.8,1.0
1020.0,-498.75365300575993,-728.5710757713177,0.0,0.0,0.8,0.8,1.0
1023.0,-501.4013877050941,-729.9805759316138,0.0,0.0,0.8,0.8,1.0
1026.0,-504.072019118824,-731.3468537205333,0.0,0.0,0.8,0.8,1.0
1029.0,-506.7656805758979,-732.6683988523546,0.0,0.0,0.8,0.8,1.0
1032.0,-509.48244202392993,-733.9434642301068,0.0,0.0,0.8,0.8,1.0
1035.0,-512.222249959372,-735.1694078101796,0.0,0.0,0.8,0.8,1.0
1038.0,-514.9848406162573,-736.3438342285847,0.0,0.0,0.8,0.8,1.0
1041.0,-517.7700720921948,-737.4626237025313,0.0,0.0,0.8,0.8,1.0
1044.0,-520.577870364124,-738.5210349471703,0.0,0.0,0.8,0.8,1.0
1047.0,-523.4082197006475,-739.5152329768101,0.0,0.0,0.8,0.8,1.0
1050.0,-526.2610515714746,-740.4412354739957,0.0,0.0,0.8,0.8,1.0
1053.0,-529.135895817682,-741.2944515464509,0.0,0.0,0.8,0.8,1.0
1056.0,-532.0316424171228,-742.0716583400304,0.0,0.0,0.8,0.8,1.0
1059.0,-534.9463353336622,-742.7716103406264,0.0,0.0,0.8,0.8,1.0
1062.0,-537.8774898844515,-743.392767314156,0.0,0.0,0.8,0.8,1.0
1065.0,-540.8233498826273,-743.9315258838441,0.0,0.0,0.8,0.8,1.0
1068.0,-543.7821107507871,-744.387406384514,0.0,0.0,0.8,0.8,1.0
1071.0,-546.7526997691028,-744.7602827212538,0.0,0.0,0.8,0.8,1.0
1074.0,-549.7333882945378,-745.0508744911956,0.0,0.0,0.8,0.8,1.0
1077.0,-552.7220322761352,-745.2581601093594,0.0,0.0,0.8,0.8,1.0
1080.0,-555.7167621811309,-745.3803103202955,0.0,0.0,0.8,0.8,1.0
1083.0,-558.7152726188066,-745.4165256171643,0.0,0.0,0.8,0.8,1.0
1086.0,-561.7143530682652,-745.3686134102375,0.0,0.0,0.8,0.8,1.0
1089.0,-564.7118997735981,-745.2400280065012,0.0,0.0,0.8,0.8,1.0
1092.0,-567.7067795174747,-745.035047548599,0.0,0.0,0.8,0.8,1.0
1095.0,-570.6973250071956,-744.7575542228615,0.0,0.0,0.8,0.8,1.0
1098.0,-573.6807708699181,-744.4092476184138,0.0,0.0,0.8,0.8,1.0
1101.0,-576.6541464828105,-743.9886882324022,0.0,0.0,0.8,0.8,1.0
1104.0,-579.6150466324561,-743.4951842213197,0.0,0.0,0.8,0.8,1.0
1107.0,-582.5613788807209,-742.9277981874542,0.0,0.0,0.8,0.8,1.0
1110.0,-585.4917231811158,-742.2874220337545,0.0,0.0,0.8,0.8,1.0
1113.0,-588.4041342996687,-741.5729802430574,0.0,0.0,0.8,0.8,1.0
1116.0,-591.298537970702,-740.7878215624235,0.0,0.0,0.8,0.8,1.0
1119.0,-594.1749369900159,-739.9356955494778,0.0,0.0,0.8,0.8,1.0
1122.0,-597.0316381174553,-739.016298298527,0.0,0.0,0.8,0.8,1.0
1125.0,-599.8666037681975,-738.0283903821595,0.0,0.0,0.8,0.8,1.0
1128.0,-602.6771416989667,-736.9708731733855,0.0,0.0,0.8,0.8,1.0
1131.0,-605.459355830542,-735.8412410351142,0.0,0.0,0.8,0.8,1.0
1134.0,-608.2089149816932,-734.6362815700224,0.0,0.0,0.8,0.8,1.0
1137.0,-610.921878100784,-733.3546428636201,0.0,0.0,0.8,0.8,1.0
1140.0,-613.595056437138,-731.9974969801707,0.0,0.0,0.8,0.8,1.0
1143.0,-616.2267383872619,-730.5663059010539,0.0,0.0,0.8,0.8,1.0
1146.0,-618.8166318801002,-729.0623926372273,0.0,0.0,0.8,0.8,1.0
1149.0,-621.3649249915226,-727.4869823774967,0.0,0.0,0.8,0.8,1.0
1152.0,-623.8712625545737,-725.8419177511845,0.0,0.0,0.8,0.8,1.0
1155.0,-626.3327804780612,-724.1276167628461,0.0,0.0,0.8,0.8,1.0
1158.0,-628.7475009118816,-722.3458322587512,0.0,0.0,0.8,0.8,1.0
1161.0,-631.1120231937538,-720.4984792429775,0.0,0.0,0.8,0.8,1.0
1164.0,-633.4218856945843,-718.5855968405587,0.0,0.0,0.8,0.8,1.0
1167.0,-635.6719221438501,-716.6049249494871,0.0,0.0,0.8,0.8,1.0
1170.0,-637.8579468147916,-714.5546187516304,0.0,0.0,0.8,0.8,1.0
1173.0,-639.9774703508639,-712.4353461431622,0.0,0.0,0.8,0.8,1.0
1176.0,-642.0298881023318,-710.2505284092989,0.0,0.0,0.8,0.8,1.0
1179.0,-644.0152541049362,-708.0040620512232,0.0,0.0,0.8,0.8,1.0
1182.0,-645.9346174604472,-705.700750865535,0.0,0.0,0.8,0.8,1.0
1185.0,-647.7886887015525,-703.3445317982878,0.0,0.0,0.8,0.8,1.0
1188.0,-649.5788869911044,-700.9408855727331,0.0,0.0,0.8,0.8,1.0
1191.0,-651.3043387594082,-698.4916207974213,0.0,0.0,0.8,0.8,1.0
1194.0,-652.9620450809033,-695.996449039979,0.0,0.0,0.8,0.8,1.0
1197.0,-654.549672639237,-693.4562193088783,0.0,0.0,0.8,0.8,1.0
1200.0,-656.0665643091804,-690.8719400786536,0.0,0.0,0.8,0.8,1.0
1203.0,-657.5117900883047,-688.2446327128625,0.0,0.0,0.8,0.8,1.0
1206.0,-658.8860711487339,-685.5767039229515,0.0,0.0,0.8,0.8,1.0
1209.0,-660.1918542532835,-682.8717870226578,0.0,0.0,0.8,0.8,1.0
1212.0,-661.4304033008318,-680.1339303331979,0.0,0.0,0.8,0.8,1.0
1215.0,-662.6066440720642,-677.3683452781894,0.0,0.0,0.8,0.8,1.0
1218.0,-663.7220747779742,-674.5790885721073,0.0,0.0,0.8,0.8,1.0
1221.0,-664.7743477948642,-671.7682327261122,0.0,0.0,0.8,0.8,1.0
1224.0,-665.7593977894586,-668.9362288146646,0.0,0.0,0.8,0.8,1.0
1227.0,-666.6762570131561,-666.0832094073373,0.0,0.0,0.8,0.8,1.0
1230.0,-667.5271350835205,-663.2105158985728,0.0,0.0,0.8,0.8,1.0
1233.0,-668.311718322962,-660.3184352171231,0.0,0.0,0.8,0.8,1.0
1236.0,-669.0298412139224,-657.4080877177737,0.0,0.0,0.8,0.8,1.0
1239.0,-669.681805159046,-654.4812412216012,0.0,0.0,0.8,0.8,1.0
1242.0,-670.2688972669503,-651.5401475176708,0.0,0.0,0.8,0.8,1.0
1245.0,-670.7926976607162,-648.5869127865698,0.0,0.0,0.8,0.8,1.0
1248.0,-671.2551116771858,-645.6234878430497,0.0,0.0,0.8,0.8,1.0
1251.0,-671.658126003638,-642.651580073925,0.0,0.0,0.8,0.8,1.0
1254.0,-672.0038116909038,-639.6726962570995,0.0,0.0,0.8,0.8,1.0
1257.0,-672.2952730194831,-636.6879276616971,0.0,0.0,0.8,0.8,1.0
1260.0,-672.5358252445075,-633.6981257990044,0.0,0.0,0.8,0.8,1.0
1263.0,-672.7291438597435,-630.704048321885,0.0,0.0,0.8,0.8,1.0
1266.0,-672.8816019081687,-627.7061007187008,0.0,0.0,0.8,0.8,1.0
1269.0,-672.9989726706033,-624.704925335724,0.0,0.0,0.8,0.8,1.0
1272.0,-673.0825509856226,-621.7019875102694,0.0,0.0,0.8,0.8,1.0
1275.0,-673.1296174213602,-618.6986185016913,0.0,0.0,0.8,0.8,1.0
1278.0,-673.1377943883822,-615.6961126072889,0.0,0.0,0.8,0.8,1.0
1281.0,-673.1055428908809,-612.6953127687934,0.0,0.0,0.8,0.8,1.0
1284.0,-673.0304450799613,-609.6966582997463,0.0,0.0,0.8,0.8,1.0
1287.0,-672.9125483327082,-606.7007761132572,0.0,0.0,0.8,0.8,1.0
1290.0,-672.749113015377,-603.7076668524725,0.0,0.0,0.8,0.8,1.0
1293.0,-672.539843978429,-600.71750720483,0.0,0.0,0.8,0.8,1.0
1296.0,-672.2880199603131,-597.7306535235933,0.0,0.0,0.8,0.8,1.0
1299.0,-671.9993895098158,-594.7475441984034,0.0,0.0,0.8,0.8,1.0
1302.0,-671.677527589972,-591.7681808693224,0.0,0.0,0.8,0.8,1.0
1305.0,-671.324625435057,-588.7921408223873,0.0,0.0,0.8,0.8,1.0
1308.0,-670.9432139710697,-585.8188565614281,0.0,0.0,0.8,0.8,1.0
1311.0,-670.535201176198,-582.847959591817,0.0,0.0,0.8,0.8,1.0
1314.0,-670.1027311852649,-579.8791431149517,0.0,0.0,0.8,0.8,1.0
1317.0,-669.6441749471011,-576.9132321911399,0.0,0.0,0.8,0.8,1.0
1320.0,-669.1592596672152,-573.9507970422418,0.0,0.0,0.8,0.8,1.0
1323.0,-668.6483608049994,-570.9923517146482,0.0,0.0,0.8,0.8,1.0
1326.0,-668.1132873987959,-568.0381624112298,0.0,0.0,0.8,0.8,1.0
1329.0,-667.5578565323644,-565.0881105638238,0.0,0.0,0.8,0.8,1.0
1332.0,-666.9845273473416,-562.1421996742939,0.0,0.0,0.8,0.8,1.0
1335.0,-666.3952129283974,-559.2003985799981,0.0,0.0,0.8,0.8,1.0
1338.0,-665.7906710419898,-556.2627916644972,0.0,0.0,0.8,0.8,1.0
1341.0,-665.167449809541,-553.3296668313404,0.0,0.0,0.8,0.8,1.0
1344.0,-664.519399337772,-550.4018815904142,0.0,0.0,0.8,0.8,1.0
1347.0,-663.8419563578985,-547.4804509685787,0.0,0.0,0.8,0.8,1.0
1350.0,-663.133334521464,-544.5658653232286,0.0,0.0,0.8,0.8,1.0
1353.0,-662.3923042021402,-541.6586943189163,0.0,0.0,0.8,0.8,1.0
1356.0,-661.6164033125615,-538.7600500943985,0.0,0.0,0.8,0.8,1.0
1359.0,-660.8033418276434,-535.8712063985832,0.0,0.0,0.8,0.8,1.0
1362.0,-659.950366317436,-532.9938962818828,0.0,0.0,0.8,0.8,1.0
1365.0,-659.0555635805235,-530.1296223772956,0.0,0.0,0.8,0.8,1.0
1368.0,-658.118001595177,-527.2795807177778,0.0,0.0,0.8,0.8,1.0
1371.0,-657.1373102009742,-524.4448570746216,0.0,0.0,0.8,0.8,1.0
1374.0,-656.1146298628711,-521.6259312071112,0.0,0.0,0.8,0.8,1.0
1377.0,-655.0522939474973,-518.8226175290611,0.0,0.0,0.8,0.8,1.0
1380.0,-653.9511681263325,-516.0350839894165,0.0,0.0,0.8,0.8,1.0
1383.0,-652.8095175664891,-513.2643907586538,0.0,0.0,0.8,0.8,1.0
1386.0,-651.6239668783916,-510.51249143143457,0.0,0.0,0.8,0.8,1.0
1389.0,-650.3908023293102,-507.7811522686712,0.0,0.0,0.8,0.8,1.0
1392.0,-649.1109987484534,-505.0706434518685,0.0,0.0,0.8,0.8,1.0
1395.0,-647.7858169191594,-502.3811109948567,0.0,0.0,0.8,0.8,1.0
1398.0,-646.4172091381153,-499.71257160792914,0.0,0.0,0.8,0.8,1.0
1401.0,-645.0074337852844,-497.064901560424,0.0,0.0,0.8,0.8,1.0
1404.0,-643.5586681932764,-494.43772524208055,0.0,0.0,0.8,0.8,1.0
1407.0,-642.074033899825,-491.83017943015415,0.0,0.0,0.8,0.8,1.0
1410.0,-640.5570917495594,-489.2410528246422,0.0,0.0,0.8,0.8,1.0
1413.0,-639.0119466335009,-486.6687806593466,0.0,0.0,0.8,0.8,1.0
1416.0,-637.441638600201,-484.11201790682617,0.0,0.0,0.8,0.8,1.0
1419.0,-635.8484043577669,-481.5696779973221,0.0,0.0,0.8,0.8,1.0
1422.0,-634.2346719759886,-479.0405903725347,0.0,0.0,0.8,0.8,1.0
1425.0,-632.601732046793,-476.5240077433626,0.0,0.0,0.8,0.8,1.0
1428.0,-630.9502963008778,-474.01946703237354,0.0,0.0,0.8,0.8,1.0
1431.0,-629.2815263875503,-471.52623790318717,0.0,0.0,0.8,0.8,1.0
1434.0,-627.5963291156177,-469.04377060105065,0.0,0.0,0.8,0.8,1.0
1437.0,-625.8957287419132,-466.57163145575163,0.0,0.0,0.8,0.8,1.0
1440.0,-624.1806468875338,-464.10942454879955,0.0,0.0,0.8,0.8,1.0
1443.0,-622.4523507600092,-461.656425229284,0.0,0.0,0.8,0.8,1.0
1446.0,-620.7134071955593,-459.2109945358157,0.0,0.0,0.8,0.8,1.0
1449.0,-618.9671300729524,-456.7708918732505,0.0,0.0,0.8,0.8,1.0
1452.0,-617.2161909804529,-454.33418896875725,0.0,0.0,0.8,0.8,1.0
1455.0,-615.4631111693254,-451.89907701731835,0.0,0.0,0.8,0.8,1.0
1458.0,-613.7097385318774,-449.4642112417438,0.0,0.0,0.8,0.8,1.0
1461.0,-611.9588902296257,-447.0276340593057,0.0,0.0,0.8,0.8,1.0
1464.0,-610.2131904317241,-444.58752488735416,0.0,0.0,0.8,0.8,1.0
1467.0,-608.4750538882272,-442.1422477331242,0.0,0.0,0.8,0.8,1.0
1470.0,-606.7471453792588,-439.6900769253547,0.0,0.0,0.8,0.8,1.0
1473.0,-605.0325128451983,-437.22907528562047,0.0,0.0,0.8,0.8,1.0
1476.0,-603.3340272503069,-434.757405475714,0.0,0.0,0.8,0.8,1.0
1479.0,-601.6539528896012,-432.2736308729383,0.0,0.0,0.8,0.8,1.0
1482.0,-599.9943463930713,-429.7764744947576,0.0,0.0,0.8,0.8,1.0
1485.0,-598.3568085031595,-427.2649707000806,0.0,0.0,0.8,0.8,1.0
1488.0,-596.7421552471537,-424.73865434027795,0.0,0.0,0.8,0.8,1.0
1491.0,-595.1500228256798,-422.19780855391116,0.0,0.0,0.8,0.8,1.0
1494.0,-593.578988805117,-419.6433823307043,0.0,0.0,0.8,0.8,1.0
1497.0,-592.0267419451636,-417.0768839287533,0.0,0.0,0.8,0.8,1.0
1500.0,-590.4901912562259,-414.5003346128273,0.0,0.0,0.8,0.8,1.0
1503.0,-588.9656980564979,-411.9161104301158,0.0,0.0,0.8,0.8,1.0
1506.0,-587.4488697890997,-409.3271107416035,0.0,0.0,0.8,0.8,1.0
1509.0,-585.9351002306021,-406.73636985444267,0.0,0.0,0.8,0.8,1.0
1512.0,-584.4209928172024,-404.14604302477267,0.0,0.0,0.8,0.8,1.0
1515.0,-582.9044759756313,-401.55735865318604,0.0,0.0,0.8,0.8,1.0
1518.0,-581.3846305889238,-398.9707791258427,0.0,0.0,0.8,0.8,1.0
1521.0,-579.8610313402924,-396.38646495186515,0.0,0.0,0.8,0.8,1.0
1524.0,-578.3327822897255,-393.8049019426331,0.0,0.0,0.8,0.8,1.0
1527.0,-576.7981815437845,-391.22710712368746,0.0,0.0,0.8,0.8,1.0
1530.0,-575.2545852943532,-388.65471794154803,0.0,0.0,0.8,0.8,1.0
1533.0,-573.7002081291974,-386.08885724399227,0.0,0.0,0.8,0.8,1.0
1536.0,-572.1343157288288,-383.53001830993287,0.0,0.0,0.8,0.8,1.0
1539.0,-570.5568782098011,-380.97828420811317,0.0,0.0,0.8,0.8,1.0
1542.0,-568.9681888656484,-378.4335578064484,0.0,0.0,0.8,0.8,1.0
1545.0,-567.3684765570048,-375.8957773180271,0.0,0.0,0.8,0.8,1.0
1548.0,-565.7579830733146,-373.36485058979235,0.0,0.0,0.8,0.8,1.0
1551.0,-564.1372929474015,-370.8404745878255,0.0,0.0,0.8,0.8,1.0
1554.0,-562.5072322159878,-368.3221973495223,0.0,0.0,0.8,0.8,1.0
1557.0,-560.8686665296117,-365.8095025671927,0.0,0.0,0.8,0.8,1.0
1560.0,-559.2221269427617,-363.30205102929926,0.0,0.0,0.8,0.8,1.0
1563.0,-557.5675764837108,-360.79986131924085,0.0,0.0,0.8,0.8,1.0
1566.0,-555.9047419418082,-358.3031129044871,0.0,0.0,0.8,0.8,1.0
1569.0,-554.2338275315842,-355.81165938565056,0.0,0.0,0.8,0.8,1.0
1572.0,-552.5549861138708,-353.3254180456608,0.0,0.0,0.8,0.8,1.0
1575.0,-550.8691550839892,-350.84375122210236,0.0,0.0,0.8,0.8,1.0
1578.0,-549.1779222446357,-348.36554355466825,0.0,0.0,0.8,0.8,1.0
1581.0,-547.4828340445354,-345.88967988049023,0.0,0.0,0.8,0.8,1.0
1584.0,-545.7839498223171,-343.4161998160288,0.0,0.0,0.8,0.8,1.0
1587.0,-544.0822807618664,-340.94430152873804,0.0,0.0,0.8,0.8,1.0
1590.0,-542.378438759356,-338.4733309571816,0.0,0.0,0.8,0.8,1.0
1593.0,-540.6715636032557,-336.00366722710083,0.0,0.0,0.8,0.8,1.0
1596.0,-538.9575052204647,-333.5386361104529,0.0,0.0,0.8,0.8,1.0
1599.0,-537.2321645223172,-331.0814262078722,0.0,0.0,0.8,0.8,1.0
1602.0,-535.4923512430247,-328.6342717487406,0.0,0.0,0.8,0.8,1.0
1605.0,-533.7344847782192,-326.1999048074303,0.0,0.0,0.8,0.8,1.0
1608.0,-531.9544669400295,-323.78177808826746,0.0,0.0,0.8,0.8,1.0
1611.0,-530.1482453168281,-321.383394542066,0.0,0.0,0.8,0.8,1.0
1614.0,-528.3122535272605,-319.007660110965,0.0,0.0,0.8,0.8,1.0
1617.0,-526.4426337694792,-316.6580039868152,0.0,0.0,0.8,0.8,1.0
1620.0,-524.5350209063986,-314.33892403375177,0.0,0.0,0.8,0.8,1.0
1623.0,-522.5846532808033,-312.0560215035031,0.0,0.0,0.8,0.8,1.0
1626.0,-520.5867716443602,-309.81569413277816,0.0,0.0,0.8,0.8,1.0
1629.0,-518.538163990398,-307.6221925657053,0.0,0.0,0.8,0.8,1.0
1632.0,-516.435860374882,-305.4795569886368,0.0,0.0,0.8,0.8,1.0
1635.0,-514.2782708563672,-303.3872276047702,0.0,0.0,0.8,0.8,1.0
1638.0,-512.062124136594,-301.3514961721538,0.0,0.0,0.8,0.8,1.0
1641.0,-509.78364738832846,-299.3865652290661,0.0,0.0,0.8,0.8,1.0
1644.0,-507.4411769237345,-297.4971996640491,0.0,0.0,0.8,0.8,1.0
1647.0,-505.03386370027437,-295.6864874682855,0.0,0.0,0.8,0.8,1.0
1650.0,-502.5603073212768,-293.9594720461238,0.0,0.0,0.8,0.8,1.0
1653.0,-500.0187687387414,-292.32509012102713,0.0,0.0,0.8,0.8,1.0
1656.0,-497.4088376409329,-290.79810170932876,0.0,0.0,0.8,0.8,1.0
1659.0,-494.73468925189303,-289.39742338342677,0.0,0.0,0.8,0.8,1.0
1662.0,-492.0029326785519,-288.146792023426,0.0,0.0,0.8,0.8,1.0
1665.0,-489.22213655219275,-287.0721476153389,0.0,0.0,0.8,0.8,1.0
1668.0,-486.3991385904266,-286.19117859921437,0.0,0.0,0.8,0.8,1.0
1671.0,-483.5427053526825,-285.51298384088165,0.0,0.0,0.8,0.8,1.0
1674.0,-480.661544110989,-285.04200344156976,0.0,0.0,0.8,0.8,1.0
1677.0,-477.76397521368483,-284.7821749649295,0.0,0.0,0.8,0.8,1.0
1680.0,-474.8565727076666,-284.7293157934868,0.0,0.0,0.8,0.8,1.0
1683.0,-471.94379279014817,-284.86941312950205,0.0,0.0,0.8,0.8,1.0
1686.0,-469.02829112269916,-285.1835982608717,0.0,0.0,0.8,0.8,1.0
1689.0,-466.11054139667857,-285.6523508570594,0.0,0.0,0.8,0.8,1.0
1692.0,-463.1900735079028,-286.25727729399654,0.0,0.0,0.8,0.8,1.0
1695.0,-460.26818828482516,-286.98346111505714,0.0,0.0,0.8,0.8,1.0
1698.0,-457.35162636763,-287.82110074557954,0.0,0.0,0.8,0.8,1.0
1701.0,-454.45622984169137,-288.7658888910924,0.0,0.0,0.8,0.8,1.0
1704.0,-451.59787440689365,-289.81508279253063,0.0,0.0,0.8,0.8,1.0
1707.0,-448.7819662367167,-290.95799237587056,0.0,0.0,0.8,0.8,1.0
1710.0,-446.0101603749113,-292.19158795148354,0.0,0.0,0.8,0.8,1.0
1713.0,-443.2838613070468,-293.5101037768169,0.0,0.0,0.8,0.8,1.0
1716.0,-440.6105692798723,-294.90230285522557,0.0,0.0,0.8,0.8,1.0
1719.0,-437.99901073280824,-296.36781608935945,0.0,0.0,0.8,0.8,1.0
1722.0,-435.4579941757577,-297.9123098675145,0.0,0.0,0.8,0.8,1.0
1725.0,-432.9961660985375,-299.5458843174881,0.0,0.0,0.8,0.8,1.0
1728.0,-430.62295161195084,-301.28198452873403,0.0,0.0,0.8,0.8,1.0
1731.0,-428.3479487633605,-303.13379597955435,0.0,0.0,0.8,0.8,1.0
1734.0,-426.17911735776516,-305.1108033217848,0.0,0.0,0.8,0.8,1.0
1737.0,-424.12037108794794,-307.21544737467013,0.0,0.0,0.8,0.8,1.0
1740.0,-422.169883297966,-309.4404351813131,0.0,0.0,0.8,0.8,1.0
1743.0,-420.3247553811739,-311.77776659026625,0.0,0.0,0.8,0.8,1.0
1746.0,-418.5838162294314,-314.218637554104,0.0,0.0,0.8,0.8,1.0
1749.0,-416.947443335981,-316.75199696982594,0.0,0.0,0.8,0.8,1.0
1752.0,-415.40895925892875,-319.35901364571475,0.0,0.0,0.8,0.8,1.0
1755.0,-413.9609523874788,-322.0202944017942,0.0,0.0,0.8,0.8,1.0
1758.0,-412.59943493645517,-324.721457045813,0.0,0.0,0.8,0.8,1.0
1761.0,-411.3205213460055,-327.4530636653519,0.0,0.0,0.8,0.8,1.0
1764.0,-410.1233981087365,-330.21123228294516,0.0,0.0,0.8,0.8,1.0
1767.0,-409.01062003313496,-332.9974255004583,0.0,0.0,0.8,0.8,1.0
1770.0,-407.98547559615895,-335.81586279809017,0.0,0.0,0.8,0.8,1.0
1773.0,-407.05119514224776,-338.6693400103032,0.0,0.0,0.8,0.8,1.0
1776.0,-406.2056983751214,-341.5531016118084,0.0,0.0,0.8,0.8,1.0
1779.0,-405.44416183443457,-344.4575013765196,0.0,0.0,0.8,0.8,1.0
1782.0,-404.7705984732262,-347.37890315031547,0.0,0.0,0.8,0.8,1.0
1785.0,-404.1897750069468,-350.31556461036837,0.0,0.0,0.8,0.8,1.0
1788.0,-403.7084383539796,-353.2683982556103,0.0,0.0,0.8,0.8,1.0
1791.0,-403.33004756287124,-356.2366840600287,0.0,0.0,0.8,0.8,1.0
1794.0,-403.0534236749393,-359.21829213811674,0.0,0.0,0.8,0.8,1.0
1797.0,-402.87566177635114,-362.21025180205487,0.0,0.0,0.8,0.8,1.0
1800.0,-402.79389508663405,-365.2092215719913,0.0,0.0,0.8,0.8,1.0
1803.0,-402.80545592872124,-368.21137096984296,0.0,0.0,0.8,0.8,1.0
1806.0,-402.90829586580963,-371.21231440508666,0.0,0.0,0.8,0.8,1.0
1809.0,-403.10111384534264,-374.207370100455,0.0,0.0,0.8,0.8,1.0
1812.0,-403.38267935694273,-377.1926228831223,0.0,0.0,0.8,0.8,1.0
1815.0,-403.7526463953612,-380.1656112415662,0.0,0.0,0.8,0.8,1.0
1818.0,-404.2123105880494,-383.1248290110656,0.0,0.0,0.8,0.8,1.0
1821.0,-404.75707487281136,-386.0706607635208,0.0,0.0,0.8,0.8,1.0
1824.0,-405.373369781658,-389.0061665867443,0.0,0.0,0.8,0.8,1.0
1827.0,-406.0619624424721,-391.92912665306017,0.0,0.0,0.8,0.8,1.0
1830.0,-406.82704745207474,-394.83534908781684,0.0,0.0,0.8,0.8,1.0
1833.0,-407.6701789510658,-397.71984495844697,0.0,0.0,0.8,0.8,1.0
1836.0,-408.5915991781596,-400.5786428537021,0.0,0.0,0.8,0.8,1.0
1839.0,-409.58885297675056,-403.40873373706864,0.0,0.0,0.8,0.8,1.0
1842.0,-410.6583525979736,-406.2080421222059,0.0,0.0,0.8,0.8,1.0
1845.0,-411.79934114568346,-408.9753319649866,0.0,0.0,0.8,0.8,1.0
1848.0,-413.0126155275717,-411.7099345256375,0.0,0.0,0.8,0.8,1.0
1851.0,-414.29768530128547,-414.4117712351708,0.0,0.0,0.8,0.8,1.0
1854.0,-415.6510227261315,-417.0816579501793,0.0,0.0,0.8,0.8,1.0
1857.0,-417.06505493779645,-419.72171260702095,0.0,0.0,0.8,0.8,1.0
1860.0,-418.5316139061918,-422.3344862425665,0.0,0.0,0.8,0.8,1.0
1863.0,-420.0456240554989,-424.92094625851826,0.0,0.0,0.8,0.8,1.0
1866.0,-421.60217319358225,-427.48241857812707,0.0,0.0,0.8,0.8,1.0
1869.0,-423.19757685277256,-430.0204592208424,0.0,0.0,0.8,0.8,1.0
1872.0,-424.82898752464337,-432.5365657846216,0.0,0.0,0.8,0.8,1.0
1875.0,-426.49384319995704,-435.0322624656797,0.0,0.0,0.8,0.8,1.0
1878.0,-428.1892887080501,-437.50928398564344,0.0,0.0,0.8,0.8,1.0
1881.0,-429.9112227459931,-439.9699408605957,0.0,0.0,0.8,0.8,1.0
1884.0,-431.65339619298936,-442.4175695031728,0.0,0.0,0.8,0.8,1.0
1887.0,-433.4083616128828,-444.85620117556454,0.0,0.0,0.8,0.8,1.0
1890.0,-435.16837693023786,-447.29016836471027,0.0,0.0,0.8,0.8,1.0
1893.0,-436.9249796067027,-449.7242860713308,0.0,0.0,0.8,0.8,1.0
1896.0,-438.6750075371622,-452.16101146900894,0.0,0.0,0.8,0.8,1.0
1899.0,-440.4264564766098,-454.59636459004207,0.0,0.0,0.8,0.8,1.0
1902.0,-442.1820100505811,-457.0287929889264,0.0,0.0,0.8,0.8,1.0
1905.0,-443.94240841803753,-459.4578384738834,0.0,0.0,0.8,0.8,1.0
1908.0,-445.70699495719964,-461.88395744257934,0.0,0.0,0.8,0.8,1.0
1911.0,-447.47504193605016,-464.307649614604,0.0,0.0,0.8,0.8,1.0
1914.0,-449.24592757370823,-466.7293341348588,0.0,0.0,0.8,0.8,1.0
1917.0,-451.0188192043305,-469.1495787488385,0.0,0.0,0.8,0.8,1.0
1920.0,-452.79248130407217,-471.5692431716244,0.0,0.0,0.8,0.8,1.0
1923.0,-454.5656917450304,-473.98918888467523,0.0,0.0,0.8,0.8,1.0
1926.0,-456.3374965338716,-476.41010247691673,0.0,0.0,0.8,0.8,1.0
1929.0,-458.1074998363118,-478.83228810842195,0.0,0.0,0.8,0.8,1.0
1932.0,-459.87659976980575,-481.2551245250366,0.0,0.0,0.8,0.8,1.0
1935.0,-461.64679148512926,-483.67716110973,0.0,0.0,0.8,0.8,1.0
1938.0,-463.4180277651053,-486.09843327184296,0.0,0.0,0.8,0.8,1.0
1941.0,-465.19000920661506,-488.5191621349597,0.0,0.0,0.8,0.8,1.0
1944.0,-466.96277256172965,-490.9393229864927,0.0,0.0,0.8,0.8,1.0
1947.0,-468.7362509369705,-493.35896758864936,0.0,0.0,0.8,0.8,1.0
1950.0,-470.5101391088334,-495.7783200410884,0.0,0.0,0.8,0.8,1.0
1953.0,-472.28428805406077,-498.1974956982094,0.0,0.0,0.8,0.8,1.0
1956.0,-474.0583667908209,-500.61674472364945,0.0,0.0,0.8,0.8,1.0
1959.0,-475.8314492812956,-503.0367369683654,0.0,0.0,0.8,0.8,1.0
1962.0,-477.6024463514361,-505.45825550795746,0.0,0.0,0.8,0.8,1.0
1965.0,-479.3707736153627,-507.88173873847114,0.0,0.0,0.8,0.8,1.0
1968.0,-481.1359323455008,-510.30757240562673,0.0,0.0,0.8,0.8,1.0
1971.0,-482.89729039874493,-512.7362236326248,0.0,0.0,0.8,0.8,1.0
1974.0,-484.6550388738408,-515.1676034180032,0.0,0.0,0.8,0.8,1.0
1977.0,-486.40955881582744,-517.6015147795774,0.0,0.0,0.8,0.8,1.0
1980.0,-488.16047802253627,-520.0382595224571,0.0,0.0,0.8,0.8,1.0
1983.0,-489.90665423492896,-522.4786153273731,0.0,0.0,0.8,0.8,1.0
1986.0,-491.6462270388526,-524.9237775308343,0.0,0.0,0.8,0.8,1.0
1989.0,-493.3778461519324,-527.3747024085021,0.0,0.0,0.8,0.8,1.0
1992.0,-495.1004074195313,-529.8322853043716,0.0,0.0,0.8,0.8,1.0
1995.0,-496.81266836213223,-532.2975492187172,0.0,0.0,0.8,0.8,1.0
1998.0,-498.5109816403119,-534.7726826018973,0.0,0.0,0.8,0.8,1.0
2001.0,-500.19273390823275,-537.2594118307791,0.0,0.0,0.8,0.8,1.0
2004.0,-501.8540256935563,-539.7599597967533,0.0,0.0,0.8,0.8,1.0
2007.0,-503.49072133059957,-542.2765727426859,0.0,0.0,0.8,0.8,1.0
2010.0,-505.10046273597266,-544.8108001947187,0.0,0.0,0.8,0.8,1.0
2013.0,-506.67895091855496,-547.3647627970704,0.0,0.0,0.8,0.8,1.0
2016.0,-508.2271705510703,-549.939307449399,0.0,0.0,0.8,0.8,1.0
2019.0,-509.74576384583304,-552.5360763265037,0.0,0.0,0.8,0.8,1.0
2022.0,-511.22875748352794,-555.1580553262871,0.0,0.0,0.8,0.8,1.0
2025.0,-512.6656324895446,-557.8082675215389,0.0,0.0,0.8,0.8,1.0
2028.0,-514.0437618468407,-560.4894151211641,0.0,0.0,0.8,0.8,1.0
2031.0,-515.34897733001,-563.2034672819267,0.0,0.0,0.8,0.8,1.0
2034.0,-516.5718045748614,-565.9517525726212,0.0,0.0,0.8,0.8,1.0
2037.0,-517.7113410397365,-568.7366494477286,0.0,0.0,0.8,0.8,1.0
2040.0,-518.7698715087756,-571.5638880867308,0.0,0.0,0.8,0.8,1.0
2043.0,-519.7253495389284,-574.4293026538377,0.0,0.0,0.8,0.8,1.0
2046.0,-520.5641022392817,-577.3315899285484,0.0,0.0,0.8,0.8,1.0
2049.0,-521.272401909139,-580.269420934632,0.0,0.0,0.8,0.8,1.0
2052.0,-521.8314916952869,-583.2370153069207,0.0,0.0,0.8,0.8,1.0
2055.0,-522.22214803801,-586.2252981695216,0.0,0.0,0.8,0.8,1.0
2058.0,-522.4245933485304,-589.2195369225274,0.0,0.0,0.8,0.8,1.0
2061.0,-522.4224153489732,-592.2025583660707,0.0,0.0,0.8,0.8,1.0
2064.0,-522.2046188805938,-595.1616881270248,0.0,0.0,0.8,0.8,1.0
2067.0,-521.763043564536,-598.0874122394636,0.0,0.0,0.8,0.8,1.0
2070.0,-521.0891656311736,-600.9656681556793,0.0,0.0,0.8,0.8,1.0
2073.0,-520.1770240340112,-603.7694926560366,0.0,0.0,0.8,0.8,1.0
2076.0,-519.0246602590786,-606.4765151907075,0.0,0.0,0.8,0.8,1.0
2079.0,-517.6354920244949,-609.0621378672264,0.0,0.0,0.8,0.8,1.0
2082.0,-516.018274622295,-611.5030077581678,0.0,0.0,0.8,0.8,1.0
2085.0,-514.1842246964292,-613.7801674401761,0.0,0.0,0.8,0.8,1.0
2088.0,-512.1504336080333,-615.8759868010608,0.0,0.0,0.8,0.8,1.0
2091.0,-509.9307299143045,-617.7751901871295,0.0,0.0,0.8,0.8,1.0
2094.0,-507.53711080016654,-619.465203171826,0.0,0.0,0.8,0.8,1.0
2097.0,-504.98611560277436,-620.935821975554,0.0,0.0,0.8,0.8,1.0
2100.0,-502.2993383459378,-622.1808690892399,0.0,0.0,0.8,0.8,1.0
2103.0,-499.50244196619536,-623.1985812720317,0.0,0.0,0.8,0.8,1.0
2106.0,-496.6261210707821,-623.9918627812887,0.0,0.0,0.8,0.8,1.0
2109.0,-493.69974317887426,-624.5674287063222,0.0,0.0,0.8,0.8,1.0
2112.0,-490.7409196624132,-624.9345872522262,0.0,0.0,0.8,0.8,1.0
2115.0,-487.75261995864906,-625.0985682174872,0.0,0.0,0.8,0.8,1.0
2118.0,-484.7558135366763,-625.073827004102,0.0,0.0,0.8,0.8,1.0
2121.0,-481.7619332007209,-624.8734924951337,0.0,0.0,0.8,0.8,1.0
2124.0,-478.7765965534026,-624.5093303712155,0.0,0.0,0.8,0.8,1.0
2127.0,-475.80576724063013,-623.9947304507964,0.0,0.0,0.8,0.8,1.0
2130.0,-472.8551173417655,-623.3420030261765,0.0,0.0,0.8,0.8,1.0
2133.0,-469.93176569610864,-622.5674966673457,0.0,0.0,0.8,0.8,1.0
2136.0,-467.04209636302915,-621.6907570194961,0.0,0.0,0.8,0.8,1.0
2139.0,-464.18751885664483,-620.7265194866893,0.0,0.0,0.8,0.8,1.0
2142.0,-461.36513772506765,-619.6814187500682,0.0,0.0,0.8,0.8,1.0
2145.0,-458.57166475986224,-618.5592811174255,0.0,0.0,0.8,0.8,1.0
2148.0,-455.8057946081364,-617.372807070285,0.0,0.0,0.8,0.8,1.0
2151.0,-453.0650070106334,-616.1305028762182,0.0,0.0,0.8,0.8,1.0
2154.0,-450.34657823919105,-614.8424234974058,0.0,0.0,0.8,0.8,1.0
2157.0,-447.64777915642463,-613.5176102872637,0.0,0.0,0.8,0.8,1.0
2160.0,-444.96614959060213,-612.1615030968784,0.0,0.0,0.8,0.8,1.0
2163.0,-442.2993976088178,-610.7779612754989,0.0,0.0,0.8,0.8,1.0
2166.0,-439.645362213389,-609.3711797192497,0.0,0.0,0.8,0.8,1.0
2169.0,-437.00150599007316,-607.9462014520959,0.0,0.0,0.8,0.8,1.0
2172.0,-434.3650687392564,-606.508575837773,0.0,0.0,0.8,0.8,1.0
2175.0,-431.7335616114109,-605.0630066319651,0.0,0.0,0.8,0.8,1.0
2178.0,-429.104792044114,-603.6134414203275,0.0,0.0,0.8,0.8,1.0
2181.0,-426.47678289894793,-602.1633679035198,0.0,0.0,0.8,0.8,1.0
2184.0,-423.84750258751023,-600.7165418151388,0.0,0.0,0.8,0.8,1.0
2187.0,-421.2155733926595,-599.275234722038,0.0,0.0,0.8,0.8,1.0
2190.0,-418.5797595256255,-597.841552365742,0.0,0.0,0.8,0.8,1.0
2193.0,-415.9385346111457,-596.4183494242728,0.0,0.0,0.8,0.8,1.0
2196.0,-413.2906492987171,-595.0080232550424,0.0,0.0,0.8,0.8,1.0
2199.0,-410.635624530915,-593.6115381651706,0.0,0.0,0.8,0.8,1.0
2202.0,-407.97389884617166,-592.2281058217687,0.0,0.0,0.8,0.8,1.0
2205.0,-405.30525687637004,-590.8582673893775,0.0,0.0,0.8,0.8,1.0
2208.0,-402.6290881867207,-589.5033712288724,0.0,0.0,0.8,0.8,1.0
2211.0,-399.944699402163,-588.1650177095203,0.0,0.0,0.8,0.8,1.0
2214.0,-397.25145289491456,-586.8447432953145,0.0,0.0,0.8,0.8,1.0
2217.0,-394.5490043051049,-585.5434868529644,0.0,0.0,0.8,0.8,1.0
2220.0,-391.83708868165184,-584.2620859521928,0.0,0.0,0.8,0.8,1.0
2223.0,-389.11556523600626,-583.0011569084978,0.0,0.0,0.8,0.8,1.0
2226.0,-386.3846247828872,-581.7605880534435,0.0,0.0,0.8,0.8,1.0
2229.0,-383.6451002975252,-580.5388788360776,0.0,0.0,0.8,0.8,1.0
2232.0,-380.8982846018675,-579.3334048161964,0.0,0.0,0.8,0.8,1.0
2235.0,-378.14531815412823,-578.1417290371996,0.0,0.0,0.8,0.8,1.0
2238.0,-375.38724457943135,-576.9615818664575,0.0,0.0,0.8,0.8,1.0
2241.0,-372.6249051062222,-575.7910143919511,0.0,0.0,0.8,0.8,1.0
2244.0,-369.85969638685316,-574.6269105485718,0.0,0.0,0.8,0.8,1.0
2247.0,-367.0921280984311,-573.4679831229735,0.0,0.0,0.8,0.8,1.0
2250.0,-364.32265903102586,-572.3128731346767,0.0,0.0,0.8,0.8,1.0
2253.0,-361.5525933983859,-571.1584607642002,0.0,0.0,0.8,0.8,1.0
2256.0,-358.78389560233956,-570.0004013157385,0.0,0.0,0.8,0.8,1.0
2259.0,-356.01865729755434,-568.834187620941,0.0,0.0,0.8,0.8,1.0
2262.0,-353.2590143695324,-567.655367684767,0.0,0.0,0.8,0.8,1.0
2265.0,-350.50702415918903,-566.4597908326231,0.0,0.0,0.8,0.8,1.0
2268.0,-347.7646352105801,-565.2436640224792,0.0,0.0,0.8,0.8,1.0
2271.0,-345.0340944840451,-564.0027347474423,0.0,0.0,0.8,0.8,1.0
2274.0,-342.3171109991573,-562.7337666762155,0.0,0.0,0.8,0.8,1.0
2277.0,-339.61367062435664,-561.4366474924022,0.0,0.0,0.8,0.8,1.0
2280.0,-336.9229350452888,-560.112645120974,0.0,0.0,0.8,0.8,1.0
2283.0,-334.2444270136075,-558.7625108525632,0.0,0.0,0.8,0.8,1.0
2286.0,-331.5784052225771,-557.3859467812645,0.0,0.0,0.8,0.8,1.0
2289.0,-328.9279147559015,-555.9792195192883,0.0,0.0,0.8,0.8,1.0
2292.0,-326.29573295005406,-554.5393049650444,0.0,0.0,0.8,0.8,1.0
2295.0,-323.68360906677833,-553.0645190871878,0.0,0.0,0.8,0.8,1.0
2298.0,-321.09303555228405,-551.5533818249327,0.0,0.0,0.8,0.8,1.0
2301.0,-318.5251830349536,-550.0047420483174,0.0,0.0,0.8,0.8,1.0
2304.0,-315.98065230454364,-548.4182218701221,0.0,0.0,0.8,0.8,1.0
2307.0,-313.45969945741746,-546.79434648917,0.0,0.0,0.8,0.8,1.0
2310.0,-310.9620592820588,-545.1344528694268,0.0,0.0,0.8,0.8,1.0
2313.0,-308.4874468380722,-543.4398798975413,0.0,0.0,0.8,0.8,1.0
2316.0,-306.0358418845235,-541.7118370121267,0.0,0.0,0.8,0.8,1.0
2319.0,-303.6066161791934,-539.9527608051486,0.0,0.0,0.8,0.8,1.0
2322.0,-301.201881537693,-538.1611478892787,0.0,0.0,0.8,0.8,1.0
2325.0,-298.82358966925034,-536.3349826024388,0.0,0.0,0.8,0.8,1.0
2328.0,-296.4725198267821,-534.4736174832166,0.0,0.0,0.8,0.8,1.0
2331.0,-294.1495442357886,-532.5767262854129,0.0,0.0,0.8,0.8,1.0
2334.0,-291.8550111813852,-530.6445867211323,0.0,0.0,0.8,0.8,1.0
2337.0,-289.58937009875893,-528.6776282058945,0.0,0.0,0.8,0.8,1.0
2340.0,-287.3531254229182,-526.67649112585,0.0,0.0,0.8,0.8,1.0
2343.0,-285.1466222943004,-524.6422497130229,0.0,0.0,0.8,0.8,1.0
2346.0,-282.96939984545463,-522.5772051518186,0.0,0.0,0.8,0.8,1.0
2349.0,-280.82058153351784,-520.4840882071574,0.0,0.0,0.8,0.8,1.0
2352.0,-278.7002213195453,-518.3639209161203,0.0,0.0,0.8,0.8,1.0
2355.0,-276.6093586322939,-516.2159556275437,0.0,0.0,0.8,0.8,1.0
2358.0,-274.54921963631597,-514.0389168538247,0.0,0.0,0.8,0.8,1.0
2361.0,-272.52159876752387,-511.83089364148924,0.0,0.0,0.8,0.8,1.0
2364.0,-270.52527657156645,-509.59357383176393,0.0,0.0,0.8,0.8,1.0
2367.0,-268.55691529887986,-507.33056204169344,0.0,0.0,0.8,0.8,1.0
2370.0,-266.61362663620963,-505.0449135150349,0.0,0.0,0.8,0.8,1.0
2373.0,-264.692395153088,-502.7397170637165,0.0,0.0,0.8,0.8,1.0
2376.0,-262.79446903084573,-500.41511340511084,0.0,0.0,0.8,0.8,1.0
2379.0,-260.92029600263794,-498.07151202474074,0.0,0.0,0.8,0.8,1.0
2382.0,-259.06873825576497,-495.71036259639095,0.0,0.0,0.8,0.8,1.0
2385.0,-257.23853432765026,-493.332956533029,0.0,0.0,0.8,0.8,1.0
2388.0,-255.42851806319584,-490.94033172408507,0.0,0.0,0.8,0.8,1.0
2391.0,-253.63766997652766,-488.533405556061,0.0,0.0,0.8,0.8,1.0
2394.0,-251.8646528841868,-486.11317420074255,0.0,0.0,0.8,0.8,1.0
2397.0,-250.10570445317765,-483.6827341892816,0.0,0.0,0.8,0.8,1.0
2400.0,-248.35784623344196,-481.2444887190322,0.0,0.0,0.8,0.8,1.0
2403.0,-246.6183862942875,-478.80034522028285,0.0,0.0,0.8,0.8,1.0
2406.0,-244.88373851659105,-476.3527950437021,0.0,0.0,0.8,0.8,1.0
2409.0,-243.15218340679812,-473.9028674203052,0.0,0.0,0.8,0.8,1.0
2412.0,-241.42367173381518,-471.45047805719605,0.0,0.0,0.8,0.8,1.0
2415.0,-239.69949971282892,-468.99474028662877,0.0,0.0,0.8,0.8,1.0
2418.0,-237.981269309648,-466.53463912562364,0.0,0.0,0.8,0.8,1.0
2421.0,-236.27052531238127,-464.069240902688,0.0,0.0,0.8,0.8,1.0
2424.0,-234.56870577780205,-461.5977232931511,0.0,0.0,0.8,0.8,1.0
2427.0,-232.87716606600225,-459.11938682967525,0.0,0.0,0.8,0.8,1.0
2430.0,-231.19723777361816,-456.63357933272545,0.0,0.0,0.8,0.8,1.0
2433.0,-229.52919108407215,-454.14014193330104,0.0,0.0,0.8,0.8,1.0
2436.0,-227.86686973318007,-451.64176597655126,0.0,0.0,0.8,0.8,1.0
2439.0,-226.13799006374927,-449.1310052324469,0.0,0.0,0.8,0.8,1.0
2442.0,-224.43041902769795,-446.6206348435051,0.0,0.0,0.8,0.8,1.0
2445.0,-222.76489257947452,-444.1017426725289,0.0,0.0,0.8,0.8,1.0
2448.0,-221.15688079277214,-441.5660816369541,0.0,0.0,0.8,0.8,1.0
2451.0,-219.61308307444483,-439.009323146684,0.0,0.0,0.8,0.8,1.0
2454.0,-218.13953008499908,-436.42774542879033,0.0,0.0,0.8,0.8,1.0
2457.0,-216.7443364867996,-433.8176099226542,0.0,0.0,0.8,0.8,1.0
2460.0,-215.43578805222364,-431.1757872859755,0.0,0.0,0.8,0.8,1.0
2463.0,-214.22322545603993,-428.5000238868997,0.0,0.0,0.8,0.8,1.0
2466.0,-213.11495145106153,-425.7895212946217,0.0,0.0,0.8,0.8,1.0
2469.0,-212.11273650294126,-423.0439373732705,0.0,0.0,0.8,0.8,1.0
2472.0,-211.2138321799058,-420.2625984000018,0.0,0.0,0.8,0.8,1.0
2475.0,-210.41662390524226,-417.44562011718034,0.0,0.0,0.8,0.8,1.0
2478.0,-209.72493108155263,-414.5940420330963,0.0,0.0,0.8,0.8,1.0
2481.0,-209.14654513854185,-411.70933809155827,0.0,0.0,0.8,0.8,1.0
2484.0,-208.6889896137289,-408.7937061578403,0.0,0.0,0.8,0.8,1.0
2487.0,-208.3589217902542,-405.8507728685507,0.0,0.0,0.8,0.8,1.0
2490.0,-208.15936995056217,-402.88500756011996,0.0,0.0,0.8,0.8,1.0
2493.0,-208.0846837679645,-399.8980027476575,0.0,0.0,0.8,0.8,1.0
2496.0,-208.12509070714034,-396.8890628775182,0.0,0.0,0.8,0.8,1.0
2499.0,-208.28401396538817,-393.86997333110514,0.0,0.0,0.8,0.8,1.0
2502.0,-208.5635864063461,-390.8558196964222,0.0,0.0,0.8,0.8,1.0
2505.0,-208.96103110411545,-387.86201178228316,0.0,0.0,0.8,0.8,1.0
2508.0,-209.47135738972977,-384.9041288224505,0.0,0.0,0.8,0.8,1.0
2511.0,-210.09369045434585,-381.9914191925901,0.0,0.0,0.8,0.8,1.0
2514.0,-210.9317161791923,-379.145174940725,0.0,0.0,0.8,0.8,1.0
2517.0,-211.94228889398576,-376.3624720339514,0.0,0.0,0.8,0.8,1.0
2520.0,-213.12126916169439,-373.6553877009598,0.0,0.0,0.8,0.8,1.0
2523.0,-214.46416118664104,-371.03313901507914,0.0,0.0,0.8,0.8,1.0
2526.0,-215.96754691677376,-368.50206855006394,0.0,0.0,0.8,0.8,1.0
2529.0,-217.6264867138129,-366.0657232284891,0.0,0.0,0.8,0.8,1.0
2532.0,-219.43272871245475,-363.72561917824186,0.0,0.0,0.8,0.8,1.0
2535.0,-221.37565048078608,-361.4814694753256,0.0,0.0,0.8,0.8,1.0
2538.0,-223.44021925703575,-359.3311274449341,0.0,0.0,0.8,0.8,1.0
2541.0,-225.60827449978254,-357.271834683165,0.0,0.0,0.8,0.8,1.0
2544.0,-227.86073321823937,-355.2940359865799,0.0,0.0,0.8,0.8,1.0
2547.0,-230.18259108002255,-353.38515312633695,0.0,0.0,0.8,0.8,1.0
2550.0,-232.56219957066872,-351.53368141539846,0.0,0.0,0.8,0.8,1.0
2553.0,-234.98542153997258,-349.7265213287372,0.0,0.0,0.8,0.8,1.0
2556.0,-237.4350303783209,-347.94821243087847,0.0,0.0,0.8,0.8,1.0
2559.0,-239.89427959471328,-346.1830811160942,0.0,0.0,0.8,0.8,1.0
2562.0,-242.3455869000765,-344.41443647941,0.0,0.0,0.8,0.8,1.0
2565.0,-244.7701666923146,-342.6238897294875,0.0,0.0,0.8,0.8,1.0
2568.0,-247.1578019246773,-340.79812777157485,0.0,0.0,0.8,0.8,1.0
2571.0,-249.5125091059196,-338.9360724327777,0.0,0.0,0.8,0.8,1.0
2574.0,-251.82883084015333,-337.0309324026251,0.0,0.0,0.8,0.8,1.0
2577.0,-254.09790704528726,-335.07428153189517,0.0,0.0,0.8,0.8,1.0
2580.0,-256.3112574929965,-333.0592164278334,0.0,0.0,0.8,0.8,1.0
2583.0,-258.46118009132243,-330.9801161876958,0.0,0.0,0.8,0.8,1.0
2586.0,-260.54356478434073,-328.8359188874762,0.0,0.0,0.8,0.8,1.0
2589.0,-262.5556988008909,-326.62751411006036,0.0,0.0,0.8,0.8,1.0
2592.0,-264.49529169055506,-324.3561204711329,0.0,0.0,0.8,0.8,1.0
2595.0,-266.3603384468399,-322.02287460645266,0.0,0.0,0.8,0.8,1.0
2598.0,-268.15170845480066,-319.6308368729703,0.0,0.0,0.8,0.8,1.0
2601.0,-269.87342212986294,-317.1848910957836,0.0,0.0,0.8,0.8,1.0
2604.0,-271.5279435584981,-314.6898745856882,0.0,0.0,0.8,0.8,1.0
2607.0,-273.11812625664385,-312.15107834752234,0.0,0.0,0.8,0.8,1.0
2610.0,-274.6489953684728,-309.57450659534766,0.0,0.0,0.8,0.8,1.0
2613.0,-276.1259346692188,-306.9655291150716,0.0,0.0,0.8,0.8,1.0
2616.0,-277.55154021567995,-304.3255671892485,0.0,0.0,0.8,0.8,1.0
2619.0,-278.9311780788417,-301.6587070826858,0.0,0.0,0.8,0.8,1.0
2622.0,-280.2726531335458,-298.97108577144655,0.0,0.0,0.8,0.8,1.0
2625.0,-281.5826969608865,-296.2672659300424,0.0,0.0,0.8,0.8,1.0
2628.0,-282.86789594200195,-293.5513720117763,0.0,0.0,0.8,0.8,1.0
2631.0,-284.1354022860119,-290.8278070808733,0.0,0.0,0.8,0.8,1.0
2634.0,-285.3907607070701,-288.0994872324113,0.0,0.0,0.8,0.8,1.0
2637.0,-286.6375060292294,-285.36779942979877,0.0,0.0,0.8,0.8,1.0
2640.0,-287.8799587843115,-282.634793402641,0.0,0.0,0.8,0.8,1.0
2643.0,-289.12363666853435,-279.90338220532516,0.0,0.0,0.8,0.8,1.0
2646.0,-290.3700362542416,-277.1739304129443,0.0,0.0,0.8,0.8,1.0
2649.0,-291.6188190936772,-274.44589452528294,0.0,0.0,0.8,0.8,1.0
2652.0,-292.870226754417,-271.7192202581144,0.0,0.0,0.8,0.8,1.0
2655.0,-294.1253801489427,-268.9943765107247,0.0,0.0,0.8,0.8,1.0
2658.0,-295.38536779478625,-266.271837973111,0.0,0.0,0.8,0.8,1.0
2661.0,-296.65091086213084,-263.55191809459023,0.0,0.0,0.8,0.8,1.0
2664.0,-297.92225718815035,-260.8347168183391,0.0,0.0,0.8,0.8,1.0
2667.0,-299.19956707069065,-258.12030007227156,0.0,0.0,0.8,0.8,1.0
2670.0,-300.4833834063113,-255.40892065617803,0.0,0.0,0.8,0.8,1.0
2673.0,-301.7729499027481,-252.70021368009373,0.0,0.0,0.8,0.8,1.0
2676.0,-303.0643536503439,-249.99237794729163,0.0,0.0,0.8,0.8,1.0
2679.0,-304.3559006609182,-247.28462910846883,0.0,0.0,0.8,0.8,1.0
2682.0,-305.64756584680345,-244.57693739456414,0.0,0.0,0.8,0.8,1.0
2685.0,-306.9388730585467,-241.86907640863865,0.0,0.0,0.8,0.8,1.0
2688.0,-308.2296385479885,-239.1609606707443,0.0,0.0,0.8,0.8,1.0
2691.0,-309.5199138368346,-236.452616823518,0.0,0.0,0.8,0.8,1.0
2694.0,-310.8098848178248,-233.74413481583227,0.0,0.0,0.8,0.8,1.0
2697.0,-312.0997296513444,-231.03559949806905,0.0,0.0,0.8,0.8,1.0
2700.0,-313.3895272933532,-228.32704712437445,0.0,0.0,0.8,0.8,1.0
2703.0,-314.6794266317439,-225.61854665481118,0.0,0.0,0.8,0.8,1.0
2706.0,-315.96953574030465,-222.91014753581828,0.0,0.0,0.8,0.8,1.0
2709.0,-317.25999633150246,-220.20191515328742,0.0,0.0,0.8,0.8,1.0
2712.0,-318.55069776944646,-217.49379590666584,0.0,0.0,0.8,0.8,1.0
2715.0,-319.84149633357856,-214.78572065799554,0.0,0.0,0.8,0.8,1.0
2718.0,-321.1328102995376,-212.07788455219634,0.0,0.0,0.8,0.8,1.0
2721.0,-322.42594495343826,-209.37089011327274,0.0,0.0,0.8,0.8,1.0
2724.0,-323.72229902622627,-206.66535890869062,0.0,0.0,0.8,0.8,1.0
2727.0,-325.022555683624,-203.96156635655424,0.0,0.0,0.8,0.8,1.0
2730.0,-326.32611932583876,-201.2591967397756,0.0,0.0,0.8,0.8,1.0
2733.0,-327.6300015714893,-198.55691096961775,0.0,0.0,0.8,0.8,1.0
2736.0,-328.9326258414236,-195.85391105005309,0.0,0.0,0.8,0.8,1.0
2739.0,-330.234398541637,-193.15008997324645,0.0,0.0,0.8,0.8,1.0
2742.0,-331.53577853987616,-190.44514798968336,0.0,0.0,0.8,0.8,1.0
2745.0,-332.83556282074244,-187.7380265204575,0.0,0.0,0.8,0.8,1.0
2748.0,-334.12953339263566,-185.02670863077586,0.0,0.0,0.8,0.8,1.0
2751.0,-335.41061762660036,-182.30857703462425,0.0,0.0,0.8,0.8,1.0
2754.0,-336.6696726898406,-179.5807943247207,0.0,0.0,0.8,0.8,1.0
2757.0,-337.8955584080227,-176.84039866809218,0.0,0.0,0.8,0.8,1.0
2760.0,-339.08036436838023,-174.0852607125278,0.0,0.0,0.8,0.8,1.0
2763.0,-340.2201926531337,-171.31417658105528,0.0,0.0,0.8,0.8,1.0
2766.0,-341.31287060966525,-168.52636005658178,0.0,0.0,0.8,0.8,1.0
2769.0,-342.35732604908327,-165.72124644158546,0.0,0.0,0.8,0.8,1.0
2772.0,-343.35423344744254,-162.8984771430188,0.0,0.0,0.8,0.8,1.0
2775.0,-344.3038318953317,-160.0575907806776,0.0,0.0,0.8,0.8,1.0
2778.0,-345.2027965050266,-157.19803555574396,0.0,0.0,0.8,0.8,1.0
2781.0,-346.0450493031973,-154.31960324066418,0.0,0.0,0.8,0.8,1.0
2784.0,-346.8262917035374,-151.42246593279947,0.0,0.0,0.8,0.8,1.0
2787.0,-347.5405567453372,-148.50763340038452,0.0,0.0,0.8,0.8,1.0
2790.0,-348.1833920053566,-145.5767380929589,0.0,0.0,0.8,0.8,1.0
2793.0,-348.752603797639,-142.63153592343707,0.0,0.0,0.8,0.8,1.0
2796.0,-349.24602264734557,-139.6736967730188,0.0,0.0,0.8,0.8,1.0
2799.0,-349.6612889971554,-136.70492993837786,0.0,0.0,0.8,0.8,1.0
2802.0,-349.9979694668322,-133.72699202851197,0.0,0.0,0.8,0.8,1.0
2805.0,-350.2569250441484,-130.74194171765572,0.0,0.0,0.8,0.8,1.0
2808.0,-350.4420801581815,-127.75281056019644,0.0,0.0,0.8,0.8,1.0
2811.0,-350.555622328371,-124.76242642856093,0.0,0.0,0.8,0.8,1.0
2814.0,-350.5983285567747,-121.77218576215508,0.0,0.0,0.8,0.8,1.0
2817.0,-350.5696500845764,-118.78227283801694,0.0,0.0,0.8,0.8,1.0
2820.0,-350.4668607546694,-115.79266155011517,0.0,0.0,0.8,0.8,1.0
2823.0,-350.285901523924,-112.80398047061162,0.0,0.0,0.8,0.8,1.0
2826.0,-350.02321961236134,-109.81771108121268,0.0,0.0,0.8,0.8,1.0
2829.0,-349.6795975159474,-106.83536141496612,0.0,0.0,0.8,0.8,1.0
2832.0,-349.2621090267495,-103.8589671185632,0.0,0.0,0.8,0.8,1.0
2835.0,-348.77799101999415,-100.8910107153047,0.0,0.0,0.8,0.8,1.0
2838.0,-348.2321755125638,-97.9339104903475,0.0,0.0,0.8,0.8,1.0
2841.0,-347.62770050671503,-94.99024445670462,0.0,0.0,0.8,0.8,1.0
2844.0,-346.97129338393506,-92.05967202288089,0.0,0.0,0.8,0.8,1.0
2847.0,-346.2652855471365,-89.14151142065434,0.0,0.0,0.8,0.8,1.0
2850.0,-345.50633979734516,-86.23646584722802,0.0,0.0,0.8,0.8,1.0
2853.0,-344.6899522705228,-83.34658353681563,0.0,0.0,0.8,0.8,1.0
2856.0,-343.8119489452292,-80.47525147302191,0.0,0.0,0.8,0.8,1.0
2859.0,-342.86615663041897,-77.62627465495822,0.0,0.0,0.8,0.8,1.0
2862.0,-341.84941303870056,-74.80329521086075,0.0,0.0,0.8,0.8,1.0
2865.0,-340.75994024241334,-72.00963986512096,0.0,0.0,0.8,0.8,1.0
2868.0,-339.59563135165865,-69.24846679851984,0.0,0.0,0.8,0.8,1.0
2871.0,-338.35516020168217,-66.52268004206464,0.0,0.0,0.8,0.8,1.0
2874.0,-337.042468014131,-63.831263335130934,0.0,0.0,0.8,0.8,1.0
2877.0,-335.6679255504953,-61.16487653608069,0.0,0.0,0.8,0.8,1.0
2880.0,-334.2328539994636,-58.52265023203913,0.0,0.0,0.8,0.8,1.0
2883.0,-332.73373075070066,-55.909602551820846,0.0,0.0,0.8,0.8,1.0
2886.0,-331.1653914316874,-53.33630899359873,0.0,0.0,0.8,0.8,1.0
2889.0,-329.5219135017582,-50.814958713413816,0.0,0.0,0.8,0.8,1.0
2892.0,-327.79826447862337,-48.35480000299516,0.0,0.0,0.8,0.8,1.0
2895.0,-325.9905172479438,-45.963561138645936,0.0,0.0,0.8,0.8,1.0
2898.0,-324.0970325737577,-43.647288741172396,0.0,0.0,0.8,0.8,1.0
2901.0,-322.1188364803,-41.41058444009348,0.0,0.0,0.8,0.8,1.0
2904.0,-320.0566698061514,-39.25839965556048,0.0,0.0,0.8,0.8,1.0
2907.0,-317.91118963910327,-37.19490909361444,0.0,0.0,0.8,0.8,1.0
2910.0,-315.6850858339914,-35.22185220413104,0.0,0.0,0.8,0.8,1.0
2913.0,-313.38300881793685,-33.3395936655598,0.0,0.0,0.8,0.8,1.0
2916.0,-311.01262658671743,-31.54647603572461,0.0,0.0,0.8,0.8,1.0
2919.0,-308.57684899405746,-29.842605638828147,0.0,0.0,0.8,0.8,1.0
2922.0,-306.0773649152535,-28.227842712565234,0.0,0.0,0.8,0.8,1.0
2925.0,-303.51688768595966,-26.700599754118475,0.0,0.0,0.8,0.8,1.0
2928.0,-300.89911058605736,-25.257905817850876,0.0,0.0,0.8,0.8,1.0
2931.0,-298.2297442431924,-23.89443071131965,0.0,0.0,0.8,0.8,1.0
2934.0,-295.51595460551573,-22.602519582334228,0.0,0.0,0.8,0.8,1.0
2937.0,-292.7663245849295,-21.372061000987596,0.0,0.0,0.8,0.8,1.0
2940.0,-289.9906014129248,-20.190875389600837,0.0,0.0,0.8,0.8,1.0
2943.0,-287.19978965333803,-19.044611985519563,0.0,0.0,0.8,0.8,1.0
2946.0,-284.40637157247824,-17.916506334252865,0.0,0.0,0.8,0.8,1.0
2949.0,-281.6187795520382,-16.792667244627964,0.0,0.0,0.8,0.8,1.0
2952.0,-278.83273396758796,-15.673450401047731,0.0,0.0,0.8,0.8,1.0
2955.0,-276.04572810354733,-14.559475440447502,0.0,0.0,0.8,0.8,1.0
2958.0,-273.2566023922572,-13.450879014122057,0.0,0.0,0.8,0.8,1.0
2961.0,-270.46707740498493,-12.34338557830751,0.0,0.0,0.8,0.8,1.0
2964.0,-267.68020985436027,-11.23042194629648,0.0,0.0,0.8,0.8,1.0
2967.0,-264.8979781378002,-10.107383076301373,0.0,0.0,0.8,0.8,1.0
2970.0,-262.1218005496887,-8.970785030681666,0.0,0.0,0.8,0.8,1.0
2973.0,-259.352362352851,-7.818756858719988,0.0,0.0,0.8,0.8,1.0
2976.0,-256.58990359993413,-6.650531915099834,0.0,0.0,0.8,0.8,1.0
2979.0,-253.83484134286786,-5.465069943585228,0.0,0.0,0.8,0.8,1.0
2982.0,-251.08739371714512,-4.26184340469511,0.0,0.0,0.8,0.8,1.0
2985.0,-248.34705014628435,-3.042089851135971,0.0,0.0,0.8,0.8,1.0
2988.0,-245.61308622817245,-1.807620485626421,0.0,0.0,0.8,0.8,1.0
2991.0,-242.88469215848158,-0.5604686234540055,0.0,0.0,0.8,0.8,1.0
2994.0,-240.16113372629363,0.6975558288005892,0.0,0.0,0.8,0.8,1.0
2997.0,-237.4415909582134,1.9644630548244657,0.0,0.0,0.8,0.8,1.0
3000.0,-234.7251932154903,3.238173928403332,0.0,0.0,0.8,0.8,1.0
3003.0,-232.01119111934636,4.516955104322033,0.0,0.0,0.8,0.8,1.0
3006.0,-229.29903024130672,5.799579849817179,0.0,0.0,0.8,0.8,1.0
3009.0,-226.58827634110224,7.085118949371888,0.0,0.0,0.8,0.8,1.0
3012.0,-223.8785113439211,8.372678603720155,0.0,0.0,0.8,0.8,1.0
3015.0,-221.16942613320032,9.661615697384146,0.0,0.0,0.8,0.8,1.0
3018.0,-218.4607421826146,10.95135764281169,0.0,0.0,0.8,0.8,1.0
3021.0,-215.7521146356367,12.241178480313042,0.0,0.0,0.8,0.8,1.0
3024.0,-213.04316210720583,13.53026723069686,0.0,0.0,0.8,0.8,1.0
3027.0,-210.3336954998908,14.818235278179799,0.0,0.0,0.8,0.8,1.0
3030.0,-207.6237470121369,16.105170006740064,0.0,0.0,0.8,0.8,1.0
3033.0,-204.9134270013789,17.391316223437414,0.0,0.0,0.8,0.8,1.0
3036.0,-202.20261695852201,18.676423341046362,0.0,0.0,0.8,0.8,1.0
3039.0,-199.49136018698414,19.960585012847766,0.0,0.0,0.8,0.8,1.0
3042.0,-196.7797774682861,21.244058207686678,0.0,0.0,0.8,0.8,1.0
3045.0,-194.06789790694685,22.526905070745688,0.0,0.0,0.8,0.8,1.0
3048.0,-191.35573774376383,23.809159693029493,0.0,0.0,0.8,0.8,1.0
3051.0,-188.64327081037024,25.09076596966317,0.0,0.0,0.8,0.8,1.0
3054.0,-185.93047599112523,26.37167880569456,0.0,0.0,0.8,0.8,1.0
3057.0,-183.21732297663794,27.651834355774575,0.0,0.0,0.8,0.8,1.0
3060.0,-180.50381384302042,28.931237983618693,0.0,0.0,0.8,0.8,1.0
3063.0,-177.79003873333068,30.21008062926122,0.0,0.0,0.8,0.8,1.0
3066.0,-175.07611231266884,31.488604837255778,0.0,0.0,0.8,0.8,1.0
3069.0,-172.36211097061846,32.76697362994426,0.0,0.0,0.8,0.8,1.0
3072.0,-169.64812110238026,34.045371677452586,0.0,0.0,0.8,0.8,1.0
3075.0,-166.93427580397284,35.32408099502521,0.0,0.0,0.8,0.8,1.0
3078.0,-164.22076260952417,36.60349588155238,0.0,0.0,0.8,0.8,1.0
3081.0,-161.50777100116827,37.88401334972489,0.0,0.0,0.8,0.8,1.0
3084.0,-158.79555585197738,39.166162629383685,0.0,0.0,0.8,0.8,1.0
3087.0,-156.08433268371857,40.45038974406686,0.0,0.0,0.8,0.8,1.0
3090.0,-153.37402654466436,41.73654028719404,0.0,0.0,0.8,0.8,1.0
3093.0,-150.6644655245771,43.02426525626315,0.0,0.0,0.8,0.8,1.0
3096.0,-147.95554856726463,44.31336929681985,0.0,0.0,0.8,0.8,1.0
3099.0,-145.24731487175637,45.60394717940883,0.0,0.0,0.8,0.8,1.0
3102.0,-142.5399721539407,46.896431667066956,0.0,0.0,0.8,0.8,1.0
3105.0,-139.83388862179135,48.19157066839988,0.0,0.0,0.8,0.8,1.0
3108.0,-137.1295109049935,49.4902597874296,0.0,0.0,0.8,0.8,1.0
3111.0,-134.42729802263568,50.79341135065161,0.0,0.0,0.8,0.8,1.0
3114.0,-131.7275447482214,52.10160566764207,0.0,0.0,0.8,0.8,1.0
3117.0,-129.03036455233013,53.415054790699166,0.0,0.0,0.8,0.8,1.0
3120.0,-126.33580930658756,54.733839434085134,0.0,0.0,0.8,0.8,1.0
3123.0,-123.64396567186772,56.05810879280028,0.0,0.0,0.8,0.8,1.0
3126.0,-120.95497707272898,57.38812355781106,0.0,0.0,0.8,0.8,1.0
3129.0,-118.26899991592236,58.72416675622298,0.0,0.0,0.8,0.8,1.0
3132.0,-115.58621494530512,60.06657231198937,0.0,0.0,0.8,0.8,1.0
3135.0,-112.90675377564435,61.41558049043406,0.0,0.0,0.8,0.8,1.0
3138.0,-110.23062635522102,62.7711868386335,0.0,0.0,0.8,0.8,1.0
3141.0,-107.55774013517693,64.13318592889176,0.0,0.0,0.8,0.8,1.0
3144.0,-104.88801766461748,65.5014103663392,0.0,0.0,0.8,0.8,1.0
3147.0,-102.22139363695008,66.87572005297423,0.0,0.0,0.8,0.8,1.0
3150.0,-99.55778816058172,68.25594340467208,0.0,0.0,0.8,0.8,1.0
3153.0,-96.89708424312317,69.64182923950678,0.0,0.0,0.8,0.8,1.0
3156.0,-94.23910331397332,71.03300462234114,0.0,0.0,0.8,0.8,1.0
3159.0,-91.58343789985929,72.42864072065552,0.0,0.0,0.8,0.8,1.0
3162.0,-88.92951586586595,73.82758058417876,0.0,0.0,0.8,0.8,1.0
3165.0,-86.27692416665104,75.22900368355178,0.0,0.0,0.8,0.8,1.0
3168.0,-83.6254377366948,76.63247826573505,0.0,0.0,0.8,0.8,1.0
3171.0,-80.9749699274851,78.03785014060719,0.0,0.0,0.8,0.8,1.0
3174.0,-78.32551246869231,79.44511635027864,0.0,0.0,0.8,0.8,1.0
3177.0,-75.6770600289434,80.85427534522059,0.0,0.0,0.8,0.8,1.0
3180.0,-73.02954367646534,82.26519919487012,0.0,0.0,0.8,0.8,1.0
3183.0,-70.38281692696435,83.6776091712857,0.0,0.0,0.8,0.8,1.0
3186.0,-67.73663115698751,85.09103049352778,0.0,0.0,0.8,0.8,1.0
3189.0,-65.09077877255325,86.50506930164434,0.0,0.0,0.8,0.8,1.0
3192.0,-62.445150175053996,87.91952121661795,0.0,0.0,0.8,0.8,1.0
3195.0,-59.7996881632615,89.33428141746523,0.0,0.0,0.8,0.8,1.0
3198.0,-57.15436642806728,90.74930279703354,0.0,0.0,0.8,0.8,1.0
3201.0,-54.50915165952287,92.16452406005992,0.0,0.0,0.8,0.8,1.0
3204.0,-51.863986138418824,93.57983734309214,0.0,0.0,0.8,0.8,1.0
3207.0,-49.21878435534029,94.99508209821295,0.0,0.0,0.8,0.8,1.0
3210.0,-46.57347028782201,96.41011568718562,0.0,0.0,0.8,0.8,1.0
3213.0,-43.92798541927954,97.82482853932014,0.0,0.0,0.8,0.8,1.0
3216.0,-41.28232465519544,99.23921160587892,0.0,0.0,0.8,0.8,1.0
3219.0,-38.63652716265986,100.65333867491798,0.0,0.0,0.8,0.8,1.0
3222.0,-35.990661633119736,102.0673385138357,0.0,0.0,0.8,0.8,1.0
3225.0,-33.344799572382655,103.48134492547804,0.0,0.0,0.8,0.8,1.0
3228.0,-30.69897723419592,104.89542586250484,0.0,0.0,0.8,0.8,1.0
3231.0,-28.05320596139445,106.30960295473935,0.0,0.0,0.8,0.8,1.0
3234.0,-25.407491741634427,107.7238878253034,0.0,0.0,0.8,0.8,1.0
3237.0,-22.761808491900013,109.1382318245137,0.0,0.0,0.8,0.8,1.0
3240.0,-20.11612810722751,110.552582630053,0.0,0.0,0.8,0.8,1.0
3243.0,-17.470470157398,111.9669786949768,0.0,0.0,0.8,0.8,1.0
3246.0,-14.824793247336263,113.38134343169834,0.0,0.0,0.8,0.8,1.0
3249.0,-12.178957501606533,114.79541267859695,0.0,0.0,0.8,0.8,1.0
3252.0,-9.53282176079942,116.20891964747265,0.0,0.0,0.8,0.8,1.0
3255.0,-6.886238136206466,117.62158452203471,0.0,0.0,0.8,0.8,1.0
3258.0,-4.238865011589985,119.03275701462698,0.0,0.0,0.8,0.8,1.0
3261.0,-1.5906014927729553,120.44224632462416,0.0,0.0,0.8,0.8,1.0
3264.0,1.058398912472227,121.85034812886742,0.0,0.0,0.8,0.8,1.0
3267.0,3.7079007029807096,123.25752201405413,0.0,0.0,0.8,0.8,1.0
3270.0,6.357655860453579,124.66426729160693,0.0,0.0,0.8,0.8,1.0
3273.0,9.00753116989367,126.07088025230708,0.0,0.0,0.8,0.8,1.0
3276.0,11.657586037438122,127.47729452387023,0.0,0.0,0.8,0.8,1.0
3279.0,14.308132942726733,128.88293987712186,0.0,0.0,0.8,0.8,1.0
3282.0,16.959881868045276,130.2864049410714,0.0,0.0,0.8,0.8,1.0
3285.0,19.613689832935613,131.68594784817464,0.0,0.0,0.8,0.8,1.0
3288.0,22.270474337794575,133.0796725411059,0.0,0.0,0.8,0.8,1.0
3291.0,24.930824386605792,134.46637653328384,0.0,0.0,0.8,0.8,1.0
3294.0,27.595068074987793,135.8454171436132,0.0,0.0,0.8,0.8,1.0
3297.0,30.263507070352244,137.21620674343475,0.0,0.0,0.8,0.8,1.0
3300.0,32.93651315711262,138.5779935116385,0.0,0.0,0.8,0.8,1.0
3303.0,35.61458318522237,139.9297234465786,0.0,0.0,0.8,0.8,1.0
3306.0,38.29847657664614,141.26969260556712,0.0,0.0,0.8,0.8,1.0
3309.0,40.98913062558702,142.5957184636742,0.0,0.0,0.8,0.8,1.0
3312.0,43.68696600305721,143.9068056651591,0.0,0.0,0.8,0.8,1.0
3315.0,46.39223107699769,145.20233561154922,0.0,0.0,0.8,0.8,1.0
3318.0,49.1052584016341,146.48148238773982,0.0,0.0,0.8,0.8,1.0
3321.0,51.82630504036561,147.74355157156424,0.0,0.0,0.8,0.8,1.0
3324.0,54.55565483593912,148.9876755579952,0.0,0.0,0.8,0.8,1.0
3327.0,57.29320857075109,150.21387595977322,0.0,0.0,0.8,0.8,1.0
3330.0,60.03873496409489,151.42243792717716,0.0,0.0,0.8,0.8,1.0
3333.0,62.79148559281514,152.6147115422546,0.0,0.0,0.8,0.8,1.0
3336.0,65.55044849499619,153.79270059360317,0.0,0.0,0.8,0.8,1.0
3339.0,68.31466100270168,154.95839880904177,0.0,0.0,0.8,0.8,1.0
3342.0,71.08327589614416,156.1136259239501,0.0,0.0,0.8,0.8,1.0
3345.0,73.85558862440621,157.25998111719863,0.0,0.0,0.8,0.8,1.0
3348.0,76.6308062854666,158.3993506692724,0.0,0.0,0.8,0.8,1.0
3351.0,79.40851841919991,159.53277107115375,0.0,0.0,0.8,0.8,1.0
3354.0,82.18875360670097,160.66029579959343,0.0,0.0,0.8,0.8,1.0
3357.0,84.97180676496073,161.7814871431218,0.0,0.0,0.8,0.8,1.0
3360.0,87.75791141245973,162.8963404403114,0.0,0.0,0.8,0.8,1.0
3363.0,90.54663927716865,164.00664576141222,0.0,0.0,0.8,0.8,1.0
3366.0,93.33958679771743,165.11145650269714,0.0,0.0,0.8,0.8,1.0
3369.0,96.13738465352122,166.21240343502595,0.0,0.0,0.8,0.8,1.0
3372.0,98.93576829863439,167.31807480117854,0.0,0.0,0.8,0.8,1.0
3375.0,101.7303793867034,168.4369316498524,0.0,0.0,0.8,0.8,1.0
3378.0,104.51553433591913,169.57858309795057,0.0,0.0,0.8,0.8,1.0
3381.0,107.28488340654421,170.75318277393094,0.0,0.0,0.8,0.8,1.0
3384.0,110.0328905085859,171.9701415268649,0.0,0.0,0.8,0.8,1.0
3387.0,112.75644703014389,173.2359267262495,0.0,0.0,0.8,0.8,1.0
3390.0,115.45968652804224,174.5518395076559,0.0,0.0,0.8,0.8,1.0
3393.0,118.14494449564948,175.92275446021972,0.0,0.0,0.8,0.8,1.0
3396.0,120.80863131126638,177.3582860749029,0.0,0.0,0.8,0.8,1.0
3399.0,123.43442477126725,178.87296273610139,0.0,0.0,0.8,0.8,1.0
3402.0,126.00380078391896,180.48021172717387,0.0,0.0,0.8,0.8,1.0
3405.0,128.49675437892446,182.19213049848852,0.0,0.0,0.8,0.8,1.0
3408.0,130.8927475794631,184.01883101215537,0.0,0.0,0.8,0.8,1.0
3411.0,133.1718254996197,185.96765135067142,0.0,0.0,0.8,0.8,1.0
3414.0,135.31456502043568,188.0430322889048,0.0,0.0,0.8,0.8,1.0
3417.0,137.30214939712081,190.2463433743484,0.0,0.0,0.8,0.8,1.0
3420.0,139.11758727288387,192.57567231385246,0.0,0.0,0.8,0.8,1.0
3423.0,140.7483265797498,195.02561445813524,0.0,0.0,0.8,0.8,1.0
3426.0,142.18211033383363,197.58702184235293,0.0,0.0,0.8,0.8,1.0
3429.0,143.40638453105635,200.24732854311193,0.0,0.0,0.8,0.8,1.0
3432.0,144.41239959214965,202.99358112462343,0.0,0.0,0.8,0.8,1.0
3435.0,145.19268271858664,205.8114721405759,0.0,0.0,0.8,0.8,1.0
3438.0,145.73991746950514,208.68339585044887,0.0,0.0,0.8,0.8,1.0
3441.0,146.04786947933354,211.59705766597662,0.0,0.0,0.8,0.8,1.0
3444.0,146.11323089037887,214.54209085635642,0.0,0.0,0.8,0.8,1.0
3447.0,145.93947248204645,217.5026364134423,0.0,0.0,0.8,0.8,1.0
3450.0,145.53260400607215,220.46141443332928,0.0,0.0,0.8,0.8,1.0
3453.0,144.90434262398526,223.3996825189623,0.0,0.0,0.8,0.8,1.0
3456.0,144.07483078317435,226.30152841713837,0.0,0.0,0.8,0.8,1.0
3459.0,143.06968088949276,229.15619005371101,0.0,0.0,0.8,0.8,1.0
3462.0,141.90992518144398,231.94986051221096,0.0,0.0,0.8,0.8,1.0
3465.0,140.6043461623203,234.67355832719943,0.0,0.0,0.8,0.8,1.0
3468.0,139.1540744206785,237.3179648623539,0.0,0.0,0.8,0.8,1.0
3471.0,137.55716851399896,239.87415794993237,0.0,0.0,0.8,0.8,1.0
3474.0,135.81912298514564,242.33206911408368,0.0,0.0,0.8,0.8,1.0
3477.0,133.9466803162851,244.6830972260849,0.0,0.0,0.8,0.8,1.0
3480.0,131.9479092788367,246.92122636255286,0.0,0.0,0.8,0.8,1.0
3483.0,129.8315665780153,249.0422794199402,0.0,0.0,0.8,0.8,1.0
3486.0,127.60630107288794,251.04373643091012,0.0,0.0,0.8,0.8,1.0
3489.0,125.28027701725671,252.92086972303568,0.0,0.0,0.8,0.8,1.0
3492.0,122.86173907415984,254.6662747484392,0.0,0.0,0.8,0.8,1.0
3495.0,120.36025792128345,256.28902069398043,0.0,0.0,0.8,0.8,1.0
3498.0,117.7808666048489,257.7908610360299,0.0,0.0,0.8,0.8,1.0
3501.0,115.12847741663538,259.1660811255348,0.0,0.0,0.8,0.8,1.0
3504.0,112.41028516499755,260.40876320325333,0.0,0.0,0.8,0.8,1.0
3507.0,109.63153123053291,261.51414894533633,0.0,0.0,0.8,0.8,1.0
3510.0,106.79768279241705,262.4796958177027,0.0,0.0,0.8,0.8,1.0
3513.0,103.91751877148722,263.30712842165315,0.0,0.0,0.8,0.8,1.0
3516.0,100.99955244497878,264.0018265155263,0.0,0.0,0.8,0.8,1.0
3519.0,98.04932195717683,264.5820001605088,0.0,0.0,0.8,0.8,1.0
3522.0,95.07343629380712,265.057368231428,0.0,0.0,0.8,0.8,1.0
3525.0,92.08267491156992,265.4279226811715,0.0,0.0,0.8,0.8,1.0
3528.0,89.08664531519345,265.7014995186937,0.0,0.0,0.8,0.8,1.0
3531.0,86.09063140611784,265.8831866388953,0.0,0.0,0.8,0.8,1.0
3534.0,83.09371767372134,265.9700923190582,0.0,0.0,0.8,0.8,1.0
3537.0,80.0957037195337,265.9612543213721,0.0,0.0,0.8,0.8,1.0
3540.0,77.09780154453114,265.85585697589676,0.0,0.0,0.8,0.8,1.0
3543.0,74.1032869381739,265.6544047734332,0.0,0.0,0.8,0.8,1.0
3546.0,71.11603314684433,265.3579917066589,0.0,0.0,0.8,0.8,1.0
3549.0,68.13881258007892,264.970436326085,0.0,0.0,0.8,0.8,1.0
3552.0,65.17429151940766,264.4960959070657,0.0,0.0,0.8,0.8,1.0
3555.0,62.22512951080844,263.9374841650856,0.0,0.0,0.8,0.8,1.0
3558.0,59.294159856912124,263.2952396435427,0.0,0.0,0.8,0.8,1.0
3561.0,56.38391894109736,262.56835590712745,0.0,0.0,0.8,0.8,1.0
3564.0,53.497415916956726,261.7587439529159,0.0,0.0,0.8,0.8,1.0
3567.0,50.63858154706431,260.87477467975094,0.0,0.0,0.8,0.8,1.0
3570.0,47.809215122653534,259.908403445137,0.0,0.0,0.8,0.8,1.0
3573.0,45.0114297962672,258.8527246256962,0.0,0.0,0.8,0.8,1.0
3576.0,42.24642033061576,257.7083469738751,0.0,0.0,0.8,0.8,1.0
3579.0,39.514045064595706,256.48093101429265,0.0,0.0,0.8,0.8,1.0
3582.0,36.81254978813366,255.17955006080447,0.0,0.0,0.8,0.8,1.0
3585.0,34.13891264944084,253.81592455991995,0.0,0.0,0.8,0.8,1.0
3588.0,31.494964755999924,252.39644916430206,0.0,0.0,0.8,0.8,1.0
3591.0,28.88001017072138,250.9304654132738,0.0,0.0,0.8,0.8,1.0
3594.0,26.29479293733897,249.41226856612013,0.0,0.0,0.8,0.8,1.0
3597.0,23.74057694525388,247.83724313581567,0.0,0.0,0.8,0.8,1.0
3600.0,21.21392217385892,246.2152257099111,0.0,0.0,0.8,0.8,1.0
3603.0,18.710328160036653,244.55525112451767,0.0,0.0,0.8,0.8,1.0
3606.0,16.224261481886085,242.86747803681425,0.0,0.0,0.8,0.8,1.0
3609.0,13.749807571644686,241.16225325577136,0.0,0.0,0.8,0.8,1.0
3612.0,11.281706840953266,239.44773015680406,0.0,0.0,0.8,0.8,1.0
3615.0,8.81483922795564,237.7317986978285,0.0,0.0,0.8,0.8,1.0
3618.0,6.343721888261337,236.0233322053909,0.0,0.0,0.8,0.8,1.0
3621.0,3.8625365868272934,234.33203507385554,0.0,0.0,0.8,0.8,1.0
3624.0,1.367001448874047,232.66440756973128,0.0,0.0,0.8,0.8,1.0
3627.0,-1.1456654805369095,231.0236113467888,0.0,0.0,0.8,0.8,1.0
3630.0,-3.6788668990102806,229.4157227351053,0.0,0.0,0.8,0.8,1.0
3633.0,-6.235918101110269,227.84748095997543,0.0,0.0,0.8,0.8,1.0
3636.0,-8.819526802038155,226.3248990344492,0.0,0.0,0.8,0.8,1.0
3639.0,-11.43219720701327,224.8549652949573,0.0,0.0,0.8,0.8,1.0
3642.0,-14.076481715205324,223.4453555547876,0.0,0.0,0.8,0.8,1.0
3645.0,-16.754532751087,222.1029693101909,0.0,0.0,0.8,0.8,1.0
3648.0,-19.468266912397734,220.83364571998354,0.0,0.0,0.8,0.8,1.0
3651.0,-22.218733877389308,219.64172634745958,0.0,0.0,0.8,0.8,1.0
3654.0,-25.005711232793594,218.53064960735043,0.0,0.0,0.8,0.8,1.0
3657.0,-27.8264629872657,217.5022682781586,0.0,0.0,0.8,0.8,1.0
3660.0,-30.674985137829715,216.5541674261259,0.0,0.0,0.8,0.8,1.0
3663.0,-33.550057678501354,215.68910802649344,0.0,0.0,0.8,0.8,1.0
3666.0,-36.45024236894317,214.9053427948303,0.0,0.0,0.8,0.8,1.0
3669.0,-39.372603097183486,214.20702611386383,0.0,0.0,0.8,0.8,1.0
3672.0,-42.3171906364867,213.59778042776006,0.0,0.0,0.8,0.8,1.0
3675.0,-45.284289625116635,213.08178677994522,0.0,0.0,0.8,0.8,1.0
3678.0,-48.2714156705691,212.6674714459707,0.0,0.0,0.8,0.8,1.0
3681.0,-51.27330142350397,212.36552897777324,0.0,0.0,0.8,0.8,1.0
3684.0,-54.28269175652891,212.18729188685788,0.0,0.0,0.8,0.8,1.0
3687.0,-57.29216048350117,212.1421600803229,0.0,0.0,0.8,0.8,1.0
3690.0,-60.29397023660134,212.2378942686963,0.0,0.0,0.8,0.8,1.0
3693.0,-63.27995288562369,212.48097452581825,0.0,0.0,0.8,0.8,1.0
3696.0,-66.24394674354724,212.87461670964447,0.0,0.0,0.8,0.8,1.0
3699.0,-69.18913347555021,213.41627192246125,0.0,0.0,0.8,0.8,1.0
3702.0,-72.10527633994799,214.11634078032122,0.0,0.0,0.8,0.8,1.0
3705.0,-74.97253776736687,214.98579133298495,0.0,0.0,0.8,0.8,1.0
3708.0,-77.76949433679715,216.03319637988486,0.0,0.0,0.8,0.8,1.0
3711.0,-80.47745749798543,217.2639915052613,0.0,0.0,0.8,0.8,1.0
3714.0,-83.0802033937941,218.67888692393433,0.0,0.0,0.8,0.8,1.0
3717.0,-85.56449058120955,220.27432487816804,0.0,0.0,0.8,0.8,1.0
3720.0,-87.92040145947298,222.04368894003852,0.0,0.0,0.8,0.8,1.0
3723.0,-90.15286038875789,223.9773431016636,0.0,0.0,0.8,0.8,1.0
3726.0,-92.26059087759127,226.0672538317381,0.0,0.0,0.8,0.8,1.0
3729.0,-94.22366926861051,228.3041741572966,0.0,0.0,0.8,0.8,1.0
3732.0,-96.03078480823889,230.67502665779384,0.0,0.0,0.8,0.8,1.0
3735.0,-97.67683348984478,233.16460528889507,0.0,0.0,0.8,0.8,1.0
3738.0,-99.15863330396658,235.75757811266837,0.0,0.0,0.8,0.8,1.0
3741.0,-100.47224276986736,238.44277725968064,0.0,0.0,0.8,0.8,1.0
3744.0,-101.6159114250237,241.20389709832324,0.0,0.0,0.8,0.8,1.0
3747.0,-102.58770023533573,244.02922596441988,0.0,0.0,0.8,0.8,1.0
3750.0,-103.38599080499246,246.91085998815558,0.0,0.0,0.8,0.8,1.0
3753.0,-104.01118139121539,249.83940580385166,0.0,0.0,0.8,0.8,1.0
3756.0,-104.46841188180643,252.8043240573985,0.0,0.0,0.8,0.8,1.0
3759.0,-104.76733113758974,255.79420006009383,0.0,0.0,0.8,0.8,1.0
3762.0,-104.91351446957033,258.7959118748984,0.0,0.0,0.8,0.8,1.0
3765.0,-104.91931565458765,261.7998238778805,0.0,0.0,0.8,0.8,1.0
3768.0,-104.79543383388443,264.79578991558907,0.0,0.0,0.8,0.8,1.0
3771.0,-104.54656765415372,267.77544325970194,0.0,0.0,0.8,0.8,1.0
3774.0,-104.15988697314933,270.7407616528559,0.0,0.0,0.8,0.8,1.0
3777.0,-103.62836000264127,273.68837478060976,0.0,0.0,0.8,0.8,1.0
3780.0,-102.95329165699349,276.6120124610973,0.0,0.0,0.8,0.8,1.0
3783.0,-102.14241846651866,279.50547983184185,0.0,0.0,0.8,0.8,1.0
3786.0,-101.20737597216801,282.3643974367807,0.0,0.0,0.8,0.8,1.0
3789.0,-100.16951845387558,285.19217316945526,0.0,0.0,0.8,0.8,1.0
3792.0,-99.03708786458432,287.98028799336805,0.0,0.0,0.8,0.8,1.0
3795.0,-97.81891516510933,290.72158734852326,0.0,0.0,0.8,0.8,1.0
3798.0,-96.50729072476308,293.41394726629335,0.0,0.0,0.8,0.8,1.0
3801.0,-95.09333802703648,296.05588571371123,0.0,0.0,0.8,0.8,1.0
3804.0,-93.58709024855877,298.64618397277565,0.0,0.0,0.8,0.8,1.0
3807.0,-91.99591823770916,301.1842550325801,0.0,0.0,0.8,0.8,1.0
3810.0,-90.3236019168408,303.66959164997684,0.0,0.0,0.8,0.8,1.0
3813.0,-88.57258214865378,306.1013547259287,0.0,0.0,0.8,0.8,1.0
3816.0,-86.74661499293532,308.4794376478524,0.0,0.0,0.8,0.8,1.0
3819.0,-84.85012654227366,310.80388489841357,0.0,0.0,0.8,0.8,1.0
3822.0,-82.88898861373626,313.0757421193369,0.0,0.0,0.8,0.8,1.0
3825.0,-80.8693401614307,315.29639982081346,0.0,0.0,0.8,0.8,1.0
3828.0,-78.79820088768766,317.46812292753947,0.0,0.0,0.8,0.8,1.0
3831.0,-76.68092880292112,319.5933364856711,0.0,0.0,0.8,0.8,1.0
3834.0,-74.51994245249992,321.6738817316601,0.0,0.0,0.8,0.8,1.0
3837.0,-72.32259638212093,323.71416289484006,0.0,0.0,0.8,0.8,1.0
3840.0,-70.08971640355144,325.715625946908,0.0,0.0,0.8,0.8,1.0
3843.0,-67.82221779600604,327.67982363119336,0.0,0.0,0.8,0.8,1.0
3846.0,-65.52328305836707,329.6099269717553,0.0,0.0,0.8,0.8,1.0
3849.0,-63.19804566536651,331.51082957528,0.0,0.0,0.8,0.8,1.0
3852.0,-60.853320552667526,333.3890487354493,0.0,0.0,0.8,0.8,1.0
3855.0,-58.496669317458,335.2518524472833,0.0,0.0,0.8,0.8,1.0
3858.0,-56.13551710693108,337.1067501104811,0.0,0.0,0.8,0.8,1.0
3861.0,-53.775759010424316,338.9602758409118,0.0,0.0,0.8,0.8,1.0
3864.0,-51.41033236645495,340.80708991535846,0.0,0.0,0.8,0.8,1.0
3867.0,-49.04251863439562,342.65106955522424,0.0,0.0,0.8,0.8,1.0
3870.0,-46.67657623220061,344.4970986363997,0.0,0.0,0.8,0.8,1.0
3873.0,-44.31610853644313,346.34941503201003,0.0,0.0,0.8,0.8,1.0
3876.0,-41.96355448650498,348.2110623380582,0.0,0.0,0.8,0.8,1.0
3879.0,-39.62055429591406,350.084180079537,0.0,0.0,0.8,0.8,1.0
3882.0,-37.28784197033777,351.96979749625586,0.0,0.0,0.8,0.8,1.0
3885.0,-34.96529538737914,353.8678631323851,0.0,0.0,0.8,0.8,1.0
3888.0,-32.65219386616689,355.7775492945247,0.0,0.0,0.8,0.8,1.0
3891.0,-30.34739189633135,357.6974571435078,0.0,0.0,0.8,0.8,1.0
3894.0,-28.050173728648506,359.6266817928698,0.0,0.0,0.8,0.8,1.0
3897.0,-25.759759890289036,361.56422854524004,0.0,0.0,0.8,0.8,1.0
3900.0,-23.47510094349173,363.5088191313038,0.0,0.0,0.8,0.8,1.0
3903.0,-21.194557661972574,365.4584671730723,0.0,0.0,0.8,0.8,1.0
3906.0,-18.91585307194888,367.41037887521543,0.0,0.0,0.8,0.8,1.0
3909.0,-16.637004074390013,369.36215075351885,0.0,0.0,0.8,0.8,1.0
3912.0,-14.356435782220451,371.31193307869563,0.0,0.0,0.8,0.8,1.0
3915.0,-12.073089105613246,373.25859214340215,0.0,0.0,0.8,0.8,1.0
3918.0,-9.786097398908472,375.2013058406487,0.0,0.0,0.8,0.8,1.0
3921.0,-7.4945051834129295,377.1391631394222,0.0,0.0,0.8,0.8,1.0
3924.0,-5.196097807603799,379.06933289900167,0.0,0.0,0.8,0.8,1.0
3927.0,-2.888648113059834,380.98898833961994,0.0,0.0,0.8,0.8,1.0
3930.0,-0.570725010415865,382.8965605256492,0.0,0.0,0.8,0.8,1.0
3933.0,1.759513892685788,384.78984629469966,0.0,0.0,0.8,0.8,1.0
3936.0,4.105093796790704,386.6645822984804,0.0,0.0,0.8,0.8,1.0
3939.0,6.4688011617684555,388.51655669741007,0.0,0.0,0.8,0.8,1.0
3942.0,8.853349686973877,390.3413136838416,0.0,0.0,0.8,0.8,1.0
3945.0,11.261234724398518,392.13460268871484,0.0,0.0,0.8,0.8,1.0
3948.0,13.694381527193327,393.8932004042964,0.0,0.0,0.8,0.8,1.0
3951.0,16.154577016482662,395.61450469082985,0.0,0.0,0.8,0.8,1.0
3954.0,18.644307057855926,397.29408635605216,0.0,0.0,0.8,0.8,1.0
3957.0,21.166730190302673,398.9236545760431,0.0,0.0,0.8,0.8,1.0
3960.0,23.724514818667874,400.4945674093024,0.0,0.0,0.8,0.8,1.0
3963.0,26.318843676347274,402.00122227311863,0.0,0.0,0.8,0.8,1.0
3966.0,28.950213887569703,403.43990594180934,0.0,0.0,0.8,0.8,1.0
3969.0,31.61921546854412,404.804932143375,0.0,0.0,0.8,0.8,1.0
3972.0,34.326598078187665,406.0895947473732,0.0,0.0,0.8,0.8,1.0
3975.0,37.072579000522566,407.2852615859447,0.0,0.0,0.8,0.8,1.0
3978.0,39.85622169347177,408.384649549856,0.0,0.0,0.8,0.8,1.0
3981.0,42.67514078531574,409.3837842921015,0.0,0.0,0.8,0.8,1.0
3984.0,45.52672893308181,410.28340470648067,0.0,0.0,0.8,0.8,1.0
3987.0,48.408236887834015,411.08448403260195,0.0,0.0,0.8,0.8,1.0
3990.0,51.316770489501025,411.78588813501466,0.0,0.0,0.8,0.8,1.0
3993.0,54.249291503035565,412.38498870871973,0.0,0.0,0.8,0.8,1.0
3996.0,57.20257852663184,412.87833937325087,0.0,0.0,0.8,0.8,1.0
3999.0,60.17197969746911,413.26420474811584,0.0,0.0,0.8,0.8,1.0
4002.0,63.152765917429846,413.54188993627326,0.0,0.0,0.8,0.8,1.0
4005.0,66.14127470087443,413.7115744878855,0.0,0.0,0.8,0.8,1.0
4008.0,69.134820286829,413.77652159564,0.0,0.0,0.8,0.8,1.0
4011.0,72.13098989610036,413.7441814435506,0.0,0.0,0.8,0.8,1.0
4014.0,75.12792416007056,413.6234984056579,0.0,0.0,0.8,0.8,1.0
4017.0,78.12349537840099,413.422567548537,0.0,0.0,0.8,0.8,1.0
4020.0,81.11480097070442,413.14635207927154,0.0,0.0,0.8,0.8,1.0
4023.0,84.0971111292318,412.79263845684704,0.0,0.0,0.8,0.8,1.0
4026.0,87.06805244436966,412.36032312316286,0.0,0.0,0.8,0.8,1.0
4029.0,90.02746628709951,411.85197481721724,0.0,0.0,0.8,0.8,1.0
4032.0,92.97368328065879,411.27080901576255,0.0,0.0,0.8,0.8,1.0
4035.0,95.90431982667549,410.62015721068315,0.0,0.0,0.8,0.8,1.0
4038.0,98.81731240004868,409.9015082671799,0.0,0.0,0.8,0.8,1.0
4041.0,101.71107169075556,409.11390350788156,0.0,0.0,0.8,0.8,1.0
4044.0,104.58419095032895,408.2572573553066,0.0,0.0,0.8,0.8,1.0
4047.0,107.43559784426844,407.33184197312414,0.0,0.0,0.8,0.8,1.0
4050.0,110.26458728740613,406.3410970420626,0.0,0.0,0.8,0.8,1.0
4053.0,113.07093600580443,405.2903908293013,0.0,0.0,0.8,0.8,1.0
4056.0,115.85520936942416,404.1862477482442,0.0,0.0,0.8,0.8,1.0
4059.0,118.61850027287842,403.0320235088187,0.0,0.0,0.8,0.8,1.0
4062.0,121.36332204614867,401.8319436791468,0.0,0.0,0.8,0.8,1.0
4065.0,124.0900774411354,400.58693855544186,0.0,0.0,0.8,0.8,1.0
4068.0,126.7984426508037,399.2973395035018,0.0,0.0,0.8,0.8,1.0
4071.0,129.48811891501103,397.96431472936337,0.0,0.0,0.8,0.8,1.0
4074.0,132.15962601320368,396.5914569230471,0.0,0.0,0.8,0.8,1.0
4077.0,134.8145264765995,395.18503536670363,0.0,0.0,0.8,0.8,1.0
4080.0,137.45496702051605,393.75257035022423,0.0,0.0,0.8,0.8,1.0
4083.0,140.0830556518622,392.3003302289983,0.0,0.0,0.8,0.8,1.0
4086.0,142.70024661409565,390.83155056054113,0.0,0.0,0.8,0.8,1.0
4089.0,145.30687770181947,389.34602174057795,0.0,0.0,0.8,0.8,1.0
4092.0,147.9023988788898,387.8416789015305,0.0,0.0,0.8,0.8,1.0
4095.0,150.48628219073828,386.3169714032479,0.0,0.0,0.8,0.8,1.0
4098.0,153.06078205832574,384.77689344838234,0.0,0.0,0.8,0.8,1.0
4101.0,155.62771098233063,383.2252191503883,0.0,0.0,0.8,0.8,1.0
4104.0,158.18667669833115,381.6607319322463,0.0,0.0,0.8,0.8,1.0
4107.0,160.73748757049822,380.0828420628676,0.0,0.0,0.8,0.8,1.0
4110.0,163.28036797330654,378.49184626000243,0.0,0.0,0.8,0.8,1.0
4113.0,165.81587674751435,376.8886572326378,0.0,0.0,0.8,0.8,1.0
4116.0,168.3449667750923,375.2748606748657,0.0,0.0,0.8,0.8,1.0
4119.0,170.86889805817628,373.6525615230183,0.0,0.0,0.8,0.8,1.0
4122.0,173.38912064284136,372.02418729352155,0.0,0.0,0.8,0.8,1.0
4125.0,175.9076111879578,370.3930285037968,0.0,0.0,0.8,0.8,1.0
4128.0,178.42656682765372,368.76276668032557,0.0,0.0,0.8,0.8,1.0
4131.0,180.94775392113763,367.13634834657785,0.0,0.0,0.8,0.8,1.0
4134.0,183.47223460923507,365.51547345171116,0.0,0.0,0.8,0.8,1.0
4137.0,185.99852742062563,363.8975049568876,0.0,0.0,0.8,0.8,1.0
4140.0,188.52593314300935,362.2812770825073,0.0,0.0,0.8,0.8,1.0
4143.0,191.0541588005803,360.6663093355146,0.0,0.0,0.8,0.8,1.0
4146.0,193.58313205874617,359.0524837619647,0.0,0.0,0.8,0.8,1.0
4149.0,196.11288014478083,357.43983177738613,0.0,0.0,0.8,0.8,1.0
4152.0,198.64332366143861,355.8281985844286,0.0,0.0,0.8,0.8,1.0
4155.0,201.1742978781558,354.217282492047,0.0,0.0,0.8,0.8,1.0
4158.0,203.70541982086556,352.6064407891835,0.0,0.0,0.8,0.8,1.0
4161.0,206.23594646419483,350.99449930381564,0.0,0.0,0.8,0.8,1.0
4164.0,208.7646278053766,349.3795786490178,0.0,0.0,0.8,0.8,1.0
4167.0,211.29008832870022,347.7596346489191,0.0,0.0,0.8,0.8,1.0
4170.0,213.81073928484827,346.1323550101622,0.0,0.0,0.8,0.8,1.0
4173.0,216.32500702417076,344.4954829520422,0.0,0.0,0.8,0.8,1.0
4176.0,218.83152770209065,342.8470620959061,0.0,0.0,0.8,0.8,1.0
4179.0,221.33053439985295,341.1871538119563,0.0,0.0,0.8,0.8,1.0
4182.0,223.8247833387298,339.51853849694584,0.0,0.0,0.8,0.8,1.0
4185.0,226.31241603888472,337.83872465590275,0.0,0.0,0.8,0.8,1.0
4188.0,228.7886649662054,336.14228741901246,0.0,0.0,0.8,0.8,1.0
4191.0,231.25163229543222,334.426902338678,0.0,0.0,0.8,0.8,1.0
4194.0,233.696835135161,332.6877544204629,0.0,0.0,0.8,0.8,1.0
4197.0,236.12269432884176,330.9231593955445,0.0,0.0,0.8,0.8,1.0
4200.0,238.53129090828804,329.1347827361801,0.0,0.0,0.8,0.8,1.0
4203.0,240.92419197197714,327.32335256471737,0.0,0.0,0.8,0.8,1.0
4206.0,243.30086761038012,325.48767246264003,0.0,0.0,0.8,0.8,1.0
4209.0,245.6581593900544,323.62465348565877,0.0,0.0,0.8,0.8,1.0
4212.0,247.99054672651857,321.72965950241604,0.0,0.0,0.8,0.8,1.0
4215.0,250.29135129588127,319.79759186622437,0.0,0.0,0.8,0.8,1.0
4218.0,252.553783015113,317.8236682025994,0.0,0.0,0.8,0.8,1.0
4221.0,254.77147220150496,315.80393157196903,0.0,0.0,0.8,0.8,1.0
4224.0,256.93850387958196,313.73506348795627,0.0,0.0,0.8,0.8,1.0
4227.0,259.04992886595494,311.6145023943555,0.0,0.0,0.8,0.8,1.0
4230.0,261.1012903637708,309.4401620053672,0.0,0.0,0.8,0.8,1.0
4233.0,263.09184856914817,307.2121315231799,0.0,0.0,0.8,0.8,1.0
4236.0,265.0263089039549,304.9331894156044,0.0,0.0,0.8,0.8,1.0
4239.0,266.91435232192043,302.607630094762,0.0,0.0,0.8,0.8,1.0
4242.0,268.7596488847465,300.2365751362063,0.0,0.0,0.8,0.8,1.0
4245.0,270.5526007255667,297.818872541884,0.0,0.0,0.8,0.8,1.0
4248.0,272.27502547678625,295.35313101383,0.0,0.0,0.8,0.8,1.0
4251.0,273.91888500912523,292.8407880029134,0.0,0.0,0.8,0.8,1.0
4254.0,275.479161075427,290.2826677688808,0.0,0.0,0.8,0.8,1.0
4257.0,276.94835419978557,287.67532337591985,0.0,0.0,0.8,0.8,1.0
4260.0,278.3241653067087,285.0191784636683,0.0,0.0,0.8,0.8,1.0
4263.0,279.61071515774904,282.319086664735,0.0,0.0,0.8,0.8,1.0
4266.0,280.81065694738527,279.57805545538514,0.0,0.0,0.8,0.8,1.0
4269.0,281.92878565897104,276.8030159951012,0.0,0.0,0.8,0.8,1.0
4272.0,282.96642850484193,273.99994024013307,0.0,0.0,0.8,0.8,1.0
4275.0,283.9208420969157,271.17042885307035,0.0,0.0,0.8,0.8,1.0
4278.0,284.7867645919991,268.31435919334314,0.0,0.0,0.8,0.8,1.0
4281.0,285.5574912572842,265.43155972833193,0.0,0.0,0.8,0.8,1.0
4284.0,286.2280568656982,262.5225715894944,0.0,0.0,0.8,0.8,1.0
4287.0,286.798467052784,259.5886199963835,0.0,0.0,0.8,0.8,1.0
4290.0,287.27119288657207,256.63164261270856,0.0,0.0,0.8,0.8,1.0
4293.0,287.6486763348042,253.65446444589628,0.0,0.0,0.8,0.8,1.0
4296.0,287.93186564577576,250.66142546600753,0.0,0.0,0.8,0.8,1.0
4299.0,288.1259016707233,247.65729847692856,0.0,0.0,0.8,0.8,1.0
4302.0,288.23642117180293,244.64786300973634,0.0,0.0,0.8,0.8,1.0
4305.0,288.27266057754895,241.6395848360993,0.0,0.0,0.8,0.8,1.0
4308.0,288.24366389518974,238.63718422354032,0.0,0.0,0.8,0.8,1.0
4311.0,288.15015322557446,235.6424524943257,0.0,0.0,0.8,0.8,1.0
4314.0,287.97910794445386,232.65413052166232,0.0,0.0,0.8,0.8,1.0
4317.0,287.71257971093996,229.67225243751355,0.0,0.0,0.8,0.8,1.0
4320.0,287.34233416849236,226.69895277801763,0.0,0.0,0.8,0.8,1.0
4323.0,286.8751305108068,223.73824127225814,0.0,0.0,0.8,0.8,1.0
4326.0,286.31538729216606,220.79348245603958,0.0,0.0,0.8,0.8,1.0
4329.0,285.6678407393704,217.86716835866434,0.0,0.0,0.8,0.8,1.0
4332.0,284.93887282853666,214.9610311462352,0.0,0.0,0.8,0.8,1.0
4335.0,284.1339455338745,212.0763790736689,0.0,0.0,0.8,0.8,1.0
4338.0,283.25526713814975,209.2142155478317,0.0,0.0,0.8,0.8,1.0
4341.0,282.3035762091085,206.37504821958404,0.0,0.0,0.8,0.8,1.0
4344.0,281.28012802422785,203.5592005551348,0.0,0.0,0.8,0.8,1.0
4347.0,280.1876838265714,200.767410384885,0.0,0.0,0.8,0.8,1.0
4350.0,279.02884818434035,198.00043871755642,0.0,0.0,0.8,0.8,1.0
4353.0,277.80796826377923,195.25823356435689,0.0,0.0,0.8,0.8,1.0
4356.0,276.53189808360554,192.54009694362392,0.0,0.0,0.8,0.8,1.0
4359.0,275.2084769545106,189.84485814361597,0.0,0.0,0.8,0.8,1.0
4362.0,273.84274665318435,187.1713116087479,0.0,0.0,0.8,0.8,1.0
4365.0,272.43783000819707,184.5182426662732,0.0,0.0,0.8,0.8,1.0
4368.0,270.9966110968875,181.88439443869882,0.0,0.0,0.8,0.8,1.0
4371.0,269.5247541284311,179.2678104466775,0.0,0.0,0.8,0.8,1.0
4374.0,268.0258598500695,176.66692047092567,0.0,0.0,0.8,0.8,1.0
4377.0,266.50452193134146,174.07978130491708,0.0,0.0,0.8,0.8,1.0
4380.0,264.9641453123751,171.50473088372726,0.0,0.0,0.8,0.8,1.0
4383.0,263.40545693274703,168.94105304577369,0.0,0.0,0.8,0.8,1.0
4386.0,261.82882182189394,166.3882705958294,0.0,0.0,0.8,0.8,1.0
4389.0,260.2355125057464,163.8455760919828,0.0,0.0,0.8,0.8,1.0
4392.0,258.62817978656506,161.31152872779148,0.0,0.0,0.8,0.8,1.0
4395.0,257.0096120283525,158.78458155723123,0.0,0.0,0.8,0.8,1.0
4398.0,255.38213177164792,156.263371904297,0.0,0.0,0.8,0.8,1.0
4401.0,253.74847598858707,153.74631229717122,0.0,0.0,0.8,0.8,1.0
4404.0,252.11090236380795,151.23204053320373,0.0,0.0,0.8,0.8,1.0
4407.0,250.47053242748942,148.719792337852,0.0,0.0,0.8,0.8,1.0
4410.0,248.8279613254655,146.20912816424178,0.0,0.0,0.8,0.8,1.0
4413.0,247.18401903496985,143.69949454311094,0.0,0.0,0.8,0.8,1.0
4416.0,245.5388791936579,141.19073143334217,0.0,0.0,0.8,0.8,1.0
4419.0,243.89215805110143,138.68302450266106,0.0,0.0,0.8,0.8,1.0
4422.0,242.2442168889912,136.17611991642116,0.0,0.0,0.8,0.8,1.0
4425.0,240.59606844364893,133.6693653895855,0.0,0.0,0.8,0.8,1.0
4428.0,238.94829534935744,131.1623776430083,0.0,0.0,0.8,0.8,1.0
4431.0,237.30133646174338,128.6548665903536,0.0,0.0,0.8,0.8,1.0
4434.0,235.65566715750998,126.1465208778269,0.0,0.0,0.8,0.8,1.0
4437.0,234.01177435898813,123.63702289031782,0.0,0.0,0.8,0.8,1.0
4440.0,232.36982455216014,121.12626167610236,0.0,0.0,0.8,0.8,1.0
4443.0,230.72971189417945,118.61430379856581,0.0,0.0,0.8,0.8,1.0
4446.0,229.09140620353156,116.10116804675069,0.0,0.0,0.8,0.8,1.0
4449.0,227.4549938115418,113.58679832538238,0.0,0.0,0.8,0.8,1.0
4452.0,225.82061315077686,111.0711042169927,0.0,0.0,0.8,0.8,1.0
4455.0,224.18823357119075,108.55410463708395,0.0,0.0,0.8,0.8,1.0
4458.0,222.55748597502236,106.03603977637971,0.0,0.0,0.8,0.8,1.0
4461.0,220.9277756897519,103.51729821514107,0.0,0.0,0.8,0.8,1.0
4464.0,219.29837181531164,100.99835794355148,0.0,0.0,0.8,0.8,1.0
4467.0,217.66854989592247,98.47969176586797,0.0,0.0,0.8,0.8,1.0
4470.0,216.0378383874409,95.96160634395616,0.0,0.0,0.8,0.8,1.0
4473.0,214.40595995504017,93.44428175349162,0.0,0.0,0.8,0.8,1.0
4476.0,212.77283497576093,90.92776977293585,0.0,0.0,0.8,0.8,1.0
4479.0,211.13837188782523,88.41212973791885,0.0,0.0,0.8,0.8,1.0
4482.0,209.50245857190708,85.89743419193825,0.0,0.0,0.8,0.8,1.0
4485.0,207.86521685903887,83.38360281656385,0.0,0.0,0.8,0.8,1.0
4488.0,206.2269678549894,80.87042603829659,0.0,0.0,0.8,0.8,1.0
4491.0,204.588212588159,78.35757831971455,0.0,0.0,0.8,0.8,1.0
4494.0,202.94934880452325,75.84480138543911,0.0,0.0,0.8,0.8,1.0
4497.0,201.3105935994531,73.33195378978728,0.0,0.0,0.8,0.8,1.0
4500.0,199.67214711231412,70.81890517274468,0.0,0.0,0.8,0.8,1.0
4503.0,198.03415469582055,68.30556066752604,0.0,0.0,0.8,0.8,1.0
4506.0,196.39670209449702,65.79186411397247,0.0,0.0,0.8,0.8,1.0
4509.0,194.7598131569526,63.27779961366487,0.0,0.0,0.8,0.8,1.0
4512.0,193.1234895378914,60.76336571545452,0.0,0.0,0.8,0.8,1.0
4515.0,191.48779837916877,58.24851830095832,0.0,0.0,0.8,0.8,1.0
4518.0,189.8528817824856,55.73316483730159,0.0,0.0,0.8,0.8,1.0
4521.0,188.21878588205527,53.21727515549093,0.0,0.0,0.8,0.8,1.0
4524.0,186.5853221870512,50.70097122737091,0.0,0.0,0.8,0.8,1.0
4527.0,184.95203379126798,48.18455019342552,0.0,0.0,0.8,0.8,1.0
4530.0,183.3183232597019,45.668402274287644,0.0,0.0,0.8,0.8,1.0
4533.0,181.6837496766471,43.1528161757343,0.0,0.0,0.8,0.8,1.0
4536.0,180.04809186312457,40.63793649567738,0.0,0.0,0.8,0.8,1.0
4539.0,178.41142636196528,38.12371262714065,0.0,0.0,0.8,0.8,1.0
4542.0,176.774132141252,35.60989722482976,0.0,0.0,0.8,0.8,1.0
4545.0,175.13657495146353,33.09625243902656,0.0,0.0,0.8,0.8,1.0
4548.0,173.49906608805205,30.582576160121164,0.0,0.0,0.8,0.8,1.0
4551.0,171.86179476268052,28.06874556424296,0.0,0.0,0.8,0.8,1.0
4554.0,170.22498391306618,25.554616073789653,0.0,0.0,0.8,0.8,1.0
4557.0,168.5889194158756,23.04000251642901,0.0,0.0,0.8,0.8,1.0
4560.0,166.9539204199288,20.524698408011837,0.0,0.0,0.8,0.8,1.0
4563.0,165.32020340970652,18.008563555581286,0.0,0.0,0.8,0.8,1.0
4566.0,163.68789490574179,15.49151597708089,0.0,0.0,0.8,0.8,1.0
4569.0,162.05704696288092,12.973522076442965,0.0,0.0,0.8,0.8,1.0
4572.0,160.42767871207775,10.454569821372173,0.0,0.0,0.8,0.8,1.0
4575.0,158.7997803355755,7.9346660961143565,0.0,0.0,0.8,0.8,1.0
4578.0,157.17330301406412,5.413843212278979,0.0,0.0,0.8,0.8,1.0
4581.0,155.43735828969233,2.7168996845273643,0.0,0.0,0.8,0.8,1.0
4584.0,153.63311053265858,-0.09023309420950121,0.0,0.0,0.8,0.8,1.0
4587.0,151.93038561084597,-2.739366309573776,0.0,0.0,0.8,0.8,1.0
4590.0,150.31992578325742,-5.244808688252537,0.0,0.0,0.8,0.8,1.0
4593.0,148.79243328208517,-7.62084352343714,0.0,0.0,0.8,0.8,1.0
4596.0,147.3386257780429,-9.881764967832654,0.0,0.0,0.8,0.8,1.0
4599.0,145.94934736740908,-12.041948465992338,0.0,0.0,0.8,0.8,1.0
4602.0,144.6155044778395,-14.115809839752826,0.0,0.0,0.8,0.8,1.0
4605.0,143.32814994449976,-16.117857910524787,0.0,0.0,0.8,0.8,1.0
4608.0,142.07840131334237,-18.062642047832004,0.0,0.0,0.8,0.8,1.0
4611.0,140.85733230126652,-19.964683720178375,0.0,0.0,0.8,0.8,1.0
4614.0,139.65593390274827,-21.838451963848954,0.0,0.0,0.8,0.8,1.0
4617.0,138.4651821515029,-23.698405750333208,0.0,0.0,0.8,0.8,1.0
