# Norisring — TUMFTM racetrack-database (LGPL-3.0), flat 2-D centre line + measured widths; upstream commit e59595d.
s_m,x_m,y_m,z_m,banking_deg,width_left_m,width_right_m,grip_scale
0.0000,-1.1963,-0.6601,0.0000,0.000,7.291,7.520,1.0000
4.9988,3.0520,-3.2944,0.0000,0.000,7.269,7.534,1.0000
9.9975,7.2973,-5.9336,0.0000,0.000,7.246,7.547,1.0000
14.9963,11.5380,-8.5800,0.0000,0.000,7.224,7.561,1.0000
19.9950,15.7727,-11.2360,0.0000,0.000,7.202,7.575,1.0000
24.9936,19.9999,-13.9038,0.0000,0.000,7.179,7.588,1.0000
29.9922,24.2198,-16.5831,0.0000,0.000,7.157,7.602,1.0000
34.9905,28.4391,-19.2627,0.0000,0.000,7.134,7.615,1.0000
39.9881,32.6664,-21.9285,0.0000,0.000,7.112,7.629,1.0000
44.9850,36.9103,-24.5662,0.0000,0.000,7.090,7.642,1.0000
49.9811,41.1793,-27.1618,0.0000,0.000,7.067,7.656,1.0000
54.9773,45.4821,-29.7011,0.0000,0.000,7.045,7.669,1.0000
59.9748,49.8272,-32.1699,0.0000,0.000,7.022,7.683,1.0000
64.9752,54.2199,-34.5591,0.0000,0.000,7.072,7.601,1.0000
69.9763,58.6402,-36.8982,0.0000,0.000,7.230,7.374,1.0000
74.9724,63.0562,-39.2350,0.0000,0.000,7.389,7.147,1.0000
79.9580,67.4358,-41.6172,0.0000,0.000,7.547,6.921,1.0000
84.9288,71.7418,-44.1007,0.0000,0.000,7.705,6.694,1.0000
89.8847,75.9243,-46.7592,0.0000,0.000,7.775,6.575,1.0000
94.8373,79.9318,-49.6692,0.0000,0.000,7.616,6.734,1.0000
99.8141,83.7192,-52.8977,0.0000,0.000,7.457,6.893,1.0000
104.8292,87.3470,-56.3605,0.0000,0.000,7.298,7.052,1.0000
109.8533,90.9608,-59.8507,0.0000,0.000,7.139,7.211,1.0000
114.8517,94.7086,-63.1580,0.0000,0.000,6.980,7.370,1.0000
119.8258,98.7025,-66.1229,0.0000,0.000,6.906,7.444,1.0000
124.8066,102.9014,-68.8020,0.0000,0.000,6.925,7.425,1.0000
129.8034,107.2238,-71.3090,0.0000,0.000,6.943,7.407,1.0000
134.8079,111.5887,-73.7569,0.0000,0.000,6.961,7.389,1.0000
139.8114,115.9484,-76.2122,0.0000,0.000,6.979,7.371,1.0000
144.8135,120.3003,-78.6784,0.0000,0.000,6.998,7.352,1.0000
149.8145,124.6454,-81.1543,0.0000,0.000,7.016,7.334,1.0000
154.8144,128.9843,-83.6389,0.0000,0.000,7.034,7.316,1.0000
159.8135,133.3179,-86.1310,0.0000,0.000,7.052,7.298,1.0000
164.8118,137.6469,-88.6296,0.0000,0.000,7.071,7.279,1.0000
169.8096,141.9722,-91.1334,0.0000,0.000,7.089,7.261,1.0000
174.8068,146.2946,-93.6413,0.0000,0.000,7.107,7.243,1.0000
179.8038,150.6148,-96.1523,0.0000,0.000,7.125,7.225,1.0000
184.8005,154.9337,-98.6652,0.0000,0.000,7.143,7.207,1.0000
189.7971,159.2520,-101.1789,0.0000,0.000,7.162,7.188,1.0000
194.7938,163.5705,-103.6923,0.0000,0.000,7.180,7.170,1.0000
199.7907,167.8901,-106.2042,0.0000,0.000,7.198,7.152,1.0000
204.7878,172.2115,-108.7136,0.0000,0.000,7.216,7.134,1.0000
209.7853,176.5353,-111.2194,0.0000,0.000,7.235,7.115,1.0000
214.7832,180.8615,-113.7221,0.0000,0.000,7.253,7.097,1.0000
219.7814,185.1896,-116.2219,0.0000,0.000,7.271,7.079,1.0000
224.7799,189.5194,-118.7195,0.0000,0.000,7.289,7.061,1.0000
229.7785,193.8504,-121.2153,0.0000,0.000,7.308,7.042,1.0000
234.7773,198.1823,-123.7098,0.0000,0.000,7.326,7.024,1.0000
239.7762,202.5148,-126.2034,0.0000,0.000,7.344,7.006,1.0000
244.7751,206.8476,-128.6967,0.0000,0.000,7.362,6.988,1.0000
249.7740,211.1802,-131.1901,0.0000,0.000,7.381,6.969,1.0000
254.7728,215.5124,-133.6841,0.0000,0.000,7.399,6.951,1.0000
259.7714,219.8437,-136.1793,0.0000,0.000,7.417,6.933,1.0000
264.7699,224.1739,-138.6760,0.0000,0.000,7.435,6.915,1.0000
269.7680,228.5026,-141.1749,0.0000,0.000,7.454,6.896,1.0000
274.7659,232.8295,-143.6762,0.0000,0.000,7.472,6.878,1.0000
279.7632,237.1528,-146.1826,0.0000,0.000,7.490,6.860,1.0000
284.7567,241.4484,-148.7288,0.0000,0.000,7.508,6.842,1.0000
289.7427,245.6731,-151.3768,0.0000,0.000,7.527,6.823,1.0000
294.7232,249.7832,-154.1896,0.0000,0.000,7.548,6.815,1.0000
299.7081,253.7489,-157.2100,0.0000,0.000,7.573,6.816,1.0000
304.7048,257.6014,-160.3921,0.0000,0.000,7.599,6.817,1.0000
309.7108,261.3884,-163.6659,0.0000,0.000,7.624,6.818,1.0000
314.7177,265.1575,-166.9619,0.0000,0.000,7.649,6.819,1.0000
319.7202,268.9369,-170.2392,0.0000,0.000,7.674,6.820,1.0000
324.7189,272.7282,-173.4971,0.0000,0.000,7.699,6.821,1.0000
329.7150,276.5305,-176.7380,0.0000,0.000,7.725,6.822,1.0000
334.7097,280.3433,-179.9643,0.0000,0.000,7.750,6.823,1.0000
339.7040,284.1658,-183.1785,0.0000,0.000,7.775,6.824,1.0000
344.6990,287.9975,-186.3830,0.0000,0.000,7.800,6.825,1.0000
349.6958,291.8375,-189.5802,0.0000,0.000,7.825,6.826,1.0000
354.6949,295.6842,-192.7731,0.0000,0.000,7.851,6.827,1.0000
359.6958,299.5328,-195.9662,0.0000,0.000,7.876,6.828,1.0000
364.6975,303.3786,-199.1643,0.0000,0.000,7.901,6.829,1.0000
369.6993,307.2164,-202.3720,0.0000,0.000,7.926,6.830,1.0000
374.7005,311.0414,-205.5941,0.0000,0.000,7.951,6.831,1.0000
379.7004,314.8484,-208.8352,0.0000,0.000,7.977,6.832,1.0000
384.6983,318.6325,-212.1002,0.0000,0.000,8.002,6.833,1.0000
389.6939,322.3888,-215.3936,0.0000,0.000,8.027,6.834,1.0000
394.6870,326.1121,-218.7203,0.0000,0.000,8.052,6.835,1.0000
399.6774,329.7977,-222.0849,0.0000,0.000,8.077,6.836,1.0000
404.6652,333.4404,-225.4922,0.0000,0.000,8.103,6.837,1.0000
409.6510,337.0353,-228.9469,0.0000,0.000,8.027,6.952,1.0000
414.6354,340.5774,-232.4536,0.0000,0.000,7.927,7.094,1.0000
419.6192,344.0617,-236.0172,0.0000,0.000,7.828,7.236,1.0000
424.6041,347.4842,-239.6414,0.0000,0.000,7.728,7.377,1.0000
429.5923,350.8492,-243.3236,0.0000,0.000,7.629,7.519,1.0000
434.5862,354.1654,-247.0574,0.0000,0.000,7.529,7.661,1.0000
439.5877,357.4414,-250.8367,0.0000,0.000,7.430,7.803,1.0000
444.5983,360.6856,-254.6553,0.0000,0.000,7.330,7.944,1.0000
449.6192,363.9068,-258.5067,0.0000,0.000,7.231,8.086,1.0000
454.6515,367.1135,-262.3850,0.0000,0.000,7.131,8.228,1.0000
459.6941,370.3183,-266.2782,0.0000,0.000,7.031,8.370,1.0000
464.7163,373.6043,-270.0762,0.0000,0.000,6.932,8.512,1.0000
469.6793,377.1157,-273.5836,0.0000,0.000,6.832,8.653,1.0000
474.5978,380.9987,-276.6025,0.0000,0.000,6.733,8.795,1.0000
479.5234,385.3445,-278.9210,0.0000,0.000,6.895,8.645,1.0000
484.3619,389.9924,-280.2656,0.0000,0.000,7.164,8.376,1.0000
489.0802,394.7101,-280.3445,0.0000,0.000,7.394,8.146,1.0000
493.8650,399.2629,-278.8728,0.0000,0.000,7.587,7.953,1.0000
498.9267,403.3371,-275.8692,0.0000,0.000,7.468,8.072,1.0000
504.1088,406.5088,-271.7711,0.0000,0.000,7.266,8.107,1.0000
509.1775,408.3459,-267.0470,0.0000,0.000,6.498,6.812,1.0000
514.0658,408.4756,-262.1604,0.0000,0.000,5.567,6.223,1.0000
518.9256,406.9807,-257.5362,0.0000,0.000,4.597,5.799,1.0000
523.8222,404.2015,-253.5048,0.0000,0.000,4.543,5.757,1.0000
528.8217,400.8068,-249.8344,0.0000,0.000,4.557,5.743,1.0000
533.8316,397.3775,-246.1823,0.0000,0.000,4.571,5.729,1.0000
538.8358,393.9754,-242.5124,0.0000,0.000,4.585,5.715,1.0000
543.8357,390.5929,-238.8303,0.0000,0.000,4.599,5.701,1.0000
548.8328,387.2223,-235.1411,0.0000,0.000,4.613,5.687,1.0000
553.8283,383.8559,-231.4503,0.0000,0.000,4.627,5.673,1.0000
558.8234,380.4859,-227.7633,0.0000,0.000,4.641,5.659,1.0000
563.8194,377.1047,-224.0853,0.0000,0.000,4.655,5.645,1.0000
568.8171,373.7045,-220.4225,0.0000,0.000,4.669,5.631,1.0000
573.8155,370.2775,-216.7839,0.0000,0.000,4.683,5.617,1.0000
578.8132,366.8158,-213.1792,0.0000,0.000,4.697,5.603,1.0000
583.8092,363.3117,-209.6182,0.0000,0.000,4.711,5.589,1.0000
588.8029,359.7572,-206.1106,0.0000,0.000,4.725,5.575,1.0000
593.7945,356.1446,-202.6661,0.0000,0.000,4.735,5.565,1.0000
598.7846,352.4659,-199.2945,0.0000,0.000,4.744,5.556,1.0000
603.7746,348.7154,-196.0029,0.0000,0.000,4.754,5.546,1.0000
608.7666,344.9033,-192.7799,0.0000,0.000,4.764,5.536,1.0000
613.7617,341.0467,-189.6053,0.0000,0.000,4.773,5.527,1.0000
618.7598,337.1631,-186.4591,0.0000,0.000,4.783,5.517,1.0000
623.7603,333.2697,-183.3212,0.0000,0.000,4.792,5.508,1.0000
628.7624,329.3838,-180.1715,0.0000,0.000,4.802,5.498,1.0000
633.7655,325.5226,-176.9899,0.0000,0.000,4.812,5.488,1.0000
638.7696,321.7024,-173.7578,0.0000,0.000,4.821,5.479,1.0000
643.7748,317.9202,-170.4795,0.0000,0.000,4.831,5.469,1.0000
648.7799,314.1588,-167.1774,0.0000,0.000,4.840,5.460,1.0000
653.7836,310.4005,-163.8743,0.0000,0.000,4.850,5.450,1.0000
658.7840,306.6273,-160.5928,0.0000,0.000,4.860,5.440,1.0000
663.7802,302.8216,-157.3557,0.0000,0.000,4.869,5.431,1.0000
668.7718,298.9657,-154.1859,0.0000,0.000,4.879,5.421,1.0000
673.7602,295.0419,-151.1057,0.0000,0.000,4.889,5.411,1.0000
678.7480,291.0443,-148.1228,0.0000,0.000,4.901,5.399,1.0000
683.7376,286.9822,-145.2254,0.0000,0.000,4.931,5.369,1.0000
688.7301,282.8658,-142.4004,0.0000,0.000,4.961,5.339,1.0000
693.7260,278.7053,-139.6347,0.0000,0.000,4.991,5.309,1.0000
698.7247,274.5111,-136.9152,0.0000,0.000,5.032,5.268,1.0000
703.7254,270.2934,-134.2286,0.0000,0.000,5.080,5.220,1.0000
708.7266,266.0625,-131.5618,0.0000,0.000,5.128,5.172,1.0000
713.7271,261.8259,-128.9054,0.0000,0.000,5.176,5.124,1.0000
718.7270,257.5846,-126.2577,0.0000,0.000,5.223,5.077,1.0000
723.7262,253.3387,-123.6186,0.0000,0.000,5.196,5.104,1.0000
728.7249,249.0884,-120.9877,0.0000,0.000,5.169,5.131,1.0000
733.7231,244.8338,-118.3647,0.0000,0.000,5.142,5.158,1.0000
738.7209,240.5750,-115.7493,0.0000,0.000,5.114,5.186,1.0000
743.7183,236.3122,-113.1411,0.0000,0.000,5.087,5.213,1.0000
748.7154,232.0455,-110.5399,0.0000,0.000,5.060,5.240,1.0000
753.7122,227.7750,-107.9454,0.0000,0.000,5.033,5.267,1.0000
758.7089,223.5009,-105.3573,0.0000,0.000,5.006,5.294,1.0000
763.7054,219.2233,-102.7752,0.0000,0.000,4.979,5.321,1.0000
768.7018,214.9423,-100.1988,0.0000,0.000,5.179,5.481,1.0000
773.6982,210.6581,-97.6279,0.0000,0.000,5.700,5.827,1.0000
778.6947,206.3708,-95.0620,0.0000,0.000,6.221,6.172,1.0000
783.6912,202.0806,-92.5010,0.0000,0.000,6.742,6.518,1.0000
788.6878,197.7875,-89.9445,0.0000,0.000,7.019,6.800,1.0000
793.6846,193.4917,-87.3922,0.0000,0.000,7.215,7.062,1.0000
798.6816,189.1934,-84.8437,0.0000,0.000,7.411,7.323,1.0000
803.6789,184.8926,-82.2988,0.0000,0.000,7.608,7.584,1.0000
808.6765,180.5896,-79.7572,0.0000,0.000,7.804,7.846,1.0000
813.6745,176.2844,-77.2186,0.0000,0.000,8.001,8.107,1.0000
818.6729,171.9771,-74.6826,0.0000,0.000,8.197,8.368,1.0000
823.6717,167.6680,-72.1489,0.0000,0.000,8.243,8.407,1.0000
828.6710,163.3571,-69.6172,0.0000,0.000,8.255,8.395,1.0000
833.6708,159.0446,-67.0873,0.0000,0.000,8.267,8.383,1.0000
838.6712,154.7306,-64.5588,0.0000,0.000,8.278,8.372,1.0000
843.6722,150.4153,-62.0314,0.0000,0.000,8.290,8.360,1.0000
848.6738,146.0987,-59.5047,0.0000,0.000,8.302,8.348,1.0000
853.6762,141.7811,-56.9786,0.0000,0.000,8.314,8.336,1.0000
858.6786,137.4628,-54.4533,0.0000,0.000,8.326,8.324,1.0000
863.6798,133.1449,-51.9298,0.0000,0.000,8.337,8.313,1.0000
868.6783,128.8284,-49.4095,0.0000,0.000,8.349,8.301,1.0000
873.6726,124.5142,-46.8934,0.0000,0.000,8.361,8.289,1.0000
878.6614,120.2033,-44.3827,0.0000,0.000,8.373,8.277,1.0000
883.6431,115.8967,-41.8786,0.0000,0.000,8.387,8.270,1.0000
888.6163,111.5954,-39.3822,0.0000,0.000,8.420,8.313,1.0000
893.5879,107.3042,-36.8718,0.0000,0.000,8.453,8.357,1.0000
898.5851,103.0370,-34.2711,0.0000,0.000,8.486,8.400,1.0000
903.6426,98.8090,-31.4958,0.0000,0.000,8.519,8.443,1.0000
908.7882,94.6523,-28.4629,0.0000,0.000,8.941,8.029,1.0000
913.8344,90.8781,-25.1132,0.0000,0.000,9.407,7.563,1.0000
918.5096,88.0282,-21.4072,0.0000,0.000,9.872,7.098,1.0000
922.8363,86.6510,-17.3055,0.0000,0.000,9.487,7.483,1.0000
927.3535,87.1006,-12.8108,0.0000,0.000,8.988,7.982,1.0000
932.4203,88.9479,-8.0927,0.0000,0.000,8.700,8.220,1.0000
937.8261,91.5661,-3.3632,0.0000,0.000,8.574,8.257,1.0000
943.1383,94.3362,1.1695,0.0000,0.000,8.449,8.294,1.0000
948.1381,96.9271,5.4456,0.0000,0.000,8.324,8.332,1.0000
952.9575,99.3779,9.5954,0.0000,0.000,8.198,8.369,1.0000
957.7527,101.7521,13.7616,0.0000,0.000,8.073,8.406,1.0000
962.6626,104.1135,18.0663,0.0000,0.000,7.947,8.443,1.0000
967.6947,106.5293,22.4806,0.0000,0.000,7.822,8.480,1.0000
972.7985,109.0681,26.9082,0.0000,0.000,7.697,8.517,1.0000
977.9294,111.7975,31.2528,0.0000,0.000,7.571,8.554,1.0000
983.0210,114.6154,35.4936,0.0000,0.000,7.446,8.591,1.0000
987.9434,117.0410,39.7769,0.0000,0.000,7.320,8.628,1.0000
992.6824,118.5429,44.2716,0.0000,0.000,7.195,8.665,1.0000
997.4776,118.7116,49.0639,0.0000,0.000,7.315,8.545,1.0000
1002.4425,117.6266,53.9087,0.0000,0.000,7.435,8.425,1.0000
1007.4869,115.4895,58.4781,0.0000,0.000,7.506,8.493,1.0000
1012.4574,112.5021,62.4506,0.0000,0.000,7.567,8.595,1.0000
1017.3568,108.8677,65.7363,0.0000,0.000,7.616,8.665,1.0000
1022.3027,104.7923,68.5386,0.0000,0.000,7.636,8.650,1.0000
1027.3067,100.4818,71.0801,0.0000,0.000,7.656,8.636,1.0000
1032.3226,96.1235,73.5630,0.0000,0.000,7.676,8.621,1.0000
1037.3328,91.7734,76.0487,0.0000,0.000,7.696,8.606,1.0000
1042.3382,87.4305,78.5373,0.0000,0.000,7.715,8.592,1.0000
1047.3397,83.0939,81.0289,0.0000,0.000,7.735,8.577,1.0000
1052.3382,78.7622,83.5233,0.0000,0.000,7.755,8.562,1.0000
1057.3347,74.4346,86.0207,0.0000,0.000,7.775,8.548,1.0000
1062.3302,70.1098,88.5209,0.0000,0.000,7.795,8.533,1.0000
1067.3255,65.7868,91.0239,0.0000,0.000,7.814,8.518,1.0000
1072.3212,61.4649,93.5295,0.0000,0.000,7.834,8.504,1.0000
1077.3171,57.1441,96.0374,0.0000,0.000,7.854,8.489,1.0000
1082.3132,52.8241,98.5472,0.0000,0.000,7.874,8.474,1.0000
1087.3096,48.5048,101.0587,0.0000,0.000,7.893,8.460,1.0000
1092.3063,44.1860,103.5715,0.0000,0.000,7.913,8.445,1.0000
1097.3031,39.8674,106.0852,0.0000,0.000,7.933,8.430,1.0000
1102.3002,35.5490,108.5996,0.0000,0.000,7.953,8.416,1.0000
1107.2975,31.2305,111.1142,0.0000,0.000,7.973,8.401,1.0000
1112.2950,26.9118,113.6289,0.0000,0.000,7.992,8.386,1.0000
1117.2927,22.5926,116.1432,0.0000,0.000,8.012,8.372,1.0000
1122.2905,18.2729,118.6568,0.0000,0.000,8.032,8.357,1.0000
1127.2885,13.9524,121.1694,0.0000,0.000,8.052,8.342,1.0000
1132.2867,9.6309,123.6807,0.0000,0.000,8.072,8.328,1.0000
1137.2850,5.3083,126.1903,0.0000,0.000,8.091,8.313,1.0000
1142.2834,0.9845,128.6980,0.0000,0.000,8.111,8.299,1.0000
1147.2819,-3.3404,131.2041,0.0000,0.000,8.131,8.284,1.0000
1152.2806,-7.6664,133.7085,0.0000,0.000,8.151,8.269,1.0000
1157.2793,-11.9933,136.2116,0.0000,0.000,8.171,8.255,1.0000
1162.2781,-16.3209,138.7135,0.0000,0.000,8.190,8.240,1.0000
1167.2769,-20.6492,141.2143,0.0000,0.000,8.210,8.225,1.0000
1172.2758,-24.9781,143.7143,0.0000,0.000,8.230,8.211,1.0000
1177.2747,-29.3074,146.2135,0.0000,0.000,8.250,8.196,1.0000
1182.2736,-33.6371,148.7122,0.0000,0.000,8.270,8.181,1.0000
1187.2726,-37.9669,151.2106,0.0000,0.000,8.289,8.167,1.0000
1192.2715,-42.2968,153.7088,0.0000,0.000,8.309,8.152,1.0000
1197.2703,-46.6267,156.2069,0.0000,0.000,8.329,8.137,1.0000
1202.2692,-50.9564,158.7052,0.0000,0.000,8.349,8.123,1.0000
1207.2679,-55.2859,161.2038,0.0000,0.000,8.368,8.108,1.0000
1212.2666,-59.6150,163.7029,0.0000,0.000,8.388,8.093,1.0000
1217.2652,-63.9437,166.2027,0.0000,0.000,8.408,8.079,1.0000
1222.2636,-68.2717,168.7033,0.0000,0.000,8.428,8.064,1.0000
1227.2619,-72.5990,171.2048,0.0000,0.000,8.448,8.049,1.0000
1232.2601,-76.9254,173.7076,0.0000,0.000,8.467,8.035,1.0000
1237.2582,-81.2509,176.2117,0.0000,0.000,8.487,8.020,1.0000
1242.2560,-85.5753,178.7173,0.0000,0.000,8.507,8.005,1.0000
1247.2537,-89.8985,181.2246,0.0000,0.000,8.527,7.991,1.0000
1252.2512,-94.2205,183.7337,0.0000,0.000,8.547,7.976,1.0000
1257.2485,-98.5410,186.2449,0.0000,0.000,8.566,7.961,1.0000
1262.2455,-102.8599,188.7582,0.0000,0.000,8.586,7.947,1.0000
1267.2423,-107.1772,191.2739,0.0000,0.000,8.606,7.932,1.0000
1272.2388,-111.4928,193.7922,0.0000,0.000,8.626,7.917,1.0000
1277.2351,-115.8065,196.3131,0.0000,0.000,8.646,7.903,1.0000
1282.2311,-120.1181,198.8369,0.0000,0.000,8.665,7.888,1.0000
1287.2269,-124.4280,201.3633,0.0000,0.000,8.685,7.873,1.0000
1292.2225,-128.7369,203.8911,0.0000,0.000,8.705,7.859,1.0000
1297.2182,-133.0455,206.4194,0.0000,0.000,8.725,7.844,1.0000
1302.2139,-137.3545,208.9472,0.0000,0.000,8.745,7.829,1.0000
1307.2098,-141.6647,211.4733,0.0000,0.000,8.764,7.815,1.0000
1312.2060,-145.9768,213.9967,0.0000,0.000,8.784,7.800,1.0000
1317.2026,-150.2916,216.5165,0.0000,0.000,8.804,7.785,1.0000
1322.1998,-154.6097,219.0314,0.0000,0.000,8.824,7.771,1.0000
1327.1976,-158.9320,221.5406,0.0000,0.000,8.844,7.756,1.0000
1332.1962,-163.2592,224.0429,0.0000,0.000,8.863,7.741,1.0000
1337.1957,-167.5920,226.5373,0.0000,0.000,8.883,7.727,1.0000
1342.1963,-171.9312,229.0227,0.0000,0.000,8.903,7.712,1.0000
1347.1980,-176.2774,231.4982,0.0000,0.000,8.923,7.697,1.0000
1352.2012,-180.6315,233.9625,0.0000,0.000,8.942,7.683,1.0000
1357.2057,-184.9935,236.4159,0.0000,0.000,8.962,7.668,1.0000
1362.2112,-189.3604,238.8622,0.0000,0.000,8.982,7.653,1.0000
1367.2169,-193.7286,241.3067,0.0000,0.000,9.002,7.639,1.0000
1372.2222,-198.0945,243.7546,0.0000,0.000,9.022,7.624,1.0000
1377.2264,-202.4543,246.2111,0.0000,0.000,9.041,7.609,1.0000
1382.2290,-206.8044,248.6814,0.0000,0.000,9.061,7.595,1.0000
1387.2294,-211.1412,251.1707,0.0000,0.000,9.081,7.580,1.0000
1392.2271,-215.4609,253.6841,0.0000,0.000,9.101,7.565,1.0000
1397.2219,-219.7600,256.2269,0.0000,0.000,9.121,7.551,1.0000
1402.2134,-224.0346,258.8042,0.0000,0.000,9.140,7.536,1.0000
1407.2017,-228.2812,261.4213,0.0000,0.000,9.160,7.521,1.0000
1412.1868,-232.4962,264.0832,0.0000,0.000,9.180,7.507,1.0000
1417.1692,-236.6757,266.7953,0.0000,0.000,9.200,7.492,1.0000
1422.1494,-240.8162,269.5627,0.0000,0.000,9.220,7.477,1.0000
1427.1283,-244.9144,272.3902,0.0000,0.000,9.222,7.478,1.0000
1432.1077,-248.9717,275.2768,0.0000,0.000,9.200,7.500,1.0000
1437.0896,-252.9937,278.2168,0.0000,0.000,9.179,7.521,1.0000
1442.0760,-256.9861,281.2042,0.0000,0.000,9.157,7.543,1.0000
1447.0684,-260.9546,284.2332,0.0000,0.000,9.136,7.564,1.0000
1452.0681,-264.9049,287.2979,0.0000,0.000,9.114,7.586,1.0000
1457.0762,-268.8425,290.3923,0.0000,0.000,9.093,7.607,1.0000
1462.0934,-272.7727,293.5112,0.0000,0.000,9.072,7.628,1.0000
1467.1135,-276.6731,296.6716,0.0000,0.000,9.050,7.650,1.0000
1472.1223,-280.4842,299.9217,0.0000,0.000,9.029,7.671,1.0000
1477.1108,-284.1439,303.3116,0.0000,0.000,9.007,7.693,1.0000
1482.0808,-287.5992,306.8840,0.0000,0.000,8.985,7.723,1.0000
1487.0470,-290.8721,310.6191,0.0000,0.000,8.960,7.813,1.0000
1492.0191,-294.0203,314.4676,0.0000,0.000,8.935,7.903,1.0000
1496.9991,-297.1013,318.3802,0.0000,0.000,8.910,7.993,1.0000
1501.9855,-300.1582,322.3197,0.0000,0.000,8.885,8.083,1.0000
1506.9773,-303.1990,326.2783,0.0000,0.000,8.860,8.174,1.0000
1511.9735,-306.2269,330.2525,0.0000,0.000,8.835,8.264,1.0000
1516.9734,-309.2449,334.2388,0.0000,0.000,8.810,8.354,1.0000
1521.9759,-312.2562,338.2334,0.0000,0.000,8.785,8.444,1.0000
1526.9800,-315.2637,342.2329,0.0000,0.000,8.760,8.534,1.0000
1531.9847,-318.2705,346.2337,0.0000,0.000,8.735,8.624,1.0000
1536.9892,-321.2795,350.2326,0.0000,0.000,8.710,8.714,1.0000
1541.9928,-324.2917,354.2279,0.0000,0.000,8.684,8.805,1.0000
1546.9952,-327.3081,358.2186,0.0000,0.000,8.659,8.895,1.0000
1551.9959,-330.3294,362.2034,0.0000,0.000,8.634,8.985,1.0000
1556.9944,-333.3564,366.1811,0.0000,0.000,8.609,9.075,1.0000
1561.9903,-336.3899,370.1506,0.0000,0.000,8.584,9.165,1.0000
1566.9833,-339.4308,374.1107,0.0000,0.000,8.559,9.255,1.0000
1571.9731,-342.4795,378.0609,0.0000,0.000,8.534,9.346,1.0000
1576.9609,-345.5327,382.0050,0.0000,0.000,8.509,9.436,1.0000
1581.9487,-348.5855,385.9494,0.0000,0.000,8.484,9.526,1.0000
1586.9384,-351.6330,389.9004,0.0000,0.000,8.459,9.616,1.0000
1591.9320,-354.6704,393.8641,0.0000,0.000,8.434,9.706,1.0000
1596.9317,-357.6926,397.8468,0.0000,0.000,8.409,9.796,1.0000
1601.9394,-360.6948,401.8549,0.0000,0.000,8.384,9.886,1.0000
1606.9572,-363.6727,405.8935,0.0000,0.000,8.359,9.977,1.0000
1611.9815,-366.6354,409.9513,0.0000,0.000,8.333,10.067,1.0000
1617.0034,-369.6026,414.0029,0.0000,0.000,8.308,10.157,1.0000
1622.0142,-372.5943,418.0226,0.0000,0.000,8.283,10.247,1.0000
1627.0060,-375.6305,421.9847,0.0000,0.000,8.258,10.337,1.0000
1631.9719,-378.7315,425.8635,0.0000,0.000,8.233,10.427,1.0000
1636.9075,-381.9171,429.6333,0.0000,0.000,8.208,10.518,1.0000
1641.8061,-385.2126,433.2577,0.0000,0.000,8.183,10.608,1.0000
1646.5051,-388.8780,436.1980,0.0000,0.000,8.461,10.687,1.0000
1651.2176,-393.4771,437.2257,0.0000,0.000,9.379,10.744,1.0000
1656.4338,-398.5091,435.8517,0.0000,0.000,10.146,10.824,1.0000
1661.3956,-402.2688,432.6138,0.0000,0.000,9.969,11.001,1.0000
1666.2297,-404.2722,428.2144,0.0000,0.000,10.238,10.732,1.0000
1671.1150,-404.6832,423.3464,0.0000,0.000,10.285,10.685,1.0000
1676.1314,-404.2494,418.3487,0.0000,0.000,10.238,10.732,1.0000
1681.1600,-403.6607,413.3547,0.0000,0.000,10.191,10.779,1.0000
1686.1805,-402.9933,408.3788,0.0000,0.000,10.214,10.756,1.0000
1691.1938,-402.2481,403.4212,0.0000,0.000,10.291,10.679,1.0000
1696.2009,-401.4260,398.4820,0.0000,0.000,10.369,10.601,1.0000
1701.2028,-400.5282,393.5613,0.0000,0.000,10.446,10.524,1.0000
1706.2005,-399.5555,388.6592,0.0000,0.000,10.484,10.486,1.0000
1711.1948,-398.5089,383.7758,0.0000,0.000,10.446,10.524,1.0000
1716.1867,-397.3906,378.9108,0.0000,0.000,10.408,10.562,1.0000
1721.1773,-396.2065,374.0627,0.0000,0.000,10.370,10.600,1.0000
1726.1676,-394.9635,369.2297,0.0000,0.000,10.332,10.638,1.0000
1731.1585,-393.6684,364.4097,0.0000,0.000,10.293,10.677,1.0000
1736.1504,-392.3283,359.6011,0.0000,0.000,10.289,10.681,1.0000
1741.1436,-390.9500,354.8019,0.0000,0.000,10.307,10.663,1.0000
1746.1384,-389.5403,350.0102,0.0000,0.000,10.326,10.644,1.0000
1751.1346,-388.1061,345.2242,0.0000,0.000,10.344,10.626,1.0000
1756.1323,-386.6545,340.4420,0.0000,0.000,10.362,10.608,1.0000
1761.1312,-385.1921,335.6617,0.0000,0.000,10.380,10.590,1.0000
1766.1312,-383.7260,330.8815,0.0000,0.000,10.398,10.572,1.0000
1771.1319,-382.2631,326.0996,0.0000,0.000,10.416,10.554,1.0000
1776.1333,-380.8101,321.3139,0.0000,0.000,10.435,10.535,1.0000
1781.1350,-379.3741,316.5228,0.0000,0.000,10.453,10.517,1.0000
1786.1370,-377.9614,311.7244,0.0000,0.000,10.459,10.511,1.0000
1791.1392,-376.5716,306.9191,0.0000,0.000,10.419,10.551,1.0000
1796.1414,-375.1993,302.1088,0.0000,0.000,10.379,10.591,1.0000
1801.1434,-373.8391,297.2954,0.0000,0.000,10.339,10.631,1.0000
1806.1447,-372.4856,292.4807,0.0000,0.000,10.299,10.671,1.0000
1811.1451,-371.1333,287.6666,0.0000,0.000,10.259,10.711,1.0000
1816.1443,-369.7767,282.8551,0.0000,0.000,10.219,10.751,1.0000
1821.1418,-368.4104,278.0479,0.0000,0.000,10.179,10.791,1.0000
1826.1375,-367.0289,273.2470,0.0000,0.000,10.139,10.831,1.0000
1831.1311,-365.6268,268.4543,0.0000,0.000,10.099,10.871,1.0000
1836.1224,-364.1987,263.6717,0.0000,0.000,10.059,10.911,1.0000
1841.1114,-362.7390,258.9010,0.0000,0.000,10.019,10.951,1.0000
1846.0982,-361.2424,254.1441,0.0000,0.000,9.979,10.991,1.0000
1851.0829,-359.7033,249.4030,0.0000,0.000,9.939,11.031,1.0000
1856.0659,-358.1163,244.6794,0.0000,0.000,9.899,11.071,1.0000
1861.0484,-356.4659,239.9782,0.0000,0.000,9.933,11.037,1.0000
1866.0341,-354.7154,235.3098,0.0000,0.000,10.041,10.929,1.0000
1871.0295,-352.8256,230.6857,0.0000,0.000,10.150,10.820,1.0000
1876.0434,-350.7587,226.1178,0.0000,0.000,10.259,10.711,1.0000
1881.0704,-348.4997,221.6268,0.0000,0.000,10.368,10.602,1.0000
1886.0945,-346.0507,217.2401,0.0000,0.000,10.397,10.573,1.0000
1891.1004,-343.4137,212.9850,0.0000,0.000,10.200,10.770,1.0000
1896.0770,-340.5856,208.8902,0.0000,0.000,10.002,10.968,1.0000
1901.0258,-337.5415,204.9882,0.0000,0.000,9.804,11.166,1.0000
1905.9584,-334.2518,201.3130,0.0000,0.000,9.765,11.052,1.0000
1910.8952,-330.6877,197.8969,0.0000,0.000,9.849,10.699,1.0000
1915.8588,-326.8658,194.7298,0.0000,0.000,9.932,10.346,1.0000
1920.8541,-322.8580,191.7481,0.0000,0.000,10.015,9.993,1.0000
1925.8695,-318.7401,188.8851,0.0000,0.000,9.933,9.841,1.0000
1930.8864,-314.5809,186.0796,0.0000,0.000,9.789,9.764,1.0000
1935.8988,-310.4019,183.3119,0.0000,0.000,9.645,9.688,1.0000
1940.9074,-306.2044,180.5794,0.0000,0.000,9.500,9.611,1.0000
1945.9127,-301.9894,177.8798,0.0000,0.000,9.346,9.528,1.0000
1950.9154,-297.7582,175.2109,0.0000,0.000,8.973,9.301,1.0000
1955.9157,-293.5120,172.5703,0.0000,0.000,8.601,9.075,1.0000
1960.9143,-289.2518,169.9556,0.0000,0.000,8.229,8.849,1.0000
1965.9114,-284.9788,167.3646,0.0000,0.000,8.159,8.776,1.0000
1970.9075,-280.6943,164.7949,0.0000,0.000,8.152,8.734,1.0000
1975.9028,-276.3993,162.2442,0.0000,0.000,8.146,8.693,1.0000
1980.8976,-272.0950,159.7102,0.0000,0.000,8.139,8.651,1.0000
1985.8922,-267.7826,157.1906,0.0000,0.000,8.132,8.610,1.0000
1990.8867,-263.4632,154.6829,0.0000,0.000,8.125,8.568,1.0000
1995.8815,-259.1379,152.1849,0.0000,0.000,8.119,8.527,1.0000
2000.8765,-254.8081,149.6944,0.0000,0.000,8.112,8.485,1.0000
2005.8721,-250.4743,147.2097,0.0000,0.000,8.105,8.444,1.0000
2010.8680,-246.1370,144.7302,0.0000,0.000,8.098,8.402,1.0000
2015.8644,-241.7966,142.2554,0.0000,0.000,8.091,8.361,1.0000
2020.8611,-237.4534,139.7848,0.0000,0.000,8.085,8.319,1.0000
2025.8583,-233.1077,137.3179,0.0000,0.000,8.078,8.278,1.0000
2030.8557,-228.7598,134.8540,0.0000,0.000,8.071,8.236,1.0000
2035.8535,-224.4101,132.3928,0.0000,0.000,8.064,8.195,1.0000
2040.8515,-220.0590,129.9335,0.0000,0.000,8.058,8.153,1.0000
2045.8498,-215.7067,127.4758,0.0000,0.000,8.051,8.112,1.0000
2050.8483,-211.3536,125.0190,0.0000,0.000,8.044,8.070,1.0000
2055.8470,-207.0001,122.5627,0.0000,0.000,8.037,8.029,1.0000
2060.8458,-202.6464,120.1062,0.0000,0.000,8.030,7.987,1.0000
2065.8448,-198.2930,117.6492,0.0000,0.000,8.024,7.946,1.0000
2070.8438,-193.9402,115.1909,0.0000,0.000,8.017,7.904,1.0000
2075.8429,-189.5882,112.7309,0.0000,0.000,8.010,7.863,1.0000
2080.8420,-185.2375,110.2687,0.0000,0.000,8.003,7.821,1.0000
2085.8411,-180.8883,107.8037,0.0000,0.000,7.997,7.780,1.0000
2090.8402,-176.5411,105.3354,0.0000,0.000,7.990,7.738,1.0000
2095.8393,-172.1961,102.8633,0.0000,0.000,7.983,7.697,1.0000
2100.8382,-167.8537,100.3867,0.0000,0.000,7.976,7.655,1.0000
2105.8371,-163.5143,97.9053,0.0000,0.000,7.970,7.614,1.0000
2110.8358,-159.1781,95.4184,0.0000,0.000,7.963,7.572,1.0000
2115.8344,-154.8455,92.9255,0.0000,0.000,7.956,7.531,1.0000
2120.8328,-150.5168,90.4260,0.0000,0.000,7.949,7.489,1.0000
2125.8311,-146.1925,87.9196,0.0000,0.000,7.942,7.448,1.0000
2130.8291,-141.8728,85.4055,0.0000,0.000,7.936,7.406,1.0000
2135.8270,-137.5580,82.8833,0.0000,0.000,7.929,7.365,1.0000
2140.8247,-133.2485,80.3524,0.0000,0.000,7.922,7.323,1.0000
2145.8222,-128.9446,77.8125,0.0000,0.000,7.915,7.282,1.0000
2150.8195,-124.6460,75.2638,0.0000,0.000,7.909,7.240,1.0000
2155.8168,-120.3526,72.7067,0.0000,0.000,7.902,7.199,1.0000
2160.8139,-116.0641,70.1416,0.0000,0.000,7.895,7.157,1.0000
2165.8109,-111.7802,67.5690,0.0000,0.000,7.873,7.168,1.0000
2170.8079,-107.5006,64.9891,0.0000,0.000,7.851,7.182,1.0000
2175.8049,-103.2252,62.4025,0.0000,0.000,7.829,7.195,1.0000
2180.8019,-98.9536,59.8095,0.0000,0.000,7.806,7.209,1.0000
2185.7989,-94.6857,57.2106,0.0000,0.000,7.784,7.222,1.0000
2190.7959,-90.4211,54.6061,0.0000,0.000,7.761,7.236,1.0000
2195.7929,-86.1597,51.9964,0.0000,0.000,7.739,7.249,1.0000
2200.7900,-81.9010,49.3820,0.0000,0.000,7.717,7.263,1.0000
2205.7871,-77.6450,46.7633,0.0000,0.000,7.694,7.277,1.0000
2210.7843,-73.3914,44.1406,0.0000,0.000,7.672,7.290,1.0000
2215.7816,-69.1398,41.5144,0.0000,0.000,7.649,7.304,1.0000
2220.7790,-64.8901,38.8851,0.0000,0.000,7.627,7.317,1.0000
2225.7764,-60.6419,36.2530,0.0000,0.000,7.605,7.331,1.0000
2230.7740,-56.3951,33.6186,0.0000,0.000,7.582,7.344,1.0000
2235.7716,-52.1494,30.9823,0.0000,0.000,7.560,7.358,1.0000
2240.7693,-47.9045,28.3445,0.0000,0.000,7.537,7.371,1.0000
2245.7671,-43.6602,25.7056,0.0000,0.000,7.515,7.385,1.0000
2250.7650,-39.4162,23.0660,0.0000,0.000,7.493,7.398,1.0000
2255.7630,-35.1723,20.4260,0.0000,0.000,7.470,7.412,1.0000
2260.7611,-30.9283,17.7862,0.0000,0.000,7.448,7.426,1.0000
2265.7592,-26.6837,15.1469,0.0000,0.000,7.426,7.439,1.0000
2270.7575,-22.4385,12.5086,0.0000,0.000,7.403,7.453,1.0000
2275.7559,-18.1924,9.8715,0.0000,0.000,7.381,7.466,1.0000
2280.7544,-13.9450,7.2362,0.0000,0.000,7.358,7.480,1.0000
2285.7530,-9.6962,4.6030,0.0000,0.000,7.336,7.493,1.0000
2290.7517,-5.4462,1.9716,0.0000,0.000,7.314,7.507,1.0000
