# Sochi Autodrom — TUMFTM racetrack-database (LGPL-3.0), flat 2-D centre line + measured widths; upstream commit e59595d.
s_m,x_m,y_m,z_m,banking_deg,width_left_m,width_right_m,grip_scale
0.0000,-1.3844,0.9560,0.0000,0.000,7.198,6.439,1.0000
5.0006,-4.0671,-3.2641,0.0000,0.000,7.199,6.442,1.0000
10.0014,-6.7504,-7.4840,0.0000,0.000,7.199,6.444,1.0000
15.0023,-9.4344,-11.7036,0.0000,0.000,7.199,6.446,1.0000
20.0034,-12.1188,-15.9231,0.0000,0.000,7.199,6.449,1.0000
25.0045,-14.8038,-20.1424,0.0000,0.000,7.199,6.451,1.0000
30.0058,-17.4893,-24.3615,0.0000,0.000,7.199,6.453,1.0000
35.0071,-20.1751,-28.5805,0.0000,0.000,7.199,6.456,1.0000
40.0085,-22.8613,-32.7993,0.0000,0.000,7.199,6.458,1.0000
45.0100,-25.5478,-37.0181,0.0000,0.000,7.199,6.460,1.0000
50.0115,-28.2345,-41.2367,0.0000,0.000,7.199,6.463,1.0000
55.0131,-30.9215,-45.4552,0.0000,0.000,7.199,6.465,1.0000
60.0147,-33.6086,-49.6736,0.0000,0.000,7.199,6.467,1.0000
65.0163,-36.2958,-53.8920,0.0000,0.000,7.199,6.470,1.0000
70.0178,-38.9830,-58.1103,0.0000,0.000,7.199,6.472,1.0000
75.0194,-41.6703,-62.3286,0.0000,0.000,7.199,6.474,1.0000
80.0209,-44.3575,-66.5469,0.0000,0.000,7.199,6.477,1.0000
85.0223,-47.0447,-70.7652,0.0000,0.000,7.199,6.479,1.0000
90.0237,-49.7317,-74.9835,0.0000,0.000,7.199,6.481,1.0000
95.0251,-52.4188,-79.2017,0.0000,0.000,7.200,6.484,1.0000
100.0265,-55.1057,-83.4200,0.0000,0.000,7.200,6.486,1.0000
105.0278,-57.7926,-87.6383,0.0000,0.000,7.200,6.488,1.0000
110.0291,-60.4794,-91.8565,0.0000,0.000,7.200,6.491,1.0000
115.0303,-63.1661,-96.0748,0.0000,0.000,7.200,6.493,1.0000
120.0315,-65.8528,-100.2931,0.0000,0.000,7.200,6.495,1.0000
125.0327,-68.5394,-104.5114,0.0000,0.000,7.200,6.497,1.0000
130.0339,-71.2260,-108.7297,0.0000,0.000,7.200,6.500,1.0000
135.0351,-73.9125,-112.9481,0.0000,0.000,7.200,6.502,1.0000
140.0362,-76.5989,-117.1664,0.0000,0.000,7.200,6.504,1.0000
145.0373,-79.2852,-121.3848,0.0000,0.000,7.200,6.507,1.0000
150.0384,-81.9715,-125.6032,0.0000,0.000,7.200,6.509,1.0000
155.0395,-84.6578,-129.8216,0.0000,0.000,7.200,6.511,1.0000
160.0406,-87.3439,-134.0401,0.0000,0.000,7.200,6.514,1.0000
165.0417,-90.0300,-138.2586,0.0000,0.000,7.200,6.516,1.0000
170.0428,-92.7161,-142.4771,0.0000,0.000,7.200,6.518,1.0000
175.0439,-95.4021,-146.6957,0.0000,0.000,7.200,6.521,1.0000
180.0449,-98.0880,-150.9143,0.0000,0.000,7.200,6.523,1.0000
185.0460,-100.7739,-155.1329,0.0000,0.000,7.200,6.525,1.0000
190.0471,-103.4597,-159.3516,0.0000,0.000,7.201,6.528,1.0000
195.0482,-106.1455,-163.5703,0.0000,0.000,7.201,6.530,1.0000
200.0493,-108.8312,-167.7891,0.0000,0.000,7.201,6.532,1.0000
205.0505,-111.5168,-172.0079,0.0000,0.000,7.201,6.535,1.0000
210.0516,-114.2024,-176.2268,0.0000,0.000,7.201,6.537,1.0000
215.0528,-116.8880,-180.4458,0.0000,0.000,7.201,6.539,1.0000
220.0540,-119.5734,-184.6648,0.0000,0.000,7.201,6.542,1.0000
225.0552,-122.2589,-188.8839,0.0000,0.000,7.201,6.544,1.0000
230.0564,-124.9442,-193.1030,0.0000,0.000,7.201,6.546,1.0000
235.0576,-127.6296,-197.3222,0.0000,0.000,7.201,6.549,1.0000
240.0589,-130.3148,-201.5415,0.0000,0.000,7.201,6.551,1.0000
245.0603,-133.0000,-205.7608,0.0000,0.000,7.201,6.553,1.0000
250.0616,-135.6852,-209.9802,0.0000,0.000,7.201,6.556,1.0000
255.0630,-138.3703,-214.1997,0.0000,0.000,7.201,6.558,1.0000
260.0644,-141.0554,-218.4193,0.0000,0.000,7.201,6.560,1.0000
265.0659,-143.7404,-222.6389,0.0000,0.000,7.201,6.563,1.0000
270.0674,-146.4254,-226.8586,0.0000,0.000,7.201,6.565,1.0000
275.0689,-149.1105,-231.0782,0.0000,0.000,7.201,6.567,1.0000
280.0704,-151.7956,-235.2979,0.0000,0.000,7.202,6.570,1.0000
285.0720,-154.4809,-239.5174,0.0000,0.000,7.202,6.572,1.0000
290.0735,-157.1664,-243.7368,0.0000,0.000,7.202,6.574,1.0000
295.0749,-159.8521,-247.9560,0.0000,0.000,7.202,6.577,1.0000
300.0764,-162.5380,-252.1750,0.0000,0.000,7.202,6.579,1.0000
305.0777,-165.2243,-256.3938,0.0000,0.000,7.202,6.581,1.0000
310.0791,-167.9109,-260.6122,0.0000,0.000,7.202,6.584,1.0000
315.0803,-170.5979,-264.8303,0.0000,0.000,7.202,6.586,1.0000
320.0815,-173.2853,-269.0480,0.0000,0.000,7.202,6.588,1.0000
325.0825,-175.9733,-273.2653,0.0000,0.000,7.202,6.591,1.0000
330.0835,-178.6618,-277.4821,0.0000,0.000,7.202,6.593,1.0000
335.0843,-181.3508,-281.6985,0.0000,0.000,7.202,6.595,1.0000
340.0850,-184.0405,-285.9142,0.0000,0.000,7.202,6.597,1.0000
345.0856,-186.7308,-290.1294,0.0000,0.000,7.202,6.600,1.0000
350.0860,-189.4219,-294.3439,0.0000,0.000,7.202,6.602,1.0000
355.0862,-192.1136,-298.5579,0.0000,0.000,7.202,6.604,1.0000
360.0864,-194.8052,-302.7718,0.0000,0.000,7.202,6.607,1.0000
365.0868,-197.4956,-306.9867,0.0000,0.000,7.202,6.609,1.0000
370.0875,-200.1835,-311.2036,0.0000,0.000,7.202,6.611,1.0000
375.0887,-202.8679,-315.4234,0.0000,0.000,7.203,6.614,1.0000
380.0907,-205.5474,-319.6471,0.0000,0.000,7.203,6.616,1.0000
385.0935,-208.2210,-323.8756,0.0000,0.000,7.203,6.618,1.0000
390.0975,-210.8874,-328.1100,0.0000,0.000,7.203,6.621,1.0000
395.1029,-213.5455,-332.3512,0.0000,0.000,7.203,6.623,1.0000
400.1096,-216.1953,-336.5992,0.0000,0.000,7.203,6.625,1.0000
405.1145,-218.8619,-340.8347,0.0000,0.000,7.203,6.628,1.0000
410.1123,-221.5937,-345.0198,0.0000,0.000,7.203,6.630,1.0000
415.1006,-224.4401,-349.1163,0.0000,0.000,7.203,6.632,1.0000
420.0824,-227.4505,-353.0857,0.0000,0.000,7.207,6.635,1.0000
425.0686,-230.6618,-356.9001,0.0000,0.000,7.215,6.639,1.0000
430.0702,-233.9938,-360.6301,0.0000,0.000,7.222,6.643,1.0000
435.0859,-237.3039,-364.3985,0.0000,0.000,7.230,6.647,1.0000
440.1027,-240.5780,-368.1996,0.0000,0.000,7.238,6.650,1.0000
445.0916,-244.0044,-371.8257,0.0000,0.000,7.245,6.654,1.0000
450.0624,-247.6879,-375.1636,0.0000,0.000,7.228,6.705,1.0000
455.0413,-251.5736,-378.2764,0.0000,0.000,7.184,6.807,1.0000
460.0367,-255.5928,-381.2431,0.0000,0.000,7.141,6.908,1.0000
465.0450,-259.6766,-384.1423,0.0000,0.000,7.097,7.009,1.0000
470.0566,-263.7583,-387.0502,0.0000,0.000,7.083,6.988,1.0000
475.0662,-267.8177,-389.9857,0.0000,0.000,7.074,6.943,1.0000
480.0725,-271.8772,-392.9154,0.0000,0.000,7.065,6.898,1.0000
485.0745,-275.9610,-395.8037,0.0000,0.000,7.057,6.853,1.0000
490.0723,-280.0933,-398.6148,0.0000,0.000,7.054,6.807,1.0000
495.0678,-284.2911,-401.3229,0.0000,0.000,7.067,6.761,1.0000
500.0628,-288.5533,-403.9276,0.0000,0.000,7.079,6.715,1.0000
505.0585,-292.8753,-406.4329,0.0000,0.000,7.091,6.670,1.0000
510.0554,-297.2525,-408.8430,0.0000,0.000,7.104,6.624,1.0000
515.0539,-301.6807,-411.1619,0.0000,0.000,7.118,6.613,1.0000
520.0541,-306.1551,-413.3936,0.0000,0.000,7.135,6.638,1.0000
525.0555,-310.6714,-415.5424,0.0000,0.000,7.152,6.663,1.0000
530.0574,-315.2250,-417.6122,0.0000,0.000,7.168,6.688,1.0000
535.0590,-319.8115,-419.6071,0.0000,0.000,7.185,6.713,1.0000
540.0592,-324.4267,-421.5313,0.0000,0.000,7.195,6.728,1.0000
545.0584,-329.0680,-423.3888,0.0000,0.000,7.183,6.709,1.0000
550.0574,-333.7335,-425.1840,0.0000,0.000,7.170,6.690,1.0000
555.0565,-338.4211,-426.9212,0.0000,0.000,7.158,6.671,1.0000
560.0560,-343.1287,-428.6045,0.0000,0.000,7.145,6.652,1.0000
565.0561,-347.8543,-430.2382,0.0000,0.000,7.132,6.632,1.0000
570.0567,-352.5960,-431.8266,0.0000,0.000,7.120,6.613,1.0000
575.0577,-357.3515,-433.3739,0.0000,0.000,7.107,6.594,1.0000
580.0587,-362.1190,-434.8844,0.0000,0.000,7.098,6.588,1.0000
585.0595,-366.8965,-436.3622,0.0000,0.000,7.096,6.603,1.0000
590.0600,-371.6824,-437.8116,0.0000,0.000,7.093,6.618,1.0000
595.0605,-376.4755,-439.2365,0.0000,0.000,7.090,6.632,1.0000
600.0611,-381.2748,-440.6409,0.0000,0.000,7.088,6.647,1.0000
605.0617,-386.0789,-442.0290,0.0000,0.000,7.085,6.661,1.0000
610.0625,-390.8868,-443.4048,0.0000,0.000,7.083,6.676,1.0000
615.0635,-395.6971,-444.7723,0.0000,0.000,7.080,6.691,1.0000
620.0646,-400.5088,-446.1355,0.0000,0.000,7.077,6.705,1.0000
625.0657,-405.3206,-447.4986,0.0000,0.000,7.075,6.720,1.0000
630.0669,-410.1316,-448.8649,0.0000,0.000,7.072,6.734,1.0000
635.0681,-414.9415,-450.2347,0.0000,0.000,7.070,6.749,1.0000
640.0693,-419.7506,-451.6076,0.0000,0.000,7.067,6.764,1.0000
645.0705,-424.5590,-452.9829,0.0000,0.000,7.064,6.778,1.0000
650.0718,-429.3669,-454.3603,0.0000,0.000,7.062,6.793,1.0000
655.0731,-434.1743,-455.7390,0.0000,0.000,7.059,6.807,1.0000
660.0743,-438.9816,-457.1186,0.0000,0.000,7.057,6.822,1.0000
665.0756,-443.7887,-458.4985,0.0000,0.000,7.054,6.837,1.0000
670.0769,-448.5960,-459.8782,0.0000,0.000,7.051,6.851,1.0000
675.0782,-453.4034,-461.2571,0.0000,0.000,7.049,6.866,1.0000
680.0795,-458.2112,-462.6347,0.0000,0.000,7.046,6.880,1.0000
685.0807,-463.0195,-464.0104,0.0000,0.000,7.044,6.895,1.0000
690.0820,-467.8285,-465.3837,0.0000,0.000,7.041,6.910,1.0000
695.0832,-472.6384,-466.7541,0.0000,0.000,7.038,6.924,1.0000
700.0845,-477.4492,-468.1210,0.0000,0.000,7.036,6.939,1.0000
705.0857,-482.2611,-469.4838,0.0000,0.000,7.033,6.950,1.0000
710.0869,-487.0743,-470.8421,0.0000,0.000,7.028,6.945,1.0000
715.0880,-491.8889,-472.1953,0.0000,0.000,7.022,6.940,1.0000
720.0892,-496.7052,-473.5428,0.0000,0.000,7.017,6.935,1.0000
725.0904,-501.5230,-474.8845,0.0000,0.000,7.012,6.930,1.0000
730.0915,-506.3423,-476.2209,0.0000,0.000,7.007,6.926,1.0000
735.0927,-511.1630,-477.5521,0.0000,0.000,7.002,6.921,1.0000
740.0939,-515.9851,-478.8786,0.0000,0.000,6.996,6.916,1.0000
745.0951,-520.8084,-480.2006,0.0000,0.000,6.991,6.911,1.0000
750.0963,-525.6329,-481.5185,0.0000,0.000,6.986,6.906,1.0000
755.0976,-530.4584,-482.8326,0.0000,0.000,6.974,6.898,1.0000
760.0988,-535.2849,-484.1431,0.0000,0.000,6.953,6.885,1.0000
765.1001,-540.1122,-485.4505,0.0000,0.000,6.933,6.872,1.0000
770.1014,-544.9404,-486.7551,0.0000,0.000,6.912,6.860,1.0000
775.1027,-549.7692,-488.0571,0.0000,0.000,6.892,6.847,1.0000
780.1040,-554.5987,-489.3570,0.0000,0.000,6.871,6.834,1.0000
785.1053,-559.4286,-490.6549,0.0000,0.000,6.850,6.821,1.0000
790.1066,-564.2590,-491.9513,0.0000,0.000,6.830,6.808,1.0000
795.1079,-569.0897,-493.2464,0.0000,0.000,6.809,6.796,1.0000
800.1092,-573.9206,-494.5407,0.0000,0.000,6.789,6.783,1.0000
805.1105,-578.7517,-495.8343,0.0000,0.000,6.768,6.770,1.0000
810.1118,-583.5829,-497.1277,0.0000,0.000,6.747,6.757,1.0000
815.1131,-588.4140,-498.4210,0.0000,0.000,6.727,6.744,1.0000
820.1143,-593.2452,-499.7143,0.0000,0.000,6.706,6.732,1.0000
825.1156,-598.0763,-501.0077,0.0000,0.000,6.686,6.719,1.0000
830.1168,-602.9074,-502.3011,0.0000,0.000,6.665,6.706,1.0000
835.1180,-607.7384,-503.5945,0.0000,0.000,6.644,6.693,1.0000
840.1192,-612.5695,-504.8879,0.0000,0.000,6.624,6.680,1.0000
845.1204,-617.4005,-506.1813,0.0000,0.000,6.603,6.667,1.0000
850.1216,-622.2315,-507.4749,0.0000,0.000,6.583,6.655,1.0000
855.1227,-627.0625,-508.7684,0.0000,0.000,6.562,6.642,1.0000
860.1239,-631.8935,-510.0620,0.0000,0.000,6.541,6.629,1.0000
865.1251,-636.7244,-511.3557,0.0000,0.000,6.521,6.616,1.0000
870.1262,-641.5554,-512.6494,0.0000,0.000,6.500,6.603,1.0000
875.1274,-646.3863,-513.9432,0.0000,0.000,6.480,6.591,1.0000
880.1285,-651.2171,-515.2370,0.0000,0.000,6.459,6.578,1.0000
885.1297,-656.0480,-516.5310,0.0000,0.000,6.438,6.565,1.0000
890.1308,-660.8788,-517.8250,0.0000,0.000,6.418,6.552,1.0000
895.1320,-665.7097,-519.1191,0.0000,0.000,6.397,6.539,1.0000
900.1331,-670.5404,-520.4134,0.0000,0.000,6.377,6.527,1.0000
905.1343,-675.3712,-521.7077,0.0000,0.000,6.356,6.514,1.0000
910.1355,-680.2020,-523.0021,0.0000,0.000,6.335,6.501,1.0000
915.1366,-685.0327,-524.2966,0.0000,0.000,6.315,6.488,1.0000
920.1378,-689.8634,-525.5913,0.0000,0.000,6.294,6.475,1.0000
925.1390,-694.6941,-526.8861,0.0000,0.000,6.274,6.463,1.0000
930.1402,-699.5247,-528.1810,0.0000,0.000,6.253,6.450,1.0000
935.1414,-704.3553,-529.4761,0.0000,0.000,6.232,6.437,1.0000
940.1426,-709.1859,-530.7713,0.0000,0.000,6.212,6.424,1.0000
945.1439,-714.0165,-532.0666,0.0000,0.000,6.191,6.411,1.0000
950.1451,-718.8471,-533.3621,0.0000,0.000,6.171,6.399,1.0000
955.1464,-723.6776,-534.6578,0.0000,0.000,6.150,6.386,1.0000
960.1477,-728.5081,-535.9536,0.0000,0.000,6.129,6.373,1.0000
965.1490,-733.3385,-537.2496,0.0000,0.000,6.109,6.360,1.0000
970.1503,-738.1690,-538.5458,0.0000,0.000,6.088,6.347,1.0000
975.1517,-742.9994,-539.8421,0.0000,0.000,6.068,6.335,1.0000
980.1530,-747.8298,-541.1387,0.0000,0.000,6.047,6.322,1.0000
985.1544,-752.6602,-542.4354,0.0000,0.000,6.027,6.309,1.0000
990.1558,-757.4905,-543.7323,0.0000,0.000,6.006,6.296,1.0000
995.1573,-762.3208,-545.0295,0.0000,0.000,5.985,6.283,1.0000
1000.1587,-767.1509,-546.3274,0.0000,0.000,5.965,6.271,1.0000
1005.1602,-771.9807,-547.6266,0.0000,0.000,5.944,6.258,1.0000
1010.1616,-776.8099,-548.9278,0.0000,0.000,5.924,6.245,1.0000
1015.1630,-781.6384,-550.2316,0.0000,0.000,5.903,6.232,1.0000
1020.1644,-786.4659,-551.5386,0.0000,0.000,5.882,6.219,1.0000
1025.1657,-791.2923,-552.8496,0.0000,0.000,5.862,6.207,1.0000
1030.1669,-796.1174,-554.1651,0.0000,0.000,5.841,6.194,1.0000
1035.1680,-800.9410,-555.4859,0.0000,0.000,5.821,6.181,1.0000
1040.1691,-805.7629,-556.8124,0.0000,0.000,5.800,6.168,1.0000
1045.1701,-810.5829,-558.1455,0.0000,0.000,5.779,6.155,1.0000
1050.1709,-815.4009,-559.4857,0.0000,0.000,5.805,6.183,1.0000
1055.1717,-820.2166,-560.8336,0.0000,0.000,5.913,6.281,1.0000
1060.1724,-825.0298,-562.1899,0.0000,0.000,6.020,6.379,1.0000
1065.1730,-829.8404,-563.5553,0.0000,0.000,6.127,6.478,1.0000
1070.1735,-834.6481,-564.9305,0.0000,0.000,6.235,6.576,1.0000
1075.1740,-839.4528,-566.3159,0.0000,0.000,6.342,6.674,1.0000
1080.1744,-844.2543,-567.7123,0.0000,0.000,6.449,6.773,1.0000
1085.1748,-849.0524,-569.1204,0.0000,0.000,6.556,6.871,1.0000
1090.1753,-853.8472,-570.5397,0.0000,0.000,6.664,6.969,1.0000
1095.1759,-858.6392,-571.9688,0.0000,0.000,6.771,7.067,1.0000
1100.1765,-863.4290,-573.4059,0.0000,0.000,6.878,7.166,1.0000
1105.1774,-868.2170,-574.8492,0.0000,0.000,6.986,7.264,1.0000
1110.1785,-873.0039,-576.2972,0.0000,0.000,7.093,7.362,1.0000
1115.1798,-877.7901,-577.7480,0.0000,0.000,7.200,7.460,1.0000
1120.1813,-882.5762,-579.2000,0.0000,0.000,7.308,7.559,1.0000
1125.1831,-887.3628,-580.6514,0.0000,0.000,7.415,7.657,1.0000
1130.1852,-892.1504,-582.1005,0.0000,0.000,7.522,7.755,1.0000
1135.1876,-896.9395,-583.5457,0.0000,0.000,7.591,7.769,1.0000
1140.1904,-901.7307,-584.9852,0.0000,0.000,7.593,7.636,1.0000
1145.1935,-906.5245,-586.4173,0.0000,0.000,7.595,7.502,1.0000
1150.1971,-911.3215,-587.8403,0.0000,0.000,7.598,7.369,1.0000
1155.2011,-916.1221,-589.2525,0.0000,0.000,7.600,7.236,1.0000
1160.2057,-920.9270,-590.6522,0.0000,0.000,7.602,7.102,1.0000
1165.2109,-925.7367,-592.0376,0.0000,0.000,7.604,6.969,1.0000
1170.2169,-930.5516,-593.4070,0.0000,0.000,7.606,6.836,1.0000
1175.2215,-935.3721,-594.7523,0.0000,0.000,7.608,6.702,1.0000
1180.1319,-940.1806,-595.7476,0.0000,0.000,7.544,6.678,1.0000
1184.8878,-944.9346,-595.6154,0.0000,0.000,7.242,7.043,1.0000
1189.8566,-949.5479,-593.7699,0.0000,0.000,6.715,6.819,1.0000
1195.1102,-953.7513,-590.6184,0.0000,0.000,6.386,6.336,1.0000
1200.2671,-957.2400,-586.8206,0.0000,0.000,6.287,5.747,1.0000
1205.2028,-959.9601,-582.7021,0.0000,0.000,6.567,5.906,1.0000
1210.0692,-962.0631,-578.3136,0.0000,0.000,6.699,6.004,1.0000
1214.9692,-963.7069,-573.6976,0.0000,0.000,6.582,6.003,1.0000
1219.9541,-965.0492,-568.8967,0.0000,0.000,6.464,6.002,1.0000
1225.0218,-966.2538,-563.9743,0.0000,0.000,6.347,6.001,1.0000
1230.1089,-967.4979,-559.0417,0.0000,0.000,6.230,6.000,1.0000
1235.1503,-968.9608,-554.2172,0.0000,0.000,6.113,5.999,1.0000
1240.1109,-970.8219,-549.6190,0.0000,0.000,5.880,6.374,1.0000
1245.0137,-973.2570,-545.3637,0.0000,0.000,5.629,6.810,1.0000
1249.9364,-976.2999,-541.4940,0.0000,0.000,5.857,6.523,1.0000
1254.9099,-979.7928,-537.9536,0.0000,0.000,6.263,5.969,1.0000
1259.9154,-983.5608,-534.6585,0.0000,0.000,6.337,5.835,1.0000
1264.9348,-987.4141,-531.4419,0.0000,0.000,6.278,5.867,1.0000
1269.9471,-991.1938,-528.1500,0.0000,0.000,6.219,5.900,1.0000
1274.9525,-994.8820,-524.7659,0.0000,0.000,6.160,5.932,1.0000
1279.9549,-998.4962,-521.3074,0.0000,0.000,6.101,5.965,1.0000
1284.9563,-1002.0541,-517.7925,0.0000,0.000,6.066,6.005,1.0000
1289.9575,-1005.5733,-514.2389,0.0000,0.000,6.059,6.055,1.0000
1294.9588,-1009.0713,-510.6645,0.0000,0.000,6.051,6.104,1.0000
1299.9597,-1012.5658,-507.0871,0.0000,0.000,6.044,6.154,1.0000
1304.9597,-1016.0744,-503.5247,0.0000,0.000,6.036,6.203,1.0000
1309.9589,-1019.6147,-499.9951,0.0000,0.000,6.029,6.253,1.0000
1314.9578,-1023.2018,-496.5136,0.0000,0.000,6.021,6.302,1.0000
1319.9571,-1026.8320,-493.0762,0.0000,0.000,6.014,6.352,1.0000
1324.9574,-1030.4930,-489.6703,0.0000,0.000,6.070,6.352,1.0000
1329.9586,-1034.1726,-486.2833,0.0000,0.000,6.156,6.328,1.0000
1334.9602,-1037.8585,-482.9024,0.0000,0.000,6.243,6.304,1.0000
1339.9618,-1041.5385,-479.5151,0.0000,0.000,6.330,6.280,1.0000
1344.9631,-1045.2003,-476.1087,0.0000,0.000,6.416,6.256,1.0000
1349.9639,-1048.8317,-472.6706,0.0000,0.000,6.503,6.233,1.0000
1354.9646,-1052.4204,-469.1880,0.0000,0.000,6.590,6.209,1.0000
1359.9661,-1055.9606,-465.6550,0.0000,0.000,6.461,6.253,1.0000
1364.9678,-1059.4714,-462.0925,0.0000,0.000,6.331,6.298,1.0000
1369.9686,-1062.9788,-458.5279,0.0000,0.000,6.202,6.343,1.0000
1374.9669,-1066.5083,-454.9888,0.0000,0.000,6.073,6.388,1.0000
1379.9620,-1070.0858,-451.5027,0.0000,0.000,5.944,6.433,1.0000
1384.9550,-1073.7278,-448.0873,0.0000,0.000,5.815,6.478,1.0000
1389.9480,-1077.4317,-444.7389,0.0000,0.000,5.789,6.478,1.0000
1394.9431,-1081.1919,-441.4507,0.0000,0.000,5.808,6.459,1.0000
1399.9416,-1085.0028,-438.2161,0.0000,0.000,5.827,6.440,1.0000
1404.9443,-1088.8598,-435.0301,0.0000,0.000,5.846,6.421,1.0000
1409.9490,-1092.7649,-431.9002,0.0000,0.000,5.865,6.403,1.0000
1414.9529,-1096.7234,-428.8393,0.0000,0.000,5.884,6.384,1.0000
1419.9538,-1100.7402,-425.8604,0.0000,0.000,5.903,6.365,1.0000
1424.9503,-1104.8205,-422.9766,0.0000,0.000,5.853,6.359,1.0000
1429.9441,-1108.9633,-420.1881,0.0000,0.000,5.800,6.353,1.0000
1434.9441,-1113.1436,-417.4449,0.0000,0.000,5.747,6.348,1.0000
1439.9555,-1117.3389,-414.7037,0.0000,0.000,5.693,6.343,1.0000
1444.9350,-1121.6461,-412.2051,0.0000,0.000,5.640,6.337,1.0000
1449.8807,-1126.2388,-410.3702,0.0000,0.000,5.648,6.321,1.0000
1454.8819,-1131.0835,-409.1288,0.0000,0.000,5.679,6.300,1.0000
1459.9077,-1135.9898,-408.0392,0.0000,0.000,5.710,6.280,1.0000
1464.9055,-1140.8370,-406.8214,0.0000,0.000,5.741,6.259,1.0000
1469.8920,-1145.6626,-405.5655,0.0000,0.000,5.771,6.239,1.0000
1474.8870,-1150.5190,-404.3969,0.0000,0.000,5.802,6.218,1.0000
1479.8931,-1155.4145,-403.3502,0.0000,0.000,5.833,6.198,1.0000
1484.9041,-1160.3385,-402.4204,0.0000,0.000,5.791,6.231,1.0000
1489.9133,-1165.2805,-401.6025,0.0000,0.000,5.749,6.266,1.0000
1494.9135,-1170.2299,-400.8914,0.0000,0.000,5.707,6.300,1.0000
1499.9033,-1175.1823,-400.2825,0.0000,0.000,5.665,6.334,1.0000
1504.8883,-1180.1411,-399.7713,0.0000,0.000,5.623,6.368,1.0000
1509.8745,-1185.1097,-399.3538,0.0000,0.000,5.591,6.401,1.0000
1514.8676,-1190.0920,-399.0257,0.0000,0.000,5.629,6.428,1.0000
1519.8724,-1195.0911,-398.7844,0.0000,0.000,5.667,6.455,1.0000
1524.8847,-1200.1015,-398.6487,0.0000,0.000,5.704,6.482,1.0000
1529.8948,-1205.1116,-398.6534,0.0000,0.000,5.742,6.509,1.0000
1534.8962,-1210.1097,-398.8339,0.0000,0.000,5.780,6.536,1.0000
1539.8858,-1215.0840,-399.2252,0.0000,0.000,5.811,6.558,1.0000
1544.8687,-1220.0298,-399.8319,0.0000,0.000,5.796,6.542,1.0000
1549.8548,-1224.9574,-400.5937,0.0000,0.000,5.782,6.526,1.0000
1554.8489,-1229.8789,-401.4420,0.0000,0.000,5.767,6.510,1.0000
1559.8519,-1234.8064,-402.3079,0.0000,0.000,5.752,6.493,1.0000
1564.8639,-1239.7509,-403.1277,0.0000,0.000,5.737,6.477,1.0000
1569.8663,-1244.6764,-404.0010,0.0000,0.000,5.722,6.461,1.0000
1574.8337,-1249.4893,-405.2307,0.0000,0.000,5.707,6.445,1.0000
1579.8042,-1254.1274,-407.0178,0.0000,0.000,5.701,6.432,1.0000
1584.8067,-1258.6609,-409.1327,0.0000,0.000,5.696,6.419,1.0000
1589.8138,-1263.1721,-411.3052,0.0000,0.000,5.690,6.407,1.0000
1594.8175,-1267.6719,-413.4935,0.0000,0.000,5.685,6.394,1.0000
1599.8179,-1272.1545,-415.7092,0.0000,0.000,5.679,6.382,1.0000
1604.8150,-1276.6141,-417.9640,0.0000,0.000,5.674,6.369,1.0000
1609.8096,-1281.0447,-420.2696,0.0000,0.000,5.668,6.357,1.0000
1614.8027,-1285.4404,-422.6377,0.0000,0.000,5.664,6.348,1.0000
1619.7958,-1289.7956,-425.0799,0.0000,0.000,5.669,6.363,1.0000
1624.7913,-1294.1042,-427.6079,0.0000,0.000,5.674,6.377,1.0000
1629.7922,-1298.3605,-430.2334,0.0000,0.000,5.678,6.392,1.0000
1634.8013,-1302.5625,-432.9599,0.0000,0.000,5.683,6.406,1.0000
1639.8138,-1306.7363,-435.7356,0.0000,0.000,5.687,6.421,1.0000
1644.8196,-1310.9168,-438.4890,0.0000,0.000,5.692,6.435,1.0000
1649.8078,-1315.0656,-441.2584,0.0000,0.000,5.697,6.449,1.0000
1654.7736,-1319.0547,-444.2159,0.0000,0.000,5.709,6.452,1.0000
1659.7411,-1322.7924,-447.4879,0.0000,0.000,5.734,6.434,1.0000
1664.7349,-1326.3399,-451.0025,0.0000,0.000,5.759,6.416,1.0000
1669.7526,-1329.7940,-454.6422,0.0000,0.000,5.783,6.399,1.0000
1674.7781,-1333.2512,-458.2895,0.0000,0.000,5.808,6.381,1.0000
1679.7950,-1336.7993,-461.8363,0.0000,0.000,5.833,6.363,1.0000
1684.7990,-1340.4087,-465.3023,0.0000,0.000,5.858,6.345,1.0000
1689.7861,-1343.9655,-468.7979,0.0000,0.000,5.883,6.327,1.0000
1694.7577,-1347.3542,-472.4358,0.0000,0.000,5.908,6.309,1.0000
1699.7370,-1350.4600,-476.3278,0.0000,0.000,5.899,6.296,1.0000
1704.7566,-1353.2698,-480.4873,0.0000,0.000,5.885,6.282,1.0000
1709.7876,-1355.9788,-484.7267,0.0000,0.000,5.872,6.269,1.0000
1714.7838,-1358.7782,-488.8650,0.0000,0.000,5.858,6.256,1.0000
1719.7688,-1361.6604,-492.9322,0.0000,0.000,5.844,6.243,1.0000
1724.7771,-1364.5237,-497.0413,0.0000,0.000,5.831,6.230,1.0000
1729.7799,-1367.1781,-501.2818,0.0000,0.000,5.817,6.217,1.0000
1734.7556,-1369.4058,-505.7309,0.0000,0.000,5.786,6.237,1.0000
1739.7416,-1371.2484,-510.3640,0.0000,0.000,5.752,6.265,1.0000
1744.7506,-1373.0559,-515.0355,0.0000,0.000,5.717,6.294,1.0000
1749.7761,-1375.0744,-519.6378,0.0000,0.000,5.682,6.322,1.0000
1754.7942,-1377.1099,-524.2246,0.0000,0.000,5.647,6.351,1.0000
1759.7784,-1378.8883,-528.8807,0.0000,0.000,5.612,6.379,1.0000
1764.7494,-1380.3825,-533.6219,0.0000,0.000,5.578,6.408,1.0000
1769.7308,-1381.7321,-538.4169,0.0000,0.000,5.597,6.387,1.0000
1774.7250,-1382.9914,-543.2497,0.0000,0.000,5.626,6.357,1.0000
1779.7279,-1384.1521,-548.1161,0.0000,0.000,5.654,6.328,1.0000
1784.7355,-1385.2047,-553.0118,0.0000,0.000,5.683,6.299,1.0000
1789.7445,-1386.1398,-557.9328,0.0000,0.000,5.711,6.269,1.0000
1794.7521,-1386.9479,-562.8747,0.0000,0.000,5.740,6.240,1.0000
1799.7563,-1387.6195,-567.8337,0.0000,0.000,5.764,6.228,1.0000
1804.7557,-1388.1451,-572.8053,0.0000,0.000,5.788,6.218,1.0000
1809.7497,-1388.5153,-577.7857,0.0000,0.000,5.812,6.207,1.0000
1814.7388,-1388.7208,-582.7705,0.0000,0.000,5.836,6.197,1.0000
1819.7255,-1388.7605,-587.7571,0.0000,0.000,5.811,6.209,1.0000
1824.7140,-1388.6426,-592.7442,0.0000,0.000,5.775,6.227,1.0000
1829.7076,-1388.3759,-597.7307,0.0000,0.000,5.738,6.245,1.0000
1834.7089,-1387.9691,-602.7154,0.0000,0.000,5.701,6.266,1.0000
1839.7192,-1387.4304,-607.6966,0.0000,0.000,5.665,6.298,1.0000
1844.7338,-1386.7592,-612.6661,0.0000,0.000,5.628,6.329,1.0000
1849.7444,-1385.9491,-617.6107,0.0000,0.000,5.591,6.360,1.0000
1854.7433,-1384.9936,-622.5175,0.0000,0.000,5.555,6.392,1.0000
1859.7239,-1383.8863,-627.3734,0.0000,0.000,5.518,6.423,1.0000
1864.6904,-1382.6298,-632.1784,0.0000,0.000,5.509,6.432,1.0000
1869.6664,-1381.2446,-636.9577,0.0000,0.000,5.532,6.415,1.0000
1874.6707,-1379.7493,-641.7334,0.0000,0.000,5.554,6.398,1.0000
1879.6911,-1378.1356,-646.4874,0.0000,0.000,5.577,6.381,1.0000
1884.7052,-1376.3857,-651.1862,0.0000,0.000,5.600,6.365,1.0000
1889.7057,-1374.5018,-655.8183,0.0000,0.000,5.623,6.348,1.0000
1894.6989,-1372.5099,-660.3969,0.0000,0.000,5.680,6.364,1.0000
1899.6898,-1370.4373,-664.9371,0.0000,0.000,5.920,6.557,1.0000
1904.6816,-1368.3113,-669.4535,0.0000,0.000,6.161,6.751,1.0000
1909.6761,-1366.1546,-673.9584,0.0000,0.000,6.402,6.945,1.0000
1914.6734,-1363.9742,-678.4550,0.0000,0.000,6.642,7.139,1.0000
1919.6731,-1361.7738,-682.9444,0.0000,0.000,6.883,7.332,1.0000
1924.6747,-1359.5571,-687.4279,0.0000,0.000,7.123,7.526,1.0000
1929.6777,-1357.3275,-691.9067,0.0000,0.000,7.364,7.720,1.0000
1934.6816,-1355.0889,-696.3820,0.0000,0.000,7.605,7.914,1.0000
1939.6860,-1352.8448,-700.8549,0.0000,0.000,7.845,8.107,1.0000
1944.6901,-1350.5988,-705.3267,0.0000,0.000,8.086,8.301,1.0000
1949.6936,-1348.3546,-709.7986,0.0000,0.000,8.326,8.495,1.0000
1954.6958,-1346.1155,-714.2718,0.0000,0.000,8.567,8.689,1.0000
1959.6970,-1343.8834,-718.7472,0.0000,0.000,8.808,8.882,1.0000
1964.6972,-1341.6594,-723.2256,0.0000,0.000,9.048,9.076,1.0000
1969.6969,-1339.4445,-727.7080,0.0000,0.000,9.289,9.270,1.0000
1974.6963,-1337.2401,-732.1951,0.0000,0.000,9.530,9.464,1.0000
1979.6957,-1335.0472,-736.6879,0.0000,0.000,9.770,9.657,1.0000
1984.6954,-1332.8669,-741.1871,0.0000,0.000,10.011,9.851,1.0000
1989.6957,-1330.7005,-745.6937,0.0000,0.000,10.251,10.045,1.0000
1994.6969,-1328.5490,-750.2085,0.0000,0.000,10.269,10.008,1.0000
1999.6994,-1326.4136,-754.7323,0.0000,0.000,10.233,9.916,1.0000
2004.7025,-1324.2939,-759.2642,0.0000,0.000,10.197,9.823,1.0000
2009.7052,-1322.1889,-763.8025,0.0000,0.000,10.161,9.731,1.0000
2014.7062,-1320.0974,-768.3452,0.0000,0.000,10.124,9.638,1.0000
2019.7045,-1318.0184,-772.8906,0.0000,0.000,10.088,9.545,1.0000
2024.7004,-1315.9457,-777.4362,0.0000,0.000,10.052,9.453,1.0000
2029.7040,-1313.8424,-781.9762,0.0000,0.000,10.016,9.360,1.0000
2034.7278,-1311.6690,-786.5056,0.0000,0.000,9.980,9.268,1.0000
2039.7218,-1309.6591,-791.0773,0.0000,0.000,9.943,9.175,1.0000
2044.6315,-1308.3413,-795.8069,0.0000,0.000,9.680,8.913,1.0000
2049.5757,-1307.8640,-800.7279,0.0000,0.000,9.043,8.371,1.0000
2054.6255,-1307.9285,-805.7773,0.0000,0.000,8.407,7.830,1.0000
2059.6954,-1308.3856,-810.8266,0.0000,0.000,7.888,7.052,1.0000
2064.5847,-1309.6675,-815.5449,0.0000,0.000,7.427,6.161,1.0000
2069.3814,-1312.1861,-819.6270,0.0000,0.000,7.012,5.608,1.0000
2074.3493,-1315.8034,-823.0322,0.0000,0.000,6.672,5.618,1.0000
2079.3897,-1319.8956,-825.9749,0.0000,0.000,6.333,5.628,1.0000
2084.3954,-1324.1082,-828.6790,0.0000,0.000,5.994,5.638,1.0000
2089.3936,-1328.3536,-831.3167,0.0000,0.000,5.959,5.643,1.0000
2094.3921,-1332.5995,-833.9544,0.0000,0.000,5.959,5.647,1.0000
2099.3911,-1336.8457,-836.5927,0.0000,0.000,5.960,5.652,1.0000
2104.3906,-1341.0921,-839.2315,0.0000,0.000,5.960,5.656,1.0000
2109.3905,-1345.3388,-841.8704,0.0000,0.000,5.960,5.661,1.0000
2114.3908,-1349.5861,-844.5093,0.0000,0.000,5.961,5.665,1.0000
2119.3914,-1353.8339,-847.1478,0.0000,0.000,5.961,5.670,1.0000
2124.3923,-1358.0824,-849.7858,0.0000,0.000,5.961,5.674,1.0000
2129.3934,-1362.3317,-852.4230,0.0000,0.000,5.962,5.679,1.0000
2134.3948,-1366.5820,-855.0591,0.0000,0.000,5.962,5.683,1.0000
2139.3963,-1370.8332,-857.6940,0.0000,0.000,5.962,5.688,1.0000
2144.3980,-1375.0855,-860.3273,0.0000,0.000,5.963,5.692,1.0000
2149.3997,-1379.3391,-862.9588,0.0000,0.000,5.963,5.697,1.0000
2154.4016,-1383.5939,-865.5884,0.0000,0.000,5.963,5.702,1.0000
2159.4034,-1387.8502,-868.2156,0.0000,0.000,5.964,5.706,1.0000
2164.4052,-1392.1080,-870.8404,0.0000,0.000,5.964,5.711,1.0000
2169.4070,-1396.3675,-873.4624,0.0000,0.000,5.964,5.715,1.0000
2174.4087,-1400.6286,-876.0814,0.0000,0.000,5.965,5.720,1.0000
2179.4103,-1404.8917,-878.6971,0.0000,0.000,5.965,5.724,1.0000
2184.4117,-1409.1566,-881.3096,0.0000,0.000,5.965,5.729,1.0000
2189.4129,-1413.4232,-883.9189,0.0000,0.000,5.966,5.733,1.0000
2194.4141,-1417.6914,-886.5254,0.0000,0.000,5.966,5.738,1.0000
2199.4152,-1421.9612,-889.1292,0.0000,0.000,5.966,5.742,1.0000
2204.4161,-1426.2323,-891.7307,0.0000,0.000,5.967,5.747,1.0000
2209.4171,-1430.5046,-894.3300,0.0000,0.000,5.967,5.751,1.0000
2214.4179,-1434.7780,-896.9274,0.0000,0.000,5.967,5.756,1.0000
2219.4187,-1439.0524,-899.5231,0.0000,0.000,5.963,5.760,1.0000
2224.4195,-1443.3276,-902.1174,0.0000,0.000,5.947,5.764,1.0000
2229.4203,-1447.6035,-904.7105,0.0000,0.000,5.930,5.767,1.0000
2234.4210,-1451.8800,-907.3027,0.0000,0.000,5.913,5.771,1.0000
2239.4218,-1456.1569,-909.8941,0.0000,0.000,5.896,5.775,1.0000
2244.4226,-1460.4341,-912.4851,0.0000,0.000,5.879,5.778,1.0000
2249.4234,-1464.7115,-915.0759,0.0000,0.000,5.863,5.782,1.0000
2254.4243,-1468.9890,-917.6667,0.0000,0.000,5.846,5.786,1.0000
2259.4252,-1473.2663,-920.2577,0.0000,0.000,5.829,5.790,1.0000
2264.4262,-1477.5435,-922.8492,0.0000,0.000,5.812,5.793,1.0000
2269.4273,-1481.8203,-925.4414,0.0000,0.000,5.795,5.797,1.0000
2274.4285,-1486.0967,-928.0346,0.0000,0.000,5.778,5.801,1.0000
2279.4297,-1490.3725,-930.6288,0.0000,0.000,5.762,5.804,1.0000
2284.4311,-1494.6479,-933.2239,0.0000,0.000,5.745,5.808,1.0000
2289.4325,-1498.9228,-935.8200,0.0000,0.000,5.728,5.812,1.0000
2294.4340,-1503.1971,-938.4171,0.0000,0.000,5.711,5.815,1.0000
2299.4355,-1507.4710,-941.0150,0.0000,0.000,5.694,5.819,1.0000
2304.4371,-1511.7444,-943.6140,0.0000,0.000,5.678,5.823,1.0000
2309.4388,-1516.0172,-946.2138,0.0000,0.000,5.661,5.826,1.0000
2314.4404,-1520.2895,-948.8145,0.0000,0.000,5.644,5.830,1.0000
2319.4421,-1524.5613,-951.4161,0.0000,0.000,5.627,5.834,1.0000
2324.4438,-1528.8326,-954.0186,0.0000,0.000,5.641,5.825,1.0000
2329.4454,-1533.1034,-956.6219,0.0000,0.000,5.662,5.813,1.0000
2334.4471,-1537.3736,-959.2261,0.0000,0.000,5.683,5.802,1.0000
2339.4488,-1541.6433,-961.8312,0.0000,0.000,5.703,5.790,1.0000
2344.4504,-1545.9125,-964.4370,0.0000,0.000,5.724,5.778,1.0000
2349.4520,-1550.1811,-967.0437,0.0000,0.000,5.745,5.767,1.0000
2354.4536,-1554.4492,-969.6512,0.0000,0.000,5.765,5.755,1.0000
2359.4551,-1558.7168,-972.2595,0.0000,0.000,5.786,5.743,1.0000
2364.4565,-1562.9838,-974.8685,0.0000,0.000,5.807,5.732,1.0000
2369.4579,-1567.2502,-977.4783,0.0000,0.000,5.828,5.720,1.0000
2374.4592,-1571.5161,-980.0889,0.0000,0.000,5.848,5.709,1.0000
2379.4604,-1575.7814,-982.7002,0.0000,0.000,5.869,5.697,1.0000
2384.4615,-1580.0462,-985.3122,0.0000,0.000,5.890,5.685,1.0000
2389.4625,-1584.3104,-987.9250,0.0000,0.000,5.910,5.674,1.0000
2394.4634,-1588.5741,-990.5384,0.0000,0.000,5.931,5.662,1.0000
2399.4641,-1592.8372,-993.1526,0.0000,0.000,5.952,5.650,1.0000
2404.4647,-1597.0997,-995.7674,0.0000,0.000,5.973,5.639,1.0000
2409.4652,-1601.3616,-998.3829,0.0000,0.000,5.993,5.627,1.0000
2414.4655,-1605.6229,-1000.9991,0.0000,0.000,6.014,5.616,1.0000
2419.4657,-1609.8837,-1003.6159,0.0000,0.000,6.035,5.604,1.0000
2424.4657,-1614.1439,-1006.2333,0.0000,0.000,6.055,5.592,1.0000
2429.4655,-1618.4034,-1008.8513,0.0000,0.000,6.076,5.581,1.0000
2434.4652,-1622.6624,-1011.4700,0.0000,0.000,6.097,5.569,1.0000
2439.4646,-1626.9208,-1014.0892,0.0000,0.000,6.117,5.557,1.0000
2444.4638,-1631.1786,-1016.7090,0.0000,0.000,6.138,5.546,1.0000
2449.4628,-1635.4358,-1019.3294,0.0000,0.000,6.159,5.534,1.0000
2454.4615,-1639.6935,-1021.9483,0.0000,0.000,6.180,5.523,1.0000
2459.4557,-1643.9770,-1024.5162,0.0000,0.000,6.200,5.511,1.0000
2464.4417,-1648.3364,-1026.9361,0.0000,0.000,6.221,5.499,1.0000
2469.4263,-1652.8227,-1029.1086,0.0000,0.000,6.293,5.396,1.0000
2474.4352,-1657.4868,-1030.9347,0.0000,0.000,6.383,5.260,1.0000
2479.4974,-1662.3557,-1032.3202,0.0000,0.000,6.472,5.125,1.0000
2484.4398,-1667.2183,-1033.2047,0.0000,0.000,6.562,4.989,1.0000
2489.1955,-1671.9733,-1033.1195,0.0000,0.000,6.511,5.088,1.0000
2494.1056,-1676.6793,-1031.7190,0.0000,0.000,6.385,5.315,1.0000
2499.1578,-1681.2505,-1029.5674,0.0000,0.000,6.258,5.542,1.0000
2504.1783,-1685.6133,-1027.0830,0.0000,0.000,6.271,5.471,1.0000
2509.1528,-1689.7388,-1024.3036,0.0000,0.000,6.296,5.375,1.0000
2514.0867,-1693.5577,-1021.1796,0.0000,0.000,6.320,5.279,1.0000
2519.0405,-1696.8153,-1017.4475,0.0000,0.000,6.303,5.292,1.0000
2524.0440,-1699.6114,-1013.2983,0.0000,0.000,6.261,5.368,1.0000
2529.0368,-1702.1489,-1008.9983,0.0000,0.000,6.219,5.445,1.0000
2534.0293,-1704.4957,-1004.5918,0.0000,0.000,6.177,5.522,1.0000
2539.0266,-1706.7146,-1000.1141,0.0000,0.000,6.137,5.594,1.0000
2544.0275,-1708.8681,-995.6007,0.0000,0.000,6.123,5.605,1.0000
2549.0289,-1711.0045,-991.0785,0.0000,0.000,6.108,5.615,1.0000
2554.0302,-1713.1315,-986.5520,0.0000,0.000,6.093,5.626,1.0000
2559.0315,-1715.2496,-982.0214,0.0000,0.000,6.079,5.637,1.0000
2564.0327,-1717.3595,-977.4870,0.0000,0.000,6.064,5.647,1.0000
2569.0340,-1719.4621,-972.9492,0.0000,0.000,6.049,5.658,1.0000
2574.0352,-1721.5578,-968.4083,0.0000,0.000,6.035,5.668,1.0000
2579.0364,-1723.6475,-963.8646,0.0000,0.000,6.020,5.679,1.0000
2584.0376,-1725.7318,-959.3183,0.0000,0.000,6.005,5.689,1.0000
2589.0389,-1727.8113,-954.7700,0.0000,0.000,5.991,5.700,1.0000
2594.0401,-1729.8868,-950.2197,0.0000,0.000,5.976,5.710,1.0000
2599.0413,-1731.9590,-945.6680,0.0000,0.000,5.961,5.721,1.0000
2604.0425,-1734.0284,-941.1150,0.0000,0.000,5.947,5.731,1.0000
2609.0437,-1736.0959,-936.5612,0.0000,0.000,5.932,5.742,1.0000
2614.0449,-1738.1621,-932.0068,0.0000,0.000,5.917,5.752,1.0000
2619.0460,-1740.2276,-927.4521,0.0000,0.000,5.903,5.763,1.0000
2624.0471,-1742.2932,-922.8976,0.0000,0.000,5.888,5.773,1.0000
2629.0481,-1744.3595,-918.3434,0.0000,0.000,5.873,5.784,1.0000
2634.0491,-1746.4273,-913.7899,0.0000,0.000,5.859,5.794,1.0000
2639.0500,-1748.4974,-909.2376,0.0000,0.000,5.844,5.805,1.0000
2644.0508,-1750.5718,-904.6873,0.0000,0.000,5.829,5.815,1.0000
2649.0517,-1752.6526,-900.1398,0.0000,0.000,5.815,5.826,1.0000
2654.0528,-1754.7417,-895.5961,0.0000,0.000,5.800,5.836,1.0000
2659.0539,-1756.8412,-891.0569,0.0000,0.000,5.785,5.847,1.0000
2664.0554,-1758.9530,-886.5232,0.0000,0.000,5.771,5.858,1.0000
2669.0572,-1761.0793,-881.9958,0.0000,0.000,5.756,5.868,1.0000
2674.0595,-1763.2221,-877.4757,0.0000,0.000,5.923,5.971,1.0000
2679.0625,-1765.3833,-872.9636,0.0000,0.000,6.097,6.078,1.0000
2684.0661,-1767.5608,-868.4587,0.0000,0.000,6.271,6.185,1.0000
2689.0689,-1769.7314,-863.9513,0.0000,0.000,6.445,6.292,1.0000
2694.0696,-1771.8657,-859.4289,0.0000,0.000,6.619,6.399,1.0000
2699.0673,-1773.9339,-854.8792,0.0000,0.000,6.793,6.507,1.0000
2704.0627,-1775.9066,-850.2898,0.0000,0.000,6.891,6.540,1.0000
2709.0584,-1777.7727,-845.6558,0.0000,0.000,6.796,6.384,1.0000
2714.0570,-1779.5723,-840.9923,0.0000,0.000,6.702,6.228,1.0000
2719.0590,-1781.3536,-836.3183,0.0000,0.000,6.607,6.072,1.0000
2724.0641,-1783.1652,-831.6525,0.0000,0.000,6.512,5.916,1.0000
2729.0724,-1785.0415,-827.0090,0.0000,0.000,6.418,5.760,1.0000
2734.0762,-1786.8884,-822.3584,0.0000,0.000,6.323,5.604,1.0000
2739.0683,-1788.5431,-817.6486,0.0000,0.000,6.229,5.448,1.0000
2744.0553,-1789.9188,-812.8551,0.0000,0.000,6.134,5.292,1.0000
2749.0430,-1791.0475,-807.9968,0.0000,0.000,6.136,5.299,1.0000
2754.0311,-1791.9679,-803.0943,0.0000,0.000,6.138,5.306,1.0000
2759.0216,-1792.7020,-798.1581,0.0000,0.000,6.141,5.314,1.0000
2764.0165,-1793.2667,-793.1952,0.0000,0.000,6.143,5.321,1.0000
2769.0159,-1793.6787,-788.2128,0.0000,0.000,6.146,5.329,1.0000
2774.0183,-1793.9541,-783.2180,0.0000,0.000,6.095,5.326,1.0000
2779.0210,-1794.0942,-778.2173,0.0000,0.000,6.029,5.320,1.0000
2784.0217,-1794.0869,-773.2166,0.0000,0.000,5.964,5.315,1.0000
2789.0194,-1793.9197,-768.2218,0.0000,0.000,5.898,5.309,1.0000
2794.0140,-1793.5800,-763.2387,0.0000,0.000,5.832,5.304,1.0000
2799.0079,-1793.0671,-758.2712,0.0000,0.000,5.786,5.351,1.0000
2804.0046,-1792.4120,-753.3176,0.0000,0.000,5.756,5.445,1.0000
2809.0049,-1791.6508,-748.3756,0.0000,0.000,5.726,5.538,1.0000
2814.0074,-1790.8199,-743.4426,0.0000,0.000,5.717,5.577,1.0000
2819.0095,-1789.9530,-738.5162,0.0000,0.000,5.728,5.567,1.0000
2824.0103,-1789.0649,-733.5949,0.0000,0.000,5.740,5.557,1.0000
2829.0103,-1788.1597,-728.6775,0.0000,0.000,5.751,5.547,1.0000
2834.0098,-1787.2415,-723.7630,0.0000,0.000,5.762,5.537,1.0000
2839.0093,-1786.3146,-718.8502,0.0000,0.000,5.773,5.527,1.0000
2844.0089,-1785.3830,-713.9382,0.0000,0.000,5.784,5.517,1.0000
2849.0089,-1784.4509,-709.0258,0.0000,0.000,5.795,5.507,1.0000
2854.0098,-1783.5225,-704.1118,0.0000,0.000,5.806,5.498,1.0000
2859.0118,-1782.6018,-699.1953,0.0000,0.000,5.817,5.488,1.0000
2864.0152,-1781.6927,-694.2752,0.0000,0.000,5.828,5.478,1.0000
2869.0197,-1780.7947,-689.3519,0.0000,0.000,5.839,5.468,1.0000
2874.0247,-1779.9030,-684.4270,0.0000,0.000,5.850,5.458,1.0000
2879.0294,-1779.0125,-679.5022,0.0000,0.000,5.861,5.448,1.0000
2884.0329,-1778.1186,-674.5791,0.0000,0.000,5.872,5.438,1.0000
2889.0346,-1777.2162,-669.6595,0.0000,0.000,5.883,5.428,1.0000
2894.0337,-1776.3004,-664.7450,0.0000,0.000,5.894,5.418,1.0000
2899.0294,-1775.3664,-659.8374,0.0000,0.000,5.905,5.408,1.0000
2904.0213,-1774.4093,-654.9382,0.0000,0.000,5.917,5.399,1.0000
2909.0083,-1773.4215,-650.0499,0.0000,0.000,5.928,5.389,1.0000
2913.9800,-1772.2536,-645.2174,0.0000,0.000,5.943,5.389,1.0000
2918.9519,-1770.5424,-640.5492,0.0000,0.000,5.973,5.422,1.0000
2924.0065,-1767.9862,-636.1886,0.0000,0.000,6.034,5.442,1.0000
2929.0384,-1764.6546,-632.4177,0.0000,0.000,6.306,5.377,1.0000
2933.9023,-1760.7178,-629.5613,0.0000,0.000,6.579,5.313,1.0000
2938.6872,-1756.2027,-627.9770,0.0000,0.000,6.420,5.449,1.0000
2943.6636,-1751.2652,-627.3556,0.0000,0.000,6.126,5.647,1.0000
2948.6739,-1746.2946,-626.7267,0.0000,0.000,5.833,5.846,1.0000
2953.6814,-1741.3377,-626.0162,0.0000,0.000,5.716,5.923,1.0000
2958.6872,-1736.3857,-625.2845,0.0000,0.000,5.709,5.925,1.0000
2963.6915,-1731.4369,-624.5414,0.0000,0.000,5.702,5.926,1.0000
2968.6946,-1726.4908,-623.7884,0.0000,0.000,5.695,5.928,1.0000
2973.6967,-1721.5470,-623.0272,0.0000,0.000,5.688,5.930,1.0000
2978.6979,-1716.6050,-622.2594,0.0000,0.000,5.682,5.931,1.0000
2983.6986,-1711.6644,-621.4866,0.0000,0.000,5.675,5.933,1.0000
2988.6989,-1706.7247,-620.7105,0.0000,0.000,5.668,5.935,1.0000
2993.6990,-1701.7855,-619.9326,0.0000,0.000,5.661,5.936,1.0000
2998.6992,-1696.8462,-619.1546,0.0000,0.000,5.654,5.938,1.0000
3003.6996,-1691.9065,-618.3780,0.0000,0.000,5.647,5.940,1.0000
3008.7002,-1686.9663,-617.6027,0.0000,0.000,5.640,5.941,1.0000
3013.7010,-1682.0257,-616.8288,0.0000,0.000,5.634,5.943,1.0000
3018.7020,-1677.0848,-616.0562,0.0000,0.000,5.627,5.945,1.0000
3023.7032,-1672.1435,-615.2845,0.0000,0.000,5.620,5.946,1.0000
3028.7045,-1667.2019,-614.5139,0.0000,0.000,5.613,5.948,1.0000
3033.7059,-1662.2601,-613.7440,0.0000,0.000,5.606,5.950,1.0000
3038.7074,-1657.3181,-612.9748,0.0000,0.000,5.599,5.952,1.0000
3043.7090,-1652.3759,-612.2061,0.0000,0.000,5.592,5.953,1.0000
3048.7107,-1647.4336,-611.4379,0.0000,0.000,5.586,5.955,1.0000
3053.7124,-1642.4913,-610.6699,0.0000,0.000,5.579,5.957,1.0000
3058.7140,-1637.5489,-609.9020,0.0000,0.000,5.572,5.958,1.0000
3063.7157,-1632.6065,-609.1342,0.0000,0.000,5.565,5.960,1.0000
3068.7173,-1627.6642,-608.3662,0.0000,0.000,5.558,5.962,1.0000
3073.7189,-1622.7220,-607.5979,0.0000,0.000,5.551,5.963,1.0000
3078.7204,-1617.7799,-606.8293,0.0000,0.000,5.544,5.965,1.0000
3083.7217,-1612.8381,-606.0601,0.0000,0.000,5.537,5.967,1.0000
3088.7230,-1607.8964,-605.2903,0.0000,0.000,5.531,5.968,1.0000
3093.7240,-1602.9551,-604.5197,0.0000,0.000,5.524,5.970,1.0000
3098.7250,-1598.0140,-603.7483,0.0000,0.000,5.517,5.972,1.0000
3103.7258,-1593.0731,-602.9763,0.0000,0.000,5.510,5.973,1.0000
3108.7266,-1588.1324,-602.2039,0.0000,0.000,5.503,5.975,1.0000
3113.7273,-1583.1918,-601.4311,0.0000,0.000,5.496,5.977,1.0000
3118.7279,-1578.2512,-600.6581,0.0000,0.000,5.489,5.978,1.0000
3123.7286,-1573.3106,-599.8851,0.0000,0.000,5.483,5.980,1.0000
3128.7294,-1568.3699,-599.1122,0.0000,0.000,5.476,5.982,1.0000
3133.7302,-1563.4291,-598.3396,0.0000,0.000,5.469,5.983,1.0000
3138.7312,-1558.4882,-597.5674,0.0000,0.000,5.462,5.985,1.0000
3143.7322,-1553.5470,-596.7958,0.0000,0.000,5.455,5.987,1.0000
3148.7335,-1548.6055,-596.0249,0.0000,0.000,5.448,5.988,1.0000
3153.7350,-1543.6636,-595.2549,0.0000,0.000,5.441,5.990,1.0000
3158.7367,-1538.7214,-594.4859,0.0000,0.000,5.435,5.992,1.0000
3163.7387,-1533.7787,-593.7181,0.0000,0.000,5.428,5.993,1.0000
3168.7410,-1528.8355,-592.9515,0.0000,0.000,5.421,5.995,1.0000
3173.7436,-1523.8917,-592.1865,0.0000,0.000,5.414,5.997,1.0000
3178.7466,-1518.9473,-591.4230,0.0000,0.000,5.407,5.999,1.0000
3183.7500,-1514.0023,-590.6612,0.0000,0.000,5.400,6.000,1.0000
3188.7530,-1509.0577,-589.8986,0.0000,0.000,5.393,6.002,1.0000
3193.7546,-1504.1153,-589.1308,0.0000,0.000,5.387,6.004,1.0000
3198.7535,-1499.1773,-588.3533,0.0000,0.000,5.380,6.005,1.0000
3203.7486,-1494.2453,-587.5617,0.0000,0.000,5.373,6.007,1.0000
3208.7369,-1489.3264,-586.7323,0.0000,0.000,5.366,6.009,1.0000
3213.7074,-1484.4679,-585.6837,0.0000,0.000,5.367,6.011,1.0000
3218.6785,-1479.7359,-584.1606,0.0000,0.000,5.505,6.020,1.0000
3223.7138,-1475.1304,-582.1248,0.0000,0.000,5.643,6.030,1.0000
3228.8177,-1470.5685,-579.8359,0.0000,0.000,5.725,6.116,1.0000
3233.7341,-1466.4749,-577.1131,0.0000,0.000,5.525,6.580,1.0000
3238.3870,-1463.7245,-573.3602,0.0000,0.000,5.510,6.706,1.0000
3243.2902,-1462.3334,-568.6584,0.0000,0.000,5.789,6.296,1.0000
3248.3433,-1461.2935,-563.7135,0.0000,0.000,6.068,5.885,1.0000
3253.3727,-1460.1761,-558.8098,0.0000,0.000,6.038,5.845,1.0000
3258.3832,-1458.9844,-553.9431,0.0000,0.000,5.981,5.836,1.0000
3263.3817,-1457.7408,-549.1017,0.0000,0.000,5.925,5.827,1.0000
3268.3744,-1456.4684,-544.2739,0.0000,0.000,5.868,5.818,1.0000
3273.3669,-1455.1902,-539.4478,0.0000,0.000,5.812,5.808,1.0000
3278.3632,-1453.9225,-534.6150,0.0000,0.000,5.756,5.799,1.0000
3283.3632,-1452.6659,-529.7755,0.0000,0.000,5.699,5.790,1.0000
3288.3665,-1451.4184,-524.9303,0.0000,0.000,5.643,5.781,1.0000
3293.3723,-1450.1781,-520.0805,0.0000,0.000,5.586,5.772,1.0000
3298.3801,-1448.9438,-515.2272,0.0000,0.000,5.530,5.763,1.0000
3303.3863,-1447.7443,-510.3668,0.0000,0.000,5.473,5.754,1.0000
3308.3848,-1446.6496,-505.4897,0.0000,0.000,5.425,5.750,1.0000
3313.3737,-1445.7327,-500.5857,0.0000,0.000,5.468,5.813,1.0000
3318.3595,-1445.0668,-495.6446,0.0000,0.000,5.500,5.871,1.0000
3323.3543,-1444.7136,-490.6623,0.0000,0.000,5.518,5.925,1.0000
3328.3566,-1444.6868,-485.6601,0.0000,0.000,5.537,5.978,1.0000
3333.3597,-1444.9874,-480.6661,0.0000,0.000,5.551,6.031,1.0000
3338.3572,-1445.6166,-475.7083,0.0000,0.000,5.467,6.075,1.0000
3343.3437,-1446.5751,-470.8147,0.0000,0.000,5.382,6.119,1.0000
3348.3222,-1447.8427,-466.0004,0.0000,0.000,5.360,6.126,1.0000
3353.3065,-1449.3494,-461.2492,0.0000,0.000,5.366,6.118,1.0000
3358.3019,-1451.0181,-456.5408,0.0000,0.000,5.371,6.109,1.0000
3363.3054,-1452.7718,-451.8547,0.0000,0.000,5.377,6.100,1.0000
3368.3105,-1454.5395,-447.1721,0.0000,0.000,5.383,6.091,1.0000
3373.3149,-1456.2990,-442.4872,0.0000,0.000,5.388,6.083,1.0000
3378.3187,-1458.0508,-437.8001,0.0000,0.000,5.394,6.074,1.0000
3383.3219,-1459.7955,-433.1110,0.0000,0.000,5.400,6.065,1.0000
3388.3246,-1461.5339,-428.4201,0.0000,0.000,5.405,6.057,1.0000
3393.3268,-1463.2665,-423.7275,0.0000,0.000,5.411,6.048,1.0000
3398.3287,-1464.9940,-419.0334,0.0000,0.000,5.417,6.039,1.0000
3403.3301,-1466.7170,-414.3381,0.0000,0.000,5.422,6.030,1.0000
3408.3313,-1468.4362,-409.6417,0.0000,0.000,5.428,6.022,1.0000
3413.3323,-1470.1521,-404.9443,0.0000,0.000,5.434,6.013,1.0000
3418.3331,-1471.8655,-400.2462,0.0000,0.000,5.439,6.004,1.0000
3423.3337,-1473.5770,-395.5476,0.0000,0.000,5.445,5.995,1.0000
3428.3342,-1475.2872,-390.8486,0.0000,0.000,5.451,5.987,1.0000
3433.3347,-1476.9967,-386.1494,0.0000,0.000,5.457,5.978,1.0000
3438.3352,-1478.7062,-381.4502,0.0000,0.000,5.462,5.969,1.0000
3443.3358,-1480.4164,-376.7512,0.0000,0.000,5.468,5.961,1.0000
3448.3364,-1482.1278,-372.0525,0.0000,0.000,5.474,5.952,1.0000
3453.3372,-1483.8412,-367.3544,0.0000,0.000,5.479,5.943,1.0000
3458.3383,-1485.5571,-362.6569,0.0000,0.000,5.485,5.934,1.0000
3463.3395,-1487.2757,-357.9603,0.0000,0.000,5.491,5.926,1.0000
3468.3409,-1488.9967,-353.2643,0.0000,0.000,5.496,5.917,1.0000
3473.3424,-1490.7198,-348.5689,0.0000,0.000,5.502,5.908,1.0000
3478.3441,-1492.4444,-343.8740,0.0000,0.000,5.508,5.899,1.0000
3483.3459,-1494.1702,-339.1794,0.0000,0.000,5.513,5.891,1.0000
3488.3477,-1495.8968,-334.4851,0.0000,0.000,5.519,5.882,1.0000
3493.3495,-1497.6239,-329.7909,0.0000,0.000,5.525,5.873,1.0000
3498.3513,-1499.3509,-325.0967,0.0000,0.000,5.531,5.865,1.0000
3503.3530,-1501.0776,-320.4025,0.0000,0.000,5.536,5.856,1.0000
3508.3546,-1502.8034,-315.7080,0.0000,0.000,5.542,5.847,1.0000
3513.3561,-1504.5281,-311.0133,0.0000,0.000,5.548,5.838,1.0000
3518.3575,-1506.2513,-306.3181,0.0000,0.000,5.553,5.830,1.0000
3523.3587,-1507.9724,-301.6225,0.0000,0.000,5.559,5.821,1.0000
3528.3596,-1509.6912,-296.9262,0.0000,0.000,5.565,5.812,1.0000
3533.3602,-1511.4072,-292.2292,0.0000,0.000,5.570,5.803,1.0000
3538.3606,-1513.1200,-287.5313,0.0000,0.000,5.576,5.795,1.0000
3543.3607,-1514.8293,-282.8325,0.0000,0.000,5.582,5.786,1.0000
3548.3603,-1516.5347,-278.1327,0.0000,0.000,5.587,5.777,1.0000
3553.3600,-1518.2387,-273.4324,0.0000,0.000,5.593,5.769,1.0000
3558.3603,-1519.9477,-268.7331,0.0000,0.000,5.599,5.760,1.0000
3563.3622,-1521.6682,-264.0365,0.0000,0.000,5.604,5.751,1.0000
3568.3663,-1523.4068,-259.3441,0.0000,0.000,5.610,5.742,1.0000
3573.3734,-1525.1678,-254.6569,0.0000,0.000,5.616,5.734,1.0000
3578.3804,-1526.9193,-249.9663,0.0000,0.000,5.622,5.725,1.0000
3583.3816,-1528.6016,-245.2564,0.0000,0.000,5.808,5.614,1.0000
3588.3743,-1530.1541,-240.5113,0.0000,0.000,6.003,5.498,1.0000
3593.3604,-1531.5155,-235.7146,0.0000,0.000,6.198,5.382,1.0000
3598.3133,-1532.4330,-230.8475,0.0000,0.000,6.366,5.351,1.0000
3603.2338,-1532.3173,-225.9284,0.0000,0.000,6.509,5.398,1.0000
3608.2074,-1530.9401,-221.1492,0.0000,0.000,6.606,5.448,1.0000
3613.2579,-1528.4812,-216.7377,0.0000,0.000,6.418,5.513,1.0000
3618.2593,-1525.2580,-212.9134,0.0000,0.000,6.231,5.579,1.0000
3623.1769,-1521.5072,-209.7332,0.0000,0.000,6.156,5.511,1.0000
3628.1109,-1517.3648,-207.0526,0.0000,0.000,6.116,5.401,1.0000
3633.0972,-1512.9606,-204.7147,0.0000,0.000,6.076,5.292,1.0000
3638.1182,-1508.4244,-202.5623,0.0000,0.000,6.152,5.357,1.0000
3643.1384,-1503.8625,-200.4666,0.0000,0.000,6.292,5.515,1.0000
3648.1514,-1499.2944,-198.4020,0.0000,0.000,6.432,5.674,1.0000
3653.1583,-1494.7196,-196.3671,0.0000,0.000,6.571,5.833,1.0000
3658.1603,-1490.1377,-194.3605,0.0000,0.000,6.711,5.992,1.0000
3663.1587,-1485.5482,-192.3806,0.0000,0.000,6.851,6.150,1.0000
3668.1547,-1480.9505,-190.4259,0.0000,0.000,6.990,6.309,1.0000
3673.1494,-1476.3441,-188.4949,0.0000,0.000,7.130,6.468,1.0000
3678.1440,-1471.7286,-186.5862,0.0000,0.000,7.270,6.627,1.0000
3683.1396,-1467.1035,-184.6983,0.0000,0.000,7.409,6.785,1.0000
3688.1372,-1462.4682,-182.8300,0.0000,0.000,7.549,6.944,1.0000
3693.1368,-1457.8229,-180.9817,0.0000,0.000,7.688,7.103,1.0000
3698.1380,-1453.1675,-179.1545,0.0000,0.000,7.776,7.207,1.0000
3703.1402,-1448.5021,-177.3498,0.0000,0.000,7.754,7.198,1.0000
3708.1431,-1443.8270,-175.5686,0.0000,0.000,7.731,7.189,1.0000
3713.1463,-1439.1422,-173.8122,0.0000,0.000,7.709,7.181,1.0000
3718.1495,-1434.4479,-172.0817,0.0000,0.000,7.687,7.172,1.0000
3723.1522,-1429.7441,-170.3784,0.0000,0.000,7.665,7.163,1.0000
3728.1541,-1425.0310,-168.7034,0.0000,0.000,7.643,7.154,1.0000
3733.1549,-1420.3084,-167.0585,0.0000,0.000,7.621,7.145,1.0000
3738.1543,-1415.5739,-165.4530,0.0000,0.000,7.599,7.136,1.0000
3743.1521,-1410.8228,-163.9020,0.0000,0.000,7.577,7.127,1.0000
3748.1487,-1406.0509,-162.4203,0.0000,0.000,7.573,7.135,1.0000
3753.1455,-1401.2535,-161.0230,0.0000,0.000,7.579,7.151,1.0000
3758.1440,-1396.4280,-159.7191,0.0000,0.000,7.584,7.168,1.0000
3763.1456,-1391.5827,-158.4787,0.0000,0.000,7.589,7.184,1.0000
3768.1495,-1386.7305,-157.2558,0.0000,0.000,7.594,7.200,1.0000
3773.1545,-1381.8845,-156.0043,0.0000,0.000,7.599,7.217,1.0000
3778.1600,-1377.0568,-154.6819,0.0000,0.000,7.604,7.233,1.0000
3783.1601,-1372.2331,-153.3658,0.0000,0.000,7.609,7.249,1.0000
3788.1465,-1367.3675,-152.2751,0.0000,0.000,7.614,7.266,1.0000
3793.1370,-1362.4286,-151.5587,0.0000,0.000,7.619,7.279,1.0000
3798.1440,-1357.4445,-151.0803,0.0000,0.000,7.623,7.292,1.0000
3803.1523,-1352.4548,-150.6485,0.0000,0.000,7.627,7.305,1.0000
3808.1543,-1347.4738,-150.1913,0.0000,0.000,7.632,7.318,1.0000
3813.1523,-1342.4981,-149.7202,0.0000,0.000,7.636,7.331,1.0000
3818.1488,-1337.5239,-149.2485,0.0000,0.000,7.640,7.345,1.0000
3823.1463,-1332.5475,-148.7895,0.0000,0.000,7.644,7.358,1.0000
3828.1464,-1327.5665,-148.3527,0.0000,0.000,7.649,7.371,1.0000
3833.1486,-1322.5813,-147.9408,0.0000,0.000,7.653,7.384,1.0000
3838.1521,-1317.5927,-147.5555,0.0000,0.000,7.669,7.376,1.0000
3843.1562,-1312.6013,-147.1985,0.0000,0.000,7.694,7.353,1.0000
3848.1603,-1307.6079,-146.8714,0.0000,0.000,7.719,7.329,1.0000
3853.1638,-1302.6132,-146.5760,0.0000,0.000,7.744,7.306,1.0000
3858.1659,-1297.6179,-146.3141,0.0000,0.000,7.769,7.282,1.0000
3863.1663,-1292.6227,-146.0872,0.0000,0.000,7.794,7.259,1.0000
3868.1643,-1287.6283,-145.8972,0.0000,0.000,7.819,7.236,1.0000
3873.1597,-1282.6351,-145.7458,0.0000,0.000,7.843,7.212,1.0000
3878.1540,-1277.6421,-145.6350,0.0000,0.000,7.868,7.189,1.0000
3883.1486,-1272.6479,-145.5668,0.0000,0.000,7.847,7.144,1.0000
3888.1454,-1267.6512,-145.5432,0.0000,0.000,7.762,7.069,1.0000
3893.1457,-1262.6509,-145.5663,0.0000,0.000,7.677,6.995,1.0000
3898.1494,-1257.6478,-145.6380,0.0000,0.000,7.592,6.921,1.0000
3903.1547,-1252.6439,-145.7599,0.0000,0.000,7.508,6.847,1.0000
3908.1601,-1247.6416,-145.9338,0.0000,0.000,7.423,6.772,1.0000
3913.1640,-1242.6429,-146.1616,0.0000,0.000,7.338,6.698,1.0000
3918.1655,-1237.6493,-146.4431,0.0000,0.000,7.253,6.624,1.0000
3923.1653,-1232.6605,-146.7753,0.0000,0.000,7.169,6.549,1.0000
3928.1640,-1227.6763,-147.1547,0.0000,0.000,7.071,6.474,1.0000
3933.1620,-1222.6962,-147.5778,0.0000,0.000,6.935,6.395,1.0000
3938.1598,-1217.7199,-148.0409,0.0000,0.000,6.799,6.316,1.0000
3943.1577,-1212.7470,-148.5405,0.0000,0.000,6.663,6.237,1.0000
3948.1560,-1207.7772,-149.0732,0.0000,0.000,6.527,6.159,1.0000
3953.1548,-1202.8101,-149.6353,0.0000,0.000,6.391,6.080,1.0000
3958.1542,-1197.8454,-150.2234,0.0000,0.000,6.256,6.001,1.0000
3963.1544,-1192.8826,-150.8339,0.0000,0.000,6.120,5.922,1.0000
3968.1553,-1187.9215,-151.4632,0.0000,0.000,5.988,5.844,1.0000
3973.1569,-1182.9616,-152.1079,0.0000,0.000,6.015,5.814,1.0000
3978.1592,-1178.0026,-152.7643,0.0000,0.000,6.043,5.784,1.0000
3983.1620,-1173.0441,-153.4291,0.0000,0.000,6.070,5.753,1.0000
3988.1653,-1168.0858,-154.0985,0.0000,0.000,6.098,5.723,1.0000
3993.1689,-1163.1273,-154.7691,0.0000,0.000,6.125,5.692,1.0000
3998.1728,-1158.1683,-155.4374,0.0000,0.000,6.153,5.662,1.0000
4003.1768,-1153.2083,-156.0998,0.0000,0.000,6.180,5.632,1.0000
4008.1804,-1148.2483,-156.7583,0.0000,0.000,6.208,5.601,1.0000
4013.1801,-1143.2967,-157.4509,0.0000,0.000,6.235,5.571,1.0000
4018.1728,-1138.3651,-158.2293,0.0000,0.000,6.263,5.540,1.0000
4023.1579,-1133.4649,-159.1456,0.0000,0.000,6.290,5.510,1.0000
4028.1393,-1128.6078,-160.2515,0.0000,0.000,6.255,5.546,1.0000
4033.1261,-1123.8005,-161.5772,0.0000,0.000,6.192,5.611,1.0000
4038.1242,-1119.0328,-163.0775,0.0000,0.000,6.130,5.675,1.0000
4043.1327,-1114.2914,-164.6910,0.0000,0.000,6.067,5.740,1.0000
4048.1462,-1109.5625,-166.3563,0.0000,0.000,6.004,5.805,1.0000
4053.1579,-1104.8330,-168.0140,0.0000,0.000,5.942,5.869,1.0000
4058.1643,-1100.0940,-169.6284,0.0000,0.000,5.879,5.934,1.0000
4063.1653,-1095.3398,-171.1801,0.0000,0.000,5.817,5.999,1.0000
4068.1615,-1090.5647,-172.6500,0.0000,0.000,5.754,6.063,1.0000
4073.1546,-1085.7630,-174.0190,0.0000,0.000,5.691,6.128,1.0000
4078.1473,-1080.9323,-175.2807,0.0000,0.000,5.700,6.113,1.0000
4083.1419,-1076.0772,-176.4529,0.0000,0.000,5.752,6.050,1.0000
4088.1397,-1071.2028,-177.5564,0.0000,0.000,5.804,5.986,1.0000
4093.1408,-1066.3143,-178.6119,0.0000,0.000,5.856,5.922,1.0000
4098.1449,-1061.4168,-179.6394,0.0000,0.000,5.908,5.858,1.0000
4103.1507,-1056.5152,-180.6554,0.0000,0.000,5.960,5.795,1.0000
4108.1568,-1051.6141,-181.6751,0.0000,0.000,6.012,5.731,1.0000
4113.1618,-1046.7180,-182.7135,0.0000,0.000,6.064,5.667,1.0000
4118.1644,-1041.8316,-183.7858,0.0000,0.000,6.116,5.604,1.0000
4123.1638,-1036.9596,-184.9070,0.0000,0.000,6.168,5.540,1.0000
4128.1594,-1032.1066,-186.0922,0.0000,0.000,6.220,5.476,1.0000
4133.1516,-1027.2772,-187.3566,0.0000,0.000,6.273,5.413,1.0000
4138.1413,-1022.4761,-188.7152,0.0000,0.000,6.240,5.465,1.0000
4143.1304,-1017.7073,-190.1815,0.0000,0.000,6.149,5.598,1.0000
4148.1214,-1012.9692,-191.7501,0.0000,0.000,6.057,5.731,1.0000
4153.1159,-1008.2560,-193.4027,0.0000,0.000,5.966,5.864,1.0000
4158.1144,-1003.5621,-195.1210,0.0000,0.000,5.875,5.997,1.0000
4163.1168,-998.8818,-196.8867,0.0000,0.000,5.787,6.126,1.0000
4168.1221,-994.2092,-198.6813,0.0000,0.000,5.816,6.102,1.0000
4173.1294,-989.5386,-200.4865,0.0000,0.000,5.845,6.077,1.0000
4178.1373,-984.8644,-202.2840,0.0000,0.000,5.874,6.053,1.0000
4183.1447,-980.1808,-204.0552,0.0000,0.000,5.903,6.029,1.0000
4188.1507,-975.4822,-205.7825,0.0000,0.000,5.932,6.005,1.0000
4193.1554,-970.7680,-207.4629,0.0000,0.000,5.961,5.980,1.0000
4198.1591,-966.0432,-209.1100,0.0000,0.000,5.989,5.956,1.0000
4203.1617,-961.3131,-210.7386,0.0000,0.000,6.018,5.932,1.0000
4208.1632,-956.5828,-212.3633,0.0000,0.000,6.047,5.908,1.0000
4213.1633,-951.8577,-213.9985,0.0000,0.000,6.076,5.883,1.0000
4218.1619,-947.1429,-215.6591,0.0000,0.000,6.105,5.859,1.0000
4223.1593,-942.4438,-217.3595,0.0000,0.000,6.134,5.835,1.0000
4228.1559,-937.7655,-219.1143,0.0000,0.000,6.163,5.811,1.0000
4233.1529,-933.1132,-220.9381,0.0000,0.000,6.192,5.786,1.0000
4238.1516,-928.4883,-222.8349,0.0000,0.000,6.221,5.762,1.0000
4243.1525,-923.8848,-224.7884,0.0000,0.000,6.182,5.801,1.0000
4248.1552,-919.2958,-226.7805,0.0000,0.000,6.110,5.872,1.0000
4253.1591,-914.7144,-228.7929,0.0000,0.000,6.038,5.943,1.0000
4258.1629,-910.1340,-230.8074,0.0000,0.000,5.966,6.014,1.0000
4263.1657,-905.5476,-232.8055,0.0000,0.000,5.893,6.086,1.0000
4268.1666,-900.9484,-234.7692,0.0000,0.000,5.821,6.157,1.0000
4273.1651,-896.3295,-236.6800,0.0000,0.000,5.749,6.228,1.0000
4278.1614,-891.6845,-238.5204,0.0000,0.000,5.677,6.299,1.0000
4283.1569,-887.0126,-240.2893,0.0000,0.000,5.741,6.224,1.0000
4288.1530,-882.3200,-242.0039,0.0000,0.000,5.822,6.133,1.0000
4293.1502,-877.6131,-243.6825,0.0000,0.000,5.902,6.042,1.0000
4298.1489,-872.8983,-245.3431,0.0000,0.000,5.983,5.950,1.0000
4303.1491,-868.1821,-247.0042,0.0000,0.000,6.064,5.859,1.0000
4308.1495,-863.4726,-248.6851,0.0000,0.000,6.144,5.768,1.0000
4313.1489,-858.7789,-250.4061,0.0000,0.000,6.225,5.676,1.0000
4318.1461,-854.1099,-252.1873,0.0000,0.000,6.306,5.585,1.0000
4323.1413,-849.4746,-254.0490,0.0000,0.000,6.299,5.578,1.0000
4328.1356,-844.8771,-256.0000,0.0000,0.000,6.257,5.604,1.0000
4333.1308,-840.3122,-258.0283,0.0000,0.000,6.216,5.630,1.0000
4338.1279,-835.7737,-260.1195,0.0000,0.000,6.175,5.656,1.0000
4343.1273,-831.2554,-262.2593,0.0000,0.000,6.133,5.682,1.0000
4348.1290,-826.7510,-264.4334,0.0000,0.000,6.092,5.708,1.0000
4353.1324,-822.2543,-266.6275,0.0000,0.000,6.050,5.734,1.0000
4358.1369,-817.7592,-268.8272,0.0000,0.000,6.009,5.760,1.0000
4363.1418,-813.2594,-271.0184,0.0000,0.000,5.967,5.786,1.0000
4368.1465,-808.7487,-273.1865,0.0000,0.000,5.926,5.812,1.0000
4373.1507,-804.2223,-275.3203,0.0000,0.000,5.884,5.839,1.0000
4378.1542,-799.6797,-277.4180,0.0000,0.000,5.843,5.865,1.0000
4383.1570,-795.1216,-279.4799,0.0000,0.000,5.801,5.892,1.0000
4388.1590,-790.5484,-281.5062,0.0000,0.000,5.758,5.931,1.0000
4393.1601,-785.9606,-283.4970,0.0000,0.000,5.715,5.971,1.0000
4398.1603,-781.3588,-285.4527,0.0000,0.000,5.671,6.010,1.0000
4403.1593,-776.7434,-287.3734,0.0000,0.000,5.628,6.050,1.0000
4408.1572,-772.1151,-289.2594,0.0000,0.000,5.585,6.089,1.0000
4413.1537,-767.4742,-291.1109,0.0000,0.000,5.541,6.128,1.0000
4418.1489,-762.8208,-292.9268,0.0000,0.000,5.498,6.168,1.0000
4423.1435,-758.1508,-294.6978,0.0000,0.000,5.475,6.215,1.0000
4428.1389,-753.4587,-296.4119,0.0000,0.000,5.546,6.298,1.0000
4433.1368,-748.7392,-298.0569,0.0000,0.000,5.616,6.380,1.0000
4438.1399,-743.9868,-299.6208,0.0000,0.000,5.686,6.463,1.0000
4443.1484,-739.1979,-301.0878,0.0000,0.000,5.756,6.545,1.0000
4448.1552,-734.3748,-302.4314,0.0000,0.000,5.827,6.628,1.0000
4453.1539,-729.5209,-303.6254,0.0000,0.000,5.897,6.710,1.0000
4458.1461,-724.6406,-304.6769,0.0000,0.000,5.946,6.729,1.0000
4463.1361,-719.7393,-305.6135,0.0000,0.000,5.970,6.675,1.0000
4468.1267,-714.8206,-306.4577,0.0000,0.000,5.994,6.620,1.0000
4473.1193,-709.8879,-307.2287,0.0000,0.000,6.019,6.566,1.0000
4478.1146,-704.9443,-307.9454,0.0000,0.000,6.043,6.511,1.0000
4483.1128,-699.9928,-308.6270,0.0000,0.000,6.067,6.457,1.0000
4488.1135,-695.0366,-309.2925,0.0000,0.000,6.092,6.402,1.0000
4493.1161,-690.0788,-309.9610,0.0000,0.000,6.116,6.348,1.0000
4498.1202,-685.1226,-310.6515,0.0000,0.000,6.140,6.294,1.0000
4503.1255,-680.1711,-311.3831,0.0000,0.000,6.142,6.323,1.0000
4508.1321,-675.2273,-312.1741,0.0000,0.000,6.137,6.380,1.0000
4513.1402,-670.2916,-313.0220,0.0000,0.000,6.132,6.437,1.0000
4518.1485,-665.3611,-313.9020,0.0000,0.000,6.127,6.494,1.0000
4523.1556,-660.4332,-314.7886,0.0000,0.000,6.121,6.550,1.0000
4528.1596,-655.5050,-315.6561,0.0000,0.000,6.116,6.607,1.0000
4533.1590,-650.5737,-316.4786,0.0000,0.000,6.111,6.664,1.0000
4538.1532,-645.6364,-317.2305,0.0000,0.000,6.106,6.720,1.0000
4543.1424,-640.6904,-317.8860,0.0000,0.000,6.101,6.777,1.0000
4548.1285,-635.7329,-318.4196,0.0000,0.000,6.096,6.834,1.0000
4553.1154,-630.7611,-318.8057,0.0000,0.000,6.118,6.859,1.0000
4558.1077,-625.7744,-319.0425,0.0000,0.000,6.151,6.872,1.0000
4563.1075,-620.7762,-319.1707,0.0000,0.000,6.184,6.885,1.0000
4568.1135,-615.7706,-319.2356,0.0000,0.000,6.217,6.898,1.0000
4573.1229,-610.7614,-319.2823,0.0000,0.000,6.250,6.912,1.0000
4578.1323,-605.7525,-319.3536,0.0000,0.000,6.282,6.925,1.0000
4583.1374,-600.7481,-319.4332,0.0000,0.000,6.315,6.938,1.0000
4588.1329,-595.7526,-319.4422,0.0000,0.000,6.348,6.951,1.0000
4593.1171,-590.7705,-319.2987,0.0000,0.000,6.381,6.965,1.0000
4598.0957,-585.8062,-318.9209,0.0000,0.000,6.332,6.865,1.0000
4603.0836,-580.8611,-318.2689,0.0000,0.000,6.267,6.742,1.0000
4608.0879,-575.9268,-317.4347,0.0000,0.000,6.202,6.619,1.0000
4613.1030,-570.9929,-316.5360,0.0000,0.000,6.137,6.496,1.0000
4618.1186,-566.0491,-315.6908,0.0000,0.000,6.072,6.373,1.0000
4623.1281,-561.0880,-314.9962,0.0000,0.000,6.007,6.250,1.0000
4628.1265,-556.1348,-314.3251,0.0000,0.000,5.942,6.127,1.0000
4633.1107,-551.2346,-313.4136,0.0000,0.000,5.877,6.004,1.0000
4638.1029,-546.4005,-312.1671,0.0000,0.000,5.903,6.047,1.0000
4643.1067,-541.5887,-310.7944,0.0000,0.000,5.932,6.096,1.0000
4648.1117,-536.7677,-309.4499,0.0000,0.000,5.961,6.145,1.0000
4653.1167,-531.9383,-308.1359,0.0000,0.000,5.990,6.194,1.0000
4658.1215,-527.1045,-306.8389,0.0000,0.000,6.020,6.243,1.0000
4663.1255,-522.2704,-305.5455,0.0000,0.000,6.049,6.291,1.0000
4668.1284,-517.4402,-304.2425,0.0000,0.000,6.078,6.340,1.0000
4673.1298,-512.6179,-302.9164,0.0000,0.000,6.107,6.389,1.0000
4678.1294,-507.8076,-301.5538,0.0000,0.000,6.137,6.438,1.0000
4683.1273,-503.0133,-300.1414,0.0000,0.000,6.166,6.487,1.0000
4688.1242,-498.2392,-298.6658,0.0000,0.000,6.231,6.548,1.0000
4693.1208,-493.4878,-297.1201,0.0000,0.000,6.415,6.650,1.0000
4698.1163,-488.7562,-295.5177,0.0000,0.000,6.598,6.752,1.0000
4703.1093,-484.0409,-293.8757,0.0000,0.000,6.781,6.854,1.0000
4708.0979,-479.3382,-292.2113,0.0000,0.000,6.964,6.956,1.0000
4713.0814,-474.6426,-290.5420,0.0000,0.000,7.147,7.058,1.0000
4718.1927,-469.7965,-288.9171,0.0000,0.000,7.331,7.160,1.0000
4723.4280,-464.6872,-287.7751,0.0000,0.000,8.057,6.874,1.0000
4728.0385,-460.1294,-288.4698,0.0000,0.000,8.807,6.570,1.0000
4732.5458,-456.9172,-291.6317,0.0000,0.000,7.305,5.926,1.0000
4737.3577,-454.5792,-295.8374,0.0000,0.000,5.981,5.575,1.0000
4742.2945,-452.7196,-300.4106,0.0000,0.000,5.535,5.930,1.0000
4747.3467,-451.1737,-305.2204,0.0000,0.000,5.393,6.096,1.0000
4752.4570,-449.7770,-310.1362,0.0000,0.000,5.442,6.144,1.0000
4757.5478,-448.3650,-315.0272,0.0000,0.000,5.490,6.192,1.0000
4762.5690,-446.8283,-319.8075,0.0000,0.000,5.539,6.240,1.0000
4767.5413,-445.1978,-324.5049,0.0000,0.000,5.587,6.288,1.0000
4772.4922,-443.5266,-329.1652,0.0000,0.000,5.635,6.337,1.0000
4777.4472,-441.8675,-333.8342,0.0000,0.000,5.684,6.385,1.0000
4782.4296,-440.2677,-338.5527,0.0000,0.000,5.732,6.433,1.0000
4787.4408,-438.7235,-343.3201,0.0000,0.000,5.781,6.481,1.0000
4792.4695,-437.2056,-348.1142,0.0000,0.000,5.829,6.529,1.0000
4797.5036,-435.6843,-352.9130,0.0000,0.000,5.878,6.578,1.0000
4802.5312,-434.1300,-357.6943,0.0000,0.000,5.926,6.626,1.0000
4807.5330,-432.4718,-362.4132,0.0000,0.000,5.975,6.674,1.0000
4812.4732,-430.4499,-366.9207,0.0000,0.000,5.975,6.662,1.0000
4817.3948,-427.7705,-371.0490,0.0000,0.000,5.741,6.357,1.0000
4822.3964,-424.4902,-374.8247,0.0000,0.000,5.507,6.052,1.0000
4827.4477,-420.9533,-378.4311,0.0000,0.000,5.438,6.144,1.0000
4832.4799,-417.3135,-381.9061,0.0000,0.000,5.390,6.285,1.0000
4837.4511,-413.5541,-385.1586,0.0000,0.000,5.342,6.427,1.0000
4842.3033,-409.5292,-387.8688,0.0000,0.000,5.294,6.569,1.0000
4847.1578,-404.9272,-389.4138,0.0000,0.000,5.286,6.402,1.0000
4852.1479,-399.9934,-390.1618,0.0000,0.000,5.280,6.223,1.0000
4857.1801,-394.9640,-390.3279,0.0000,0.000,5.274,6.044,1.0000
4862.1807,-389.9819,-389.8980,0.0000,0.000,5.398,6.008,1.0000
4867.1489,-385.0956,-388.9997,0.0000,0.000,5.526,5.976,1.0000
4872.1318,-380.2227,-387.9589,0.0000,0.000,5.653,5.944,1.0000
4877.1379,-375.3170,-386.9613,0.0000,0.000,5.659,5.963,1.0000
4882.1552,-370.3979,-385.9732,0.0000,0.000,5.614,6.002,1.0000
4887.1699,-365.4899,-384.9445,0.0000,0.000,5.570,6.041,1.0000
4892.1695,-360.6172,-383.8252,0.0000,0.000,5.526,6.081,1.0000
4897.1460,-355.8027,-382.5657,0.0000,0.000,5.481,6.120,1.0000
4902.1146,-351.0472,-381.1262,0.0000,0.000,5.436,6.160,1.0000
4907.1098,-346.3329,-379.4747,0.0000,0.000,5.389,6.201,1.0000
4912.1428,-341.6615,-377.6014,0.0000,0.000,5.341,6.242,1.0000
4917.1603,-337.0829,-375.5490,0.0000,0.000,5.293,6.283,1.0000
4922.1216,-332.6500,-373.3210,0.0000,0.000,5.246,6.323,1.0000
4927.0546,-328.4055,-370.8075,0.0000,0.000,5.240,6.333,1.0000
4932.0163,-324.3820,-367.9040,0.0000,0.000,5.290,6.302,1.0000
4937.0269,-320.5437,-364.6832,0.0000,0.000,5.340,6.271,1.0000
4942.0557,-316.8228,-361.3003,0.0000,0.000,5.390,6.240,1.0000
4947.0740,-313.1857,-357.8428,0.0000,0.000,5.440,6.209,1.0000
4952.0790,-309.6461,-354.3042,0.0000,0.000,5.480,6.179,1.0000
4957.0718,-306.2210,-350.6714,0.0000,0.000,5.496,6.150,1.0000
4962.0555,-302.9275,-346.9312,0.0000,0.000,5.511,6.121,1.0000
4967.0352,-299.7767,-343.0750,0.0000,0.000,5.526,6.093,1.0000
4972.0171,-296.7551,-339.1141,0.0000,0.000,5.537,6.068,1.0000
4977.0050,-293.8424,-335.0650,0.0000,0.000,5.512,6.072,1.0000
4982.0005,-291.0184,-330.9442,0.0000,0.000,5.488,6.077,1.0000
4987.0036,-288.2629,-326.7683,0.0000,0.000,5.464,6.081,1.0000
4992.0127,-285.5558,-322.5538,0.0000,0.000,5.439,6.086,1.0000
4997.0252,-282.8768,-318.3172,0.0000,0.000,5.415,6.090,1.0000
5002.0383,-280.2057,-314.0750,0.0000,0.000,5.391,6.095,1.0000
5007.0487,-277.5224,-309.8437,0.0000,0.000,5.367,6.099,1.0000
5012.0545,-274.8139,-305.6340,0.0000,0.000,5.342,6.104,1.0000
5017.0564,-272.0838,-301.4428,0.0000,0.000,5.318,6.108,1.0000
5022.0555,-269.3382,-297.2652,0.0000,0.000,5.294,6.113,1.0000
5027.0525,-266.5832,-293.0962,0.0000,0.000,5.269,6.117,1.0000
5032.0484,-263.8248,-288.9309,0.0000,0.000,5.245,6.122,1.0000
5037.0438,-261.0692,-284.7642,0.0000,0.000,5.221,6.126,1.0000
5042.0396,-258.3224,-280.5913,0.0000,0.000,5.197,6.131,1.0000
5047.0367,-255.5905,-276.4071,0.0000,0.000,5.172,6.135,1.0000
5052.0360,-252.8795,-272.2067,0.0000,0.000,5.148,6.139,1.0000
5057.0382,-250.1910,-267.9884,0.0000,0.000,5.124,6.144,1.0000
5062.0431,-247.5069,-263.7641,0.0000,0.000,5.099,6.148,1.0000
5067.0499,-244.8046,-259.5493,0.0000,0.000,5.075,6.153,1.0000
5072.0581,-242.0609,-255.3594,0.0000,0.000,5.051,6.157,1.0000
5077.0682,-239.2534,-251.2098,0.0000,0.000,5.027,6.162,1.0000
5082.0774,-236.4157,-247.0819,0.0000,0.000,5.002,6.166,1.0000
5087.0749,-233.7123,-242.8788,0.0000,0.000,4.978,6.171,1.0000
5092.0419,-231.3954,-238.4853,0.0000,0.000,4.954,6.175,1.0000
5096.9214,-230.1981,-233.7549,0.0000,0.000,5.145,6.121,1.0000
5101.8239,-230.3355,-228.8543,0.0000,0.000,5.409,6.047,1.0000
5106.7981,-231.5829,-224.0391,0.0000,0.000,5.508,5.868,1.0000
5111.8483,-233.7717,-219.4879,0.0000,0.000,5.762,6.215,1.0000
5116.9136,-236.7335,-215.3787,0.0000,0.000,6.148,6.922,1.0000
5121.9028,-240.2999,-211.8897,0.0000,0.000,6.425,7.408,1.0000
5126.7875,-244.3000,-209.0862,0.0000,0.000,6.371,7.222,1.0000
5131.7083,-248.5532,-206.6116,0.0000,0.000,6.317,7.035,1.0000
5136.7452,-252.8838,-204.0394,0.0000,0.000,6.263,6.849,1.0000
5141.8480,-257.2120,-201.3366,0.0000,0.000,6.209,6.663,1.0000
5146.8849,-261.5277,-198.7394,0.0000,0.000,6.155,6.477,1.0000
5151.8323,-265.8217,-196.2821,0.0000,0.000,6.101,6.290,1.0000
5156.7412,-270.0846,-193.8481,0.0000,0.000,6.047,6.104,1.0000
5161.6639,-274.3071,-191.3175,0.0000,0.000,5.993,5.918,1.0000
5166.6595,-278.4797,-188.5705,0.0000,0.000,5.940,5.732,1.0000
5171.7769,-282.5726,-185.4988,0.0000,0.000,6.036,5.650,1.0000
5176.9274,-286.4176,-182.0718,0.0000,0.000,6.132,5.568,1.0000
5181.9925,-289.7887,-178.2916,0.0000,0.000,6.057,5.543,1.0000
5186.9122,-292.4599,-174.1602,0.0000,0.000,5.937,5.532,1.0000
5191.7207,-294.2098,-169.6814,0.0000,0.000,6.057,5.406,1.0000
5196.5485,-294.9726,-164.9142,0.0000,0.000,6.194,5.272,1.0000
5201.4809,-294.8677,-159.9829,0.0000,0.000,6.051,5.266,1.0000
5206.5187,-294.0254,-155.0161,0.0000,0.000,5.893,5.267,1.0000
5211.6038,-292.5761,-150.1419,0.0000,0.000,5.917,5.392,1.0000
5216.6482,-290.6488,-145.4801,0.0000,0.000,5.993,5.551,1.0000
5221.6431,-288.3578,-141.0417,0.0000,0.000,5.995,5.576,1.0000
5226.6248,-285.8074,-136.7623,0.0000,0.000,5.987,5.583,1.0000
5231.6091,-283.1015,-132.5764,0.0000,0.000,5.979,5.590,1.0000
5236.5983,-280.3438,-128.4187,0.0000,0.000,5.971,5.597,1.0000
5241.5908,-277.6045,-124.2448,0.0000,0.000,5.963,5.605,1.0000
5246.5862,-274.8881,-120.0525,0.0000,0.000,5.955,5.612,1.0000
5251.5841,-272.1913,-115.8446,0.0000,0.000,5.947,5.619,1.0000
5256.5843,-269.5106,-111.6237,0.0000,0.000,5.939,5.627,1.0000
5261.5863,-266.8429,-107.3925,0.0000,0.000,5.931,5.634,1.0000
5266.5897,-264.1847,-103.1536,0.0000,0.000,5.923,5.641,1.0000
5271.5940,-261.5329,-98.9098,0.0000,0.000,5.915,5.648,1.0000
5276.5986,-258.8839,-94.6636,0.0000,0.000,5.906,5.656,1.0000
5281.6032,-256.2346,-90.4178,0.0000,0.000,5.898,5.663,1.0000
5286.6072,-253.5823,-86.1745,0.0000,0.000,5.890,5.670,1.0000
5291.6107,-250.9267,-81.9339,0.0000,0.000,5.882,5.677,1.0000
5296.6137,-248.2681,-77.6958,0.0000,0.000,5.874,5.685,1.0000
5301.6162,-245.6067,-73.4600,0.0000,0.000,5.866,5.692,1.0000
5306.6183,-242.9428,-69.2263,0.0000,0.000,5.858,5.699,1.0000
5311.6200,-240.2767,-64.9944,0.0000,0.000,5.850,5.707,1.0000
5316.6214,-237.6085,-60.7642,0.0000,0.000,5.842,5.714,1.0000
5321.6225,-234.9386,-56.5354,0.0000,0.000,5.834,5.721,1.0000
5326.6233,-232.2673,-52.3078,0.0000,0.000,5.826,5.728,1.0000
5331.6240,-229.5947,-48.0812,0.0000,0.000,5.818,5.736,1.0000
5336.6245,-226.9211,-43.8555,0.0000,0.000,5.810,5.743,1.0000
5341.6249,-224.2468,-39.6304,0.0000,0.000,5.802,5.750,1.0000
5346.6252,-221.5720,-35.4056,0.0000,0.000,5.794,5.757,1.0000
5351.6254,-218.8970,-31.1810,0.0000,0.000,5.786,5.765,1.0000
5356.6257,-216.2221,-26.9564,0.0000,0.000,5.778,5.772,1.0000
5361.6260,-213.5475,-22.7315,0.0000,0.000,5.770,5.779,1.0000
5366.6264,-210.8734,-18.5062,0.0000,0.000,5.762,5.787,1.0000
5371.6270,-208.2001,-14.2802,0.0000,0.000,5.754,5.794,1.0000
5376.6277,-205.5279,-10.0533,0.0000,0.000,5.746,5.801,1.0000
5381.6286,-202.8570,-5.8254,0.0000,0.000,5.738,5.808,1.0000
5386.6296,-200.1877,-1.5964,0.0000,0.000,5.730,5.816,1.0000
5391.6307,-197.5202,2.6340,0.0000,0.000,5.722,5.823,1.0000
5396.6319,-194.8549,6.8658,0.0000,0.000,5.714,5.830,1.0000
5401.6332,-192.1919,11.0991,0.0000,0.000,5.706,5.837,1.0000
5406.6346,-189.5315,15.3343,0.0000,0.000,5.698,5.845,1.0000
5411.6361,-186.8739,19.5712,0.0000,0.000,5.690,5.852,1.0000
5416.6376,-184.2196,23.8103,0.0000,0.000,5.682,5.859,1.0000
5421.6391,-181.5686,28.0514,0.0000,0.000,5.674,5.867,1.0000
5426.6407,-178.9212,32.2949,0.0000,0.000,5.666,5.874,1.0000
5431.6422,-176.2778,36.5409,0.0000,0.000,5.658,5.881,1.0000
5436.6438,-173.6385,40.7894,0.0000,0.000,5.650,5.888,1.0000
5441.6454,-171.0036,45.0407,0.0000,0.000,5.653,5.879,1.0000
5446.6469,-168.3735,49.2948,0.0000,0.000,5.661,5.864,1.0000
5451.6485,-165.7482,53.5520,0.0000,0.000,5.669,5.849,1.0000
5456.6500,-163.1282,57.8123,0.0000,0.000,5.677,5.833,1.0000
5461.6514,-160.5137,62.0760,0.0000,0.000,5.684,5.818,1.0000
5466.6529,-157.9048,66.3430,0.0000,0.000,5.692,5.803,1.0000
5471.6542,-155.3012,70.6133,0.0000,0.000,5.700,5.788,1.0000
5476.6556,-152.7022,74.8863,0.0000,0.000,5.707,5.773,1.0000
5481.6569,-150.1071,79.1617,0.0000,0.000,5.715,5.757,1.0000
5486.6582,-147.5151,83.4389,0.0000,0.000,5.723,5.742,1.0000
5491.6594,-144.9256,87.7174,0.0000,0.000,5.730,5.727,1.0000
5496.6605,-142.3377,91.9970,0.0000,0.000,5.738,5.712,1.0000
5501.6616,-139.7508,96.2770,0.0000,0.000,5.746,5.697,1.0000
5506.6627,-137.1640,100.5571,0.0000,0.000,5.754,5.681,1.0000
5511.6636,-134.5768,104.8368,0.0000,0.000,5.761,5.666,1.0000
5516.6645,-131.9884,109.1157,0.0000,0.000,5.769,5.651,1.0000
5521.6652,-129.3980,113.3932,0.0000,0.000,5.777,5.636,1.0000
5526.6659,-126.8048,117.6690,0.0000,0.000,5.784,5.621,1.0000
5531.6665,-124.2083,121.9426,0.0000,0.000,5.792,5.605,1.0000
5536.6669,-121.6076,126.2135,0.0000,0.000,5.800,5.590,1.0000
5541.6673,-119.0020,130.4814,0.0000,0.000,5.808,5.575,1.0000
5546.6675,-116.3908,134.7456,0.0000,0.000,5.815,5.560,1.0000
5551.6677,-113.7732,139.0059,0.0000,0.000,5.823,5.545,1.0000
5556.6661,-111.1347,143.2512,0.0000,0.000,5.831,5.529,1.0000
5561.6483,-108.2950,147.3449,0.0000,0.000,6.008,5.546,1.0000
5566.6421,-104.9666,151.0677,0.0000,0.000,6.324,5.589,1.0000
5571.6703,-101.0018,154.1603,0.0000,0.000,6.482,5.846,1.0000
5576.6327,-96.5199,156.2905,0.0000,0.000,6.364,6.479,1.0000
5581.5151,-91.7065,157.1081,0.0000,0.000,7.049,6.257,1.0000
5586.3560,-86.9350,156.2910,0.0000,0.000,7.317,6.131,1.0000
5591.3258,-82.3057,154.4831,0.0000,0.000,7.301,6.137,1.0000
5596.3345,-77.7298,152.4464,0.0000,0.000,7.285,6.143,1.0000
5601.3509,-73.1554,150.3875,0.0000,0.000,7.269,6.149,1.0000
5606.3613,-68.5601,148.3907,0.0000,0.000,7.253,6.155,1.0000
5611.3667,-63.9508,146.4391,0.0000,0.000,7.237,6.161,1.0000
5616.3682,-59.3361,144.5105,0.0000,0.000,7.221,6.167,1.0000
5621.3666,-54.7243,142.5831,0.0000,0.000,7.204,6.173,1.0000
5626.3625,-50.1233,140.6363,0.0000,0.000,7.188,6.180,1.0000
5631.3574,-45.5326,138.6679,0.0000,0.000,7.172,6.186,1.0000
5636.3529,-40.9464,136.6875,0.0000,0.000,7.156,6.192,1.0000
5641.3505,-36.3590,134.7047,0.0000,0.000,7.140,6.198,1.0000
5646.3517,-31.7646,132.7289,0.0000,0.000,7.124,6.204,1.0000
5651.3570,-27.1605,130.7655,0.0000,0.000,7.108,6.210,1.0000
5656.3651,-22.5494,128.8114,0.0000,0.000,7.092,6.216,1.0000
5661.3744,-17.9345,126.8632,0.0000,0.000,7.076,6.222,1.0000
5666.3833,-13.3191,124.9171,0.0000,0.000,7.060,6.228,1.0000
5671.3902,-8.7064,122.9696,0.0000,0.000,7.043,6.235,1.0000
5676.3936,-4.0998,121.0169,0.0000,0.000,7.027,6.241,1.0000
5681.3919,0.4976,119.0554,0.0000,0.000,7.011,6.247,1.0000
5686.3836,5.0824,117.0815,0.0000,0.000,6.995,6.253,1.0000
5691.3672,9.6514,115.0915,0.0000,0.000,6.979,6.259,1.0000
5696.3448,14.2083,113.0887,0.0000,0.000,6.963,6.265,1.0000
5701.3298,18.7787,111.0982,0.0000,0.000,6.947,6.271,1.0000
5706.3382,23.3923,109.1493,0.0000,0.000,6.931,6.277,1.0000
5711.3872,28.0792,107.2716,0.0000,0.000,6.915,6.283,1.0000
5716.4840,32.8460,105.4674,0.0000,0.000,6.899,6.290,1.0000
5721.5072,37.4408,103.4375,0.0000,0.000,6.882,6.296,1.0000
5726.3638,41.4502,100.6970,0.0000,0.000,6.950,6.183,1.0000
5731.1635,44.5025,96.9929,0.0000,0.000,7.089,5.963,1.0000
5736.0142,46.3067,92.4901,0.0000,0.000,6.764,6.369,1.0000
5741.0678,46.8410,87.4648,0.0000,0.000,6.636,6.504,1.0000
5746.2292,46.5379,82.3123,0.0000,0.000,6.675,6.412,1.0000
5751.2106,45.7188,77.3987,0.0000,0.000,6.891,6.387,1.0000
5756.0989,43.9431,72.8444,0.0000,0.000,7.198,6.400,1.0000
5761.0718,41.5262,68.4983,0.0000,0.000,7.198,6.402,1.0000
5766.0606,38.9671,64.2159,0.0000,0.000,7.198,6.404,1.0000
5771.0594,36.3195,59.9758,0.0000,0.000,7.198,6.407,1.0000
5776.0652,33.6174,55.7620,0.0000,0.000,7.198,6.409,1.0000
5781.0734,30.8948,51.5584,0.0000,0.000,7.198,6.411,1.0000
5786.0803,28.1780,47.3527,0.0000,0.000,7.198,6.414,1.0000
5791.0855,25.4699,43.1434,0.0000,0.000,7.198,6.416,1.0000
5796.0892,22.7694,38.9310,0.0000,0.000,7.198,6.418,1.0000
5801.0917,20.0753,34.7160,0.0000,0.000,7.198,6.421,1.0000
5806.0932,17.3864,30.4987,0.0000,0.000,7.198,6.423,1.0000
5811.0939,14.7016,26.2798,0.0000,0.000,7.198,6.425,1.0000
5816.0942,12.0196,22.0597,0.0000,0.000,7.198,6.428,1.0000
5821.0941,9.3393,17.8389,0.0000,0.000,7.198,6.430,1.0000
5826.0940,6.6594,13.6179,0.0000,0.000,7.198,6.432,1.0000
5831.0941,3.9789,9.3970,0.0000,0.000,7.198,6.435,1.0000
5836.0944,1.2976,5.1764,0.0000,0.000,7.198,6.437,1.0000
