# Autodromo Nazionale Monza — TUMFTM racetrack-database (LGPL-3.0), flat 2-D centre line + measured widths; upstream commit e59595d.
s_m,x_m,y_m,z_m,banking_deg,width_left_m,width_right_m,grip_scale
0.0000,-0.3201,1.0877,0.0000,0.000,5.932,5.739,1.0000
4.9984,0.1683,6.0622,0.0000,0.000,5.929,5.735,1.0000
9.9967,0.6561,11.0366,0.0000,0.000,5.926,5.731,1.0000
14.9950,1.1435,16.0111,0.0000,0.000,5.923,5.727,1.0000
19.9932,1.6305,20.9855,0.0000,0.000,5.920,5.723,1.0000
24.9913,2.1171,25.9599,0.0000,0.000,5.917,5.719,1.0000
29.9894,2.6034,30.9342,0.0000,0.000,5.914,5.715,1.0000
34.9874,3.0894,35.9086,0.0000,0.000,5.911,5.711,1.0000
39.9854,3.5751,40.8829,0.0000,0.000,5.908,5.707,1.0000
44.9833,4.0606,45.8572,0.0000,0.000,5.905,5.703,1.0000
49.9811,4.5459,50.8314,0.0000,0.000,5.902,5.700,1.0000
54.9790,5.0311,55.8056,0.0000,0.000,5.899,5.696,1.0000
59.9767,5.5162,60.7798,0.0000,0.000,5.896,5.692,1.0000
64.9745,6.0012,65.7540,0.0000,0.000,5.893,5.688,1.0000
69.9722,6.4862,70.7281,0.0000,0.000,5.890,5.684,1.0000
74.9699,6.9713,75.7022,0.0000,0.000,5.887,5.680,1.0000
79.9675,7.4565,80.6762,0.0000,0.000,5.884,5.676,1.0000
84.9652,7.9417,85.6502,0.0000,0.000,5.881,5.672,1.0000
89.9628,8.4272,90.6242,0.0000,0.000,5.878,5.668,1.0000
94.9603,8.9128,95.5981,0.0000,0.000,5.875,5.664,1.0000
99.9579,9.3987,100.5720,0.0000,0.000,5.872,5.660,1.0000
104.9555,9.8849,105.5459,0.0000,0.000,5.869,5.656,1.0000
109.9530,10.3714,110.5197,0.0000,0.000,5.866,5.652,1.0000
114.9505,10.8582,115.4934,0.0000,0.000,5.863,5.648,1.0000
119.9480,11.3455,120.4671,0.0000,0.000,5.860,5.644,1.0000
124.9456,11.8333,125.4408,0.0000,0.000,5.858,5.640,1.0000
129.9431,12.3215,130.4144,0.0000,0.000,5.855,5.636,1.0000
134.9406,12.8103,135.3880,0.0000,0.000,5.852,5.632,1.0000
139.9381,13.2996,140.3615,0.0000,0.000,5.849,5.628,1.0000
144.9357,13.7896,145.3350,0.0000,0.000,5.846,5.624,1.0000
149.9332,14.2802,150.3084,0.0000,0.000,5.843,5.620,1.0000
154.9308,14.7716,155.2817,0.0000,0.000,5.840,5.616,1.0000
159.9284,15.2637,160.2550,0.0000,0.000,5.837,5.612,1.0000
164.9260,15.7566,165.2283,0.0000,0.000,5.834,5.608,1.0000
169.9236,16.2503,170.2015,0.0000,0.000,5.831,5.604,1.0000
174.9213,16.7448,175.1746,0.0000,0.000,5.828,5.600,1.0000
179.9190,17.2403,180.1477,0.0000,0.000,5.825,5.597,1.0000
184.9167,17.7368,185.1207,0.0000,0.000,5.822,5.593,1.0000
189.9145,18.2342,190.0936,0.0000,0.000,5.819,5.589,1.0000
194.9123,18.7324,195.0665,0.0000,0.000,5.816,5.585,1.0000
199.9101,19.2314,200.0394,0.0000,0.000,5.813,5.581,1.0000
204.9080,19.7310,205.0122,0.0000,0.000,5.810,5.577,1.0000
209.9058,20.2312,209.9850,0.0000,0.000,5.807,5.573,1.0000
214.9037,20.7319,214.9577,0.0000,0.000,5.804,5.569,1.0000
219.9017,21.2330,219.9305,0.0000,0.000,5.801,5.565,1.0000
224.8996,21.7345,224.9032,0.0000,0.000,5.798,5.561,1.0000
229.8976,22.2361,229.8759,0.0000,0.000,5.795,5.557,1.0000
234.8956,22.7380,234.8487,0.0000,0.000,5.792,5.553,1.0000
239.8936,23.2399,239.8214,0.0000,0.000,5.789,5.549,1.0000
244.8916,23.7418,244.7941,0.0000,0.000,5.786,5.545,1.0000
249.8896,24.2435,249.7669,0.0000,0.000,5.783,5.541,1.0000
254.8876,24.7451,254.7397,0.0000,0.000,5.780,5.537,1.0000
259.8857,25.2464,259.7125,0.0000,0.000,5.777,5.533,1.0000
264.8837,25.7474,264.6854,0.0000,0.000,5.774,5.529,1.0000
269.8818,26.2479,269.6583,0.0000,0.000,5.771,5.525,1.0000
274.8798,26.7479,274.6313,0.0000,0.000,5.768,5.521,1.0000
279.8778,27.2472,279.6043,0.0000,0.000,5.765,5.517,1.0000
284.8759,27.7459,284.5774,0.0000,0.000,5.762,5.513,1.0000
289.8739,28.2437,289.5506,0.0000,0.000,5.759,5.509,1.0000
294.8719,28.7407,294.5238,0.0000,0.000,5.756,5.505,1.0000
299.8699,29.2368,299.4972,0.0000,0.000,5.753,5.501,1.0000
304.8679,29.7317,304.4706,0.0000,0.000,5.750,5.497,1.0000
309.8659,30.2256,309.4441,0.0000,0.000,5.746,5.495,1.0000
314.8639,30.7182,314.4178,0.0000,0.000,5.726,5.514,1.0000
319.8618,31.2095,319.3915,0.0000,0.000,5.706,5.534,1.0000
324.8598,31.6995,324.3654,0.0000,0.000,5.686,5.553,1.0000
329.8577,32.1880,329.3394,0.0000,0.000,5.666,5.572,1.0000
334.8556,32.6749,334.3135,0.0000,0.000,5.646,5.592,1.0000
339.8535,33.1601,339.2877,0.0000,0.000,5.626,5.611,1.0000
344.8513,33.6437,344.2622,0.0000,0.000,5.606,5.631,1.0000
349.8491,34.1254,349.2367,0.0000,0.000,5.586,5.650,1.0000
354.8469,34.6052,354.2114,0.0000,0.000,5.566,5.669,1.0000
359.8447,35.0830,359.1863,0.0000,0.000,5.545,5.689,1.0000
364.8424,35.5588,364.1613,0.0000,0.000,5.525,5.708,1.0000
369.8402,36.0324,369.1366,0.0000,0.000,5.505,5.728,1.0000
374.8378,36.5041,374.1119,0.0000,0.000,5.485,5.747,1.0000
379.8355,36.9737,379.0875,0.0000,0.000,5.468,5.745,1.0000
384.8332,37.4413,384.0632,0.0000,0.000,5.454,5.728,1.0000
389.8308,37.9070,389.0391,0.0000,0.000,5.440,5.712,1.0000
394.8284,38.3709,394.0151,0.0000,0.000,5.425,5.695,1.0000
399.8260,38.8328,398.9913,0.0000,0.000,5.411,5.679,1.0000
404.8236,39.2930,403.9677,0.0000,0.000,5.396,5.662,1.0000
409.8211,39.7513,408.9442,0.0000,0.000,5.382,5.646,1.0000
414.8187,40.2080,413.9208,0.0000,0.000,5.367,5.630,1.0000
419.8162,40.6629,418.8976,0.0000,0.000,5.353,5.613,1.0000
424.8137,41.1162,423.8745,0.0000,0.000,5.338,5.597,1.0000
429.8112,41.5678,428.8516,0.0000,0.000,5.324,5.580,1.0000
434.8088,42.0179,433.8288,0.0000,0.000,5.309,5.564,1.0000
439.8063,42.4664,438.8061,0.0000,0.000,5.295,5.547,1.0000
444.8038,42.9135,443.7836,0.0000,0.000,5.280,5.531,1.0000
449.8013,43.3590,448.7612,0.0000,0.000,5.266,5.514,1.0000
454.7988,43.8032,453.7389,0.0000,0.000,5.251,5.498,1.0000
459.7962,44.2459,458.7168,0.0000,0.000,5.237,5.482,1.0000
464.7937,44.6873,463.6947,0.0000,0.000,5.222,5.465,1.0000
469.7912,45.1274,468.6728,0.0000,0.000,5.208,5.449,1.0000
474.7887,45.5662,473.6510,0.0000,0.000,5.193,5.432,1.0000
479.7862,46.0038,478.6293,0.0000,0.000,5.179,5.416,1.0000
484.7837,46.4401,483.6077,0.0000,0.000,5.164,5.399,1.0000
489.7812,46.8754,488.5862,0.0000,0.000,5.150,5.383,1.0000
494.7787,47.3095,493.5648,0.0000,0.000,5.137,5.359,1.0000
499.7762,47.7425,498.5436,0.0000,0.000,5.130,5.317,1.0000
504.7738,48.1745,503.5224,0.0000,0.000,5.122,5.275,1.0000
509.7713,48.6055,508.5013,0.0000,0.000,5.114,5.233,1.0000
514.7688,49.0355,513.4803,0.0000,0.000,5.106,5.190,1.0000
519.7664,49.4646,518.4594,0.0000,0.000,5.098,5.148,1.0000
524.7639,49.8929,523.4385,0.0000,0.000,5.090,5.106,1.0000
529.7615,50.3202,528.4178,0.0000,0.000,5.082,5.064,1.0000
534.7591,50.7468,533.3971,0.0000,0.000,5.075,5.021,1.0000
539.7567,51.1726,538.3766,0.0000,0.000,5.067,4.979,1.0000
544.7543,51.5977,543.3561,0.0000,0.000,5.059,4.937,1.0000
549.7519,52.0221,548.3356,0.0000,0.000,5.058,4.910,1.0000
554.7495,52.4458,553.3153,0.0000,0.000,5.063,4.896,1.0000
559.7472,52.8689,558.2950,0.0000,0.000,5.067,4.883,1.0000
564.7448,53.2915,563.2747,0.0000,0.000,5.055,4.876,1.0000
569.7425,53.7135,568.2545,0.0000,0.000,5.043,4.868,1.0000
574.7402,54.1350,573.2344,0.0000,0.000,5.030,4.861,1.0000
579.7379,54.5561,578.2144,0.0000,0.000,5.018,4.853,1.0000
584.7356,54.9767,583.1944,0.0000,0.000,5.006,4.845,1.0000
589.7334,55.3970,588.1744,0.0000,0.000,4.993,4.838,1.0000
594.7311,55.8169,593.1545,0.0000,0.000,4.981,4.830,1.0000
599.7289,56.2365,598.1346,0.0000,0.000,4.969,4.823,1.0000
604.7267,56.6559,603.1148,0.0000,0.000,4.956,4.815,1.0000
609.7245,57.0750,608.0950,0.0000,0.000,4.944,4.808,1.0000
614.7224,57.4939,613.0753,0.0000,0.000,4.932,4.800,1.0000
619.7202,57.9127,618.0556,0.0000,0.000,4.919,4.792,1.0000
624.7181,58.3314,623.0359,0.0000,0.000,4.907,4.785,1.0000
629.7160,58.7500,628.0162,0.0000,0.000,4.895,4.777,1.0000
634.7140,59.1686,632.9966,0.0000,0.000,4.882,4.770,1.0000
639.7119,59.5872,637.9770,0.0000,0.000,4.870,4.762,1.0000
644.7099,60.0059,642.9574,0.0000,0.000,4.858,4.755,1.0000
649.7079,60.4246,647.9378,0.0000,0.000,4.846,4.747,1.0000
654.7059,60.8434,652.9183,0.0000,0.000,4.833,4.739,1.0000
659.7040,61.2625,657.8987,0.0000,0.000,4.821,4.732,1.0000
664.7020,61.6817,662.8792,0.0000,0.000,4.809,4.724,1.0000
669.7001,62.1011,667.8596,0.0000,0.000,4.796,4.717,1.0000
674.6983,62.5209,672.8401,0.0000,0.000,4.784,4.709,1.0000
679.6964,62.9410,677.8206,0.0000,0.000,4.772,4.702,1.0000
684.6946,63.3614,682.8010,0.0000,0.000,4.759,4.694,1.0000
689.6928,63.7822,687.7815,0.0000,0.000,4.747,4.686,1.0000
694.6910,64.2034,692.7620,0.0000,0.000,4.735,4.679,1.0000
699.6893,64.6252,697.7424,0.0000,0.000,4.722,4.671,1.0000
704.6876,65.0474,702.7228,0.0000,0.000,4.710,4.664,1.0000
709.6859,65.4702,707.7032,0.0000,0.000,4.698,4.656,1.0000
714.6843,65.8936,712.6836,0.0000,0.000,4.685,4.649,1.0000
719.6827,66.3176,717.6640,0.0000,0.000,4.673,4.641,1.0000
724.6811,66.7422,722.6443,0.0000,0.000,4.661,4.633,1.0000
729.6795,67.1676,727.6247,0.0000,0.000,4.648,4.626,1.0000
734.6780,67.5936,732.6049,0.0000,0.000,4.636,4.618,1.0000
739.6765,68.0201,737.5852,0.0000,0.000,4.624,4.611,1.0000
744.6749,68.4472,742.5654,0.0000,0.000,4.611,4.603,1.0000
749.6734,68.8747,747.5455,0.0000,0.000,4.599,4.596,1.0000
754.6718,69.3026,752.5256,0.0000,0.000,4.587,4.588,1.0000
759.6702,69.7308,757.5056,0.0000,0.000,4.574,4.580,1.0000
764.6685,70.1593,762.4855,0.0000,0.000,4.562,4.573,1.0000
769.6667,70.5880,767.4653,0.0000,0.000,4.550,4.565,1.0000
774.6649,71.0169,772.4450,0.0000,0.000,4.538,4.558,1.0000
779.6630,71.4458,777.4247,0.0000,0.000,4.525,4.550,1.0000
784.6609,71.8748,782.4042,0.0000,0.000,4.513,4.543,1.0000
789.6588,72.3037,787.3836,0.0000,0.000,4.501,4.535,1.0000
794.6565,72.7325,792.3629,0.0000,0.000,4.488,4.527,1.0000
799.6541,73.1612,797.3421,0.0000,0.000,4.476,4.520,1.0000
804.6515,73.5896,802.3211,0.0000,0.000,4.464,4.512,1.0000
809.6487,74.0178,807.2999,0.0000,0.000,4.451,4.505,1.0000
814.6458,74.4456,812.2787,0.0000,0.000,4.439,4.497,1.0000
819.6427,74.8731,817.2572,0.0000,0.000,4.427,4.490,1.0000
824.6394,75.3001,822.2356,0.0000,0.000,4.414,4.482,1.0000
829.6358,75.7265,827.2139,0.0000,0.000,4.402,4.474,1.0000
834.6320,76.1524,832.1919,0.0000,0.000,4.390,4.467,1.0000
839.6280,76.5776,837.1697,0.0000,0.000,4.377,4.459,1.0000
844.6238,77.0022,842.1474,0.0000,0.000,4.365,4.452,1.0000
849.6192,77.4259,847.1249,0.0000,0.000,4.353,4.444,1.0000
854.6144,77.8489,852.1021,0.0000,0.000,4.340,4.437,1.0000
859.6093,78.2709,857.0791,0.0000,0.000,4.328,4.429,1.0000
864.6039,78.6920,862.0559,0.0000,0.000,4.316,4.421,1.0000
869.5982,79.1122,867.0325,0.0000,0.000,4.303,4.414,1.0000
874.5921,79.5312,872.0088,0.0000,0.000,4.291,4.406,1.0000
879.5857,79.9491,876.9849,0.0000,0.000,4.279,4.399,1.0000
884.5790,80.3659,881.9608,0.0000,0.000,4.266,4.391,1.0000
889.5718,80.7814,886.9363,0.0000,0.000,4.254,4.384,1.0000
894.5643,81.1955,891.9116,0.0000,0.000,4.242,4.376,1.0000
899.5565,81.6084,896.8866,0.0000,0.000,4.230,4.368,1.0000
904.5482,82.0197,901.8614,0.0000,0.000,4.217,4.361,1.0000
909.5448,82.4296,906.8412,0.0000,0.000,4.205,4.353,1.0000
914.5976,82.8376,911.8775,0.0000,0.000,4.193,4.346,1.0000
919.7768,83.2484,917.0403,0.0000,0.000,4.180,4.338,1.0000
924.8980,83.9544,922.1126,0.0000,0.000,4.319,4.161,1.0000
929.5652,85.6735,926.4517,0.0000,0.000,4.819,4.026,1.0000
934.0084,88.9747,929.4255,0.0000,0.000,4.609,4.101,1.0000
938.7521,93.5511,930.6743,0.0000,0.000,4.098,4.131,1.0000
943.8487,98.6431,930.4547,0.0000,0.000,4.208,4.615,1.0000
949.0618,103.7650,929.4841,0.0000,0.000,4.102,4.580,1.0000
954.1328,108.7632,928.6278,0.0000,0.000,3.995,4.545,1.0000
958.9690,113.5992,928.5912,0.0000,0.000,3.935,4.495,1.0000
963.8805,118.3218,929.9402,0.0000,0.000,4.343,4.465,1.0000
969.1923,122.7387,932.8909,0.0000,0.000,4.457,4.458,1.0000
974.3542,126.0736,936.8309,0.0000,0.000,4.425,4.392,1.0000
979.0519,127.8029,941.1987,0.0000,0.000,4.338,4.755,1.0000
983.7125,128.2085,945.8417,0.0000,0.000,3.908,4.822,1.0000
988.5655,127.6894,950.6668,0.0000,0.000,3.994,4.735,1.0000
993.5895,126.6447,955.5811,0.0000,0.000,4.146,4.444,1.0000
998.6526,125.4418,960.4992,0.0000,0.000,4.296,4.283,1.0000
1003.7034,124.2022,965.3954,0.0000,0.000,4.435,4.296,1.0000
1008.7428,122.9321,970.2722,0.0000,0.000,4.437,4.288,1.0000
1013.7720,121.6373,975.1319,0.0000,0.000,4.440,4.279,1.0000
1018.7922,120.3234,979.9770,0.0000,0.000,4.443,4.271,1.0000
1023.8042,118.9959,984.8101,0.0000,0.000,4.445,4.263,1.0000
1028.8091,117.6605,989.6335,0.0000,0.000,4.448,4.255,1.0000
1033.8077,116.3228,994.4498,0.0000,0.000,4.451,4.247,1.0000
1038.8010,114.9885,999.2615,0.0000,0.000,4.453,4.239,1.0000
1043.7898,113.6632,1004.0710,0.0000,0.000,4.456,4.231,1.0000
1048.7750,112.3524,1008.8809,0.0000,0.000,4.459,4.223,1.0000
1053.7576,111.0619,1013.6935,0.0000,0.000,4.461,4.215,1.0000
1058.7387,109.7973,1018.5114,0.0000,0.000,4.464,4.206,1.0000
1063.7195,108.5641,1023.3370,0.0000,0.000,4.467,4.198,1.0000
1068.7010,107.3680,1028.1729,0.0000,0.000,4.469,4.190,1.0000
1073.6849,106.2146,1033.0214,0.0000,0.000,4.476,4.189,1.0000
1078.6726,105.1096,1037.8852,0.0000,0.000,4.485,4.193,1.0000
1083.6659,104.0585,1042.7666,0.0000,0.000,4.494,4.196,1.0000
1088.6664,103.0671,1047.6678,0.0000,0.000,4.503,4.200,1.0000
1093.6729,102.1405,1052.5878,0.0000,0.000,4.497,4.213,1.0000
1098.6833,101.2839,1057.5244,0.0000,0.000,4.446,4.256,1.0000
1103.6953,100.5027,1062.4753,0.0000,0.000,4.394,4.300,1.0000
1108.7073,99.8019,1067.4380,0.0000,0.000,4.342,4.343,1.0000
1113.7175,99.1867,1072.4102,0.0000,0.000,4.364,4.345,1.0000
1118.7245,98.6624,1077.3898,0.0000,0.000,4.419,4.327,1.0000
1123.7273,98.2342,1082.3742,0.0000,0.000,4.474,4.309,1.0000
1128.7250,97.9071,1087.3612,0.0000,0.000,4.529,4.291,1.0000
1133.7173,97.6860,1092.3485,0.0000,0.000,4.582,4.270,1.0000
1138.7054,97.5678,1097.3352,0.0000,0.000,4.634,4.248,1.0000
1143.6916,97.5432,1102.3214,0.0000,0.000,4.686,4.226,1.0000
1148.6778,97.6028,1107.3073,0.0000,0.000,4.738,4.204,1.0000
1153.6653,97.7370,1112.2929,0.0000,0.000,4.790,4.182,1.0000
1158.6548,97.9363,1117.2785,0.0000,0.000,4.779,4.179,1.0000
1163.6470,98.1911,1122.2642,0.0000,0.000,4.767,4.178,1.0000
1168.6420,98.4921,1127.2500,0.0000,0.000,4.754,4.177,1.0000
1173.6396,98.8297,1132.2363,0.0000,0.000,4.742,4.175,1.0000
1178.6397,99.1945,1137.2230,0.0000,0.000,4.729,4.174,1.0000
1183.6417,99.5788,1142.2103,0.0000,0.000,4.716,4.173,1.0000
1188.6452,99.9780,1147.1978,0.0000,0.000,4.704,4.171,1.0000
1193.6494,100.3874,1152.1852,0.0000,0.000,4.691,4.170,1.0000
1198.6538,100.8024,1157.1724,0.0000,0.000,4.679,4.168,1.0000
1203.6577,101.2184,1162.1589,0.0000,0.000,4.666,4.167,1.0000
1208.6604,101.6307,1167.1446,0.0000,0.000,4.653,4.166,1.0000
1213.6613,102.0348,1172.1292,0.0000,0.000,4.641,4.164,1.0000
1218.6598,102.4261,1177.1124,0.0000,0.000,4.628,4.163,1.0000
1223.6554,102.7999,1182.0939,0.0000,0.000,4.616,4.161,1.0000
1228.6478,103.1544,1187.0737,0.0000,0.000,4.603,4.160,1.0000
1233.6379,103.4940,1192.0523,0.0000,0.000,4.590,4.159,1.0000
1238.6267,103.8243,1197.0302,0.0000,0.000,4.578,4.157,1.0000
1243.6152,104.1507,1202.0079,0.0000,0.000,4.565,4.156,1.0000
1248.6041,104.4788,1206.9861,0.0000,0.000,4.553,4.154,1.0000
1253.5945,104.8141,1211.9652,0.0000,0.000,4.540,4.153,1.0000
1258.5873,105.1621,1216.9458,0.0000,0.000,4.527,4.152,1.0000
1263.5834,105.5281,1221.9285,0.0000,0.000,4.515,4.150,1.0000
1268.5839,105.9179,1226.9138,0.0000,0.000,4.502,4.149,1.0000
1273.5888,106.3367,1231.9011,0.0000,0.000,4.490,4.147,1.0000
1278.5966,106.7899,1236.8884,0.0000,0.000,4.477,4.146,1.0000
1283.6058,107.2827,1241.8733,0.0000,0.000,4.464,4.145,1.0000
1288.6152,107.8204,1246.8537,0.0000,0.000,4.518,4.152,1.0000
1293.6235,108.4084,1251.8274,0.0000,0.000,4.641,4.168,1.0000
1298.6298,109.0520,1256.7921,0.0000,0.000,4.692,4.169,1.0000
1303.6331,109.7563,1261.7457,0.0000,0.000,4.652,4.149,1.0000
1308.6330,110.5267,1266.6858,0.0000,0.000,4.611,4.130,1.0000
1313.6289,111.3685,1271.6103,0.0000,0.000,4.571,4.111,1.0000
1318.6208,112.2870,1276.5170,0.0000,0.000,4.530,4.091,1.0000
1323.6087,113.2875,1281.4035,0.0000,0.000,4.489,4.072,1.0000
1328.5931,114.3752,1286.2678,0.0000,0.000,4.446,4.131,1.0000
1333.5747,115.5554,1291.1076,0.0000,0.000,4.402,4.200,1.0000
1338.5546,116.8335,1295.9206,0.0000,0.000,4.358,4.269,1.0000
1343.5340,118.2148,1300.7047,0.0000,0.000,4.400,4.281,1.0000
1348.5149,119.7044,1305.4575,0.0000,0.000,4.476,4.271,1.0000
1353.4993,121.3077,1310.1770,0.0000,0.000,4.553,4.261,1.0000
1358.4898,123.0299,1314.8609,0.0000,0.000,4.629,4.250,1.0000
1363.4881,124.8686,1319.5088,0.0000,0.000,4.644,4.245,1.0000
1368.4943,126.8109,1324.1228,0.0000,0.000,4.601,4.243,1.0000
1373.5071,128.8430,1328.7053,0.0000,0.000,4.558,4.242,1.0000
1378.5247,130.9512,1333.2586,0.0000,0.000,4.515,4.240,1.0000
1383.5446,133.1217,1337.7849,0.0000,0.000,4.471,4.238,1.0000
1388.5635,135.3408,1342.2866,0.0000,0.000,4.428,4.237,1.0000
1393.5781,137.5947,1346.7660,0.0000,0.000,4.465,4.245,1.0000
1398.5843,139.8698,1351.2255,0.0000,0.000,4.505,4.254,1.0000
1403.5782,142.1522,1355.6673,0.0000,0.000,4.545,4.263,1.0000
1408.5581,144.4406,1360.0902,0.0000,0.000,4.584,4.272,1.0000
1413.5283,146.7641,1364.4838,0.0000,0.000,4.624,4.281,1.0000
1418.4952,149.1565,1368.8367,0.0000,0.000,4.668,4.261,1.0000
1423.4670,151.6516,1373.1371,0.0000,0.000,4.713,4.228,1.0000
1428.4529,154.2792,1377.3744,0.0000,0.000,4.758,4.195,1.0000
1433.4541,157.0382,1381.5457,0.0000,0.000,4.803,4.163,1.0000
1438.4659,159.9115,1385.6521,0.0000,0.000,4.848,4.130,1.0000
1443.4825,162.8821,1389.6945,0.0000,0.000,4.810,4.193,1.0000
1448.4969,165.9329,1393.6741,0.0000,0.000,4.700,4.336,1.0000
1453.5051,169.0532,1397.5915,0.0000,0.000,4.591,4.480,1.0000
1458.5079,172.2404,1401.4476,0.0000,0.000,4.482,4.624,1.0000
1463.5062,175.4929,1405.2429,0.0000,0.000,4.472,4.625,1.0000
1468.5011,178.8091,1408.9781,0.0000,0.000,4.510,4.559,1.0000
1473.4933,182.1872,1412.6538,0.0000,0.000,4.547,4.493,1.0000
1478.4836,185.6255,1416.2706,0.0000,0.000,4.585,4.427,1.0000
1483.4728,189.1225,1419.8292,0.0000,0.000,4.601,4.387,1.0000
1488.4615,192.6763,1423.3302,0.0000,0.000,4.615,4.351,1.0000
1493.4501,196.2853,1426.7742,0.0000,0.000,4.628,4.314,1.0000
1498.4391,199.9478,1430.1619,0.0000,0.000,4.640,4.284,1.0000
1503.4290,203.6622,1433.4939,0.0000,0.000,4.644,4.306,1.0000
1508.4200,207.4266,1436.7709,0.0000,0.000,4.648,4.328,1.0000
1513.4123,211.2396,1439.9934,0.0000,0.000,4.652,4.351,1.0000
1518.4061,215.0993,1443.1621,0.0000,0.000,4.653,4.351,1.0000
1523.4015,219.0041,1446.2776,0.0000,0.000,4.650,4.331,1.0000
1528.3985,222.9523,1449.3406,0.0000,0.000,4.648,4.311,1.0000
1533.3971,226.9422,1452.3517,0.0000,0.000,4.645,4.291,1.0000
1538.3972,230.9722,1455.3116,0.0000,0.000,4.573,4.305,1.0000
1543.3986,235.0406,1458.2205,0.0000,0.000,4.404,4.366,1.0000
1548.4009,239.1469,1461.0773,0.0000,0.000,4.235,4.427,1.0000
1553.4036,243.2905,1463.8805,0.0000,0.000,4.066,4.488,1.0000
1558.4064,247.4709,1466.6285,0.0000,0.000,4.186,4.413,1.0000
1563.4089,251.6877,1469.3199,0.0000,0.000,4.421,4.283,1.0000
1568.4108,255.9404,1471.9531,0.0000,0.000,4.657,4.154,1.0000
1573.4118,260.2284,1474.5265,0.0000,0.000,4.837,4.057,1.0000
1578.4116,264.5514,1477.0386,0.0000,0.000,4.718,4.134,1.0000
1583.4103,268.9088,1479.4878,0.0000,0.000,4.599,4.211,1.0000
1588.4074,273.3002,1481.8728,0.0000,0.000,4.479,4.289,1.0000
1593.4031,277.7250,1484.1918,0.0000,0.000,4.360,4.366,1.0000
1598.3973,282.1829,1486.4433,0.0000,0.000,4.260,4.426,1.0000
1603.3900,286.6732,1488.6259,0.0000,0.000,4.348,4.317,1.0000
1608.3812,291.1955,1490.7380,0.0000,0.000,4.436,4.208,1.0000
1613.3712,295.7494,1492.7781,0.0000,0.000,4.524,4.099,1.0000
1618.3600,300.3344,1494.7446,0.0000,0.000,4.612,3.990,1.0000
1623.3481,304.9499,1496.6359,0.0000,0.000,4.700,3.881,1.0000
1628.3355,309.5955,1498.4506,0.0000,0.000,4.788,3.771,1.0000
1633.3229,314.2704,1500.1881,0.0000,0.000,4.793,3.764,1.0000
1638.3112,318.9727,1501.8528,0.0000,0.000,4.701,3.874,1.0000
1643.3011,323.7000,1503.4502,0.0000,0.000,4.610,3.984,1.0000
1648.2931,328.4500,1504.9859,0.0000,0.000,4.519,4.095,1.0000
1653.2876,333.2202,1506.4657,0.0000,0.000,4.427,4.205,1.0000
1658.2846,338.0084,1507.8951,0.0000,0.000,4.341,4.308,1.0000
1663.2839,342.8121,1509.2798,0.0000,0.000,4.326,4.313,1.0000
1668.2853,347.6291,1510.6253,0.0000,0.000,4.312,4.318,1.0000
1673.2882,352.4569,1511.9375,0.0000,0.000,4.297,4.322,1.0000
1678.2922,357.2935,1513.2212,0.0000,0.000,4.283,4.327,1.0000
1683.2966,362.1380,1514.4760,0.0000,0.000,4.283,4.322,1.0000
1688.3009,366.9906,1515.6988,0.0000,0.000,4.324,4.286,1.0000
1693.3045,371.8512,1516.8863,0.0000,0.000,4.366,4.251,1.0000
1698.3071,376.7201,1518.0354,0.0000,0.000,4.407,4.216,1.0000
1703.3083,381.5971,1519.1428,0.0000,0.000,4.449,4.180,1.0000
1708.3078,386.4824,1520.2053,0.0000,0.000,4.537,4.290,1.0000
1713.3055,391.3761,1521.2198,0.0000,0.000,4.626,4.403,1.0000
1718.3013,396.2781,1522.1829,0.0000,0.000,4.715,4.516,1.0000
1723.2952,401.1886,1523.0923,0.0000,0.000,4.804,4.630,1.0000
1728.2879,406.1070,1523.9497,0.0000,0.000,4.893,4.743,1.0000
1733.2797,411.0331,1524.7578,0.0000,0.000,4.881,4.681,1.0000
1738.2713,415.9662,1525.5192,0.0000,0.000,4.850,4.584,1.0000
1743.2629,420.9060,1526.2369,0.0000,0.000,4.818,4.488,1.0000
1748.2550,425.8520,1526.9136,0.0000,0.000,4.787,4.392,1.0000
1753.2477,430.8037,1527.5519,0.0000,0.000,4.756,4.295,1.0000
1758.2412,435.7607,1528.1547,0.0000,0.000,4.724,4.199,1.0000
1763.2357,440.7225,1528.7247,0.0000,0.000,4.693,4.103,1.0000
1768.2311,445.6887,1529.2646,0.0000,0.000,4.666,4.030,1.0000
1773.2276,450.6588,1529.7773,0.0000,0.000,4.656,4.045,1.0000
1778.2250,455.6323,1530.2655,0.0000,0.000,4.647,4.059,1.0000
1783.2233,460.6088,1530.7319,0.0000,0.000,4.637,4.074,1.0000
1788.2224,465.5879,1531.1793,0.0000,0.000,4.628,4.088,1.0000
1793.2222,470.5690,1531.6104,0.0000,0.000,4.618,4.103,1.0000
1798.2224,475.5517,1532.0281,0.0000,0.000,4.609,4.117,1.0000
1803.2229,480.5356,1532.4350,0.0000,0.000,4.599,4.132,1.0000
1808.2234,485.5202,1532.8339,0.0000,0.000,4.590,4.146,1.0000
1813.2238,490.5051,1533.2273,0.0000,0.000,4.580,4.161,1.0000
1818.2239,495.4901,1533.6162,0.0000,0.000,4.570,4.175,1.0000
1823.2239,500.4752,1534.0013,0.0000,0.000,4.561,4.190,1.0000
1828.2237,505.4604,1534.3832,0.0000,0.000,4.551,4.205,1.0000
1833.2233,510.4456,1534.7627,0.0000,0.000,4.542,4.219,1.0000
1838.2226,515.4306,1535.1403,0.0000,0.000,4.532,4.234,1.0000
1843.2218,520.4156,1535.5168,0.0000,0.000,4.523,4.248,1.0000
1848.2206,525.4003,1535.8927,0.0000,0.000,4.513,4.263,1.0000
1853.2193,530.3848,1536.2688,0.0000,0.000,4.504,4.277,1.0000
1858.2176,535.3689,1536.6456,0.0000,0.000,4.494,4.292,1.0000
1863.2158,540.3527,1537.0239,0.0000,0.000,4.484,4.306,1.0000
1868.2136,545.3360,1537.4043,0.0000,0.000,4.475,4.321,1.0000
1873.2111,550.3189,1537.7874,0.0000,0.000,4.465,4.335,1.0000
1878.2084,555.3011,1538.1740,0.0000,0.000,4.456,4.350,1.0000
1883.2053,560.2828,1538.5646,0.0000,0.000,4.446,4.364,1.0000
1888.2020,565.2638,1538.9599,0.0000,0.000,4.437,4.379,1.0000
1893.1983,570.2440,1539.3606,0.0000,0.000,4.427,4.393,1.0000
1898.1944,575.2235,1539.7674,0.0000,0.000,4.418,4.408,1.0000
1903.1901,580.2021,1540.1807,0.0000,0.000,4.408,4.423,1.0000
1908.1856,585.1799,1540.6004,0.0000,0.000,4.398,4.437,1.0000
1913.1809,590.1571,1541.0253,0.0000,0.000,4.389,4.452,1.0000
1918.1760,595.1338,1541.4540,0.0000,0.000,4.379,4.466,1.0000
1923.1711,600.1103,1541.8855,0.0000,0.000,4.370,4.481,1.0000
1928.1663,605.0866,1542.3185,0.0000,0.000,4.375,4.476,1.0000
1933.1615,610.0630,1542.7518,0.0000,0.000,4.398,4.447,1.0000
1938.1568,615.0396,1543.1842,0.0000,0.000,4.421,4.419,1.0000
1943.1524,620.0166,1543.6144,0.0000,0.000,4.444,4.391,1.0000
1948.1482,624.9941,1544.0414,0.0000,0.000,4.467,4.363,1.0000
1953.1444,629.9724,1544.4639,0.0000,0.000,4.490,4.335,1.0000
1958.1409,634.9515,1544.8806,0.0000,0.000,4.513,4.307,1.0000
1963.1380,639.9317,1545.2904,0.0000,0.000,4.535,4.278,1.0000
1968.1356,644.9132,1545.6920,0.0000,0.000,4.558,4.250,1.0000
1973.1338,649.8960,1546.0843,0.0000,0.000,4.581,4.222,1.0000
1978.1328,654.8804,1546.4660,0.0000,0.000,4.604,4.194,1.0000
1983.1327,659.8666,1546.8360,0.0000,0.000,4.627,4.166,1.0000
1988.1335,664.8546,1547.1930,0.0000,0.000,4.650,4.138,1.0000
1993.1353,669.8447,1547.5358,0.0000,0.000,4.673,4.110,1.0000
1998.1382,674.8367,1547.8643,0.0000,0.000,4.696,4.081,1.0000
2003.1417,679.8304,1548.1792,0.0000,0.000,4.718,4.053,1.0000
2008.1457,684.8252,1548.4810,0.0000,0.000,4.752,4.052,1.0000
2013.1498,689.8210,1548.7704,0.0000,0.000,4.843,4.196,1.0000
2018.1537,694.8172,1549.0483,0.0000,0.000,4.934,4.341,1.0000
2023.1572,699.8135,1549.3151,0.0000,0.000,5.024,4.485,1.0000
2028.1599,704.8096,1549.5717,0.0000,0.000,5.115,4.629,1.0000
2033.1615,709.8051,1549.8187,0.0000,0.000,5.206,4.774,1.0000
2038.1617,714.7997,1550.0567,0.0000,0.000,5.297,4.918,1.0000
2043.1602,719.7929,1550.2865,0.0000,0.000,5.387,5.062,1.0000
2048.1567,724.7844,1550.5087,0.0000,0.000,5.478,5.207,1.0000
2053.1508,729.7739,1550.7241,0.0000,0.000,5.569,5.351,1.0000
2058.1423,734.7610,1550.9333,0.0000,0.000,5.660,5.495,1.0000
2063.1307,739.7452,1551.1369,0.0000,0.000,5.751,5.639,1.0000
2068.1158,744.7264,1551.3358,0.0000,0.000,5.841,5.784,1.0000
2073.0972,749.7040,1551.5304,0.0000,0.000,5.932,5.928,1.0000
2078.0746,754.6777,1551.7216,0.0000,0.000,6.023,6.072,1.0000
2083.0478,759.6473,1551.9101,0.0000,0.000,6.114,6.217,1.0000
2088.0191,764.6151,1552.0984,0.0000,0.000,6.132,6.289,1.0000
2092.9934,769.5857,1552.2904,0.0000,0.000,5.886,6.095,1.0000
2097.9756,774.5638,1552.4902,0.0000,0.000,5.639,5.901,1.0000
2102.9704,779.5542,1552.7019,0.0000,0.000,5.393,5.707,1.0000
2107.9830,784.5615,1552.9296,0.0000,0.000,5.147,5.513,1.0000
2113.0181,789.5906,1553.1773,0.0000,0.000,4.900,5.319,1.0000
2118.0809,794.6461,1553.4491,0.0000,0.000,4.654,5.125,1.0000
2123.1763,799.7327,1553.7491,0.0000,0.000,4.407,4.931,1.0000
2128.3085,804.8539,1554.0829,0.0000,0.000,4.161,4.737,1.0000
2133.4121,809.9356,1554.5556,0.0000,0.000,3.914,4.543,1.0000
2138.3353,814.7806,1555.4298,0.0000,0.000,3.690,4.626,1.0000
2143.0014,819.1810,1556.9817,0.0000,0.000,3.732,4.624,1.0000
2147.5099,822.9291,1559.4875,0.0000,0.000,3.744,4.366,1.0000
2152.1955,825.8686,1563.1363,0.0000,0.000,4.159,4.335,1.0000
2157.2620,828.1007,1567.6847,0.0000,0.000,4.326,4.012,1.0000
2162.6117,829.8057,1572.7554,0.0000,0.000,4.263,4.006,1.0000
2168.0016,831.1640,1577.9713,0.0000,0.000,4.169,4.145,1.0000
2173.1386,832.3627,1582.9665,0.0000,0.000,4.075,4.284,1.0000
2177.9669,833.7211,1587.5998,0.0000,0.000,3.981,4.424,1.0000
2182.7263,835.6806,1591.9371,0.0000,0.000,4.546,3.944,1.0000
2187.6017,838.5961,1595.8446,0.0000,0.000,4.543,4.107,1.0000
2192.4556,842.5131,1598.7112,0.0000,0.000,4.674,3.866,1.0000
2197.3489,847.1385,1600.3082,0.0000,0.000,4.308,4.214,1.0000
2202.4017,852.1401,1601.0262,0.0000,0.000,3.994,4.541,1.0000
2207.5005,857.2157,1601.5115,0.0000,0.000,4.114,4.506,1.0000
2212.5241,862.1987,1602.1488,0.0000,0.000,4.234,4.472,1.0000
2217.5125,867.1260,1602.9272,0.0000,0.000,4.342,4.412,1.0000
2222.4973,872.0310,1603.8159,0.0000,0.000,4.439,4.330,1.0000
2227.4827,876.9174,1604.8045,0.0000,0.000,4.536,4.248,1.0000
2232.4699,881.7863,1605.8839,0.0000,0.000,4.514,4.291,1.0000
2237.4595,886.6390,1607.0451,0.0000,0.000,4.406,4.425,1.0000
2242.4520,891.4765,1608.2791,0.0000,0.000,4.297,4.558,1.0000
2247.4470,896.3000,1609.5770,0.0000,0.000,4.189,4.691,1.0000
2252.4443,901.1107,1610.9297,0.0000,0.000,4.148,4.739,1.0000
2257.4430,905.9097,1612.3283,0.0000,0.000,4.181,4.690,1.0000
2262.4420,910.6982,1613.7637,0.0000,0.000,4.214,4.642,1.0000
2267.4405,915.4772,1615.2287,0.0000,0.000,4.247,4.594,1.0000
2272.4386,920.2475,1616.7203,0.0000,0.000,4.278,4.548,1.0000
2277.4364,925.0099,1618.2365,0.0000,0.000,4.288,4.541,1.0000
2282.4341,929.7649,1619.7748,0.0000,0.000,4.298,4.534,1.0000
2287.4317,934.5133,1621.3333,0.0000,0.000,4.308,4.527,1.0000
2292.4294,939.2559,1622.9097,0.0000,0.000,4.317,4.520,1.0000
2297.4272,943.9932,1624.5018,0.0000,0.000,4.327,4.514,1.0000
2302.4250,948.7262,1626.1074,0.0000,0.000,4.337,4.507,1.0000
2307.4230,953.4554,1627.7243,0.0000,0.000,4.347,4.500,1.0000
2312.4211,958.1816,1629.3504,0.0000,0.000,4.357,4.493,1.0000
2317.4193,962.9054,1630.9834,0.0000,0.000,4.366,4.486,1.0000
2322.4175,967.6277,1632.6212,0.0000,0.000,4.376,4.479,1.0000
2327.4157,972.3491,1634.2616,0.0000,0.000,4.386,4.473,1.0000
2332.4139,977.0702,1635.9023,0.0000,0.000,4.396,4.466,1.0000
2337.4119,981.7919,1637.5413,0.0000,0.000,4.405,4.459,1.0000
2342.4099,986.5149,1639.1762,0.0000,0.000,4.415,4.452,1.0000
2347.4076,991.2398,1640.8050,0.0000,0.000,4.425,4.445,1.0000
2352.4052,995.9673,1642.4255,0.0000,0.000,4.435,4.438,1.0000
2357.4025,1000.6980,1644.0361,0.0000,0.000,4.444,4.432,1.0000
2362.3997,1005.4317,1645.6375,0.0000,0.000,4.454,4.425,1.0000
2367.3968,1010.1680,1647.2307,0.0000,0.000,4.464,4.418,1.0000
2372.3938,1014.9067,1648.8165,0.0000,0.000,4.474,4.411,1.0000
2377.3909,1019.6476,1650.3959,0.0000,0.000,4.484,4.404,1.0000
2382.3879,1024.3903,1651.9699,0.0000,0.000,4.493,4.398,1.0000
2387.3850,1029.1345,1653.5392,0.0000,0.000,4.503,4.391,1.0000
2392.3822,1033.8801,1655.1050,0.0000,0.000,4.527,4.393,1.0000
2397.3796,1038.6267,1656.6681,0.0000,0.000,4.560,4.403,1.0000
2402.3770,1043.3740,1658.2294,0.0000,0.000,4.593,4.412,1.0000
2407.3747,1048.1218,1659.7899,0.0000,0.000,4.626,4.421,1.0000
2412.3726,1052.8698,1661.3505,0.0000,0.000,4.660,4.430,1.0000
2417.3707,1057.6177,1662.9121,0.0000,0.000,4.693,4.439,1.0000
2422.3691,1062.3652,1664.4757,0.0000,0.000,4.726,4.449,1.0000
2427.3677,1067.1121,1666.0421,0.0000,0.000,4.759,4.458,1.0000
2432.3667,1071.8581,1667.6124,0.0000,0.000,4.792,4.467,1.0000
2437.3661,1076.6028,1669.1874,0.0000,0.000,4.826,4.476,1.0000
2442.3658,1081.3461,1670.7682,0.0000,0.000,4.859,4.485,1.0000
2447.3659,1086.0880,1672.3541,0.0000,0.000,4.892,4.495,1.0000
2452.3659,1090.8296,1673.9408,0.0000,0.000,4.925,4.504,1.0000
2457.3656,1095.5722,1675.5235,0.0000,0.000,4.958,4.513,1.0000
2462.3646,1100.3170,1677.0972,0.0000,0.000,4.992,4.522,1.0000
2467.3625,1105.0653,1678.6568,0.0000,0.000,5.025,4.531,1.0000
2472.3590,1109.8183,1680.1975,0.0000,0.000,5.058,4.541,1.0000
2477.3539,1114.5774,1681.7143,0.0000,0.000,5.091,4.550,1.0000
2482.3471,1119.3438,1683.2022,0.0000,0.000,5.124,4.559,1.0000
2487.3385,1124.1187,1684.6563,0.0000,0.000,5.158,4.568,1.0000
2492.3273,1128.9052,1686.0624,0.0000,0.000,5.181,4.574,1.0000
2497.3101,1133.7159,1687.3604,0.0000,0.000,4.784,4.444,1.0000
2502.2869,1138.5660,1688.4765,0.0000,0.000,4.387,4.313,1.0000
2507.2665,1143.4708,1689.3365,0.0000,0.000,4.391,4.309,1.0000
2512.2682,1148.4441,1689.8682,0.0000,0.000,4.462,4.325,1.0000
2517.2978,1153.4708,1690.0382,0.0000,0.000,4.496,4.267,1.0000
2522.3390,1158.5085,1689.8484,0.0000,0.000,4.508,4.164,1.0000
2527.3741,1163.5139,1689.3024,0.0000,0.000,4.520,4.061,1.0000
2532.3853,1168.4438,1688.4036,0.0000,0.000,4.655,4.198,1.0000
2537.3631,1173.2633,1687.1580,0.0000,0.000,4.791,4.336,1.0000
2542.3185,1177.9601,1685.5785,0.0000,0.000,4.734,4.375,1.0000
2547.2638,1182.5261,1683.6789,0.0000,0.000,4.542,4.346,1.0000
2552.2096,1186.9529,1681.4734,0.0000,0.000,4.415,4.320,1.0000
2557.1644,1191.2321,1678.9757,0.0000,0.000,4.587,4.309,1.0000
2562.1350,1195.3555,1676.2000,0.0000,0.000,4.732,4.304,1.0000
2567.1266,1199.3148,1673.1602,0.0000,0.000,4.760,4.326,1.0000
2572.1430,1203.1016,1669.8702,0.0000,0.000,4.789,4.348,1.0000
2577.1866,1206.7077,1666.3440,0.0000,0.000,4.682,4.314,1.0000
2582.2540,1210.1173,1662.5953,0.0000,0.000,4.566,4.277,1.0000
2587.3204,1213.2783,1658.6359,0.0000,0.000,4.287,4.540,1.0000
2592.3611,1216.1271,1654.4774,0.0000,0.000,4.118,4.671,1.0000
2597.3619,1218.6003,1650.1310,0.0000,0.000,4.149,4.561,1.0000
2602.3210,1220.6344,1645.6083,0.0000,0.000,4.272,4.377,1.0000
2607.2593,1222.2061,1640.9267,0.0000,0.000,4.411,4.179,1.0000
2612.2116,1223.4013,1636.1208,0.0000,0.000,4.575,4.037,1.0000
2617.1908,1224.3239,1631.2279,0.0000,0.000,4.740,3.895,1.0000
2622.1908,1225.0780,1626.2851,0.0000,0.000,4.804,3.850,1.0000
2627.1955,1225.7610,1621.3272,0.0000,0.000,4.709,3.957,1.0000
2632.1980,1226.4091,1616.3668,0.0000,0.000,4.615,4.063,1.0000
2637.1988,1227.0252,1611.4042,0.0000,0.000,4.589,4.095,1.0000
2642.1982,1227.6118,1606.4393,0.0000,0.000,4.584,4.105,1.0000
2647.1964,1228.1714,1601.4725,0.0000,0.000,4.578,4.116,1.0000
2652.1938,1228.7067,1596.5038,0.0000,0.000,4.572,4.126,1.0000
2657.1906,1229.2201,1591.5335,0.0000,0.000,4.566,4.136,1.0000
2662.1869,1229.7142,1586.5617,0.0000,0.000,4.560,4.146,1.0000
2667.1830,1230.1916,1581.5884,0.0000,0.000,4.554,4.157,1.0000
2672.1790,1230.6549,1576.6140,0.0000,0.000,4.549,4.167,1.0000
2677.1749,1231.1064,1571.6385,0.0000,0.000,4.543,4.177,1.0000
2682.1710,1231.5489,1566.6621,0.0000,0.000,4.537,4.187,1.0000
2687.1672,1231.9849,1561.6849,0.0000,0.000,4.531,4.198,1.0000
2692.1637,1232.4169,1556.7072,0.0000,0.000,4.525,4.208,1.0000
2697.1605,1232.8474,1551.7290,0.0000,0.000,4.519,4.218,1.0000
2702.1576,1233.2791,1546.7505,0.0000,0.000,4.513,4.229,1.0000
2707.1552,1233.7144,1541.7718,0.0000,0.000,4.508,4.239,1.0000
2712.1534,1234.1559,1536.7932,0.0000,0.000,4.502,4.249,1.0000
2717.1521,1234.6060,1531.8148,0.0000,0.000,4.496,4.259,1.0000
2722.1514,1235.0647,1526.8366,0.0000,0.000,4.490,4.270,1.0000
2727.1512,1235.5311,1521.8587,0.0000,0.000,4.484,4.280,1.0000
2732.1512,1236.0041,1516.8810,0.0000,0.000,4.478,4.290,1.0000
2737.1515,1236.4826,1511.9037,0.0000,0.000,4.473,4.301,1.0000
2742.1519,1236.9656,1506.9266,0.0000,0.000,4.467,4.311,1.0000
2747.1523,1237.4520,1501.9500,0.0000,0.000,4.461,4.321,1.0000
2752.1525,1237.9407,1496.9737,0.0000,0.000,4.455,4.331,1.0000
2757.1524,1238.4307,1491.9979,0.0000,0.000,4.451,4.334,1.0000
2762.1519,1238.9210,1487.0225,0.0000,0.000,4.446,4.337,1.0000
2767.1509,1239.4105,1482.0475,0.0000,0.000,4.442,4.340,1.0000
2772.1493,1239.8981,1477.0730,0.0000,0.000,4.438,4.342,1.0000
2777.1468,1240.3828,1472.0990,0.0000,0.000,4.434,4.345,1.0000
2782.1434,1240.8635,1467.1256,0.0000,0.000,4.429,4.348,1.0000
2787.1390,1241.3392,1462.1527,0.0000,0.000,4.425,4.350,1.0000
2792.1334,1241.8087,1457.1804,0.0000,0.000,4.421,4.353,1.0000
2797.1265,1242.2712,1452.2087,0.0000,0.000,4.417,4.356,1.0000
2802.1183,1242.7254,1447.2377,0.0000,0.000,4.412,4.358,1.0000
2807.1087,1243.1706,1442.2672,0.0000,0.000,4.408,4.361,1.0000
2812.0985,1243.6092,1437.2967,0.0000,0.000,4.404,4.364,1.0000
2817.0891,1244.0452,1432.3252,0.0000,0.000,4.399,4.366,1.0000
2822.0817,1244.4824,1427.3517,0.0000,0.000,4.395,4.369,1.0000
2827.0778,1244.9250,1422.3753,0.0000,0.000,4.391,4.372,1.0000
2832.0787,1245.3769,1417.3949,0.0000,0.000,4.387,4.374,1.0000
2837.0856,1245.8421,1412.4096,0.0000,0.000,4.382,4.377,1.0000
2842.1000,1246.3247,1407.4185,0.0000,0.000,4.378,4.380,1.0000
2847.1234,1246.8285,1402.4205,0.0000,0.000,4.374,4.382,1.0000
2852.1562,1247.3538,1397.4151,0.0000,0.000,4.370,4.385,1.0000
2857.1806,1247.8171,1392.4121,0.0000,0.000,4.365,4.388,1.0000
2862.1676,1248.0560,1387.4308,0.0000,0.000,4.400,4.313,1.0000
2867.1099,1247.9047,1382.4909,0.0000,0.000,4.447,4.218,1.0000
2872.0396,1247.1974,1377.6122,0.0000,0.000,4.571,4.137,1.0000
2877.0125,1245.8202,1372.8338,0.0000,0.000,4.488,4.218,1.0000
2882.0206,1243.8039,1368.2495,0.0000,0.000,4.219,4.437,1.0000
2887.0339,1241.2048,1363.9625,0.0000,0.000,4.553,4.141,1.0000
2892.0213,1238.0792,1360.0762,0.0000,0.000,4.671,4.001,1.0000
2896.9655,1234.4864,1356.6794,0.0000,0.000,4.249,4.204,1.0000
2901.9135,1230.5167,1353.7257,0.0000,0.000,4.068,4.168,1.0000
2906.9038,1226.2767,1351.0940,0.0000,0.000,3.984,4.157,1.0000
2911.9338,1221.8736,1348.6624,0.0000,0.000,3.987,4.170,1.0000
2916.9760,1217.4143,1346.3091,0.0000,0.000,3.990,4.182,1.0000
2921.9996,1212.9898,1343.9299,0.0000,0.000,3.993,4.195,1.0000
2927.0032,1208.6102,1341.5100,0.0000,0.000,3.996,4.207,1.0000
2931.9941,1204.2607,1339.0625,0.0000,0.000,3.999,4.220,1.0000
2936.9790,1199.9262,1336.6005,0.0000,0.000,4.002,4.233,1.0000
2941.9645,1195.5921,1334.1366,0.0000,0.000,4.005,4.245,1.0000
2946.9535,1191.2515,1331.6770,0.0000,0.000,4.008,4.258,1.0000
2951.9456,1186.9051,1329.2215,0.0000,0.000,4.011,4.271,1.0000
2956.9403,1182.5536,1326.7696,0.0000,0.000,4.014,4.283,1.0000
2961.9372,1178.1978,1324.3210,0.0000,0.000,4.017,4.296,1.0000
2966.9358,1173.8384,1321.8752,0.0000,0.000,4.020,4.308,1.0000
2971.9357,1169.4763,1319.4318,0.0000,0.000,4.023,4.321,1.0000
2976.9362,1165.1122,1316.9904,0.0000,0.000,4.027,4.334,1.0000
2981.9371,1160.7469,1314.5505,0.0000,0.000,4.030,4.346,1.0000
2986.9377,1156.3813,1312.1118,0.0000,0.000,4.033,4.359,1.0000
2991.9378,1152.0157,1309.6739,0.0000,0.000,4.036,4.372,1.0000
2996.9375,1147.6504,1307.2366,0.0000,0.000,4.039,4.384,1.0000
3001.9366,1143.2853,1304.7999,0.0000,0.000,4.042,4.397,1.0000
3006.9354,1138.9204,1302.3636,0.0000,0.000,4.045,4.410,1.0000
3011.9338,1134.5559,1299.9275,0.0000,0.000,4.048,4.422,1.0000
3016.9318,1130.1916,1297.4916,0.0000,0.000,4.051,4.435,1.0000
3021.9296,1125.8278,1295.0556,0.0000,0.000,4.054,4.447,1.0000
3026.9271,1121.4643,1292.6194,0.0000,0.000,4.057,4.460,1.0000
3031.9244,1117.1012,1290.1829,0.0000,0.000,4.060,4.473,1.0000
3036.9215,1112.7386,1287.7459,0.0000,0.000,4.063,4.485,1.0000
3041.9185,1108.3764,1285.3083,0.0000,0.000,4.066,4.498,1.0000
3046.9154,1104.0148,1282.8700,0.0000,0.000,4.069,4.511,1.0000
3051.9123,1099.6538,1280.4308,0.0000,0.000,4.073,4.523,1.0000
3056.9091,1095.2933,1277.9906,0.0000,0.000,4.076,4.536,1.0000
3061.9060,1090.9334,1275.5492,0.0000,0.000,4.079,4.548,1.0000
3066.9029,1086.5742,1273.1065,0.0000,0.000,4.082,4.561,1.0000
3071.9000,1082.2157,1270.6624,0.0000,0.000,4.085,4.574,1.0000
3076.8972,1077.8579,1268.2167,0.0000,0.000,4.088,4.586,1.0000
3081.8946,1073.5008,1265.7694,0.0000,0.000,4.091,4.599,1.0000
3086.8921,1069.1441,1263.3209,0.0000,0.000,4.094,4.612,1.0000
3091.8898,1064.7879,1260.8714,0.0000,0.000,4.097,4.624,1.0000
3096.8876,1060.4318,1258.4213,0.0000,0.000,4.100,4.637,1.0000
3101.8855,1056.0758,1255.9710,0.0000,0.000,4.103,4.650,1.0000
3106.8836,1051.7196,1253.5206,0.0000,0.000,4.106,4.662,1.0000
3111.8817,1047.3631,1251.0706,0.0000,0.000,4.109,4.675,1.0000
3116.8799,1043.0062,1248.6213,0.0000,0.000,4.112,4.687,1.0000
3121.8782,1038.6486,1246.1730,0.0000,0.000,4.115,4.700,1.0000
3126.8765,1034.2902,1243.7261,0.0000,0.000,4.119,4.713,1.0000
3131.8749,1029.9308,1241.2808,0.0000,0.000,4.122,4.725,1.0000
3136.8732,1025.5704,1238.8374,0.0000,0.000,4.125,4.738,1.0000
3141.8716,1021.2086,1236.3964,0.0000,0.000,4.128,4.751,1.0000
3146.8699,1016.8454,1233.9580,0.0000,0.000,4.131,4.763,1.0000
3151.8683,1012.4805,1231.5225,0.0000,0.000,4.134,4.776,1.0000
3156.8666,1008.1139,1229.0903,0.0000,0.000,4.137,4.788,1.0000
3161.8649,1003.7453,1226.6617,0.0000,0.000,4.140,4.801,1.0000
3166.8631,999.3746,1224.2370,0.0000,0.000,4.143,4.814,1.0000
3171.8612,995.0018,1221.8163,0.0000,0.000,4.146,4.826,1.0000
3176.8593,990.6277,1219.3981,0.0000,0.000,4.149,4.839,1.0000
3181.8572,986.2534,1216.9804,0.0000,0.000,4.152,4.852,1.0000
3186.8550,981.8801,1214.5614,0.0000,0.000,4.155,4.864,1.0000
3191.8525,977.5089,1212.1390,0.0000,0.000,4.158,4.877,1.0000
3196.8498,973.1409,1209.7114,0.0000,0.000,4.161,4.890,1.0000
3201.8467,968.7772,1207.2767,0.0000,0.000,4.164,4.902,1.0000
3206.8434,964.4190,1204.8328,0.0000,0.000,4.168,4.915,1.0000
3211.8398,960.0673,1202.3779,0.0000,0.000,4.171,4.927,1.0000
3216.8359,955.7233,1199.9100,0.0000,0.000,4.174,4.940,1.0000
3221.8317,951.3881,1197.4272,0.0000,0.000,4.177,4.953,1.0000
3226.8274,947.0628,1194.9275,0.0000,0.000,4.180,4.965,1.0000
3231.8229,942.7485,1192.4091,0.0000,0.000,4.183,4.978,1.0000
3236.8184,938.4464,1189.8699,0.0000,0.000,4.186,4.991,1.0000
3241.8141,934.1576,1187.3080,0.0000,0.000,4.189,5.003,1.0000
3246.8102,929.8832,1184.7216,0.0000,0.000,4.150,4.916,1.0000
3251.8067,925.6243,1182.1086,0.0000,0.000,4.099,4.801,1.0000
3256.8041,921.3821,1179.4671,0.0000,0.000,4.047,4.686,1.0000
3261.8026,917.1576,1176.7953,0.0000,0.000,3.996,4.571,1.0000
3266.8017,912.9526,1174.0918,0.0000,0.000,3.945,4.456,1.0000
3271.8013,908.7685,1171.3552,0.0000,0.000,3.894,4.341,1.0000
3276.8008,904.6072,1168.5842,0.0000,0.000,3.842,4.226,1.0000
3281.8000,900.4702,1165.7775,0.0000,0.000,3.791,4.111,1.0000
3286.7987,896.3592,1162.9339,0.0000,0.000,3.740,3.995,1.0000
3291.7966,892.2758,1160.0520,0.0000,0.000,3.727,4.001,1.0000
3296.7936,888.2218,1157.1306,0.0000,0.000,3.739,4.089,1.0000
3301.7896,884.1988,1154.1682,0.0000,0.000,3.751,4.176,1.0000
3306.7847,880.2082,1151.1639,0.0000,0.000,3.763,4.264,1.0000
3311.7791,876.2494,1148.1189,0.0000,0.000,3.775,4.352,1.0000
3316.7732,872.3205,1145.0358,0.0000,0.000,3.787,4.439,1.0000
3321.7675,868.4196,1141.9172,0.0000,0.000,3.799,4.527,1.0000
3326.7620,864.5449,1138.7658,0.0000,0.000,3.812,4.614,1.0000
3331.7570,860.6944,1135.5840,0.0000,0.000,3.821,4.610,1.0000
3336.7524,856.8664,1132.3746,0.0000,0.000,3.827,4.509,1.0000
3341.7484,853.0588,1129.1401,0.0000,0.000,3.833,4.408,1.0000
3346.7448,849.2698,1125.8831,0.0000,0.000,3.838,4.307,1.0000
3351.7415,845.4976,1122.6064,0.0000,0.000,3.844,4.205,1.0000
3356.7385,841.7398,1119.3125,0.0000,0.000,3.850,4.104,1.0000
3361.7358,837.9941,1116.0046,0.0000,0.000,3.856,4.003,1.0000
3366.7334,834.2579,1112.6854,0.0000,0.000,3.862,3.902,1.0000
3371.7313,830.5287,1109.3579,0.0000,0.000,3.868,3.801,1.0000
3376.7295,826.8040,1106.0250,0.0000,0.000,3.874,3.700,1.0000
3381.7277,823.0813,1102.6897,0.0000,0.000,3.879,3.637,1.0000
3386.7261,819.3580,1099.3549,0.0000,0.000,3.881,3.644,1.0000
3391.7244,815.6318,1096.0235,0.0000,0.000,3.883,3.652,1.0000
3396.7226,811.9000,1092.6985,0.0000,0.000,3.886,3.659,1.0000
3401.7207,808.1614,1089.3812,0.0000,0.000,3.888,3.667,1.0000
3406.7187,804.4167,1086.0710,0.0000,0.000,3.891,3.675,1.0000
3411.7166,800.6668,1082.7669,0.0000,0.000,3.893,3.682,1.0000
3416.7145,796.9126,1079.4676,0.0000,0.000,3.895,3.690,1.0000
3421.7124,793.1550,1076.1723,0.0000,0.000,3.898,3.697,1.0000
3426.7102,789.3949,1072.8799,0.0000,0.000,3.900,3.705,1.0000
3431.7080,785.6333,1069.5894,0.0000,0.000,3.902,3.713,1.0000
3436.7058,781.8709,1066.2996,0.0000,0.000,3.905,3.720,1.0000
3441.7036,778.1087,1063.0097,0.0000,0.000,3.907,3.728,1.0000
3446.7013,774.3472,1059.7190,0.0000,0.000,3.910,3.735,1.0000
3451.6991,770.5863,1056.4276,0.0000,0.000,3.912,3.743,1.0000
3456.6968,766.8260,1053.1356,0.0000,0.000,3.914,3.751,1.0000
3461.6946,763.0663,1049.8429,0.0000,0.000,3.917,3.758,1.0000
3466.6923,759.3071,1046.5495,0.0000,0.000,3.919,3.766,1.0000
3471.6900,755.5485,1043.2556,0.0000,0.000,3.921,3.773,1.0000
3476.6877,751.7904,1039.9611,0.0000,0.000,3.924,3.781,1.0000
3481.6854,748.0327,1036.6661,0.0000,0.000,3.926,3.789,1.0000
3486.6831,744.2755,1033.3706,0.0000,0.000,3.929,3.796,1.0000
3491.6808,740.5187,1030.0746,0.0000,0.000,3.931,3.804,1.0000
3496.6785,736.7624,1026.7782,0.0000,0.000,3.933,3.811,1.0000
3501.6762,733.0063,1023.4813,0.0000,0.000,3.936,3.819,1.0000
3506.6739,729.2507,1020.1840,0.0000,0.000,3.938,3.827,1.0000
3511.6716,725.4953,1016.8864,0.0000,0.000,3.940,3.834,1.0000
3516.6693,721.7403,1013.5884,0.0000,0.000,3.943,3.842,1.0000
3521.6670,717.9855,1010.2902,0.0000,0.000,3.945,3.849,1.0000
3526.6647,714.2310,1006.9916,0.0000,0.000,3.948,3.857,1.0000
3531.6624,710.4766,1003.6928,0.0000,0.000,3.950,3.865,1.0000
3536.6601,706.7225,1000.3938,0.0000,0.000,3.952,3.872,1.0000
3541.6578,702.9685,997.0945,0.0000,0.000,3.955,3.880,1.0000
3546.6556,699.2147,993.7952,0.0000,0.000,3.957,3.887,1.0000
3551.6533,695.4610,990.4956,0.0000,0.000,3.959,3.895,1.0000
3556.6510,691.7073,987.1960,0.0000,0.000,3.962,3.903,1.0000
3561.6488,687.9538,983.8963,0.0000,0.000,3.964,3.910,1.0000
3566.6465,684.2002,980.5965,0.0000,0.000,3.967,3.918,1.0000
3571.6443,680.4467,977.2967,0.0000,0.000,3.969,3.925,1.0000
3576.6421,676.6931,973.9969,0.0000,0.000,3.971,3.933,1.0000
3581.6399,672.9395,970.6972,0.0000,0.000,3.974,3.941,1.0000
3586.6377,669.1858,967.3975,0.0000,0.000,3.976,3.948,1.0000
3591.6355,665.4321,964.0979,0.0000,0.000,3.978,3.956,1.0000
3596.6334,661.6782,960.7984,0.0000,0.000,3.981,3.963,1.0000
3601.6312,657.9241,957.4991,0.0000,0.000,3.983,3.971,1.0000
3606.6291,654.1699,954.1999,0.0000,0.000,3.986,3.979,1.0000
3611.6270,650.4155,950.9009,0.0000,0.000,3.988,3.986,1.0000
3616.6249,646.6608,947.6022,0.0000,0.000,3.990,3.994,1.0000
3621.6228,642.9059,944.3037,0.0000,0.000,3.993,4.001,1.0000
3626.6207,639.1507,941.0055,0.0000,0.000,3.995,4.009,1.0000
3631.6187,635.3953,937.7076,0.0000,0.000,3.997,4.017,1.0000
3636.6166,631.6397,934.4098,0.0000,0.000,4.000,4.024,1.0000
3641.6146,627.8839,931.1123,0.0000,0.000,4.002,4.032,1.0000
3646.6126,624.1280,927.8150,0.0000,0.000,4.005,4.039,1.0000
3651.6105,620.3718,924.5179,0.0000,0.000,4.007,4.047,1.0000
3656.6085,616.6156,921.2209,0.0000,0.000,4.009,4.055,1.0000
3661.6064,612.8593,917.9240,0.0000,0.000,4.012,4.062,1.0000
3666.6043,609.1028,914.6273,0.0000,0.000,4.014,4.070,1.0000
3671.6022,605.3464,911.3307,0.0000,0.000,4.016,4.077,1.0000
3676.6000,601.5898,908.0342,0.0000,0.000,4.019,4.085,1.0000
3681.5979,597.8333,904.7377,0.0000,0.000,4.021,4.093,1.0000
3686.5956,594.0768,901.4413,0.0000,0.000,4.024,4.100,1.0000
3691.5934,590.3203,898.1449,0.0000,0.000,4.026,4.108,1.0000
3696.5911,586.5639,894.8485,0.0000,0.000,4.028,4.115,1.0000
3701.5887,582.8075,891.5521,0.0000,0.000,4.031,4.123,1.0000
3706.5863,579.0512,888.2557,0.0000,0.000,4.033,4.131,1.0000
3711.5838,575.2951,884.9593,0.0000,0.000,4.035,4.138,1.0000
3716.5813,571.5390,881.6628,0.0000,0.000,4.038,4.146,1.0000
3721.5787,567.7832,878.3662,0.0000,0.000,4.040,4.153,1.0000
3726.5760,564.0274,875.0696,0.0000,0.000,4.043,4.161,1.0000
3731.5734,560.2718,871.7728,0.0000,0.000,4.045,4.169,1.0000
3736.5707,556.5163,868.4759,0.0000,0.000,4.047,4.176,1.0000
3741.5680,552.7609,865.1788,0.0000,0.000,4.050,4.184,1.0000
3746.5654,549.0057,861.8816,0.0000,0.000,4.052,4.191,1.0000
3751.5628,545.2506,858.5842,0.0000,0.000,4.054,4.199,1.0000
3756.5602,541.4956,855.2866,0.0000,0.000,4.057,4.207,1.0000
3761.5576,537.7407,851.9888,0.0000,0.000,4.059,4.214,1.0000
3766.5552,533.9859,848.6907,0.0000,0.000,4.062,4.222,1.0000
3771.5528,530.2313,845.3924,0.0000,0.000,4.064,4.229,1.0000
3776.5505,526.4767,842.0938,0.0000,0.000,4.066,4.237,1.0000
3781.5484,522.7223,838.7949,0.0000,0.000,4.069,4.245,1.0000
3786.5463,518.9680,835.4958,0.0000,0.000,4.071,4.252,1.0000
3791.5444,515.2138,832.1963,0.0000,0.000,4.073,4.260,1.0000
3796.5427,511.4596,828.8964,0.0000,0.000,4.076,4.267,1.0000
3801.5411,507.7056,825.5962,0.0000,0.000,4.078,4.275,1.0000
3806.5397,503.9517,822.2956,0.0000,0.000,4.081,4.283,1.0000
3811.5384,500.1978,818.9948,0.0000,0.000,4.083,4.290,1.0000
3816.5372,496.4438,815.6939,0.0000,0.000,4.085,4.298,1.0000
3821.5360,492.6898,812.3931,0.0000,0.000,4.088,4.306,1.0000
3826.5348,488.9357,809.0924,0.0000,0.000,4.090,4.313,1.0000
3831.5335,485.1814,805.7920,0.0000,0.000,4.092,4.321,1.0000
3836.5322,481.4269,802.4920,0.0000,0.000,4.095,4.328,1.0000
3841.5306,477.6721,799.1925,0.0000,0.000,4.097,4.336,1.0000
3846.5289,473.9170,795.8938,0.0000,0.000,4.100,4.344,1.0000
3851.5270,470.1614,792.5959,0.0000,0.000,4.102,4.351,1.0000
3856.5247,466.4054,789.2989,0.0000,0.000,4.104,4.359,1.0000
3861.5221,462.6490,786.0030,0.0000,0.000,4.107,4.366,1.0000
3866.5191,458.8919,782.7083,0.0000,0.000,4.109,4.374,1.0000
3871.5157,455.1343,779.4150,0.0000,0.000,4.111,4.382,1.0000
3876.5118,451.3760,776.1232,0.0000,0.000,4.114,4.389,1.0000
3881.5074,447.6169,772.8330,0.0000,0.000,4.116,4.397,1.0000
3886.5024,443.8571,769.5445,0.0000,0.000,4.119,4.404,1.0000
3891.4968,440.0965,766.2579,0.0000,0.000,4.121,4.412,1.0000
3896.4907,436.3354,762.9726,0.0000,0.000,4.123,4.420,1.0000
3901.4849,432.5750,759.6862,0.0000,0.000,4.126,4.427,1.0000
3906.4800,428.8170,756.3955,0.0000,0.000,4.128,4.435,1.0000
3911.4769,425.0629,753.0975,0.0000,0.000,4.130,4.442,1.0000
3916.4765,421.3143,749.7893,0.0000,0.000,4.133,4.450,1.0000
3921.4797,417.5728,746.4679,0.0000,0.000,4.135,4.458,1.0000
3926.4872,413.8398,743.1301,0.0000,0.000,4.138,4.465,1.0000
3931.5000,410.1171,739.7731,0.0000,0.000,4.140,4.473,1.0000
3936.5191,406.4061,736.3938,0.0000,0.000,4.150,4.477,1.0000
3941.5341,402.7496,732.9615,0.0000,0.000,4.211,4.465,1.0000
3946.4871,399.4354,729.2807,0.0000,0.000,4.249,4.382,1.0000
3951.4070,396.8345,725.1045,0.0000,0.000,4.205,4.384,1.0000
3956.3836,395.1449,720.4235,0.0000,0.000,3.988,4.654,1.0000
3961.3852,394.3713,715.4821,0.0000,0.000,4.110,4.451,1.0000
3966.4088,394.3628,710.4585,0.0000,0.000,4.220,4.298,1.0000
3971.4408,394.8122,705.4466,0.0000,0.000,4.309,4.237,1.0000
3976.4240,395.4489,700.5042,0.0000,0.000,4.386,4.193,1.0000
3981.3891,396.1412,695.5877,0.0000,0.000,4.451,4.170,1.0000
3986.3730,396.8019,690.6478,0.0000,0.000,4.516,4.147,1.0000
3991.3745,397.3983,685.6820,0.0000,0.000,4.580,4.124,1.0000
3996.3853,397.9086,680.6972,0.0000,0.000,4.645,4.101,1.0000
4001.3984,398.3108,675.7002,0.0000,0.000,4.709,4.078,1.0000
4006.4082,398.5829,670.6979,0.0000,0.000,4.755,4.065,1.0000
4011.4106,398.7031,665.6969,0.0000,0.000,4.680,4.112,1.0000
4016.4035,398.6494,660.7043,0.0000,0.000,4.606,4.160,1.0000
4021.3873,398.4000,655.7268,0.0000,0.000,4.531,4.207,1.0000
4026.3649,397.9329,650.7711,0.0000,0.000,4.435,4.171,1.0000
4031.3416,397.2292,645.8444,0.0000,0.000,4.336,4.126,1.0000
4036.3209,396.2881,640.9549,0.0000,0.000,4.266,4.115,1.0000
4041.3045,395.1152,636.1112,0.0000,0.000,4.368,4.313,1.0000
4046.2938,393.7161,631.3221,0.0000,0.000,4.470,4.485,1.0000
4051.2896,392.0965,626.5961,0.0000,0.000,4.566,4.368,1.0000
4056.2922,390.2620,621.9421,0.0000,0.000,4.661,4.252,1.0000
4061.3016,388.2181,617.3685,0.0000,0.000,4.709,4.181,1.0000
4066.3177,385.9705,612.8842,0.0000,0.000,4.621,4.240,1.0000
4071.3398,383.5249,608.4978,0.0000,0.000,4.532,4.298,1.0000
4076.3668,380.8869,604.2186,0.0000,0.000,4.483,4.352,1.0000
4081.3906,378.0638,600.0630,0.0000,0.000,4.482,4.399,1.0000
4086.3994,375.0637,596.0521,0.0000,0.000,4.520,4.414,1.0000
4091.3821,371.8948,592.2069,0.0000,0.000,4.671,4.335,1.0000
4096.3288,368.5654,588.5484,0.0000,0.000,4.814,4.265,1.0000
4101.2370,365.0815,585.0911,0.0000,0.000,4.832,4.355,1.0000
4106.1392,361.4384,581.8110,0.0000,0.000,4.849,4.446,1.0000
4111.0780,357.6269,578.6702,0.0000,0.000,4.867,4.536,1.0000
4116.0928,353.6381,575.6308,0.0000,0.000,4.848,4.632,1.0000
4121.2172,349.4675,572.6535,0.0000,0.000,4.791,4.735,1.0000
4126.4095,345.2241,569.6610,0.0000,0.000,4.735,4.837,1.0000
4131.5534,341.1385,566.5358,0.0000,0.000,4.680,4.915,1.0000
4136.5571,337.4467,563.1583,0.0000,0.000,4.642,4.796,1.0000
4141.3976,334.3851,559.4090,0.0000,0.000,4.462,4.941,1.0000
4146.1717,332.1025,555.2159,0.0000,0.000,4.625,4.801,1.0000
4151.0122,330.4685,550.6595,0.0000,0.000,4.909,4.645,1.0000
4155.9620,329.2969,545.8504,0.0000,0.000,5.018,5.054,1.0000
4160.9935,328.4019,540.8991,0.0000,0.000,5.131,5.425,1.0000
4166.0448,327.6066,535.9108,0.0000,0.000,5.247,5.777,1.0000
4171.0880,326.8411,530.9261,0.0000,0.000,5.363,6.129,1.0000
4176.1231,326.1023,525.9455,0.0000,0.000,5.348,6.117,1.0000
4181.1510,325.3881,520.9685,0.0000,0.000,5.327,6.087,1.0000
4186.1724,324.6967,515.9950,0.0000,0.000,5.305,6.057,1.0000
4191.1878,324.0261,511.0246,0.0000,0.000,5.284,6.027,1.0000
4196.1979,323.3744,506.0571,0.0000,0.000,5.263,5.997,1.0000
4201.2033,322.7394,501.0921,0.0000,0.000,5.241,5.967,1.0000
4206.2046,322.1194,496.1294,0.0000,0.000,5.220,5.937,1.0000
4211.2024,321.5122,491.1686,0.0000,0.000,5.198,5.907,1.0000
4216.1973,320.9160,486.2095,0.0000,0.000,5.177,5.877,1.0000
4221.1897,320.3288,481.2517,0.0000,0.000,5.156,5.847,1.0000
4226.1802,319.7486,476.2950,0.0000,0.000,5.134,5.817,1.0000
4231.1694,319.1735,471.3391,0.0000,0.000,5.113,5.787,1.0000
4236.1577,318.6014,466.3837,0.0000,0.000,5.091,5.757,1.0000
4241.1458,318.0305,461.4284,0.0000,0.000,5.070,5.727,1.0000
4246.1340,317.4587,456.4730,0.0000,0.000,5.049,5.697,1.0000
4251.1230,316.8841,451.5173,0.0000,0.000,5.027,5.667,1.0000
4256.1132,316.3048,446.5608,0.0000,0.000,5.006,5.637,1.0000
4261.1047,315.7206,441.6036,0.0000,0.000,4.984,5.607,1.0000
4266.0975,315.1319,436.6456,0.0000,0.000,4.963,5.577,1.0000
4271.0915,314.5394,431.6869,0.0000,0.000,4.941,5.547,1.0000
4276.0866,313.9437,426.7275,0.0000,0.000,4.920,5.517,1.0000
4281.0827,313.3455,421.7673,0.0000,0.000,4.899,5.487,1.0000
4286.0796,312.7453,416.8066,0.0000,0.000,4.877,5.457,1.0000
4291.0774,312.1437,411.8452,0.0000,0.000,4.856,5.427,1.0000
4296.0758,311.5414,406.8831,0.0000,0.000,4.834,5.397,1.0000
4301.0749,310.9389,401.9205,0.0000,0.000,4.813,5.367,1.0000
4306.0744,310.3370,396.9573,0.0000,0.000,4.792,5.337,1.0000
4311.0744,309.7361,391.9936,0.0000,0.000,4.770,5.307,1.0000
4316.0746,309.1369,387.0294,0.0000,0.000,4.749,5.277,1.0000
4321.0751,308.5400,382.0646,0.0000,0.000,4.727,5.247,1.0000
4326.0757,307.9461,377.0994,0.0000,0.000,4.706,5.217,1.0000
4331.0763,307.3556,372.1338,0.0000,0.000,4.685,5.187,1.0000
4336.0769,306.7694,367.1677,0.0000,0.000,4.663,5.157,1.0000
4341.0773,306.1878,362.2013,0.0000,0.000,4.642,5.127,1.0000
4346.0775,305.6116,357.2344,0.0000,0.000,4.620,5.097,1.0000
4351.0773,305.0408,352.2672,0.0000,0.000,4.599,5.066,1.0000
4356.0770,304.4754,347.2997,0.0000,0.000,4.577,5.036,1.0000
4361.0764,303.9150,342.3318,0.0000,0.000,4.556,5.006,1.0000
4366.0755,303.3595,337.3636,0.0000,0.000,4.535,4.976,1.0000
4371.0745,302.8088,332.3950,0.0000,0.000,4.526,4.961,1.0000
4376.0733,302.2626,327.4262,0.0000,0.000,4.528,4.957,1.0000
4381.0718,301.7209,322.4571,0.0000,0.000,4.531,4.953,1.0000
4386.0702,301.1833,317.4876,0.0000,0.000,4.533,4.949,1.0000
4391.0685,300.6498,312.5180,0.0000,0.000,4.535,4.945,1.0000
4396.0666,300.1202,307.5480,0.0000,0.000,4.537,4.940,1.0000
4401.0645,299.5942,302.5778,0.0000,0.000,4.539,4.936,1.0000
4406.0624,299.0718,297.6073,0.0000,0.000,4.542,4.932,1.0000
4411.0601,298.5527,292.6367,0.0000,0.000,4.544,4.928,1.0000
4416.0577,298.0367,287.6658,0.0000,0.000,4.546,4.924,1.0000
4421.0552,297.5238,282.6946,0.0000,0.000,4.548,4.920,1.0000
4426.0526,297.0136,277.7233,0.0000,0.000,4.550,4.916,1.0000
4431.0500,296.5061,272.7518,0.0000,0.000,4.553,4.912,1.0000
4436.0473,296.0010,267.7801,0.0000,0.000,4.555,4.908,1.0000
4441.0445,295.4982,262.8083,0.0000,0.000,4.557,4.904,1.0000
4446.0416,294.9975,257.8363,0.0000,0.000,4.559,4.900,1.0000
4451.0387,294.4988,252.8641,0.0000,0.000,4.561,4.896,1.0000
4456.0358,294.0017,247.8918,0.0000,0.000,4.563,4.892,1.0000
4461.0329,293.5063,242.9194,0.0000,0.000,4.566,4.888,1.0000
4466.0299,293.0123,237.9468,0.0000,0.000,4.568,4.884,1.0000
4471.0269,292.5194,232.9742,0.0000,0.000,4.570,4.880,1.0000
4476.0239,292.0276,228.0014,0.0000,0.000,4.572,4.876,1.0000
4481.0209,291.5367,223.0286,0.0000,0.000,4.574,4.872,1.0000
4486.0179,291.0465,218.0557,0.0000,0.000,4.577,4.868,1.0000
4491.0149,290.5568,213.0828,0.0000,0.000,4.579,4.863,1.0000
4496.0119,290.0674,208.1097,0.0000,0.000,4.581,4.859,1.0000
4501.0090,289.5782,203.1367,0.0000,0.000,4.583,4.855,1.0000
4506.0061,289.0890,198.1636,0.0000,0.000,4.585,4.851,1.0000
4511.0032,288.5996,193.1905,0.0000,0.000,4.588,4.847,1.0000
4516.0004,288.1098,188.2174,0.0000,0.000,4.590,4.843,1.0000
4520.9976,287.6195,183.2442,0.0000,0.000,4.592,4.839,1.0000
4525.9949,287.1285,178.2711,0.0000,0.000,4.594,4.835,1.0000
4530.9923,286.6366,173.2980,0.0000,0.000,4.596,4.831,1.0000
4535.9897,286.1440,168.3250,0.0000,0.000,4.598,4.827,1.0000
4540.9872,285.6505,163.3519,0.0000,0.000,4.601,4.823,1.0000
4545.9847,285.1563,158.3789,0.0000,0.000,4.603,4.819,1.0000
4550.9823,284.6614,153.4059,0.0000,0.000,4.605,4.815,1.0000
4555.9800,284.1658,148.4329,0.0000,0.000,4.607,4.811,1.0000
4560.9776,283.6695,143.4599,0.0000,0.000,4.609,4.807,1.0000
4565.9754,283.1726,138.4869,0.0000,0.000,4.612,4.803,1.0000
4570.9732,282.6751,133.5139,0.0000,0.000,4.614,4.799,1.0000
4575.9710,282.1770,128.5410,0.0000,0.000,4.616,4.795,1.0000
4580.9689,281.6783,123.5681,0.0000,0.000,4.618,4.791,1.0000
4585.9668,281.1792,118.5952,0.0000,0.000,4.620,4.786,1.0000
4590.9647,280.6796,113.6223,0.0000,0.000,4.623,4.782,1.0000
4595.9627,280.1795,108.6494,0.0000,0.000,4.625,4.778,1.0000
4600.9606,279.6790,103.6765,0.0000,0.000,4.627,4.774,1.0000
4605.9587,279.1781,98.7036,0.0000,0.000,4.629,4.770,1.0000
4610.9567,278.6768,93.7308,0.0000,0.000,4.631,4.766,1.0000
4615.9548,278.1752,88.7580,0.0000,0.000,4.633,4.762,1.0000
4620.9529,277.6733,83.7851,0.0000,0.000,4.636,4.758,1.0000
4625.9510,277.1711,78.8123,0.0000,0.000,4.638,4.754,1.0000
4630.9491,276.6687,73.8395,0.0000,0.000,4.640,4.750,1.0000
4635.9472,276.1661,68.8667,0.0000,0.000,4.642,4.746,1.0000
4640.9453,275.6632,63.8940,0.0000,0.000,4.644,4.742,1.0000
4645.9435,275.1602,58.9212,0.0000,0.000,4.647,4.738,1.0000
4650.9416,274.6571,53.9485,0.0000,0.000,4.649,4.734,1.0000
4655.9398,274.1539,48.9757,0.0000,0.000,4.651,4.730,1.0000
4660.9379,273.6507,44.0030,0.0000,0.000,4.653,4.726,1.0000
4665.9360,273.1474,39.0302,0.0000,0.000,4.655,4.722,1.0000
4670.9341,272.6441,34.0575,0.0000,0.000,4.658,4.718,1.0000
4675.9323,272.1408,29.0848,0.0000,0.000,4.660,4.714,1.0000
4680.9304,271.6375,24.1121,0.0000,0.000,4.662,4.709,1.0000
4685.9284,271.1344,19.1394,0.0000,0.000,4.664,4.705,1.0000
4690.9265,270.6314,14.1667,0.0000,0.000,4.666,4.701,1.0000
4695.9246,270.1285,9.1941,0.0000,0.000,4.668,4.697,1.0000
4700.9226,269.6257,4.2214,0.0000,0.000,4.671,4.693,1.0000
4705.9206,269.1232,-0.7513,0.0000,0.000,4.673,4.689,1.0000
4710.9185,268.6209,-5.7239,0.0000,0.000,4.675,4.685,1.0000
4715.9165,268.1189,-10.6966,0.0000,0.000,4.677,4.681,1.0000
4720.9144,267.6170,-15.6692,0.0000,0.000,4.679,4.677,1.0000
4725.9123,267.1153,-20.6419,0.0000,0.000,4.682,4.673,1.0000
4730.9101,266.6139,-25.6145,0.0000,0.000,4.685,4.670,1.0000
4735.9080,266.1127,-30.5872,0.0000,0.000,4.689,4.667,1.0000
4740.9058,265.6116,-35.5598,0.0000,0.000,4.692,4.664,1.0000
4745.9036,265.1108,-40.5325,0.0000,0.000,4.696,4.661,1.0000
4750.9014,264.6102,-45.5051,0.0000,0.000,4.700,4.658,1.0000
4755.8991,264.1097,-50.4777,0.0000,0.000,4.704,4.654,1.0000
4760.8968,263.6094,-55.4504,0.0000,0.000,4.708,4.651,1.0000
4765.8946,263.1094,-60.4230,0.0000,0.000,4.712,4.648,1.0000
4770.8923,262.6095,-65.3956,0.0000,0.000,4.716,4.645,1.0000
4775.8900,262.1097,-70.3683,0.0000,0.000,4.719,4.642,1.0000
4780.8876,261.6102,-75.3409,0.0000,0.000,4.723,4.639,1.0000
4785.8853,261.1108,-80.3136,0.0000,0.000,4.727,4.636,1.0000
4790.8829,260.6115,-85.2862,0.0000,0.000,4.731,4.633,1.0000
4795.8806,260.1125,-90.2589,0.0000,0.000,4.735,4.630,1.0000
4800.8782,259.6135,-95.2315,0.0000,0.000,4.739,4.627,1.0000
4805.8758,259.1148,-100.2042,0.0000,0.000,4.743,4.624,1.0000
4810.8734,258.6162,-105.1769,0.0000,0.000,4.746,4.621,1.0000
4815.8710,258.1177,-110.1495,0.0000,0.000,4.750,4.618,1.0000
4820.8686,257.6193,-115.1222,0.0000,0.000,4.754,4.615,1.0000
4825.8662,257.1211,-120.0949,0.0000,0.000,4.758,4.612,1.0000
4830.8638,256.6231,-125.0676,0.0000,0.000,4.762,4.609,1.0000
4835.8614,256.1251,-130.0403,0.0000,0.000,4.766,4.606,1.0000
4840.8590,255.6273,-135.0131,0.0000,0.000,4.770,4.603,1.0000
4845.8565,255.1296,-139.9858,0.0000,0.000,4.773,4.600,1.0000
4850.8541,254.6320,-144.9585,0.0000,0.000,4.777,4.597,1.0000
4855.8517,254.1346,-149.9313,0.0000,0.000,4.781,4.594,1.0000
4860.8493,253.6372,-154.9041,0.0000,0.000,4.785,4.591,1.0000
4865.8468,253.1400,-159.8768,0.0000,0.000,4.789,4.588,1.0000
4870.8444,252.6428,-164.8496,0.0000,0.000,4.793,4.585,1.0000
4875.8420,252.1457,-169.8224,0.0000,0.000,4.797,4.582,1.0000
4880.8396,251.6488,-174.7953,0.0000,0.000,4.800,4.579,1.0000
4885.8372,251.1519,-179.7681,0.0000,0.000,4.804,4.576,1.0000
4890.8348,250.6551,-184.7410,0.0000,0.000,4.808,4.573,1.0000
4895.8324,250.1584,-189.7138,0.0000,0.000,4.812,4.570,1.0000
4900.8301,249.6618,-194.6867,0.0000,0.000,4.816,4.567,1.0000
4905.8277,249.1652,-199.6596,0.0000,0.000,4.820,4.564,1.0000
4910.8253,248.6688,-204.6326,0.0000,0.000,4.824,4.561,1.0000
4915.8230,248.1723,-209.6055,0.0000,0.000,4.827,4.558,1.0000
4920.8207,247.6760,-214.5785,0.0000,0.000,4.831,4.555,1.0000
4925.8184,247.1797,-219.5514,0.0000,0.000,4.835,4.552,1.0000
4930.8161,246.6835,-224.5244,0.0000,0.000,4.839,4.549,1.0000
4935.8138,246.1873,-229.4975,0.0000,0.000,4.843,4.546,1.0000
4940.8115,245.6911,-234.4705,0.0000,0.000,4.847,4.543,1.0000
4945.8093,245.1950,-239.4436,0.0000,0.000,4.851,4.540,1.0000
4950.8070,244.6990,-244.4167,0.0000,0.000,4.854,4.537,1.0000
4955.8048,244.2030,-249.3898,0.0000,0.000,4.858,4.534,1.0000
4960.8026,243.7070,-254.3629,0.0000,0.000,4.862,4.531,1.0000
4965.8005,243.2110,-259.3361,0.0000,0.000,4.866,4.528,1.0000
4970.7983,242.7151,-264.3093,0.0000,0.000,4.870,4.525,1.0000
4975.7962,242.2192,-269.2825,0.0000,0.000,4.874,4.522,1.0000
4980.7941,241.7233,-274.2558,0.0000,0.000,4.878,4.519,1.0000
4985.7921,241.2274,-279.2290,0.0000,0.000,4.881,4.516,1.0000
4990.7900,240.7315,-284.2023,0.0000,0.000,4.885,4.513,1.0000
4995.7880,240.2356,-289.1757,0.0000,0.000,4.889,4.510,1.0000
5000.7860,239.7397,-294.1490,0.0000,0.000,4.893,4.507,1.0000
5005.7841,239.2439,-299.1224,0.0000,0.000,4.897,4.504,1.0000
5010.7822,238.7480,-304.0958,0.0000,0.000,4.901,4.501,1.0000
5015.7803,238.2521,-309.0693,0.0000,0.000,4.905,4.498,1.0000
5020.7784,237.7562,-314.0428,0.0000,0.000,4.908,4.495,1.0000
5025.7766,237.2603,-319.0163,0.0000,0.000,4.912,4.492,1.0000
5030.7748,236.7643,-323.9898,0.0000,0.000,4.916,4.489,1.0000
5035.7731,236.2683,-328.9634,0.0000,0.000,4.920,4.486,1.0000
5040.7714,235.7723,-333.9370,0.0000,0.000,4.924,4.483,1.0000
5045.7697,235.2763,-338.9107,0.0000,0.000,4.928,4.480,1.0000
5050.7680,234.7802,-343.8844,0.0000,0.000,4.932,4.477,1.0000
5055.7664,234.2841,-348.8581,0.0000,0.000,4.935,4.474,1.0000
5060.7649,233.7880,-353.8319,0.0000,0.000,4.939,4.471,1.0000
5065.7634,233.2918,-358.8057,0.0000,0.000,4.943,4.468,1.0000
5070.7619,232.7952,-363.7794,0.0000,0.000,4.947,4.465,1.0000
5075.7603,232.2963,-368.7529,0.0000,0.000,4.951,4.462,1.0000
5080.7586,231.7921,-373.7257,0.0000,0.000,4.955,4.459,1.0000
5085.7566,231.2799,-378.6973,0.0000,0.000,4.959,4.456,1.0000
5090.7541,230.7567,-383.6674,0.0000,0.000,4.963,4.453,1.0000
5095.7512,230.2198,-388.6356,0.0000,0.000,4.966,4.450,1.0000
5100.7477,229.6663,-393.6013,0.0000,0.000,4.970,4.447,1.0000
5105.7436,229.0934,-398.5643,0.0000,0.000,4.974,4.444,1.0000
5110.7389,228.4982,-403.5240,0.0000,0.000,4.978,4.441,1.0000
5115.7332,227.8745,-408.4792,0.0000,0.000,4.991,4.475,1.0000
5120.7201,227.1708,-413.4162,0.0000,0.000,5.007,4.515,1.0000
5125.6925,226.3025,-418.3122,0.0000,0.000,5.004,4.586,1.0000
5130.6523,225.1845,-423.1444,0.0000,0.000,4.907,4.817,1.0000
5135.6152,223.7315,-427.8898,0.0000,0.000,4.947,4.950,1.0000
5140.6103,221.8712,-432.5255,0.0000,0.000,5.187,4.939,1.0000
5145.6447,219.6196,-437.0283,0.0000,0.000,5.107,5.139,1.0000
5150.7042,217.0297,-441.3748,0.0000,0.000,5.060,5.290,1.0000
5155.7665,214.1549,-445.5415,0.0000,0.000,5.128,5.285,1.0000
5160.8031,211.0476,-449.5054,0.0000,0.000,5.196,5.281,1.0000
5165.8011,207.7412,-453.2534,0.0000,0.000,5.342,5.197,1.0000
5170.7706,204.2449,-456.7849,0.0000,0.000,5.493,5.108,1.0000
5175.7222,200.5667,-460.1000,0.0000,0.000,5.578,4.928,1.0000
5180.6660,196.7145,-463.1986,0.0000,0.000,5.657,4.742,1.0000
5185.6112,192.6961,-466.0810,0.0000,0.000,5.595,4.840,1.0000
5190.5661,188.5196,-468.7471,0.0000,0.000,5.507,4.988,1.0000
5195.5384,184.1929,-471.1971,0.0000,0.000,5.420,5.137,1.0000
5200.5347,179.7237,-473.4309,0.0000,0.000,5.373,5.209,1.0000
5205.5611,175.1202,-475.4487,0.0000,0.000,5.332,5.271,1.0000
5210.6128,170.3955,-477.2369,0.0000,0.000,5.281,5.324,1.0000
5215.6667,165.5745,-478.7535,0.0000,0.000,5.207,5.357,1.0000
5220.7031,160.6831,-479.9531,0.0000,0.000,5.157,5.369,1.0000
5225.7093,155.7474,-480.7904,0.0000,0.000,5.396,5.136,1.0000
5230.6837,150.7922,-481.2280,0.0000,0.000,5.636,4.903,1.0000
5235.6427,145.8336,-481.2831,0.0000,0.000,5.759,4.786,1.0000
5240.6007,140.8838,-480.9965,0.0000,0.000,5.688,4.863,1.0000
5245.5642,135.9553,-480.4085,0.0000,0.000,5.618,4.940,1.0000
5250.5325,131.0602,-479.5594,0.0000,0.000,5.574,5.127,1.0000
5255.5044,126.2075,-478.4769,0.0000,0.000,5.534,5.338,1.0000
5260.4830,121.4026,-477.1733,0.0000,0.000,5.479,5.401,1.0000
5265.4703,116.6504,-475.6601,0.0000,0.000,5.416,5.401,1.0000
5270.4669,111.9560,-473.9489,0.0000,0.000,5.353,5.401,1.0000
5275.4724,107.3242,-472.0511,0.0000,0.000,5.331,5.368,1.0000
5280.4851,102.7602,-469.9782,0.0000,0.000,5.364,5.291,1.0000
5285.5024,98.2688,-467.7417,0.0000,0.000,5.395,5.219,1.0000
5290.5210,93.8552,-465.3531,0.0000,0.000,5.417,5.210,1.0000
5295.5363,89.5243,-462.8239,0.0000,0.000,5.438,5.201,1.0000
5300.5454,85.2803,-460.1632,0.0000,0.000,5.482,5.155,1.0000
5305.5488,81.1258,-457.3749,0.0000,0.000,5.530,5.101,1.0000
5310.5473,77.0634,-454.4625,0.0000,0.000,5.578,5.047,1.0000
5315.5417,73.0955,-451.4295,0.0000,0.000,5.591,5.024,1.0000
5320.5325,69.2245,-448.2793,0.0000,0.000,5.498,5.096,1.0000
5325.5205,65.4528,-445.0152,0.0000,0.000,5.405,5.168,1.0000
5330.5059,61.7830,-441.6408,0.0000,0.000,5.313,5.240,1.0000
5335.4892,58.2175,-438.1593,0.0000,0.000,5.305,5.252,1.0000
5340.4707,54.7587,-434.5743,0.0000,0.000,5.309,5.255,1.0000
5345.4513,51.4077,-430.8896,0.0000,0.000,5.313,5.259,1.0000
5350.4324,48.1643,-427.1091,0.0000,0.000,5.419,5.157,1.0000
5355.4151,45.0282,-423.2372,0.0000,0.000,5.530,5.049,1.0000
5360.4003,41.9988,-419.2780,0.0000,0.000,5.640,4.941,1.0000
5365.3887,39.0759,-415.2357,0.0000,0.000,5.632,4.906,1.0000
5370.3807,36.2590,-411.1143,0.0000,0.000,5.600,4.886,1.0000
5375.3766,33.5477,-406.9182,0.0000,0.000,5.567,4.866,1.0000
5380.3762,30.9417,-402.6515,0.0000,0.000,5.535,4.846,1.0000
5385.3794,28.4405,-398.3183,0.0000,0.000,5.503,4.826,1.0000
5390.3859,26.0439,-393.9228,0.0000,0.000,5.468,4.817,1.0000
5395.3949,23.7512,-389.4692,0.0000,0.000,5.419,4.879,1.0000
5400.4059,21.5623,-384.9616,0.0000,0.000,5.369,4.941,1.0000
5405.4178,19.4767,-380.4043,0.0000,0.000,5.319,5.003,1.0000
5410.4295,17.4940,-375.8014,0.0000,0.000,5.270,5.064,1.0000
5415.4401,15.6138,-371.1570,0.0000,0.000,5.231,5.111,1.0000
5420.4480,13.8358,-366.4754,0.0000,0.000,5.197,5.152,1.0000
5425.4519,12.1594,-361.7606,0.0000,0.000,5.163,5.193,1.0000
5430.4502,10.5844,-357.0170,0.0000,0.000,5.128,5.234,1.0000
5435.4428,9.1091,-352.2473,0.0000,0.000,5.134,5.222,1.0000
5440.4314,7.7303,-347.4531,0.0000,0.000,5.166,5.175,1.0000
5445.4172,6.4449,-342.6358,0.0000,0.000,5.197,5.128,1.0000
5450.4016,5.2495,-337.7968,0.0000,0.000,5.229,5.082,1.0000
5455.3857,4.1410,-332.9376,0.0000,0.000,5.261,5.035,1.0000
5460.3702,3.1161,-328.0595,0.0000,0.000,5.364,4.965,1.0000
5465.3560,2.1717,-323.1640,0.0000,0.000,5.475,4.892,1.0000
5470.3435,1.3044,-318.2525,0.0000,0.000,5.587,4.820,1.0000
5475.3331,0.5111,-313.3264,0.0000,0.000,5.554,4.864,1.0000
5480.3250,-0.2115,-308.3871,0.0000,0.000,5.508,4.920,1.0000
5485.3193,-0.8666,-303.4359,0.0000,0.000,5.462,4.975,1.0000
5490.3158,-1.4574,-298.4745,0.0000,0.000,5.415,5.031,1.0000
5495.3144,-1.9871,-293.5040,0.0000,0.000,5.383,5.052,1.0000
5500.3147,-2.4590,-288.5260,0.0000,0.000,5.355,5.064,1.0000
5505.3163,-2.8763,-283.5419,0.0000,0.000,5.326,5.077,1.0000
5510.3185,-3.2423,-278.5530,0.0000,0.000,5.304,5.097,1.0000
5515.3208,-3.5601,-273.5609,0.0000,0.000,5.283,5.118,1.0000
5520.3223,-3.8330,-268.5668,0.0000,0.000,5.263,5.138,1.0000
5525.3224,-4.0642,-263.5720,0.0000,0.000,5.233,5.169,1.0000
5530.3214,-4.2571,-258.5768,0.0000,0.000,5.175,5.231,1.0000
5535.3196,-4.4153,-253.5811,0.0000,0.000,5.116,5.294,1.0000
5540.3173,-4.5420,-248.5850,0.0000,0.000,5.058,5.356,1.0000
5545.3147,-4.6408,-243.5886,0.0000,0.000,5.053,5.397,1.0000
5550.3120,-4.7150,-238.5919,0.0000,0.000,5.091,5.421,1.0000
5555.3093,-4.7681,-233.5948,0.0000,0.000,5.129,5.445,1.0000
5560.3067,-4.8035,-228.5975,0.0000,0.000,5.167,5.469,1.0000
5565.3043,-4.8247,-223.6000,0.0000,0.000,5.205,5.493,1.0000
5570.3020,-4.8351,-218.6023,0.0000,0.000,5.243,5.517,1.0000
5575.2998,-4.8381,-213.6045,0.0000,0.000,5.282,5.541,1.0000
5580.2977,-4.8371,-208.6066,0.0000,0.000,5.320,5.565,1.0000
5585.2957,-4.8356,-203.6086,0.0000,0.000,5.358,5.589,1.0000
5590.2937,-4.8370,-198.6106,0.0000,0.000,5.396,5.613,1.0000
5595.2918,-4.8447,-193.6126,0.0000,0.000,5.434,5.637,1.0000
5600.2898,-4.8622,-188.6146,0.0000,0.000,5.472,5.661,1.0000
5605.2878,-4.8928,-183.6167,0.0000,0.000,5.510,5.685,1.0000
5610.2858,-4.9401,-178.6189,0.0000,0.000,5.548,5.709,1.0000
5615.2839,-5.0062,-173.6212,0.0000,0.000,5.586,5.733,1.0000
5620.2820,-5.0881,-168.6237,0.0000,0.000,5.624,5.757,1.0000
5625.2803,-5.1819,-163.6263,0.0000,0.000,5.662,5.781,1.0000
5630.2786,-5.2834,-158.6290,0.0000,0.000,5.700,5.805,1.0000
5635.2769,-5.3886,-153.6319,0.0000,0.000,5.738,5.829,1.0000
5640.2751,-5.4933,-148.6348,0.0000,0.000,5.769,5.842,1.0000
5645.2732,-5.5935,-143.6377,0.0000,0.000,5.746,5.783,1.0000
5650.2710,-5.6851,-138.6407,0.0000,0.000,5.723,5.723,1.0000
5655.2685,-5.7641,-133.6438,0.0000,0.000,5.700,5.663,1.0000
5660.2658,-5.8267,-128.6469,0.0000,0.000,5.677,5.603,1.0000
5665.2630,-5.8720,-123.6500,0.0000,0.000,5.654,5.543,1.0000
5670.2600,-5.9005,-118.6531,0.0000,0.000,5.631,5.484,1.0000
5675.2569,-5.9126,-113.6561,0.0000,0.000,5.608,5.424,1.0000
5680.2540,-5.9086,-108.6591,0.0000,0.000,5.585,5.364,1.0000
5685.2512,-5.8889,-103.6619,0.0000,0.000,5.562,5.304,1.0000
5690.2485,-5.8539,-98.6647,0.0000,0.000,5.577,5.311,1.0000
5695.2462,-5.8040,-93.6672,0.0000,0.000,5.593,5.322,1.0000
5700.2442,-5.7395,-88.6696,0.0000,0.000,5.610,5.332,1.0000
5705.2426,-5.6604,-83.6719,0.0000,0.000,5.626,5.343,1.0000
5710.2412,-5.5645,-78.6743,0.0000,0.000,5.643,5.354,1.0000
5715.2397,-5.4488,-73.6770,0.0000,0.000,5.660,5.364,1.0000
5720.2381,-5.3108,-68.6805,0.0000,0.000,5.676,5.375,1.0000
5725.2362,-5.1477,-63.6851,0.0000,0.000,5.693,5.386,1.0000
5730.2339,-4.9567,-58.6910,0.0000,0.000,5.695,5.405,1.0000
5735.2313,-4.7351,-53.6986,0.0000,0.000,5.668,5.443,1.0000
5740.2282,-4.4802,-48.7082,0.0000,0.000,5.640,5.481,1.0000
5745.2248,-4.1891,-43.7201,0.0000,0.000,5.613,5.519,1.0000
5750.2212,-3.8598,-38.7345,0.0000,0.000,5.586,5.556,1.0000
5755.2177,-3.4948,-33.7514,0.0000,0.000,5.558,5.594,1.0000
5760.2144,-3.0986,-28.7704,0.0000,0.000,5.554,5.627,1.0000
5765.2115,-2.6758,-23.7912,0.0000,0.000,5.617,5.646,1.0000
5770.2090,-2.2307,-18.8136,0.0000,0.000,5.680,5.664,1.0000
5775.2069,-1.7681,-13.8372,0.0000,0.000,5.743,5.683,1.0000
5780.2051,-1.2925,-8.8617,0.0000,0.000,5.806,5.702,1.0000
5785.2034,-0.8083,-3.8868,0.0000,0.000,5.869,5.720,1.0000
